{"events":[{"bpm":100,"angle":180,"time":1,"file":"its-pizza-time.wav","offset":0.075000002980232,"volume":1,"type":"play"},{"order":1,"angle":0,"ease":"outBack","enabled":true,"time":183.75,"duration":1,"newAngle":180,"paddle":2,"newWidth":40,"type":"paddles"},{"angle":22.5,"time":183.75,"ease":"linear","duration":0,"paddle":1,"newWidth":40,"type":"paddles"},{"angle":0,"time":190.875,"ease":"inBack","enabled":false,"paddle":2,"duration":1,"type":"paddles"},{"angle":225,"ease":"inSine","time":210,"duration":0.34999999403954,"enabled":true,"paddle":2,"newWidth":40,"type":"paddles"},{"angle":225,"time":210.75,"ease":"inBack","enabled":false,"paddle":2,"duration":1,"type":"paddles"},{"angle":225,"time":210.875,"ease":"linear","duration":1,"paddle":1,"newWidth":70,"type":"paddles"},{"angle":270,"time":263.75,"ease":"linear","duration":0,"paddle":1,"newWidth":35,"type":"paddles"},{"angle":270,"time":272.875,"ease":"linear","duration":0,"paddle":1,"newWidth":70,"type":"paddles"},{"angle":360,"time":488.125,"ease":"linear","duration":0,"paddle":1,"newWidth":30,"type":"paddles"},{"angle":337.5,"ease":"outBack","y":320,"id":"back","x":15,"time":0,"sy":1.2000000476837,"sx":1.2000000476837,"sprite":"backgroundpizza.png","drawLayer":"bg","type":"deco"},{"b":11,"r":224,"time":0,"g":51,"angle":22.5,"color":2,"type":"setColor"},{"b":0,"angle":45,"time":0,"g":0,"r":207,"color":4,"type":"setColor"},{"b":35,"r":232,"time":0,"g":197,"angle":67.5,"color":5,"type":"setColor"},{"b":191,"r":191,"time":0,"g":191,"angle":90,"color":6,"type":"setColor"},{"b":41,"r":186,"time":0,"g":116,"angle":112.5,"color":7,"type":"setColor"},{"angle":0,"time":0,"color":6,"type":"setBgColor"},{"angle":315,"x":20,"y":500,"time":0,"type":"deco","sprite":"pizzatime.png","drawLayer":"fg","id":"pizza"},{"b":255,"r":255,"time":0,"g":255,"angle":135,"color":3,"type":"setColor"},{"angle":315,"time":1,"ease":"linear","y":-500,"id":"pizza","duration":6,"type":"deco"},{"angle":337.5,"time":0.125,"ease":"linear","y":15,"id":"back","duration":60,"type":"deco"},{"angle":337.5,"time":28.5,"ease":"linear","duration":4,"paddle":1,"newWidth":100,"type":"paddles"},{"angle":45,"time":46.375,"ease":"linear","duration":2.5,"paddle":1,"newWidth":70,"type":"paddles"},{"angle":337.5,"time":600.125,"ease":"linear","y":500,"id":"back","duration":80,"type":"deco"},{"bpm":120,"angle":22.5,"time":17,"type":"setBPM"},{"bpm":144,"angle":112.5,"time":21,"type":"setBPM"},{"bpm":172.80000305176,"angle":202.5,"time":24.25,"type":"setBPM"},{"bpm":180,"angle":180,"time":32.5,"type":"setBPM"},{"bpm":120,"angle":270,"time":598.625,"type":"setBPM"},{"angle":360,"time":650,"type":"showResults"}],"metadata":{"artistLink":"","bg":true,"description":"possibly, pain.\n","charter":"ItsHuman","bgData":{"yellowChannel":{"b":35,"r":232,"g":197},"magentaChannel":{"b":191,"r":191,"g":191},"cyanChannel":{"b":41,"r":186,"g":116},"image":"backgroundpizza.png","redChannel":{"b":11,"r":224,"g":51},"blueChannel":{"b":255,"r":255,"g":255},"greenChannel":{"b":0,"r":207,"g":0}},"artist":"Mr. Sauceman","difficulty":7,"songName":"It's Pizza Time!"},"properties":{"offset":8,"speed":70,"formatversion":13}}