{"events":[{"volume":1,"angle":360,"file":"CalamityFortune.ogg","bpm":200,"type":"play","offset":0.10000000149012,"time":0},{"color":3,"enable":true,"type":"outline","angle":270,"time":0},{"color":1,"type":"setBgColor","angle":315,"time":0},{"r":39,"color":1,"time":0,"b":111,"type":"setColor","angle":225,"g":50},{"angle":360,"ease":"inOutSine","duration":0.25,"paddle":1,"type":"paddles","newWidth":360,"time":35.5},{"duration":4,"ease":"outExpo","angle":360,"paddle":1,"type":"paddles","newWidth":75,"time":38.5},{"duration":0.20000000298023,"ease":"outCirc","angle":45,"paddle":1,"type":"paddles","newWidth":20,"time":72},{"duration":0.20000000298023,"ease":"outCirc","angle":360,"paddle":1,"type":"paddles","newWidth":70,"time":86},{"angle":22.5,"chance":0.27000001072884,"type":"noise","color":6,"time":12},{"r":255,"color":2,"time":0,"b":74,"type":"setColor","angle":247.5,"g":198},{"r":255,"color":3,"time":0,"b":255,"type":"setColor","angle":202.5,"g":255},{"angle":67.5,"ease":"linear","time":12,"value":8,"type":"ease","duration":4,"var":"vfx.hglitch.strength"},{"angle":360,"var":"vfx.hglitch.strength","type":"ease","value":0,"time":15},{"angle":112.5,"ease":"inSine","time":12,"value":1.25,"type":"ease","duration":4,"var":"vfx.canvPos.sx"},{"angle":135,"ease":"inSine","time":12,"value":1.25,"type":"ease","duration":4,"var":"vfx.canvPos.sy"},{"angle":67.5,"var":"vfx.canvPos.sx","type":"ease","value":1,"time":15},{"angle":45,"var":"vfx.canvPos.sy","type":"ease","value":1,"time":15},{"angle":9.0999507904053,"ease":"inOutSine","time":69.5,"value":150,"type":"ease","duration":2.5,"var":"p.x"},{"angle":22.5,"ease":"inOutQuad","time":77,"value":450,"type":"ease","duration":3,"var":"p.x"},{"value":300,"ease":"inOutQuart","repeats":0,"time":85.5,"angle":292.5,"duration":3,"type":"ease","var":"p.x"},{"angle":315,"ease":"linear","time":88,"value":7,"type":"ease","duration":3,"var":"vfx.hglitch.strength"},{"angle":270,"var":"vfx.hglitch.strength","type":"ease","value":0,"time":92},{"angle":45,"ease":"outElastic","time":116,"value":300,"type":"ease","duration":4,"var":"p.y"},{"angle":22.5,"time":0,"type":"ease","value":0,"var":"p.bodyRadius"},{"angle":90,"ease":"outSine","time":0.5,"value":20,"type":"ease","duration":7,"var":"p.bodyRadius"},{"angle":22.5,"ease":"outBack","time":36,"value":20,"type":"ease","duration":1,"var":"vfx.canvPos.r"},{"angle":33.75,"ease":"inOutSine","time":37,"value":-10,"type":"ease","duration":1,"var":"vfx.canvPos.r"},{"angle":33.75,"ease":"outBack","time":39,"value":0,"type":"ease","duration":2,"var":"vfx.canvPos.r"},{"angle":33.75,"ease":"outBack","time":38,"value":5,"type":"ease","duration":0,"var":"vfx.canvPos.r"},{"angle":337.5,"var":"vfx.canvPos.sx","type":"ease","value":1.2000000476837,"time":36},{"angle":326.25,"ease":"linear","time":36.333332061768,"value":1,"type":"ease","duration":0.66600000858307,"var":"vfx.canvPos.sx"},{"angle":326.25,"var":"vfx.canvPos.sy","type":"ease","value":1.2000000476837,"time":36},{"angle":315,"ease":"linear","time":36.333332061768,"value":1,"type":"ease","duration":0.66600000858307,"var":"vfx.canvPos.sy"},{"angle":337.5,"var":"vfx.canvPos.sx","type":"ease","value":1.2000000476837,"time":37},{"angle":326.25,"var":"vfx.canvPos.sy","type":"ease","value":1.2000000476837,"time":37},{"angle":337.5,"ease":"linear","time":39,"value":1,"type":"ease","duration":1,"var":"vfx.canvPos.sx"},{"angle":326.25,"ease":"linear","time":39,"value":1,"type":"ease","duration":1,"var":"vfx.canvPos.sy"},{"angle":45,"ease":"outSine","time":123,"value":180,"type":"ease","duration":1,"var":"p.y"},{"ease":"linear","newAngle":0,"newWidth":70,"time":192,"angle":315,"duration":0,"paddle":2,"type":"paddles","enabled":true},{"ease":"linear","newAngle":180,"newWidth":70,"time":192,"angle":292.5,"duration":0,"paddle":1,"type":"paddles","enabled":true},{"duration":0.5,"ease":"outSine","angle":22.5,"paddle":1,"type":"paddles","newWidth":40,"time":155.5},{"r":224,"color":7,"time":0,"b":14,"type":"setColor","angle":135,"g":199},{"color":0,"type":"setBgColor","angle":112.5,"time":15},{"color":1,"type":"setBgColor","angle":135,"time":16},{"start":1,"value":0.89999997615814,"ease":"linear","time":192,"angle":45,"duration":1,"type":"ease","var":"vfx.bgNoise"},{"r":255,"color":2,"time":192,"b":192,"type":"setColor","angle":135,"g":130},{"color":5,"type":"setBgColor","angle":112.5,"time":192},{"r":28,"angle":337.5,"time":192,"color":0,"type":"setColor","b":96,"g":41},{"angle":225,"enable":true,"type":"hom","time":192},{"r":188,"color":1,"time":192,"b":98,"type":"setColor","angle":202.5,"g":57},{"angle":45,"ease":"linear","time":156,"value":250,"type":"ease","duration":8,"var":"p.y"},{"angle":315,"ease":"linear","time":168,"value":180,"type":"ease","duration":4,"var":"p.y"},{"angle":135,"ease":"linear","time":172,"value":140,"type":"ease","duration":8,"var":"p.y"},{"angle":292.5,"var":"vfx.canvPos.kx","type":"ease","value":-0.10000000149012,"time":36},{"angle":67.5,"var":"vfx.canvPos.kx","type":"ease","value":0.10000000149012,"time":37},{"angle":292.5,"var":"vfx.canvPos.kx","type":"ease","value":0,"time":39},{"sx":1,"sy":1,"id":"11111","sprite":"spr_star_bg.png","time":8,"r":0,"drawLayer":"bg","x":0,"y":0,"angle":326.25,"type":"deco","effectCanvas":false,"recolor":6},{"color":1,"type":"setBgColor","angle":180,"time":0},{"r":29,"color":6,"time":0,"b":60,"type":"setColor","angle":67.5,"g":36},{"start":1.1000000238419,"value":1,"ease":"inSine","time":9,"angle":0,"duration":1,"type":"ease","var":"vfx.canvPos.sx"},{"start":1.1000000238419,"value":1,"ease":"inSine","time":9,"angle":337.5,"duration":1,"type":"ease","var":"vfx.canvPos.sy"},{"start":1.1000000238419,"value":1,"ease":"inSine","time":11,"angle":0,"duration":1,"type":"ease","var":"vfx.canvPos.sx"},{"start":1.1000000238419,"value":1,"ease":"inSine","time":11,"angle":337.5,"duration":1,"type":"ease","var":"vfx.canvPos.sy"},{"start":1.1000000238419,"value":1,"ease":"inSine","time":17,"angle":0,"duration":1,"type":"ease","var":"vfx.canvPos.sx"},{"start":1.1000000238419,"value":1,"ease":"inSine","time":17,"angle":337.5,"duration":1,"type":"ease","var":"vfx.canvPos.sy"},{"start":1.1000000238419,"value":1,"ease":"inSine","time":19,"angle":0,"duration":1,"type":"ease","var":"vfx.canvPos.sx"},{"start":1.1000000238419,"value":1,"ease":"inSine","time":19,"angle":337.5,"duration":1,"type":"ease","var":"vfx.canvPos.sy"},{"start":1.1000000238419,"value":1,"ease":"inSine","time":25,"angle":0,"duration":1,"type":"ease","var":"vfx.canvPos.sx"},{"start":1.1000000238419,"value":1,"ease":"inSine","time":25,"angle":337.5,"duration":1,"type":"ease","var":"vfx.canvPos.sy"},{"start":1.1000000238419,"value":1,"ease":"inSine","time":27,"angle":360,"duration":1,"type":"ease","var":"vfx.canvPos.sx"},{"start":1.1000000238419,"value":1,"ease":"inSine","time":27,"angle":337.5,"duration":1,"type":"ease","var":"vfx.canvPos.sy"},{"start":1.1000000238419,"value":1,"ease":"inSine","time":29,"angle":0,"duration":1,"type":"ease","var":"vfx.canvPos.sx"},{"start":1.1000000238419,"value":1,"ease":"inSine","time":29,"angle":337.5,"duration":1,"type":"ease","var":"vfx.canvPos.sy"},{"start":1.1000000238419,"value":1,"ease":"inSine","time":31,"angle":0,"duration":1,"type":"ease","var":"vfx.canvPos.sx"},{"start":1.1000000238419,"value":1,"ease":"inSine","time":31,"angle":337.5,"duration":1,"type":"ease","var":"vfx.canvPos.sy"},{"start":1.1000000238419,"value":1,"ease":"inSine","time":41,"angle":-90,"duration":1,"type":"ease","var":"vfx.canvPos.sx"},{"start":1.1000000238419,"value":1,"ease":"inSine","time":41,"angle":247.5,"duration":1,"type":"ease","var":"vfx.canvPos.sy"},{"start":1.1000000238419,"value":1,"ease":"inSine","time":43,"angle":-67.5,"duration":1,"type":"ease","var":"vfx.canvPos.sx"},{"start":1.1000000238419,"value":1,"ease":"inSine","time":43,"angle":270,"duration":1,"type":"ease","var":"vfx.canvPos.sy"},{"start":1.1000000238419,"value":1,"ease":"inSine","time":45,"angle":0,"duration":1,"type":"ease","var":"vfx.canvPos.sx"},{"start":1.1000000238419,"value":1,"ease":"inSine","time":45,"angle":337.5,"duration":1,"type":"ease","var":"vfx.canvPos.sy"},{"start":1.1000000238419,"value":1,"ease":"inSine","time":47,"angle":0,"duration":1,"type":"ease","var":"vfx.canvPos.sx"},{"start":1.1000000238419,"value":1,"ease":"inSine","time":47,"angle":337.5,"duration":1,"type":"ease","var":"vfx.canvPos.sy"},{"start":1.1000000238419,"value":1,"ease":"inSine","time":49,"angle":135,"duration":1,"type":"ease","var":"vfx.canvPos.sx"},{"start":1.1000000238419,"value":1,"ease":"inSine","time":49,"angle":472.5,"duration":1,"type":"ease","var":"vfx.canvPos.sy"},{"color":0,"enable":true,"type":"outline","angle":337.5,"time":20},{"color":5,"type":"setBgColor","angle":45,"time":20},{"r":39,"color":1,"time":24,"b":111,"type":"setColor","angle":427.5,"g":50},{"r":59,"color":2,"time":24,"b":149,"type":"setColor","angle":45,"g":181},{"r":255,"color":3,"time":24,"b":255,"type":"setColor","angle":0,"g":255},{"r":224,"color":7,"time":24,"b":14,"type":"setColor","angle":337.5,"g":199},{"r":29,"color":6,"time":24,"b":60,"type":"setColor","angle":247.5,"g":36},{"color":2,"enable":true,"type":"outline","angle":22.5,"time":24},{"color":1,"type":"setBgColor","angle":315,"time":24},{"start":1.1000000238419,"value":1,"ease":"inSine","time":51,"angle":337.5,"duration":1,"type":"ease","var":"vfx.canvPos.sx"},{"start":1.1000000238419,"value":1,"ease":"inSine","time":51,"angle":675,"duration":1,"type":"ease","var":"vfx.canvPos.sy"},{"start":1.1000000238419,"value":1,"ease":"inSine","time":53,"angle":135,"duration":1,"type":"ease","var":"vfx.canvPos.sx"},{"start":1.1000000238419,"value":1,"ease":"inSine","time":53,"angle":472.5,"duration":1,"type":"ease","var":"vfx.canvPos.sy"},{"start":1.1000000238419,"value":1,"ease":"inSine","time":54,"angle":135,"duration":1,"type":"ease","var":"vfx.canvPos.sx"},{"start":1.1000000238419,"value":1,"ease":"inSine","time":54,"angle":472.5,"duration":1,"type":"ease","var":"vfx.canvPos.sy"},{"start":1.1000000238419,"value":1,"ease":"inSine","time":55,"angle":135,"duration":1,"type":"ease","var":"vfx.canvPos.sx"},{"start":1.1000000238419,"value":1,"ease":"inSine","time":55,"angle":472.5,"duration":1,"type":"ease","var":"vfx.canvPos.sy"},{"start":1.1000000238419,"value":1,"ease":"inSine","time":57,"angle":135,"duration":1,"type":"ease","var":"vfx.canvPos.sx"},{"start":1.1000000238419,"value":1,"ease":"inSine","time":57,"angle":472.5,"duration":1,"type":"ease","var":"vfx.canvPos.sy"},{"start":1.1000000238419,"value":1,"ease":"inSine","time":59,"angle":270,"duration":1,"type":"ease","var":"vfx.canvPos.sx"},{"start":1.1000000238419,"value":1,"ease":"inSine","time":59,"angle":607.5,"duration":1,"type":"ease","var":"vfx.canvPos.sy"},{"start":1.1000000238419,"value":1,"ease":"inSine","time":61,"angle":135,"duration":1,"type":"ease","var":"vfx.canvPos.sx"},{"start":1.1000000238419,"value":1,"ease":"inSine","time":61,"angle":472.5,"duration":1,"type":"ease","var":"vfx.canvPos.sy"},{"start":1.1000000238419,"value":1,"ease":"inSine","time":63,"angle":247.5,"duration":1,"type":"ease","var":"vfx.canvPos.sx"},{"start":1.1000000238419,"value":1,"ease":"inSine","time":63,"angle":585,"duration":1,"type":"ease","var":"vfx.canvPos.sy"},{"start":1.1000000238419,"value":1,"ease":"inSine","time":65,"angle":135,"duration":1,"type":"ease","var":"vfx.canvPos.sx"},{"start":1.1000000238419,"value":1,"ease":"inSine","time":65,"angle":472.5,"duration":1,"type":"ease","var":"vfx.canvPos.sy"},{"start":1.1000000238419,"value":1,"ease":"inSine","time":67,"angle":-22.5,"duration":1,"type":"ease","var":"vfx.canvPos.sx"},{"start":1.1000000238419,"value":1,"ease":"inSine","time":67,"angle":315,"duration":1,"type":"ease","var":"vfx.canvPos.sy"},{"start":1.1000000238419,"value":1,"ease":"inSine","time":69,"angle":157.5,"duration":1,"type":"ease","var":"vfx.canvPos.sx"},{"start":1.1000000238419,"value":1,"ease":"inSine","time":69,"angle":495,"duration":1,"type":"ease","var":"vfx.canvPos.sy"},{"start":1.1000000238419,"value":1,"ease":"inSine","time":70,"angle":157.5,"duration":1,"type":"ease","var":"vfx.canvPos.sx"},{"start":1.1000000238419,"value":1,"ease":"inSine","time":70,"angle":495,"duration":1,"type":"ease","var":"vfx.canvPos.sy"},{"start":1.1000000238419,"value":1,"ease":"inSine","time":71,"angle":157.5,"duration":1,"type":"ease","var":"vfx.canvPos.sx"},{"start":1.1000000238419,"value":1,"ease":"inSine","time":71,"angle":495,"duration":1,"type":"ease","var":"vfx.canvPos.sy"},{"angle":0,"ease":"linear","time":188,"value":180,"type":"ease","duration":4,"var":"p.y"},{"start":10,"value":0,"ease":"linear","time":192,"angle":22.5,"duration":0.5,"type":"ease","var":"vfx.hglitch.strength"},{"start":10,"value":0,"ease":"linear","time":208,"angle":315,"duration":0.5,"type":"ease","var":"vfx.hglitch.strength"},{"angle":337.5,"enable":true,"type":"hom","time":224},{"start":2,"value":1,"ease":"linear","repeats":63,"repeatDelay":1,"var":"vfx.hwaves.strength","duration":1,"angle":315,"type":"ease","time":340},{"start":12,"value":16,"ease":"outSine","repeats":63,"repeatDelay":1,"var":"vfx.hwaves.period","duration":1,"angle":270,"type":"ease","time":340},{"angle":315,"ease":"linear","time":12,"value":2,"type":"ease","duration":0,"var":"vfx.hwaves.strength"},{"angle":292.5,"ease":"linear","time":12,"value":8,"type":"ease","duration":32,"var":"vfx.hwaves.period"},{"angle":135,"var":"vfx.hwaves.strength","type":"ease","value":0,"time":15},{"start":8,"value":0,"time":20,"angle":315,"type":"ease","duration":4,"var":"vfx.hglitch.strength"},{"angle":292.5,"enable":true,"type":"hom","time":20},{"angle":90,"enable":false,"type":"hom","time":24},{"r":0,"color":0,"time":20,"b":0,"type":"setColor","angle":90,"g":0},{"color":1,"ease":"linear","time":172,"r":0,"duration":16,"b":0,"g":0,"type":"setColor","angle":247.5},{"r":255,"color":0,"time":24,"b":255,"type":"setColor","angle":157.5,"g":255},{"color":3,"type":"setColor","angle":45,"time":0},{"angle":360,"var":"vfx.canvPos.sx","type":"ease","value":1.1000000238419,"time":251.5},{"angle":22.5,"var":"vfx.canvPos.sy","type":"ease","value":1.1000000238419,"time":251.5},{"angle":360,"var":"vfx.canvPos.sx","type":"ease","value":1.1999999284744,"time":252.5},{"angle":22.5,"var":"vfx.canvPos.sy","type":"ease","value":1.1999999284744,"time":252.5},{"angle":360,"var":"vfx.canvPos.sx","type":"ease","value":1.2999999523163,"time":253.5},{"angle":22.5,"var":"vfx.canvPos.sy","type":"ease","value":1.2999999523163,"time":253.5},{"angle":360,"var":"vfx.canvPos.sx","type":"ease","value":1.3999999761581,"time":254},{"angle":22.5,"var":"vfx.canvPos.sy","type":"ease","value":1.3999999761581,"time":254},{"angle":360,"var":"vfx.canvPos.sx","type":"ease","value":1.5,"time":254.5},{"angle":22.5,"var":"vfx.canvPos.sy","type":"ease","value":1.5,"time":254.5},{"angle":360,"var":"vfx.canvPos.sx","type":"ease","value":1.6000000238419,"time":255},{"angle":22.5,"var":"vfx.canvPos.sy","type":"ease","value":1.6000000238419,"time":255},{"angle":360,"var":"vfx.canvPos.sx","type":"ease","value":1.7000000476837,"time":255.5},{"angle":22.5,"var":"vfx.canvPos.sy","type":"ease","value":1.7000000476837,"time":255.5},{"angle":0,"ease":"inOutExpo","time":255.66667175293,"value":1,"type":"ease","duration":0.5,"var":"vfx.canvPos.sx"},{"angle":22.5,"ease":"outQuad","time":255.66667175293,"value":1,"type":"ease","duration":0.5,"var":"vfx.canvPos.sy"},{"color":1,"order":0,"g":77,"r":46,"angle":292.5,"b":126,"type":"setColor","time":9},{"color":1,"ease":"linear","order":1,"g":50,"r":39,"duration":2,"b":111,"time":9,"type":"setColor","angle":247.5},{"color":1,"order":0,"g":77,"r":46,"angle":270,"b":126,"type":"setColor","time":11},{"color":1,"ease":"linear","order":1,"g":50,"r":39,"duration":2,"b":111,"time":11,"type":"setColor","angle":247.5},{"color":1,"order":0,"g":77,"r":46,"angle":270,"b":126,"type":"setColor","time":15},{"color":1,"ease":"linear","order":1,"g":50,"r":39,"duration":2,"b":111,"time":15,"type":"setColor","angle":247.5},{"color":1,"order":0,"g":77,"r":46,"angle":270,"b":126,"type":"setColor","time":17},{"color":1,"ease":"linear","order":1,"g":50,"r":39,"duration":2,"b":111,"time":17,"type":"setColor","angle":247.5},{"color":1,"order":0,"g":77,"r":46,"angle":270,"b":126,"type":"setColor","time":19},{"color":1,"ease":"linear","order":1,"g":50,"r":39,"duration":2,"b":111,"time":19,"type":"setColor","angle":247.5},{"color":1,"order":0,"g":77,"r":46,"angle":315,"b":126,"type":"setColor","time":25},{"color":1,"ease":"linear","order":1,"g":50,"r":39,"duration":2,"b":111,"time":25,"type":"setColor","angle":292.5},{"color":1,"order":0,"g":77,"r":46,"angle":315,"b":126,"type":"setColor","time":27},{"color":1,"ease":"linear","order":1,"g":50,"r":39,"duration":2,"b":111,"time":27,"type":"setColor","angle":292.5},{"color":1,"order":0,"g":77,"r":46,"angle":315,"b":126,"type":"setColor","time":29},{"color":1,"ease":"linear","order":1,"g":50,"r":39,"duration":2,"b":111,"time":29,"type":"setColor","angle":292.5},{"color":1,"order":0,"g":77,"r":46,"angle":315,"b":126,"type":"setColor","time":31},{"color":1,"ease":"linear","order":1,"g":50,"r":39,"duration":2,"b":111,"time":31,"type":"setColor","angle":292.5},{"color":1,"order":0,"g":77,"r":46,"angle":472.5,"b":126,"type":"setColor","time":43},{"color":1,"ease":"linear","order":1,"g":50,"r":39,"duration":2,"b":111,"time":43,"type":"setColor","angle":450},{"color":1,"order":0,"g":77,"r":46,"angle":472.5,"b":126,"type":"setColor","time":45},{"color":1,"ease":"linear","order":1,"g":50,"r":39,"duration":2,"b":111,"time":45,"type":"setColor","angle":450},{"color":1,"order":0,"g":77,"r":46,"angle":472.5,"b":126,"type":"setColor","time":47},{"color":1,"ease":"linear","order":1,"g":50,"r":39,"duration":2,"b":111,"time":47,"type":"setColor","angle":450},{"color":1,"order":0,"g":77,"r":46,"angle":585,"b":126,"type":"setColor","time":49},{"color":1,"ease":"linear","order":1,"g":50,"r":39,"duration":2,"b":111,"time":49,"type":"setColor","angle":562.5},{"color":1,"order":0,"g":77,"r":46,"angle":585,"b":126,"type":"setColor","time":51},{"color":1,"ease":"linear","order":1,"g":50,"r":39,"duration":2,"b":111,"time":51,"type":"setColor","angle":562.5},{"color":1,"order":0,"g":77,"r":46,"angle":585,"b":126,"type":"setColor","time":53},{"color":1,"ease":"linear","order":1,"g":50,"r":39,"duration":2,"b":111,"time":53,"type":"setColor","angle":562.5},{"color":1,"order":0,"g":77,"r":46,"angle":630,"b":126,"type":"setColor","time":54},{"color":1,"ease":"linear","order":1,"g":50,"r":39,"duration":2,"b":111,"time":54,"type":"setColor","angle":607.5},{"color":1,"order":0,"g":77,"r":46,"angle":630,"b":126,"type":"setColor","time":55},{"color":1,"ease":"linear","order":1,"g":50,"r":39,"duration":2,"b":111,"time":55,"type":"setColor","angle":607.5},{"color":1,"order":0,"g":77,"r":46,"angle":472.5,"b":126,"type":"setColor","time":57},{"color":1,"ease":"linear","order":1,"g":50,"r":39,"duration":2,"b":111,"time":57,"type":"setColor","angle":450},{"color":1,"order":0,"g":77,"r":46,"angle":472.5,"b":126,"type":"setColor","time":59},{"color":1,"ease":"linear","order":1,"g":50,"r":39,"duration":2,"b":111,"time":59,"type":"setColor","angle":450},{"color":1,"order":0,"g":77,"r":46,"angle":472.5,"b":126,"type":"setColor","time":61},{"color":1,"ease":"linear","order":1,"g":50,"r":39,"duration":2,"b":111,"time":61,"type":"setColor","angle":450},{"color":1,"order":0,"g":77,"r":46,"angle":472.5,"b":126,"type":"setColor","time":63},{"color":1,"ease":"linear","order":1,"g":50,"r":39,"duration":2,"b":111,"time":63,"type":"setColor","angle":450},{"color":1,"order":0,"g":77,"r":46,"angle":450,"b":126,"type":"setColor","time":65},{"color":1,"ease":"linear","order":1,"g":50,"r":39,"duration":2,"b":111,"time":65,"type":"setColor","angle":427.5},{"color":1,"order":0,"g":77,"r":46,"angle":472.5,"b":126,"type":"setColor","time":67},{"color":1,"ease":"linear","order":1,"g":50,"r":39,"duration":2,"b":111,"time":67,"type":"setColor","angle":450},{"color":1,"order":0,"g":77,"r":46,"angle":472.5,"b":126,"type":"setColor","time":69},{"color":1,"ease":"linear","order":1,"g":50,"r":39,"duration":1,"b":111,"time":69,"type":"setColor","angle":450},{"color":1,"order":0,"g":77,"r":46,"angle":472.5,"b":126,"type":"setColor","time":70},{"color":1,"ease":"linear","order":1,"g":50,"r":39,"duration":1,"b":111,"time":70,"type":"setColor","angle":450},{"color":1,"order":0,"g":77,"r":46,"angle":472.5,"b":126,"type":"setColor","time":71},{"color":1,"ease":"linear","order":1,"g":50,"r":39,"duration":1,"b":111,"time":71,"type":"setColor","angle":450},{"color":1,"order":0,"g":77,"r":46,"angle":427.5,"b":126,"type":"setColor","time":93},{"color":1,"ease":"linear","order":1,"g":50,"r":39,"duration":1,"b":111,"time":93,"type":"setColor","angle":405},{"color":1,"order":0,"g":77,"r":46,"angle":472.5,"b":126,"type":"setColor","time":97},{"color":1,"ease":"linear","order":1,"g":50,"r":39,"duration":2,"b":111,"time":97,"type":"setColor","angle":450},{"color":1,"order":0,"g":77,"r":46,"angle":405,"b":126,"type":"setColor","time":99},{"color":1,"ease":"linear","order":1,"g":50,"r":39,"duration":2,"b":111,"time":99,"type":"setColor","angle":382.5},{"color":1,"order":0,"g":77,"r":46,"angle":427.5,"b":126,"type":"setColor","time":101},{"color":1,"ease":"linear","order":1,"g":50,"r":39,"duration":2,"b":111,"time":101,"type":"setColor","angle":405},{"color":1,"order":0,"g":77,"r":46,"angle":427.5,"b":126,"type":"setColor","time":103},{"color":1,"ease":"linear","order":1,"g":50,"r":39,"duration":2,"b":111,"time":103,"type":"setColor","angle":405},{"color":1,"order":0,"g":77,"r":46,"angle":427.5,"b":126,"type":"setColor","time":105},{"color":1,"ease":"linear","order":1,"g":50,"r":39,"duration":1,"b":111,"time":105,"type":"setColor","angle":405},{"color":1,"order":0,"g":77,"r":46,"angle":427.5,"b":126,"type":"setColor","time":106},{"color":1,"ease":"linear","order":1,"g":50,"r":39,"duration":1,"b":111,"time":106,"type":"setColor","angle":405},{"color":1,"order":0,"g":77,"r":46,"angle":427.5,"b":126,"type":"setColor","time":107},{"color":1,"ease":"linear","order":1,"g":50,"r":39,"duration":1,"b":111,"time":107,"type":"setColor","angle":90},{"color":1,"order":0,"g":77,"r":46,"angle":427.5,"b":126,"type":"setColor","time":109},{"color":1,"ease":"linear","order":1,"g":50,"r":39,"duration":2,"b":111,"time":109,"type":"setColor","angle":405},{"color":1,"order":0,"g":77,"r":46,"angle":517.5,"b":126,"type":"setColor","time":111},{"color":1,"ease":"linear","order":1,"g":50,"r":39,"duration":2,"b":111,"time":111,"type":"setColor","angle":495},{"color":1,"order":0,"g":77,"r":46,"angle":427.5,"b":126,"type":"setColor","time":113},{"color":1,"ease":"linear","order":1,"g":50,"r":39,"duration":2,"b":111,"time":113,"type":"setColor","angle":405},{"duration":0,"ease":"linear","angle":45,"paddle":1,"enabled":false,"type":"paddles","time":292},{"ease":"linear","newWidth":20,"time":268,"duration":0,"angle":337.5,"paddle":0,"type":"paddles","enabled":true},{"ease":"linear","newWidth":20,"time":268,"duration":0,"angle":315,"paddle":0,"type":"paddles","enabled":true},{"r":255,"angle":247.5,"time":340,"color":2,"type":"setColor","b":140,"g":59},{"r":255,"color":1,"time":340,"b":255,"type":"setColor","angle":236.25,"g":255},{"r":234,"color":0,"time":340,"b":112,"type":"setColor","angle":225,"g":61},{"r":34,"color":5,"time":340,"b":90,"type":"setColor","angle":202.5,"g":50},{"r":55,"color":6,"time":340,"b":172,"type":"setColor","angle":191.25,"g":83},{"r":55,"color":5,"time":341,"b":172,"type":"setColor","angle":135,"g":83},{"r":34,"color":6,"time":341,"b":90,"type":"setColor","angle":157.5,"g":50},{"r":55,"color":6,"time":342,"b":172,"type":"setColor","angle":247.5,"g":83},{"r":34,"color":5,"time":342,"b":90,"type":"setColor","angle":225,"g":50},{"r":55,"color":5,"time":343,"b":172,"type":"setColor","angle":191.25,"g":83},{"r":34,"color":6,"time":343,"b":90,"type":"setColor","angle":202.5,"g":50},{"r":55,"color":6,"time":344,"b":172,"type":"setColor","angle":191.25,"g":83},{"r":34,"color":5,"time":344,"b":90,"type":"setColor","angle":202.5,"g":50},{"r":55,"color":5,"time":345,"b":172,"type":"setColor","angle":135,"g":83},{"r":34,"color":6,"time":345,"b":90,"type":"setColor","angle":157.5,"g":50},{"r":55,"color":6,"time":346,"b":172,"type":"setColor","angle":191.25,"g":83},{"r":34,"color":5,"time":346,"b":90,"type":"setColor","angle":202.5,"g":50},{"r":55,"color":5,"time":347,"b":172,"type":"setColor","angle":191.25,"g":83},{"r":34,"color":6,"time":347,"b":90,"type":"setColor","angle":202.5,"g":50},{"r":55,"color":6,"time":348,"b":172,"type":"setColor","angle":191.25,"g":83},{"r":34,"color":5,"time":348,"b":90,"type":"setColor","angle":202.5,"g":50},{"r":55,"color":5,"time":349,"b":172,"type":"setColor","angle":191.25,"g":83},{"r":34,"color":6,"time":349,"b":90,"type":"setColor","angle":202.5,"g":50},{"r":55,"color":6,"time":350,"b":172,"type":"setColor","angle":191.25,"g":83},{"r":34,"color":5,"time":350,"b":90,"type":"setColor","angle":202.5,"g":50},{"r":55,"color":5,"time":351,"b":172,"type":"setColor","angle":191.25,"g":83},{"r":34,"color":6,"time":351,"b":90,"type":"setColor","angle":202.5,"g":50},{"r":55,"color":6,"time":352,"b":172,"type":"setColor","angle":191.25,"g":83},{"r":34,"color":5,"time":352,"b":90,"type":"setColor","angle":202.5,"g":50},{"r":55,"color":5,"time":353,"b":172,"type":"setColor","angle":191.25,"g":83},{"r":34,"color":6,"time":353,"b":90,"type":"setColor","angle":202.5,"g":50},{"r":55,"color":6,"time":354,"b":172,"type":"setColor","angle":191.25,"g":83},{"r":34,"color":5,"time":354,"b":90,"type":"setColor","angle":202.5,"g":50},{"r":55,"color":5,"time":355,"b":172,"type":"setColor","angle":191.25,"g":83},{"r":34,"color":6,"time":355,"b":90,"type":"setColor","angle":202.5,"g":50},{"r":55,"color":6,"time":356,"b":172,"type":"setColor","angle":191.25,"g":83},{"r":34,"color":5,"time":356,"b":90,"type":"setColor","angle":202.5,"g":50},{"r":55,"color":5,"time":357,"b":172,"type":"setColor","angle":191.25,"g":83},{"r":34,"color":6,"time":357,"b":90,"type":"setColor","angle":202.5,"g":50},{"r":55,"color":6,"time":358,"b":172,"type":"setColor","angle":191.25,"g":83},{"r":34,"color":5,"time":358,"b":90,"type":"setColor","angle":202.5,"g":50},{"r":55,"color":5,"time":359,"b":172,"type":"setColor","angle":191.25,"g":83},{"r":34,"color":6,"time":359,"b":90,"type":"setColor","angle":202.5,"g":50},{"r":55,"color":6,"time":360,"b":172,"type":"setColor","angle":191.25,"g":83},{"r":34,"color":5,"time":360,"b":90,"type":"setColor","angle":202.5,"g":50},{"r":55,"color":6,"time":362,"b":172,"type":"setColor","angle":191.25,"g":83},{"r":34,"color":5,"time":362,"b":90,"type":"setColor","angle":202.5,"g":50},{"r":55,"color":6,"time":364,"b":172,"type":"setColor","angle":191.25,"g":83},{"r":34,"color":5,"time":364,"b":90,"type":"setColor","angle":202.5,"g":50},{"r":55,"color":6,"time":366,"b":172,"type":"setColor","angle":191.25,"g":83},{"r":34,"color":5,"time":366,"b":90,"type":"setColor","angle":202.5,"g":50},{"r":55,"color":6,"time":368,"b":172,"type":"setColor","angle":191.25,"g":83},{"r":34,"color":5,"time":368,"b":90,"type":"setColor","angle":202.5,"g":50},{"r":55,"color":6,"time":370,"b":172,"type":"setColor","angle":191.25,"g":83},{"r":34,"color":5,"time":370,"b":90,"type":"setColor","angle":202.5,"g":50},{"r":55,"color":6,"time":372,"b":172,"type":"setColor","angle":191.25,"g":83},{"r":34,"color":5,"time":372,"b":90,"type":"setColor","angle":202.5,"g":50},{"r":55,"color":5,"time":361,"b":172,"type":"setColor","angle":191.25,"g":83},{"r":34,"color":6,"time":361,"b":90,"type":"setColor","angle":202.5,"g":50},{"r":55,"color":5,"time":363,"b":172,"type":"setColor","angle":191.25,"g":83},{"r":34,"color":6,"time":363,"b":90,"type":"setColor","angle":202.5,"g":50},{"r":55,"color":5,"time":365,"b":172,"type":"setColor","angle":191.25,"g":83},{"r":34,"color":6,"time":365,"b":90,"type":"setColor","angle":202.5,"g":50},{"r":55,"color":5,"time":367,"b":172,"type":"setColor","angle":191.25,"g":83},{"r":34,"color":6,"time":367,"b":90,"type":"setColor","angle":202.5,"g":50},{"r":55,"color":5,"time":369,"b":172,"type":"setColor","angle":191.25,"g":83},{"r":34,"color":6,"time":369,"b":90,"type":"setColor","angle":202.5,"g":50},{"r":55,"color":5,"time":371,"b":172,"type":"setColor","angle":191.25,"g":83},{"r":34,"color":6,"time":371,"b":90,"type":"setColor","angle":202.5,"g":50},{"r":55,"color":5,"time":373,"b":172,"type":"setColor","angle":191.25,"g":83},{"r":34,"color":6,"time":373,"b":90,"type":"setColor","angle":202.5,"g":50},{"r":55,"color":5,"time":375,"b":172,"type":"setColor","angle":191.25,"g":83},{"r":34,"color":6,"time":375,"b":90,"type":"setColor","angle":202.5,"g":50},{"r":55,"color":5,"time":377,"b":172,"type":"setColor","angle":191.25,"g":83},{"r":34,"color":6,"time":377,"b":90,"type":"setColor","angle":202.5,"g":50},{"r":55,"color":5,"time":379,"b":172,"type":"setColor","angle":191.25,"g":83},{"r":34,"color":6,"time":379,"b":90,"type":"setColor","angle":202.5,"g":50},{"r":55,"color":5,"time":381,"b":172,"type":"setColor","angle":191.25,"g":83},{"r":34,"color":6,"time":381,"b":90,"type":"setColor","angle":202.5,"g":50},{"r":55,"color":5,"time":383,"b":172,"type":"setColor","angle":191.25,"g":83},{"r":34,"color":6,"time":383,"b":90,"type":"setColor","angle":202.5,"g":50},{"r":55,"color":5,"time":385,"b":172,"type":"setColor","angle":191.25,"g":83},{"r":34,"color":6,"time":385,"b":90,"type":"setColor","angle":202.5,"g":50},{"r":55,"color":5,"time":387,"b":172,"type":"setColor","angle":191.25,"g":83},{"r":34,"color":6,"time":387,"b":90,"type":"setColor","angle":202.5,"g":50},{"r":55,"color":5,"time":389,"b":172,"type":"setColor","angle":191.25,"g":83},{"r":34,"color":6,"time":389,"b":90,"type":"setColor","angle":202.5,"g":50},{"r":55,"color":5,"time":391,"b":172,"type":"setColor","angle":191.25,"g":83},{"r":34,"color":6,"time":391,"b":90,"type":"setColor","angle":202.5,"g":50},{"r":55,"color":5,"time":393,"b":172,"type":"setColor","angle":191.25,"g":83},{"r":34,"color":6,"time":393,"b":90,"type":"setColor","angle":202.5,"g":50},{"r":55,"color":5,"time":395,"b":172,"type":"setColor","angle":191.25,"g":83},{"r":34,"color":6,"time":395,"b":90,"type":"setColor","angle":202.5,"g":50},{"r":55,"color":5,"time":397,"b":172,"type":"setColor","angle":191.25,"g":83},{"r":34,"color":6,"time":397,"b":90,"type":"setColor","angle":202.5,"g":50},{"r":55,"color":5,"time":399,"b":172,"type":"setColor","angle":191.25,"g":83},{"r":34,"color":6,"time":399,"b":90,"type":"setColor","angle":202.5,"g":50},{"r":55,"color":5,"time":401,"b":172,"type":"setColor","angle":191.25,"g":83},{"r":34,"color":6,"time":401,"b":90,"type":"setColor","angle":202.5,"g":50},{"r":55,"color":5,"time":403,"b":172,"type":"setColor","angle":191.25,"g":83},{"r":34,"color":6,"time":403,"b":90,"type":"setColor","angle":202.5,"g":50},{"r":55,"color":6,"time":374,"b":172,"type":"setColor","angle":191.25,"g":83},{"r":34,"color":5,"time":374,"b":90,"type":"setColor","angle":202.5,"g":50},{"r":55,"color":6,"time":378,"b":172,"type":"setColor","angle":191.25,"g":83},{"r":34,"color":5,"time":378,"b":90,"type":"setColor","angle":202.5,"g":50},{"r":55,"color":6,"time":380,"b":172,"type":"setColor","angle":191.25,"g":83},{"r":34,"color":5,"time":380,"b":90,"type":"setColor","angle":202.5,"g":50},{"r":55,"color":6,"time":382,"b":172,"type":"setColor","angle":191.25,"g":83},{"r":34,"color":5,"time":382,"b":90,"type":"setColor","angle":202.5,"g":50},{"r":55,"color":6,"time":384,"b":172,"type":"setColor","angle":191.25,"g":83},{"r":34,"color":5,"time":384,"b":90,"type":"setColor","angle":202.5,"g":50},{"r":55,"color":6,"time":386,"b":172,"type":"setColor","angle":191.25,"g":83},{"r":34,"color":5,"time":386,"b":90,"type":"setColor","angle":202.5,"g":50},{"r":55,"color":6,"time":388,"b":172,"type":"setColor","angle":191.25,"g":83},{"r":34,"color":5,"time":388,"b":90,"type":"setColor","angle":202.5,"g":50},{"r":55,"color":6,"time":390,"b":172,"type":"setColor","angle":191.25,"g":83},{"r":34,"color":5,"time":390,"b":90,"type":"setColor","angle":202.5,"g":50},{"r":55,"color":6,"time":392,"b":172,"type":"setColor","angle":191.25,"g":83},{"r":34,"color":5,"time":392,"b":90,"type":"setColor","angle":202.5,"g":50},{"r":55,"color":6,"time":394,"b":172,"type":"setColor","angle":191.25,"g":83},{"r":34,"color":5,"time":394,"b":90,"type":"setColor","angle":202.5,"g":50},{"r":55,"color":6,"time":396,"b":172,"type":"setColor","angle":191.25,"g":83},{"r":34,"color":5,"time":396,"b":90,"type":"setColor","angle":202.5,"g":50},{"r":55,"color":6,"time":398,"b":172,"type":"setColor","angle":191.25,"g":83},{"r":34,"color":5,"time":398,"b":90,"type":"setColor","angle":202.5,"g":50},{"r":55,"color":6,"time":400,"b":172,"type":"setColor","angle":191.25,"g":83},{"r":34,"color":5,"time":400,"b":90,"type":"setColor","angle":202.5,"g":50},{"r":55,"color":6,"time":402,"b":172,"type":"setColor","angle":191.25,"g":83},{"r":34,"color":5,"time":402,"b":90,"type":"setColor","angle":202.5,"g":50},{"r":55,"color":6,"time":404,"b":172,"type":"setColor","angle":191.25,"g":83},{"r":34,"color":5,"time":404,"b":90,"type":"setColor","angle":202.5,"g":50},{"angle":382.5,"ease":"linear","time":224,"value":0.75,"type":"ease","duration":32,"var":"vfx.canvPos.sx"},{"angle":45,"ease":"linear","time":224,"value":0.75,"type":"ease","duration":32,"var":"vfx.canvPos.sy"},{"angle":360,"ease":"inOutSine","time":251,"value":1,"type":"ease","duration":1,"var":"vfx.canvPos.sx"},{"angle":22.5,"ease":"inOutSine","time":251,"value":1,"type":"ease","duration":1,"var":"vfx.canvPos.sy"},{"angle":326.25,"enable":true,"type":"hom","time":256},{"color":3,"ease":"linear","time":224,"r":49,"duration":8,"b":242,"g":89,"type":"setColor","angle":303.75},{"color":0,"ease":"linear","time":224,"r":229,"duration":32,"b":121,"g":73,"type":"setColor","angle":315},{"sx":0,"sy":0,"order":0,"r":60,"ox":126,"oy":133,"type":"deco","id":"star","drawOrder":1,"time":332,"x":300,"y":180,"recolor":7,"angle":135,"sprite":"spr_star.png","drawLayer":"bg"},{"ease":"linear","order":1,"time":340,"r":720,"duration":64,"type":"deco","angle":112.5,"id":"star"},{"sx":0.5,"sy":0.5,"recolor":0,"order":0,"oy":300,"time":192,"sprite":"spr_trippy2.png","drawLayer":"bg","x":300,"y":180,"angle":281.25,"type":"deco","ox":300,"id":"trip1"},{"sx":4,"sy":4,"order":1,"time":192,"r":720,"angle":247.5,"id":"trip1","ease":"linear","type":"deco","duration":32,"recolor":6},{"angle":157.5,"hide":true,"type":"deco","time":340,"id":"trip1"},{"start":1.1000000238419,"value":1,"ease":"linear","repeats":63,"repeatDelay":1,"var":"vfx.hwaves.strength","duration":1,"angle":517.5,"type":"ease","time":192},{"start":10,"value":16,"ease":"outSine","repeats":15,"repeatDelay":4,"var":"vfx.hwaves.period","duration":4,"angle":472.5,"type":"ease","time":192},{"ease":"linear","sy":2,"order":1,"time":332,"angle":112.5,"sx":2,"type":"deco","duration":8,"id":"star"},{"angle":67.5,"enable":false,"type":"hom","time":340},{"sx":1,"sy":1,"recolor":7,"outline":true,"oy":135,"time":340,"sprite":"spr_star.png","angle":90,"x":300,"y":180,"ox":126,"type":"deco","drawLayer":"bg","id":"star2"},{"drawOrder":3,"ease":"linear","order":3,"time":340,"r":2000,"angle":101.25,"type":"deco","duration":64,"id":"star2"},{"drawOrder":-5,"id":"trippy1","outline":true,"angle":135,"time":340,"sprite":"spr_trippy2.png","ox":300,"x":300,"y":180,"drawLayer":"bg","type":"deco","oy":300,"recolor":5},{"sx":1,"sy":1,"order":4,"time":340,"r":-1800,"angle":168.75,"x":300,"y":180,"duration":64,"type":"deco","ease":"linear","id":"trippy1"},{"sx":3,"sy":3,"outline":true,"id":"star3","time":340,"sprite":"spr_star_cutout.png","ox":304,"x":300,"y":180,"oy":187,"type":"deco","angle":303.75,"recolor":5},{"ease":"linear","order":3,"time":340,"r":720,"duration":64,"type":"deco","angle":146.25,"id":"star3"},{"angle":270,"ease":"linear","time":388,"value":1.5,"type":"ease","duration":16,"var":"vfx.canvPos.sx"},{"angle":281.25,"ease":"linear","time":388,"value":1.5,"type":"ease","duration":16,"var":"vfx.canvPos.sy"},{"angle":270,"ease":"outElastic","time":403,"value":1,"type":"ease","duration":2,"var":"vfx.canvPos.sx"},{"value":1,"ease":"outElastic","time":403,"duration":2,"type":"ease","angle":292.5,"var":"vfx.canvPos.sy"},{"angle":270,"ease":"linear","time":436,"value":1.5,"type":"ease","duration":16,"var":"vfx.canvPos.sx"},{"angle":281.25,"ease":"outSine","time":436,"value":0,"type":"ease","duration":13,"var":"vfx.canvPos.sy"},{"r":255,"color":0,"time":436,"b":255,"type":"setColor","angle":303.75,"g":255},{"angle":360,"type":"showResults","time":452.5},{"duration":0,"ease":"linear","angle":315,"paddle":0,"type":"paddles","newWidth":70,"time":292},{"duration":4,"ease":"linear","angle":45,"paddle":1,"type":"paddles","newWidth":20,"time":251},{"duration":4,"ease":"linear","angle":67.5,"paddle":0,"type":"paddles","newWidth":20,"time":251},{"start":0,"value":20,"ease":"linear","time":288,"angle":0,"duration":4,"type":"ease","var":"vfx.hglitch.strength"},{"angle":0,"var":"vfx.hglitch.strength","value":0,"type":"ease","duration":0,"time":292},{"duration":1,"ease":"outElastic","angle":45,"paddle":1,"type":"paddles","newWidth":70,"time":271},{"duration":1,"ease":"outElastic","angle":22.5,"paddle":0,"type":"paddles","newWidth":70,"time":271},{"angle":112.5,"var":"vfx.hwaves.strength","value":0,"type":"ease","duration":0,"time":256},{"start":0,"value":1,"ease":"inQuart","time":0,"angle":337.5,"duration":4,"type":"ease","var":"vfx.canvPos.sy"},{"duration":1,"ease":"outElastic","angle":67.5,"paddle":1,"type":"paddles","newWidth":70,"time":263},{"duration":1,"ease":"outElastic","angle":90,"paddle":0,"type":"paddles","newWidth":70,"time":263},{"duration":0,"ease":"linear","paddle":1,"type":"paddles","angle":337.5,"time":274.25},{"start":-30,"value":0,"ease":"outElastic","time":131,"angle":225,"duration":4,"type":"ease","var":"vfx.canvPos.r"},{"drawOrder":3,"ease":"linear","time":340,"angle":337.5,"duration":64,"type":"deco","drawLayer":"ontop","id":"11111"},{"r":55,"color":5,"time":272,"b":172,"type":"setColor","angle":191.25,"g":83},{"r":34,"color":6,"time":272,"b":90,"type":"setColor","angle":202.5,"g":50},{"r":55,"color":6,"time":273,"b":172,"type":"setColor","angle":191.25,"g":83},{"r":34,"color":5,"time":273,"b":90,"type":"setColor","angle":202.5,"g":50},{"r":55,"color":5,"time":274,"b":172,"type":"setColor","angle":191.25,"g":83},{"r":34,"color":6,"time":274,"b":90,"type":"setColor","angle":202.5,"g":50},{"r":55,"color":5,"time":276,"b":172,"type":"setColor","angle":191.25,"g":83},{"r":34,"color":6,"time":276,"b":90,"type":"setColor","angle":202.5,"g":50},{"r":55,"color":5,"time":278,"b":172,"type":"setColor","angle":191.25,"g":83},{"r":34,"color":6,"time":278,"b":90,"type":"setColor","angle":202.5,"g":50},{"r":55,"color":5,"time":280,"b":172,"type":"setColor","angle":191.25,"g":83},{"r":34,"color":6,"time":280,"b":90,"type":"setColor","angle":202.5,"g":50},{"r":55,"color":5,"time":282,"b":172,"type":"setColor","angle":191.25,"g":83},{"r":34,"color":6,"time":282,"b":90,"type":"setColor","angle":202.5,"g":50},{"r":55,"color":5,"time":284,"b":172,"type":"setColor","angle":191.25,"g":83},{"r":34,"color":6,"time":284,"b":90,"type":"setColor","angle":202.5,"g":50},{"r":55,"color":5,"time":286,"b":172,"type":"setColor","angle":191.25,"g":83},{"r":34,"color":6,"time":286,"b":90,"type":"setColor","angle":202.5,"g":50},{"r":55,"color":5,"time":288,"b":172,"type":"setColor","angle":191.25,"g":83},{"r":34,"color":6,"time":288,"b":90,"type":"setColor","angle":202.5,"g":50},{"r":55,"color":6,"time":275,"b":172,"type":"setColor","angle":191.25,"g":83},{"r":34,"color":5,"time":275,"b":90,"type":"setColor","angle":202.5,"g":50},{"r":55,"color":6,"time":277,"b":172,"type":"setColor","angle":191.25,"g":83},{"r":34,"color":5,"time":277,"b":90,"type":"setColor","angle":202.5,"g":50},{"r":55,"color":6,"time":279,"b":172,"type":"setColor","angle":191.25,"g":83},{"r":34,"color":5,"time":279,"b":90,"type":"setColor","angle":202.5,"g":50},{"r":55,"color":6,"time":281,"b":172,"type":"setColor","angle":191.25,"g":83},{"r":34,"color":5,"time":281,"b":90,"type":"setColor","angle":202.5,"g":50},{"r":55,"color":6,"time":283,"b":172,"type":"setColor","angle":191.25,"g":83},{"r":34,"color":5,"time":283,"b":90,"type":"setColor","angle":202.5,"g":50},{"r":55,"color":6,"time":285,"b":172,"type":"setColor","angle":191.25,"g":83},{"r":34,"color":5,"time":285,"b":90,"type":"setColor","angle":202.5,"g":50},{"r":55,"color":6,"time":287,"b":172,"type":"setColor","angle":191.25,"g":83},{"r":34,"color":5,"time":287,"b":90,"type":"setColor","angle":202.5,"g":50},{"r":55,"color":6,"time":289,"b":172,"type":"setColor","angle":191.25,"g":83},{"r":34,"color":5,"time":289,"b":90,"type":"setColor","angle":202.5,"g":50},{"start":10,"value":0,"repeats":23,"repeatDelay":1,"var":"vfx.hwaves.strength","angle":225,"duration":0.20000000298023,"type":"ease","time":272},{"angle":135,"hide":true,"type":"deco","id":"trip1","time":224},{"angle":45,"chance":0.91000002622604,"type":"noise","color":7,"time":340},{"angle":213.75,"chance":0.89999997615814,"type":"noise","color":6,"time":128},{"angle":247.5,"enable":true,"type":"hom","time":128},{"r":0,"angle":247.5,"time":251,"color":0,"type":"setColor","b":0,"g":0},{"r":255,"angle":236.25,"time":251,"color":1,"type":"setColor","b":255,"g":255},{"r":0,"angle":202.5,"time":251,"color":2,"type":"setColor","b":0,"g":0},{"color":0,"ease":"linear","time":332,"r":255,"duration":8,"b":255,"g":255,"type":"setColor","angle":337.5},{"angle":315,"enable":true,"type":"hom","time":332},{"angle":270,"ease":"linear","time":332,"value":1.25,"type":"ease","duration":8,"var":"scrollSpeed"},{"angle":45,"var":"scrollSpeed","type":"ease","value":1.3999999761581,"time":280.25},{"r":55,"angle":191.25,"time":376,"color":6,"type":"setColor","b":172,"g":83},{"r":34,"angle":202.5,"time":376,"color":5,"type":"setColor","b":90,"g":50},{"angle":315,"ease":"linear","duration":8,"paddle":0,"type":"paddles","newWidth":360,"time":428},{"angle":315,"type":"showResults","time":452},{"angle":0,"type":"showResults","time":449.5},{"angle":0,"type":"showResults","time":447.75},{"color":1,"ease":"linear","time":192,"r":45,"duration":8,"b":244,"g":53,"type":"setColor","angle":270},{"color":1,"ease":"linear","time":208,"r":230,"duration":8,"b":56,"g":220,"type":"setColor","angle":337.5},{"r":126,"angle":78.75,"time":256,"color":1,"type":"setColor","b":126,"g":126},{"r":64,"angle":67.5,"time":256,"color":5,"type":"setColor","b":64,"g":64},{"r":0,"angle":281.25,"time":256,"color":0,"type":"setColor","b":0,"g":0},{"color":4,"enable":true,"type":"outline","angle":101.25,"time":256},{"r":96,"angle":33.75,"time":272,"color":2,"type":"setColor","b":251,"g":170},{"r":124,"angle":56.25,"time":272,"color":1,"type":"setColor","b":231,"g":156},{"r":255,"color":0,"time":272,"b":255,"type":"setColor","angle":67.5,"g":255},{"angle":22.5,"enable":true,"type":"hom","time":296},{"color":2,"enable":false,"type":"outline","angle":78.75,"time":340},{"color":0,"enable":true,"type":"outline","angle":90,"time":272},{"angle":146.25,"var":"scrollSpeed","type":"ease","value":2,"time":132},{"angle":101.25,"ease":"linear","time":116,"value":1.6000000238419,"type":"ease","duration":1,"var":"scrollSpeed"},{"angle":33.75,"ease":"linear","time":156,"value":1.2999999523163,"type":"ease","duration":4,"var":"scrollSpeed"},{"angle":78.75,"ease":"linear","time":127,"value":1,"type":"ease","duration":2,"var":"scrollSpeed"},{"angle":270,"ease":"inSine","var":"vfx.canvPos.sx","duration":4,"type":"ease","value":1.2999999523163,"time":400},{"angle":281.25,"ease":"linear","var":"vfx.canvPos.sy","duration":4,"type":"ease","value":1.2999999523163,"time":400},{"angle":67.5,"chance":0.80000001192093,"type":"noise","color":1,"time":192},{"color":1,"ease":"linear","time":224,"r":78,"duration":1,"b":195,"g":88,"type":"setColor","angle":67.5},{"angle":337.5,"chance":0.93000000715256,"type":"noise","color":5,"time":296},{"angle":22.5,"ease":"inQuad","time":432,"value":0.10000000149012,"type":"ease","duration":4,"var":"scrollSpeed"},{"angle":247.5,"ease":"linear","time":436,"value":4,"type":"ease","duration":16,"var":"scrollSpeed"},{"sx":1,"sy":1,"id":"space","time":40,"sprite":"spr_space.png","drawLayer":"bg","x":0,"y":0,"angle":90,"type":"deco","kx":-0.10000000149012,"recolor":2},{"ease":"inOutSine","order":1,"time":40,"angle":67.5,"id":"space","kx":0.10000000149012,"ky":0,"type":"deco","duration":4,"recolor":3},{"duration":4,"ease":"inOutSine","kx":-0.10000000149012,"time":44,"type":"deco","angle":67.5,"id":"space"},{"angle":135,"hide":true,"type":"deco","id":"11111","time":40},{"duration":4,"ease":"inOutSine","kx":0.10000000149012,"time":48,"type":"deco","angle":67.5,"id":"space"},{"duration":4,"ease":"inOutSine","kx":-0.10000000149012,"time":52,"type":"deco","angle":67.5,"id":"space"},{"duration":4,"ease":"inOutSine","kx":0.10000000149012,"time":56,"type":"deco","angle":67.5,"id":"space"},{"duration":4,"ease":"inOutSine","kx":-0.10000000149012,"time":60,"type":"deco","angle":67.5,"id":"space"},{"duration":4,"ease":"inOutSine","kx":0.10000000149012,"time":64,"type":"deco","angle":45,"id":"space"},{"duration":4,"ease":"inOutSine","kx":-0.10000000149012,"time":68,"type":"deco","angle":67.5,"id":"space"},{"angle":292.5,"time":340,"type":"deco","id":"star","recolor":-1},{"angle":315,"hide":false,"type":"deco","time":272,"id":"11111"},{"angle":348.75,"hide":true,"type":"deco","id":"space","time":256},{"angle":22.5,"chance":0,"type":"noise","color":0,"time":25},{"angle":337.5,"chance":0,"type":"noise","color":0,"time":16},{"angle":56.25,"hide":true,"type":"deco","id":"11111","time":296},{"angle":258.75,"enable":false,"type":"hom","time":328},{"angle":315,"enable":true,"type":"hom","time":296},{"angle":45,"enable":false,"type":"hom","time":312},{"drawOrder":7,"sx":0,"sy":0,"outline":true,"angle":326.25,"time":192,"sprite":"spr_trippy2.png","drawLayer":"bg","x":300,"y":180,"ox":300,"type":"deco","oy":300,"id":"trippy3"},{"sx":1,"sy":1,"order":4,"time":192,"r":1000,"angle":303.75,"duration":64,"type":"deco","ease":"linear","id":"trippy3"},{"angle":135,"hide":true,"type":"deco","id":"trippy3","time":251},{"color":7,"ease":"linear","time":404,"r":255,"duration":8,"b":145,"g":145,"type":"setColor","angle":90},{"color":3,"ease":"linear","time":404,"r":255,"duration":8,"b":114,"g":114,"type":"setColor","angle":360},{"angle":326.25,"ease":"linear","time":432,"value":1.1000000238419,"type":"ease","duration":4,"var":"vfx.canvPos.sx"},{"angle":315,"ease":"linear","time":432,"value":1.1000000238419,"type":"ease","duration":4,"var":"vfx.canvPos.sy"},{"angle":303.75,"ease":"linear","y":-200,"time":156,"type":"deco","duration":32,"id":"space"},{"sx":0.10000000149012,"sy":0.10000000149012,"recolor":6,"outline":true,"drawLayer":"bg","time":172,"sprite":"spr_star_full.png","ox":300,"x":300,"y":180,"oy":180,"type":"deco","angle":360,"id":"newStar"},{"sx":2,"sy":2,"outline":true,"time":172,"r":9999,"angle":45,"duration":16,"ease":"inOutSine","type":"deco","order":1,"id":"newStar"},{"angle":303.75,"enable":true,"type":"hom","time":172},{"angle":292.5,"ease":"linear","y":-400,"type":"deco","id":"space","time":168},{"angle":258.75,"hide":true,"type":"deco","id":"newStar","time":192},{"angle":326.83676147461,"ease":"linear","hide":true,"type":"deco","id":"star2","time":403},{"angle":353.32553100586,"hide":true,"type":"deco","id":"star","time":403},{"angle":90,"chance":0.99000000953674,"type":"noise","color":3,"time":224},{"angle":292.5,"chance":0.5,"type":"noise","color":2,"time":256},{"r":108,"color":3,"time":272,"b":237,"type":"setColor","angle":360,"g":128},{"angle":157.5,"chance":0.5,"type":"noise","color":2,"time":251},{"angle":337.5,"chance":0.99800002574921,"type":"noise","color":0,"time":272},{"sx":2,"sy":2,"outline":true,"time":256,"r":-99999,"duration":16,"id":"newStar","ease":"linear","hide":false,"type":"deco","angle":247.5,"recolor":2},{"angle":315,"sx":2,"sy":2,"type":"deco","id":"newStar","time":255},{"angle":292.5,"hide":true,"type":"deco","id":"newStar","time":272},{"r":1000,"duration":32,"hide":true,"time":403,"type":"deco","angle":308.1572265625,"id":"star3"},{"sx":5,"hide":true,"outline":true,"time":403,"r":500,"duration":128,"sy":5,"ease":"linear","type":"deco","angle":14.842226982117,"id":"trippy1"},{"ease":"linear","hide":false,"outline":true,"time":403,"angle":111.94653320313,"x":-300,"y":-300,"recolor":-1,"type":"deco","duration":64,"id":"space"},{"angle":244.06454467773,"chance":0,"type":"noise","color":7,"time":403},{"angle":108.51715087891,"x":0,"y":0,"type":"deco","id":"space","time":402.5},{"color":0,"ease":"linear","time":296,"r":141,"duration":16,"b":255,"g":213,"type":"setColor","angle":292.5},{"color":2,"enable":true,"type":"outline","angle":270,"time":296},{"color":1,"ease":"linear","time":296,"r":52,"duration":16,"b":246,"g":169,"type":"setColor","angle":247.5},{"angle":303.75,"chance":0,"type":"noise","color":0,"time":15},{"r":255,"color":6,"time":15,"b":255,"type":"setColor","angle":225,"g":255},{"r":31,"angle":326.25,"time":16,"color":6,"type":"setColor","b":69,"g":31},{"color":0,"time":208,"r":195,"angle":292.5,"b":14,"g":96,"type":"setColor","duration":16},{"color":2,"ease":"linear","g":52,"r":179,"duration":16,"b":52,"angle":146.25,"type":"setColor","time":208},{"color":6,"enable":true,"type":"outline","angle":281.25,"time":224},{"angle":0,"enable":true,"type":"hom","time":211},{"angle":337.5,"enable":false,"type":"hom","time":329},{"color":0,"enable":true,"type":"outline","angle":270,"time":208},{"start":298,"value":302,"ease":"linear","repeats":16,"repeatDelay":0.25,"var":"p.x","duration":0.5,"angle":287.04470825195,"type":"ease","time":256},{"start":178,"value":182,"repeats":8,"repeatDelay":0.5,"var":"p.y","angle":307.27255249023,"duration":0.25,"type":"ease","time":256},{"start":-1,"value":1,"ease":"linear","repeats":16,"repeatDelay":0.25,"var":"vfx.canvPos.r","angle":11.30993270874,"duration":0.25,"type":"ease","time":256},{"angle":78.366363525391,"var":"vfx.canvPos.r","type":"ease","value":0,"time":260},{"angle":273.24911499023,"enable":true,"type":"hom","time":272},{"start":1.1000000238419,"value":1,"ease":"linear","repeats":16,"repeatDelay":1,"var":"vfx.canvPos.sx","angle":33.592376708984,"duration":1,"type":"ease","time":256},{"start":1.1000000238419,"value":1,"ease":"linear","repeats":16,"repeatDelay":1,"var":"vfx.canvPos.sy","angle":53.983444213867,"duration":1,"type":"ease","time":256},{"angle":67.5,"voidColor":1,"type":"setBgColor","time":36},{"start":1.2000000476837,"value":1,"repeats":59,"repeatDelay":1,"var":"vfx.canvPos.sx","duration":1,"angle":280.18789672852,"type":"ease","time":340},{"start":1.1000000238419,"value":1,"repeats":59,"repeatDelay":1,"time":340,"duration":1,"angle":259.41836547852,"type":"ease","var":"vfx.canvPos.sy"},{"value":0,"var":"vfx.canvPos.r","type":"ease","angle":327.03912353516,"time":340},{"start":0,"value":0,"ease":"linear","time":404,"duration":32,"angle":121.53979492188,"type":"ease","var":"vfx.canvPos.r"},{"value":0,"time":404,"type":"ease","angle":336.5856628418,"var":"vfx.hwaves.strength"},{"start":450,"value":470,"ease":"linear","var":"p.x","duration":16,"angle":321.80130004883,"type":"ease","time":80},{"start":150,"value":130,"ease":"linear","var":"p.x","duration":16,"angle":130.53044128418,"type":"ease","time":72},{"angle":315,"voidColor":5,"type":"setBgColor","time":400},{"angle":22.5,"enable":true,"type":"hom","time":404},{"angle":315,"chance":0.69999998807907,"type":"noise","color":5,"time":404},{"angle":67.5,"voidColor":0,"type":"setBgColor","time":428},{"angle":247.5,"var":"vfx.canvPos.r","type":"ease","value":0.5,"time":328},{"angle":225,"enable":true,"type":"hom","time":436},{"angle":202.5,"chance":0.10000000149012,"type":"noise","color":2,"time":436},{"angle":225,"voidColor":5,"type":"setBgColor","time":328},{"value":1.2000000476837,"ease":"linear","time":428,"angle":270,"type":"ease","duration":16,"var":"vfx.canvPos.sx"},{"color":0,"time":436,"r":255,"duration":16,"b":255,"g":255,"type":"setColor","angle":180},{"color":4,"time":428,"r":0,"duration":8,"b":0,"g":0,"type":"setColor","angle":247.5},{"parentid":"@player","orbit":true,"time":272,"r":9999,"duration":63,"recolor":3,"order":4,"id":"11111","type":"deco","angle":112.5,"rotationinfluence":1},{"angle":135,"var":"vfx.canvPos.r","type":"ease","value":0,"time":272},{"r":0,"duration":8,"ease":"linear","id":"11111","type":"deco","angle":67.5,"time":288},{"sx":0,"sy":0,"time":188,"r":-1000,"angle":315,"type":"deco","duration":4,"id":"newStar"},{"r":100,"angle":292.5,"ease":"linear","id":"newStar","type":"deco","duration":2,"time":186},{"color":1,"order":1,"g":255,"r":255,"angle":146.25,"b":255,"time":256,"type":"setColor","duration":2},{"r":0,"color":2,"time":264,"b":0,"type":"setColor","angle":67.5,"g":0},{"color":0,"order":1,"g":255,"r":255,"angle":56.25,"b":255,"duration":4,"type":"setColor","time":264},{"angle":247.5,"voidColor":6,"type":"setBgColor","time":131},{"r":36,"color":0,"g":36,"b":36,"type":"setColor","angle":270,"time":224},{"time":272,"sprite":"spr_star_bg.png","drawLayer":"bg","x":0,"y":0,"recolor":2,"type":"deco","angle":22.5,"id":"starBG2"},{"angle":112.5,"hide":true,"type":"deco","id":"starBG2","time":296},{"duration":5,"ease":"outElastic","time":312,"angle":22.5,"type":"ease","value":200,"var":"p.y"},{"duration":10,"ease":"outElastic","time":314,"angle":337.5,"type":"ease","value":180,"var":"p.y"},{"duration":8,"ease":"outExpo","var":"p.y","angle":0,"type":"ease","value":180,"time":319},{"value":320,"ease":"outElastic","var":"p.x","angle":292.5,"type":"ease","duration":4,"time":320},{"angle":45,"ease":"outElastic","var":"p.x","value":280,"type":"ease","duration":4,"time":322},{"angle":67.5,"ease":"inOutSine","var":"p.x","duration":4,"type":"ease","value":300,"time":323},{"angle":202.5,"ease":"outElastic","time":316,"value":160,"type":"ease","duration":4,"var":"p.y"},{"r":0,"color":1,"time":436,"angle":337.5,"type":"setColor","b":0,"g":0},{"start":298,"value":302,"ease":"outSine","repeats":124,"repeatDelay":0.10000000149012,"var":"p.x","duration":0.10000000149012,"angle":202.5,"type":"ease","time":328}],"properties":{"speed":70,"startBeat":0,"offset":8,"formatversion":13},"metadata":{"songName":"Calamity Fortune","artistLink":"","description":"Good luck!","artist":"LeaF","charter":"Merfmo","bg":true,"difficulty":9,"bgData":{"cyanChannel":{"b":255,"r":255,"g":255},"image":"CF_Thumbnail.png","redChannel":{"b":67,"r":4,"g":3},"blueChannel":{"b":164,"r":15,"g":50},"greenChannel":{"b":74,"r":255,"g":198},"yellowChannel":{"b":98,"r":188,"g":57},"magentaChannel":{"b":255,"r":255,"g":255}}}}