[{"angle":90,"time":3,"type":"block"},{"angle":112.5,"time":3.5,"type":"block"},{"angle":135,"time":4,"type":"block"},{"angle":180,"time":5,"type":"block"},{"angle":315,"time":6,"type":"side"},{"angle":360,"time":6,"type":"side"},{"angle":90,"time":7,"type":"block"},{"angle":180,"time":8.5,"type":"block"},{"angle":135,"time":7.75,"type":"block"},{"angle":90,"time":10.5,"type":"block"},{"angle":112.5,"time":11,"type":"block"},{"angle":157.5,"time":12,"type":"block"},{"duration":0.5,"time":13,"angle2":225,"angle":225,"type":"hold"},{"duration":0.5,"time":14,"angle2":247.5,"angle":247.5,"type":"hold"},{"duration":1,"time":15,"angle2":270,"angle":270,"type":"hold"},{"angle":292.5,"time":17,"type":"block"},{"angle":315,"time":18,"type":"block"},{"angle":337.5,"time":19,"type":"block"},{"angle":0,"time":20,"type":"block"},{"duration":15,"time":21,"angle2":0,"angle":0,"type":"hold"},{"angle":360,"time":20.5,"type":"block"},{"angle":90,"time":22,"type":"block"},{"angle":270,"time":24,"type":"block"},{"angle":90,"time":27,"type":"block"},{"angle":90,"time":26,"type":"block"},{"angle":90,"time":26.5,"type":"block"},{"duration":0.5,"time":29,"angle2":90,"angle":90,"type":"hold"},{"duration":0.5,"time":31,"angle2":270,"angle":270,"type":"hold"},{"angle":90,"time":33.5,"type":"block"},{"angle":90,"time":34.5,"type":"block"},{"angle":360,"time":37,"type":"block"},{"angle":45,"time":38,"type":"block"},{"angle":90,"time":39,"type":"block"},{"angle":135,"time":40,"type":"block"},{"angle":180,"time":41,"type":"block"},{"angle":157.5,"time":40.5,"type":"block"},{"angle":112.5,"time":39.5,"type":"block"},{"angle":225,"time":42,"type":"block"},{"angle":270,"time":43,"type":"block"},{"angle":292.5,"time":43.5,"type":"block"},{"angle":315,"time":44,"type":"block"},{"duration":0.5,"time":45,"angle2":360,"angle":360,"type":"hold"},{"duration":0.5,"time":46,"angle2":45,"angle":45,"type":"hold"},{"duration":0.5,"time":47,"angle2":0,"angle":0,"type":"hold"},{"duration":0.5,"time":48,"angle2":315,"angle":315,"type":"hold"},{"angle":0,"time":49,"type":"block"},{"angle":22.5,"time":49.5,"type":"block"},{"angle":45,"time":50,"type":"block"},{"angle":67.5,"time":50.5,"type":"block"},{"angle":90,"time":51,"type":"block"},{"angle":0,"time":53,"type":"block"},{"angle":315,"time":54,"type":"block"},{"angle":270,"time":55,"type":"block"},{"angle":247.5,"time":55.5,"type":"block"},{"angle":225,"time":56,"type":"block"},{"angle":180,"time":57,"type":"block"},{"angle":135,"time":58,"type":"block"},{"angle":90,"time":59,"type":"block"},{"angle":67.5,"time":59.5,"type":"block"},{"angle":45,"time":60,"type":"block"},{"duration":0.5,"time":61,"angle2":360,"angle":360,"type":"hold"},{"duration":0.5,"time":62,"angle2":337.5,"angle":337.5,"type":"hold"},{"duration":0.5,"time":63,"angle2":360,"angle":360,"type":"hold"},{"duration":0.5,"time":64,"angle2":22.5,"angle":22.5,"type":"hold"},{"angle":0,"time":65,"type":"block"},{"angle":315,"time":66,"type":"block"},{"angle":270,"time":67,"type":"block"},{"angle":247.5,"time":67.5,"type":"block"},{"angle":225,"time":68,"type":"block"},{"angle":180,"time":69,"type":"block"},{"angle":270,"time":71,"type":"block"},{"angle":225,"time":71.75,"type":"block"},{"angle":180,"time":72.5,"type":"block"},{"angle":90,"time":74,"type":"block"},{"angle":67.5,"time":74.5,"type":"block"},{"angle":45,"time":75,"type":"block"},{"angle":22.5,"time":75.5,"type":"block"},{"angle":0,"time":76,"type":"block"},{"angle":112.5,"time":73.5,"type":"block"},{"angle":337.5,"time":76.5,"type":"block"},{"angle":292.5,"time":77.5,"type":"block"},{"angle":270,"time":78,"type":"block"},{"angle":247.5,"time":78.5,"type":"block"},{"angle":225,"time":79,"type":"block"},{"angle":202.5,"time":79.5,"type":"block"},{"angle":180,"time":80,"type":"block"},{"angle":157.5,"time":80.5,"type":"block"},{"angle":112.5,"time":81.5,"type":"block"},{"angle":90,"time":82,"type":"block"},{"angle":67.5,"time":82.5,"type":"block"},{"angle":45,"time":83,"type":"block"},{"angle":360,"time":84,"type":"block"},{"angle":360,"time":85,"type":"block"},{"angle":270,"time":87,"type":"block"},{"angle":315,"time":87.75,"type":"block"},{"angle":0,"time":88.5,"type":"block"},{"angle":67.5,"time":89.5,"type":"block"},{"angle":90,"time":90,"type":"block"},{"angle":112.5,"time":90.5,"type":"block"},{"angle":135,"time":91,"type":"block"},{"angle":157.5,"time":91.5,"type":"block"},{"angle":180,"time":92,"type":"block"},{"angle":202.5,"time":92.5,"type":"block"},{"angle":247.5,"time":93.5,"type":"block"},{"angle":270,"time":94,"type":"block"},{"angle":292.5,"time":94.5,"type":"block"},{"angle":315,"time":95,"type":"block"},{"angle":337.5,"time":95.5,"type":"block"},{"angle":0,"time":96,"type":"block"},{"duration":0.5,"time":97,"angle2":45,"angle":45,"type":"hold"},{"angle":22.5,"time":96.5,"type":"block"},{"angle":67.5,"time":98,"type":"block"},{"angle":90,"time":98.5,"type":"block"},{"duration":3,"time":101,"angle2":337.5,"angle":360,"type":"hold"},{"angle":315,"time":101.5,"type":"block"},{"angle":45,"time":102,"type":"block"},{"angle":303.75,"time":102.5,"type":"block"},{"angle":33.75,"time":103,"type":"block"},{"angle":292.5,"time":103.5,"type":"block"},{"angle":22.5,"time":104,"type":"block"},{"duration":3,"time":105,"angle2":382.5,"angle":360,"type":"hold"},{"angle":45,"time":105.5,"type":"block"},{"angle":315,"time":106,"type":"block"},{"angle":56.25,"time":106.5,"type":"block"},{"angle":326.25,"time":107,"type":"block"},{"angle":67.5,"time":107.5,"type":"block"},{"angle":337.5,"time":108,"type":"block"},{"duration":0.5,"time":109,"angle2":360,"angle":360,"type":"hold"},{"duration":0.5,"time":110,"angle2":22.5,"angle":22.5,"type":"hold"},{"duration":0.5,"time":111,"angle2":45,"angle":45,"type":"hold"},{"duration":0.5,"time":112,"angle2":67.5,"angle":67.5,"type":"hold"},{"angle":90,"time":113,"type":"block"},{"angle":112.5,"time":113.5,"type":"block"},{"angle":135,"time":114,"type":"block"},{"angle":157.5,"time":114.5,"type":"block"},{"angle":180,"time":115,"type":"block"},{"duration":1,"time":109,"angle2":0,"angle":22.5,"type":"hold"},{"duration":1,"time":110,"angle2":22.5,"angle":45,"type":"hold"},{"duration":1,"time":111,"angle2":45,"angle":67.5,"type":"hold"},{"duration":1,"time":112,"angle2":67.5,"angle":90,"type":"hold"},{"angle":225,"time":116,"type":"block"},{"duration":3,"time":117,"angle2":157.5,"angle":180,"type":"hold"},{"duration":3,"time":121,"angle2":202.5,"angle":180,"type":"hold"},{"angle":135,"time":117.5,"type":"block"},{"angle":225,"time":118,"type":"block"},{"angle":202.5,"time":120,"type":"block"},{"angle":112.5,"time":119.5,"type":"block"},{"angle":213.75,"time":119,"type":"block"},{"angle":123.75,"time":118.5,"type":"block"},{"angle":225,"time":121.5,"type":"block"},{"angle":135,"time":122,"type":"block"},{"angle":236.25,"time":122.5,"type":"block"},{"angle":146.25,"time":123,"type":"block"},{"angle":157.5,"time":124,"type":"block"},{"angle":247.5,"time":123.5,"type":"block"},{"duration":0.5,"time":125,"angle2":180,"angle":180,"type":"hold"},{"duration":0.5,"time":126,"angle2":202.5,"angle":202.5,"type":"hold"},{"duration":0.5,"time":127,"angle2":225,"angle":225,"type":"hold"},{"duration":0.5,"time":128,"angle2":247.5,"angle":247.5,"type":"hold"},{"duration":1,"time":125,"angle2":180,"angle":202.5,"type":"hold"},{"duration":1,"time":126,"angle2":202.5,"angle":225,"type":"hold"},{"duration":1,"time":127,"angle2":225,"angle":247.5,"type":"hold"},{"duration":1,"time":128,"angle2":247.5,"angle":270,"type":"hold"},{"angle":270,"time":129,"type":"block"},{"angle":292.5,"time":129.5,"type":"block"},{"angle":315,"time":130,"type":"block"},{"angle":337.5,"time":130.5,"type":"block"},{"angle":360,"time":131,"type":"block"},{"angle":45,"time":132,"type":"block"},{"angle":315,"time":134,"type":"block"},{"angle":315,"time":134.5,"type":"block"},{"angle":315,"time":135,"type":"block"},{"angle":315,"time":136,"type":"block"},{"angle":45,"time":138,"type":"block"},{"angle":45,"time":138.5,"type":"block"},{"angle":45,"time":139,"type":"block"},{"angle":45,"time":140,"type":"block"},{"angle":315,"time":142,"type":"block"},{"angle":337.5,"time":142.5,"type":"block"},{"angle":360,"time":143,"type":"block"},{"angle":22.5,"time":143.5,"type":"block"},{"angle":45,"time":144,"type":"block"},{"angle":67.5,"time":144.5,"type":"block"},{"angle":90,"time":145,"type":"block"},{"angle":112.5,"time":145.5,"type":"block"},{"angle":135,"time":146,"type":"block"},{"angle":157.5,"time":146.5,"type":"block"},{"angle":180,"time":147,"type":"block"},{"angle":225,"time":148,"type":"block"},{"angle":270,"time":149,"type":"block"},{"angle":22.5,"time":133.5,"type":"mine"},{"angle":22.5,"time":134,"type":"mine"},{"angle":45,"time":134,"type":"mine"},{"angle":45,"time":133.5,"type":"mine"},{"angle":315,"time":137.5,"type":"mine"},{"angle":315,"time":138,"type":"mine"},{"angle":337.5,"time":138,"type":"mine"},{"angle":337.5,"time":137.5,"type":"mine"},{"angle":45,"time":141.5,"type":"mine"},{"angle":45,"time":142,"type":"mine"},{"angle":22.5,"time":142,"type":"mine"},{"angle":22.5,"time":141.5,"type":"mine"},{"angle":0,"time":156,"type":"block"},{"angle":90,"time":150,"type":"block"},{"angle":270,"time":151,"type":"block"},{"angle":315,"time":151.5,"type":"block"},{"angle":45,"time":152.5,"type":"block"},{"angle":135,"time":153.5,"type":"block"},{"angle":180,"time":154,"type":"block"},{"angle":225,"time":154.5,"type":"block"},{"angle":270,"time":155,"type":"block"},{"angle":315,"time":155.5,"type":"block"},{"angle":90,"time":149,"type":"mine"},{"angle":270,"time":150,"type":"mine"},{"angle":90,"time":151,"type":"mine"},{"angle":135,"time":151.5,"type":"mine"},{"angle":225,"time":152.5,"type":"mine"},{"angle":315,"time":153.5,"type":"mine"},{"angle":360,"time":154,"type":"mine"},{"angle":45,"time":154.5,"type":"mine"},{"angle":90,"time":155,"type":"mine"},{"angle":135,"time":155.5,"type":"mine"},{"angle":180,"time":156,"type":"mine"},{"angle":90,"time":159,"type":"block"},{"angle":45,"time":159.75,"type":"block"},{"angle":360,"time":160.5,"type":"block"},{"angle":90,"time":157,"type":"block"},{"angle":360,"time":162.5,"type":"block"},{"angle":337.5,"time":163,"type":"block"},{"angle":315,"time":163.5,"type":"block"},{"duration":1,"time":164.5,"angle2":270,"angle":270,"type":"hold"},{"duration":0.5,"time":166,"angle2":247.5,"angle":247.5,"type":"hold"},{"duration":1,"time":167,"angle2":225,"angle":225,"type":"hold"},{"angle":180,"time":169,"type":"block"},{"angle":157.5,"time":169.5,"type":"block"},{"angle":135,"time":170,"type":"block"},{"angle":112.5,"time":170.5,"type":"block"},{"angle":90,"time":171,"type":"block"},{"angle":45,"time":172,"type":"block"},{"angle":360,"time":173,"type":"block"},{"angle":22.5,"time":172.5,"type":"block"},{"angle":67.5,"time":171.5,"type":"block"},{"angle":0,"time":175.5,"type":"block"},{"duration":0.5,"time":177,"angle2":315,"angle":315,"type":"hold"},{"duration":0.5,"time":178,"angle2":292.5,"angle":292.5,"type":"hold"},{"angle":270,"time":179,"type":"block"},{"angle":225,"time":180,"type":"block"},{"duration":0.5,"time":176,"angle2":337.5,"angle":337.5,"type":"hold"},{"angle":202.5,"time":180.5,"type":"block"},{"angle":180,"time":181,"type":"block"},{"angle":135,"time":182,"type":"block"},{"angle":90,"time":183,"type":"block"},{"angle":67.5,"time":183.5,"type":"block"},{"angle":45,"time":184,"type":"block"},{"duration":1.5,"time":184.5,"angle2":-45,"angle":22.5,"type":"hold"},{"angle":270,"time":187,"type":"block"},{"angle":292.5,"time":164,"type":"block"},{"angle":337.5,"time":189.25,"type":"block"},{"angle":315,"time":189.5,"type":"block"},{"angle":292.5,"time":189.75,"type":"block"},{"angle":270,"time":190,"type":"block"},{"angle":0,"time":191,"type":"block"},{"angle":22.5,"time":191.25,"type":"block"},{"angle":45,"time":191.5,"type":"block"},{"angle":67.5,"time":191.75,"type":"block"},{"angle":90,"time":192,"type":"block"},{"angle":292.5,"time":190.25,"type":"block"},{"angle":315,"time":190.5,"type":"block"},{"angle":337.5,"time":190.75,"type":"block"},{"angle":67.5,"time":192.25,"type":"block"},{"angle":45,"time":192.5,"type":"block"},{"angle":22.5,"time":192.75,"type":"block"},{"angle":0,"time":193,"type":"block"},{"angle":315,"time":193.5,"type":"block"},{"angle":360,"time":194,"type":"block"},{"angle":45,"time":194.5,"type":"block"},{"angle":0,"time":195,"type":"block"},{"angle":0,"time":196,"type":"block"},{"duration":1,"time":188,"angle2":360,"angle":360,"type":"hold"},{"duration":1,"time":197,"angle2":382.5,"angle":360,"type":"hold"},{"duration":1,"time":199,"angle2":67.5,"angle":45,"type":"hold"},{"duration":0.5,"time":201,"angle2":112.5,"angle":90,"type":"hold"},{"duration":0.5,"time":202,"angle2":157.5,"angle":135,"type":"hold"},{"angle":180,"time":203,"type":"block"},{"angle":202.5,"time":203.5,"type":"block"},{"angle":225,"time":204,"type":"block"},{"angle":270,"time":205,"type":"block"},{"angle":67.5,"time":207.5,"type":"block"},{"angle":45,"time":208,"type":"block"},{"angle":22.5,"time":208.5,"type":"block"},{"duration":0.5,"time":209,"angle2":0,"angle":0,"type":"hold"},{"duration":0.5,"time":210,"angle2":337.5,"angle":337.5,"type":"hold"},{"angle":315,"time":211,"type":"block"},{"angle":270,"time":212,"type":"block"},{"angle":225,"time":213,"type":"block"},{"angle":202.5,"time":213.5,"type":"block"},{"angle":180,"time":214,"type":"block"},{"angle":135,"time":215,"type":"block"},{"angle":112.5,"time":215.5,"type":"block"},{"angle":90,"time":216,"type":"block"},{"angle":45,"time":217,"type":"block"},{"angle":0,"time":218,"type":"block"},{"angle":315,"time":219,"type":"block"},{"angle":270,"time":220,"type":"block"},{"duration":0.5,"time":221,"angle2":225,"angle":225,"type":"hold"},{"angle":202.5,"time":222,"type":"block"},{"angle":180,"time":222.5,"type":"block"},{"duration":0.5,"time":223,"angle2":157.5,"angle":157.5,"type":"hold"},{"angle":135,"time":224,"type":"block"},{"duration":1,"time":224.5,"angle2":112.5,"angle":112.5,"type":"hold"},{"angle":90,"time":226,"type":"block"},{"angle":45,"time":227,"type":"block"},{"angle":360,"time":228,"type":"block"},{"duration":0.5,"time":229,"angle2":315,"angle":315,"type":"hold"},{"duration":0.5,"time":231,"angle2":360,"angle":360,"type":"hold"},{"duration":0.5,"time":233,"angle2":45,"angle":45,"type":"hold"},{"duration":0.5,"time":235,"angle2":360,"angle":360,"type":"hold"},{"duration":0.5,"time":237,"angle2":315,"angle":315,"type":"hold"},{"duration":0.5,"time":241,"angle2":315,"angle":315,"type":"hold"},{"angle":0,"time":244,"type":"block"},{"angle":0,"time":238,"type":"block"},{"duration":0.5,"time":239,"angle2":45,"angle":45,"type":"hold"},{"angle":0,"time":240,"type":"block"},{"duration":0.5,"time":242,"angle2":0,"angle":0,"type":"hold"},{"duration":0.5,"time":243,"angle2":45,"angle":45,"type":"hold"},{"duration":15,"time":245,"angle2":360,"angle":360,"type":"hold"},{"angle":33.75,"time":245.5,"type":"block"},{"angle":33.75,"time":246,"type":"block"},{"angle":33.75,"time":246.5,"type":"block"},{"angle":33.75,"time":247,"type":"block"},{"angle":33.75,"time":247.5,"type":"block"},{"angle":33.75,"time":248,"type":"block"},{"angle":33.75,"time":248.5,"type":"block"},{"angle":33.75,"time":249,"type":"block"},{"angle":22.5,"time":249.75,"type":"block"},{"angle":11.25,"time":250.5,"type":"block"},{"angle":0,"time":251,"type":"block"},{"angle":348.75,"time":251.75,"type":"block"},{"angle":337.5,"time":252.5,"type":"block"},{"angle":326.25,"time":254,"type":"block"},{"angle":326.25,"time":254.5,"type":"block"},{"angle":326.25,"time":255,"type":"block"},{"angle":326.25,"time":253.5,"type":"block"},{"angle":326.25,"time":255.5,"type":"block"},{"angle":326.25,"time":256,"type":"block"},{"angle":326.25,"time":256.5,"type":"block"},{"angle":326.25,"time":257,"type":"block"},{"angle":337.5,"time":257.75,"type":"block"},{"angle":348.75,"time":258.5,"type":"block"},{"angle":0,"time":259,"type":"block"},{"angle":11.25,"time":259.75,"type":"block"},{"angle":22.5,"time":260.5,"type":"block"},{"angle":33.75,"time":261.5,"type":"block"},{"angle":33.75,"time":261.75,"type":"block"},{"angle":33.75,"time":262,"type":"block"},{"angle":33.75,"time":262.5,"type":"block"},{"angle":33.75,"time":263,"type":"block"},{"angle":33.75,"time":263.5,"type":"block"},{"angle":33.75,"time":264,"type":"block"},{"angle":33.75,"time":264.5,"type":"block"},{"angle":33.75,"time":265,"type":"block"},{"angle":22.5,"time":265.75,"type":"block"},{"angle":11.25,"time":266.5,"type":"block"},{"angle":0,"time":267,"type":"block"},{"angle":348.75,"time":267.75,"type":"block"},{"angle":337.5,"time":268.5,"type":"block"},{"angle":326.25,"time":269.5,"type":"block"},{"angle":326.25,"time":270.5,"type":"block"},{"angle":326.25,"time":271,"type":"block"},{"angle":326.25,"time":271.5,"type":"block"},{"angle":326.25,"time":272,"type":"block"},{"angle":326.25,"time":272.5,"type":"block"},{"angle":326.25,"time":273,"type":"block"},{"angle":337.5,"time":274,"type":"block"},{"angle":348.75,"time":275,"type":"block"},{"duration":15,"time":261,"angle2":0,"angle":0,"type":"hold"},{"duration":3,"time":277,"angle2":337.5,"angle":360,"type":"hold"},{"angle":315,"time":277.5,"type":"block"},{"angle":45,"time":278,"type":"block"},{"angle":303.75,"time":278.5,"type":"block"},{"angle":33.75,"time":279,"type":"block"},{"angle":292.5,"time":279.5,"type":"block"},{"angle":22.5,"time":280,"type":"block"},{"duration":3,"time":281,"angle2":382.5,"angle":360,"type":"hold"},{"angle":45,"time":281.5,"type":"block"},{"angle":315,"time":282,"type":"block"},{"angle":56.25,"time":282.5,"type":"block"},{"angle":326.25,"time":283,"type":"block"},{"angle":67.5,"time":283.5,"type":"block"},{"angle":337.5,"time":284,"type":"block"},{"duration":0.5,"time":285,"angle2":360,"angle":360,"type":"hold"},{"duration":0.5,"time":286,"angle2":22.5,"angle":22.5,"type":"hold"},{"duration":0.5,"time":287,"angle2":45,"angle":45,"type":"hold"},{"duration":0.5,"time":288,"angle2":67.5,"angle":67.5,"type":"hold"},{"angle":90,"time":289,"type":"block"},{"angle":112.5,"time":289.5,"type":"block"},{"angle":135,"time":290,"type":"block"},{"angle":157.5,"time":290.5,"type":"block"},{"angle":180,"time":291,"type":"block"},{"duration":1,"time":285,"angle2":0,"angle":22.5,"type":"hold"},{"duration":1,"time":286,"angle2":22.5,"angle":45,"type":"hold"},{"duration":1,"time":287,"angle2":45,"angle":67.5,"type":"hold"},{"duration":1,"time":288,"angle2":67.5,"angle":90,"type":"hold"},{"angle":225,"time":292,"type":"block"},{"duration":3,"time":293,"angle2":157.5,"angle":180,"type":"hold"},{"duration":3,"time":297,"angle2":202.5,"angle":180,"type":"hold"},{"angle":135,"time":293.5,"type":"block"},{"angle":225,"time":294,"type":"block"},{"angle":202.5,"time":296,"type":"block"},{"angle":112.5,"time":295.5,"type":"block"},{"angle":213.75,"time":295,"type":"block"},{"angle":123.75,"time":294.5,"type":"block"},{"angle":225,"time":297.5,"type":"block"},{"angle":135,"time":298,"type":"block"},{"angle":236.25,"time":298.5,"type":"block"},{"angle":146.25,"time":299,"type":"block"},{"angle":157.5,"time":300,"type":"block"},{"angle":247.5,"time":299.5,"type":"block"},{"duration":0.5,"time":301,"angle2":180,"angle":180,"type":"hold"},{"duration":0.5,"time":302,"angle2":202.5,"angle":202.5,"type":"hold"},{"duration":0.5,"time":303,"angle2":225,"angle":225,"type":"hold"},{"duration":0.5,"time":304,"angle2":247.5,"angle":247.5,"type":"hold"},{"duration":1,"time":301,"angle2":180,"angle":202.5,"type":"hold"},{"duration":1,"time":302,"angle2":202.5,"angle":225,"type":"hold"},{"duration":1,"time":303,"angle2":225,"angle":247.5,"type":"hold"},{"duration":1,"time":304,"angle2":247.5,"angle":270,"type":"hold"},{"angle":270,"time":305,"type":"block"},{"angle":292.5,"time":305.5,"type":"block"},{"angle":315,"time":306,"type":"block"},{"angle":337.5,"time":306.5,"type":"block"},{"angle":360,"time":307,"type":"block"},{"angle":45,"time":308,"type":"block"},{"angle":315,"time":310,"type":"block"},{"angle":315,"time":310.5,"type":"block"},{"angle":315,"time":311,"type":"block"},{"angle":315,"time":312,"type":"block"},{"angle":45,"time":314,"type":"block"},{"angle":45,"time":314.5,"type":"block"},{"angle":45,"time":315,"type":"block"},{"angle":45,"time":316,"type":"block"},{"angle":315,"time":318,"type":"block"},{"angle":337.5,"time":318.5,"type":"block"},{"angle":360,"time":319,"type":"block"},{"angle":22.5,"time":319.5,"type":"block"},{"angle":45,"time":320,"type":"block"},{"angle":67.5,"time":320.5,"type":"block"},{"angle":90,"time":321,"type":"block"},{"angle":112.5,"time":321.5,"type":"block"},{"angle":135,"time":322,"type":"block"},{"angle":157.5,"time":322.5,"type":"block"},{"angle":180,"time":323,"type":"block"},{"angle":225,"time":324,"type":"block"},{"angle":22.5,"time":309.5,"type":"mine"},{"angle":22.5,"time":310,"type":"mine"},{"angle":45,"time":310,"type":"mine"},{"angle":45,"time":309.5,"type":"mine"},{"angle":315,"time":313.5,"type":"mine"},{"angle":315,"time":314,"type":"mine"},{"angle":337.5,"time":314,"type":"mine"},{"angle":337.5,"time":313.5,"type":"mine"},{"angle":45,"time":317.5,"type":"mine"},{"angle":45,"time":318,"type":"mine"},{"angle":22.5,"time":318,"type":"mine"},{"angle":22.5,"time":317.5,"type":"mine"},{"angle":495,"time":326,"type":"block"},{"angle":495,"time":326.5,"type":"block"},{"angle":495,"time":327,"type":"block"},{"angle":495,"time":328,"type":"block"},{"angle":225,"time":330,"type":"block"},{"angle":225,"time":330.5,"type":"block"},{"angle":225,"time":331,"type":"block"},{"angle":225,"time":332,"type":"block"},{"angle":495,"time":334,"type":"block"},{"angle":202.5,"time":325.5,"type":"mine"},{"angle":202.5,"time":326,"type":"mine"},{"angle":225,"time":326,"type":"mine"},{"angle":225,"time":325.5,"type":"mine"},{"angle":495,"time":329.5,"type":"mine"},{"angle":495,"time":330,"type":"mine"},{"angle":517.5,"time":330,"type":"mine"},{"angle":517.5,"time":329.5,"type":"mine"},{"angle":225,"time":333.5,"type":"mine"},{"angle":225,"time":334,"type":"mine"},{"angle":202.5,"time":334,"type":"mine"},{"angle":202.5,"time":333.5,"type":"mine"},{"angle":517.5,"time":334.5,"type":"block"},{"angle":540,"time":335,"type":"block"},{"angle":202.5,"time":335.5,"type":"block"},{"angle":225,"time":336,"type":"block"},{"angle":247.5,"time":336.5,"type":"block"},{"angle":270,"time":337,"type":"block"},{"angle":292.5,"time":337.5,"type":"block"},{"angle":315,"time":338,"type":"block"},{"angle":337.5,"time":338.5,"type":"block"},{"angle":360,"time":339,"type":"block"},{"angle":405,"time":340,"type":"block"},{"angle":450,"time":341,"type":"block"},{"angle":180,"time":348,"type":"block"},{"angle":270,"time":342,"type":"block"},{"angle":450,"time":343,"type":"block"},{"angle":495,"time":343.5,"type":"block"},{"angle":225,"time":344.5,"type":"block"},{"angle":315,"time":345.5,"type":"block"},{"angle":360,"time":346,"type":"block"},{"angle":405,"time":346.5,"type":"block"},{"angle":450,"time":347,"type":"block"},{"angle":495,"time":347.5,"type":"block"},{"angle":270,"time":341,"type":"mine"},{"angle":450,"time":342,"type":"mine"},{"angle":270,"time":343,"type":"mine"},{"angle":315,"time":343.5,"type":"mine"},{"angle":405,"time":344.5,"type":"mine"},{"angle":495,"time":345.5,"type":"mine"},{"angle":540,"time":346,"type":"mine"},{"angle":225,"time":346.5,"type":"mine"},{"angle":270,"time":347,"type":"mine"},{"angle":315,"time":347.5,"type":"mine"},{"angle":360,"time":348,"type":"mine"},{"angle":270,"time":351,"type":"block"},{"angle":225,"time":351.75,"type":"block"},{"angle":540,"time":352.5,"type":"block"},{"angle":270,"time":349,"type":"block"},{"angle":540,"time":354.5,"type":"block"},{"angle":517.5,"time":355,"type":"block"},{"angle":495,"time":355.5,"type":"block"},{"duration":1,"time":356.5,"angle2":450,"angle":450,"type":"hold"},{"duration":0.5,"time":358,"angle2":427.5,"angle":427.5,"type":"hold"},{"duration":1,"time":359,"angle2":405,"angle":405,"type":"hold"},{"angle":360,"time":361,"type":"block"},{"angle":337.5,"time":361.5,"type":"block"},{"angle":315,"time":362,"type":"block"},{"angle":292.5,"time":362.5,"type":"block"},{"angle":270,"time":363,"type":"block"},{"angle":225,"time":364,"type":"block"},{"angle":202.5,"time":364.5,"type":"block"},{"angle":247.5,"time":363.5,"type":"block"},{"angle":472.5,"time":356,"type":"block"},{"angle":22.5,"time":366.5,"type":"block"},{"angle":202.5,"time":368.5,"type":"block"},{"angle":22.5,"time":370.5,"type":"block"},{"angle":202.5,"time":372.5,"type":"block"},{"angle":180,"time":373,"type":"block"},{"angle":90,"time":383,"type":"block"},{"angle":45,"time":383.75,"type":"block"},{"angle":360,"time":384.5,"type":"block"},{"angle":90,"time":381,"type":"block"},{"angle":360,"time":386.5,"type":"block"},{"angle":337.5,"time":387,"type":"block"},{"angle":315,"time":387.5,"type":"block"},{"duration":1,"time":388.5,"angle2":270,"angle":270,"type":"hold"},{"duration":0.5,"time":390,"angle2":247.5,"angle":247.5,"type":"hold"},{"duration":1,"time":391,"angle2":225,"angle":225,"type":"hold"},{"angle":180,"time":393,"type":"block"},{"angle":157.5,"time":393.5,"type":"block"},{"angle":135,"time":394,"type":"block"},{"angle":112.5,"time":394.5,"type":"block"},{"angle":90,"time":395,"type":"block"},{"angle":45,"time":396,"type":"block"},{"angle":360,"time":397,"type":"block"},{"angle":22.5,"time":396.5,"type":"block"},{"angle":67.5,"time":395.5,"type":"block"},{"angle":0,"time":399.5,"type":"block"},{"duration":0.5,"time":401,"angle2":315,"angle":315,"type":"hold"},{"duration":0.5,"time":402,"angle2":292.5,"angle":292.5,"type":"hold"},{"angle":270,"time":403,"type":"block"},{"angle":225,"time":404,"type":"block"},{"duration":0.5,"time":400,"angle2":337.5,"angle":337.5,"type":"hold"},{"angle":202.5,"time":404.5,"type":"block"},{"angle":180,"time":405,"type":"block"},{"angle":135,"time":406,"type":"block"},{"angle":90,"time":407,"type":"block"},{"angle":67.5,"time":407.5,"type":"block"},{"angle":45,"time":408,"type":"block"},{"duration":1.5,"time":408.5,"angle2":-45,"angle":22.5,"type":"hold"},{"angle":270,"time":411,"type":"block"},{"angle":292.5,"time":388,"type":"block"},{"angle":337.5,"time":413.25,"type":"block"},{"angle":315,"time":413.5,"type":"block"},{"angle":292.5,"time":413.75,"type":"block"},{"angle":270,"time":414,"type":"block"},{"angle":0,"time":415,"type":"block"},{"angle":22.5,"time":415.25,"type":"block"},{"angle":45,"time":415.5,"type":"block"},{"angle":67.5,"time":415.75,"type":"block"},{"angle":90,"time":416,"type":"block"},{"angle":292.5,"time":414.25,"type":"block"},{"angle":315,"time":414.5,"type":"block"},{"angle":337.5,"time":414.75,"type":"block"},{"angle":67.5,"time":416.25,"type":"block"},{"angle":45,"time":416.5,"type":"block"},{"angle":22.5,"time":416.75,"type":"block"},{"angle":0,"time":417,"type":"block"},{"angle":315,"time":417.5,"type":"block"},{"angle":360,"time":418,"type":"block"},{"angle":45,"time":418.5,"type":"block"},{"angle":0,"time":419,"type":"block"},{"angle":0,"time":420,"type":"block"},{"duration":1,"time":412,"angle2":360,"angle":360,"type":"hold"},{"duration":1,"time":421,"angle2":382.5,"angle":360,"type":"hold"},{"duration":1,"time":423,"angle2":67.5,"angle":45,"type":"hold"},{"duration":0.5,"time":425,"angle2":112.5,"angle":90,"type":"hold"},{"duration":0.5,"time":426,"angle2":157.5,"angle":135,"type":"hold"},{"angle":180,"time":427,"type":"block"},{"angle":202.5,"time":427.5,"type":"block"},{"angle":225,"time":428,"type":"block"},{"angle":270,"time":429,"type":"block"},{"angle":67.5,"time":431.5,"type":"block"},{"angle":45,"time":432,"type":"block"},{"angle":22.5,"time":432.5,"type":"block"},{"duration":0.5,"time":433,"angle2":0,"angle":0,"type":"hold"},{"duration":0.5,"time":434,"angle2":337.5,"angle":337.5,"type":"hold"},{"angle":315,"time":435,"type":"block"},{"angle":270,"time":436,"type":"block"},{"angle":225,"time":437,"type":"block"},{"angle":202.5,"time":437.5,"type":"block"},{"angle":180,"time":438,"type":"block"},{"angle":135,"time":439,"type":"block"},{"angle":112.5,"time":439.5,"type":"block"},{"angle":90,"time":440,"type":"block"},{"angle":45,"time":441,"type":"block"},{"angle":0,"time":442,"type":"block"},{"angle":315,"time":443,"type":"block"},{"angle":270,"time":444,"type":"block"},{"duration":0.5,"time":445,"angle2":225,"angle":225,"type":"hold"},{"angle":202.5,"time":446,"type":"block"},{"angle":180,"time":446.5,"type":"block"},{"duration":0.5,"time":447,"angle2":157.5,"angle":157.5,"type":"hold"},{"angle":135,"time":448,"type":"block"},{"duration":1,"time":448.5,"angle2":112.5,"angle":112.5,"type":"hold"},{"angle":90,"time":450,"type":"block"},{"angle":45,"time":451,"type":"block"},{"angle":135,"time":374,"type":"block"},{"angle":90,"time":375,"type":"block"},{"angle":67.5,"time":375.5,"type":"block"},{"angle":45,"time":376,"type":"block"},{"angle":22.5,"time":376.5,"type":"block"},{"angle":360,"time":377,"type":"block"},{"angle":315,"time":378,"type":"block"},{"angle":337.5,"time":377.5,"type":"block"},{"angle":292.5,"time":378.25,"type":"block"},{"angle":270,"time":378.5,"type":"block"},{"angle":247.5,"time":378.75,"type":"block"},{"angle":225,"time":379,"type":"block"},{"angle":202.5,"time":379.25,"type":"block"},{"angle":180,"time":379.5,"type":"block"},{"angle":157.5,"time":379.75,"type":"block"},{"angle":135,"time":380,"type":"block"},{"angle":0,"time":452,"type":"block"},{"angle":315,"time":453,"type":"block"},{"angle":45,"time":455,"type":"block"},{"angle":22.5,"time":455.5,"type":"block"},{"angle":-22.5,"time":456.5,"type":"block"},{"angle":292.5,"time":457.5,"type":"block"},{"angle":270,"time":458,"type":"block"},{"angle":247.5,"time":458.5,"type":"block"},{"angle":225,"time":459,"type":"block"},{"angle":180,"time":460,"type":"block"},{"angle":135,"time":461,"type":"block"},{"angle":225,"time":463,"type":"block"},{"angle":202.5,"time":463.5,"type":"block"},{"angle":157.5,"time":464.5,"type":"block"},{"angle":472.5,"time":465.5,"type":"block"},{"angle":450,"time":466,"type":"block"},{"angle":427.5,"time":466.5,"type":"block"},{"angle":405,"time":467,"type":"block"},{"angle":360,"time":468,"type":"block"},{"angle":315,"time":469,"type":"block"},{"angle":45,"time":471,"type":"block"},{"angle":22.5,"time":471.5,"type":"block"},{"angle":-22.5,"time":472.5,"type":"block"},{"angle":292.5,"time":473.5,"type":"block"},{"angle":270,"time":474,"type":"block"},{"angle":247.5,"time":474.5,"type":"block"},{"angle":225,"time":475,"type":"block"},{"angle":180,"time":476,"type":"block"},{"angle":135,"time":477,"type":"block"},{"angle":90,"time":478,"type":"block"},{"angle":45,"time":479,"type":"block"},{"angle":22.5,"time":479.5,"type":"block"},{"angle":0,"time":480,"type":"block"},{"duration":1.5,"time":480.5,"angle2":-90,"angle":-22.5,"type":"hold"},{"angle":225,"time":483,"type":"block"},{"angle":180,"time":484,"type":"block"},{"angle":202.5,"time":459.5,"type":"block"},{"angle":22.5,"time":467.5,"type":"block"},{"angle":202.5,"time":475.5,"type":"block"},{"angle":270,"time":22,"type":"mine"},{"angle":90,"time":24,"type":"mine"},{"angle":270,"time":26,"type":"mine"},{"angle":270,"time":26.5,"type":"mine"},{"angle":270,"time":27,"type":"mine"},{"angle":270,"time":29,"type":"mine"},{"angle":270,"time":29.5,"type":"mine"},{"angle":90,"time":31,"type":"mine"},{"angle":90,"time":31.5,"type":"mine"},{"angle":270,"time":33.5,"type":"mine"},{"angle":270,"time":34.5,"type":"mine"},{"angle":337.5,"time":6,"type":"side"},{"angle":315,"time":9.5,"type":"side"},{"angle":360,"time":9.5,"type":"side"},{"angle":337.5,"time":9.5,"type":"side"},{"angle":360,"time":70,"type":"side"},{"angle":405,"time":70,"type":"side"},{"angle":382.5,"time":70,"type":"side"},{"angle":270,"time":158,"type":"side"},{"angle":315,"time":158,"type":"side"},{"angle":292.5,"time":158,"type":"side"},{"angle":495,"time":99,"type":"side"},{"angle":540,"time":99,"type":"side"},{"angle":517.5,"time":99,"type":"side"},{"angle":495,"time":100,"type":"side"},{"angle":540,"time":100,"type":"side"},{"angle":517.5,"time":100,"type":"side"},{"angle":540,"time":51.5,"type":"side"},{"angle":585,"time":51.5,"type":"side"},{"angle":562.5,"time":51.5,"type":"side"},{"angle":495,"time":52,"type":"side"},{"angle":540,"time":52,"type":"side"},{"angle":517.5,"time":52,"type":"side"},{"angle":495,"time":86,"type":"side"},{"angle":540,"time":86,"type":"side"},{"angle":517.5,"time":86,"type":"side"},{"angle":495,"time":133,"type":"side"},{"angle":540,"time":133,"type":"side"},{"angle":517.5,"time":133,"type":"side"},{"angle":540,"time":137,"type":"side"},{"angle":585,"time":137,"type":"side"},{"angle":562.5,"time":137,"type":"side"},{"angle":495,"time":141,"type":"side"},{"angle":540,"time":141,"type":"side"},{"angle":517.5,"time":141,"type":"side"},{"angle":540,"time":161.5,"type":"side"},{"angle":585,"time":161.5,"type":"side"},{"angle":562.5,"time":161.5,"type":"side"},{"angle":540,"time":174,"type":"side"},{"angle":585,"time":174,"type":"side"},{"angle":562.5,"time":174,"type":"side"},{"angle":540,"time":206,"type":"side"},{"angle":585,"time":206,"type":"side"},{"angle":562.5,"time":206,"type":"side"},{"angle":495,"time":309,"type":"side"},{"angle":540,"time":309,"type":"side"},{"angle":517.5,"time":309,"type":"side"},{"angle":540,"time":313,"type":"side"},{"angle":585,"time":313,"type":"side"},{"angle":562.5,"time":313,"type":"side"},{"angle":495,"time":317,"type":"side"},{"angle":540,"time":317,"type":"side"},{"angle":517.5,"time":317,"type":"side"},{"angle":315,"time":325,"type":"side"},{"angle":360,"time":325,"type":"side"},{"angle":337.5,"time":325,"type":"side"},{"angle":360,"time":329,"type":"side"},{"angle":405,"time":329,"type":"side"},{"angle":382.5,"time":329,"type":"side"},{"angle":315,"time":333,"type":"side"},{"angle":360,"time":333,"type":"side"},{"angle":337.5,"time":333,"type":"side"},{"angle":450,"time":350,"type":"side"},{"angle":495,"time":350,"type":"side"},{"angle":472.5,"time":350,"type":"side"},{"angle":360,"time":353.5,"type":"side"},{"angle":405,"time":353.5,"type":"side"},{"angle":382.5,"time":353.5,"type":"side"},{"angle":450,"time":365,"type":"side"},{"angle":495,"time":365,"type":"side"},{"angle":472.5,"time":365,"type":"side"},{"angle":270,"time":367,"type":"side"},{"angle":315,"time":367,"type":"side"},{"angle":292.5,"time":367,"type":"side"},{"angle":450,"time":369,"type":"side"},{"angle":495,"time":369,"type":"side"},{"angle":472.5,"time":369,"type":"side"},{"angle":270,"time":371,"type":"side"},{"angle":315,"time":371,"type":"side"},{"angle":292.5,"time":371,"type":"side"},{"angle":270,"time":382,"type":"side"},{"angle":315,"time":382,"type":"side"},{"angle":292.5,"time":382,"type":"side"},{"angle":540,"time":385.5,"type":"side"},{"angle":585,"time":385.5,"type":"side"},{"angle":562.5,"time":385.5,"type":"side"},{"time":398,"angle":540,"type":"side"},{"time":398,"angle":585,"type":"side"},{"time":398,"angle":562.5,"type":"side"},{"time":430,"angle":540,"type":"side"},{"time":430,"angle":585,"type":"side"},{"time":430,"angle":562.5,"type":"side"},{"time":454,"angle":540,"type":"side"},{"time":454,"angle":585,"type":"side"},{"time":454,"angle":562.5,"type":"side"},{"angle":360,"time":462,"type":"side"},{"angle":405,"time":462,"type":"side"},{"angle":382.5,"time":462,"type":"side"},{"time":470,"angle":540,"type":"side"},{"time":470,"angle":585,"type":"side"},{"time":470,"angle":562.5,"type":"side"},{"angle":45,"time":35,"angle2":45,"duration":0.5,"type":"hold"},{"angle":315,"time":35,"angle2":315,"duration":0.5,"type":"hold"}]