{"properties":{"startBeat":0,"formatversion":10,"offset":8,"speed":60},"metadata":{"difficulty":2,"charter":"thefinals","description":"I'm a vampire, come over here first.","bg":true,"artist":"Deco*27","bgData":{"redChannel":{"r":218,"g":0,"b":4},"image":"Thumbnail.png","blueChannel":{"r":0,"g":0,"b":255}},"artistLink":"","songName":"Vampire"},"events":[{"file":"Vampire.ogg","bpm":164,"time":2,"volume":1,"angle":0,"type":"play"},{"newWidth":105,"time":20,"duration":0,"angle":45,"type":"width"},{"newWidth":140,"time":20.5,"duration":0,"angle":45,"type":"width"},{"newWidth":175,"time":21,"duration":0,"angle":45,"type":"width"},{"newWidth":70,"time":36.25,"duration":0,"angle":0,"type":"width"},{"newWidth":110,"time":100.25,"angle":0,"duration":0,"type":"width"},{"newWidth":70,"time":108.5,"duration":0,"angle":0,"type":"width"},{"newWidth":110,"time":116,"duration":0,"angle":180,"type":"width"},{"newWidth":70,"time":124.5,"duration":0,"angle":180,"type":"width"},{"newWidth":110,"time":276.25,"duration":0,"angle":0,"type":"width"},{"newWidth":70,"time":284.5,"duration":0,"angle":0,"type":"width"},{"newWidth":110,"time":292,"duration":0,"angle":180,"type":"width"},{"newWidth":70,"time":300.5,"duration":0,"angle":180,"type":"width"},{"angle":180,"time":485,"type":"showResults"},{"sy":0.15000000596046,"hide":false,"id":"0","sx":0.15000000596046,"duration":0,"ox":-5,"sprite":"Wing.png","angle":22.5,"r":-10,"x":300,"time":6,"drawLayer":"bg","y":140,"type":"deco","order":0},{"duration":0,"hide":false,"id":"1","sx":-0.15000000596046,"sy":0.15000000596046,"ox":-5,"sprite":"Wing.png","y":140,"r":10,"x":300,"time":6,"drawLayer":"bg","angle":-67.5,"type":"deco","order":0},{"ease":"outQuint","id":"0","duration":1,"time":6,"recolor":-1,"y":100,"angle":67.5,"type":"deco","order":1},{"ease":"outQuint","id":"1","duration":1,"time":6,"y":100,"angle":-112.5,"recolor":-1,"type":"deco","order":1},{"g":0,"time":0,"r":0,"b":0,"color":1,"angle":90,"type":"setColor"},{"angle":270,"time":0,"r":180,"b":180,"type":"setColor","g":180,"color":3},{"g":255,"r":255,"time":0,"b":255,"type":"setColor","angle":0,"color":0},{"g":220,"time":0,"r":220,"b":220,"type":"setColor","angle":180,"color":2},{"angle":67.5,"time":6.25,"id":"0","recolor":3,"type":"deco"},{"angle":-112.5,"time":6.25,"id":"1","recolor":3,"type":"deco"},{"time":0,"type":"setBgColor","angle":315,"color":0},{"angle":67.5,"time":6.5,"id":"0","recolor":2,"type":"deco"},{"angle":-112.5,"time":6.5,"id":"1","recolor":2,"type":"deco"},{"time":6.75,"hide":true,"id":"0","angle":67.5,"recolor":0,"type":"deco"},{"time":6.75,"hide":true,"id":"1","angle":-112.5,"recolor":0,"type":"deco"},{"ease":"inSine","id":"0","duration":0.25,"ox":-5,"r":-10,"time":6.5,"angle":45,"type":"deco","order":1},{"ease":"inSine","id":"1","duration":0.25,"ox":-5,"r":10,"time":6.5,"angle":-90,"type":"deco","order":1},{"ease":"outQuint","id":"0","duration":0.5,"ox":-40,"r":20,"time":6,"angle":45,"type":"deco","order":1},{"ease":"outQuint","id":"1","duration":0.5,"ox":-40,"time":6,"r":-20,"angle":-90,"type":"deco","order":1},{"duration":0,"hide":false,"id":"0","sx":0.15000000596046,"sy":0.15000000596046,"sprite":"Wing.png","ox":-5,"y":140,"r":-10,"drawLayer":"bg","time":9.5,"x":300,"angle":22.5,"type":"deco","order":0},{"sy":0.15000000596046,"hide":false,"id":"1","sx":-0.15000000596046,"duration":0,"sprite":"Wing.png","ox":-5,"angle":-67.5,"r":10,"drawLayer":"bg","time":9.5,"x":300,"y":140,"type":"deco","order":0},{"ease":"outQuint","id":"0","duration":1,"time":9.5,"recolor":-1,"angle":67.5,"y":100,"type":"deco","order":1},{"ease":"outQuint","id":"1","duration":1,"time":9.5,"angle":-112.5,"recolor":-1,"y":100,"type":"deco","order":1},{"angle":67.5,"time":9.75,"id":"0","recolor":3,"type":"deco"},{"angle":-112.5,"time":9.75,"id":"1","recolor":3,"type":"deco"},{"angle":67.5,"time":10,"id":"0","recolor":2,"type":"deco"},{"angle":-112.5,"time":10,"id":"1","recolor":2,"type":"deco"},{"time":10.25,"hide":true,"id":"0","angle":67.5,"recolor":0,"type":"deco"},{"time":10.25,"hide":true,"id":"1","angle":-112.5,"recolor":0,"type":"deco"},{"ease":"inSine","id":"0","duration":0.25,"ox":-5,"r":-10,"time":10,"angle":45,"type":"deco","order":1},{"ease":"inSine","id":"1","duration":0.25,"ox":-5,"r":10,"time":10,"angle":-90,"type":"deco","order":1},{"ease":"outQuint","id":"0","duration":0.5,"ox":-40,"r":20,"time":9.5,"angle":45,"type":"deco","order":1},{"ease":"outQuint","id":"1","duration":0.5,"ox":-40,"time":9.5,"r":-20,"angle":-90,"type":"deco","order":1},{"sy":0.15000000596046,"hide":false,"id":"0","sx":0.15000000596046,"duration":0,"ox":-5,"sprite":"Wing.png","angle":67.5,"r":-10,"x":300,"time":70,"drawLayer":"bg","y":140,"type":"deco","order":0},{"duration":0,"hide":false,"id":"1","sx":-0.15000000596046,"sy":0.15000000596046,"ox":-5,"sprite":"Wing.png","y":140,"r":10,"x":300,"time":70,"drawLayer":"bg","angle":-22.5,"type":"deco","order":0},{"ease":"outQuint","id":"0","duration":1,"time":70,"angle":112.5,"y":100,"recolor":-1,"type":"deco","order":1},{"ease":"outQuint","id":"1","duration":1,"time":70,"recolor":-1,"y":100,"angle":-67.5,"type":"deco","order":1},{"angle":112.5,"time":70.25,"id":"0","recolor":3,"type":"deco"},{"angle":-67.5,"time":70.25,"id":"1","recolor":3,"type":"deco"},{"angle":112.5,"time":70.5,"id":"0","recolor":2,"type":"deco"},{"angle":-67.5,"time":70.5,"id":"1","recolor":2,"type":"deco"},{"time":70.75,"hide":true,"id":"0","angle":112.5,"recolor":0,"type":"deco"},{"time":70.75,"hide":true,"id":"1","angle":-67.5,"recolor":0,"type":"deco"},{"ease":"inSine","id":"0","duration":0.25,"ox":-5,"r":-10,"time":70.5,"angle":90,"type":"deco","order":1},{"ease":"inSine","id":"1","duration":0.25,"ox":-5,"r":10,"time":70.5,"angle":-45,"type":"deco","order":1},{"ease":"outQuint","id":"0","duration":0.5,"ox":-40,"r":20,"time":70,"angle":90,"type":"deco","order":1},{"ease":"outQuint","id":"1","duration":0.5,"ox":-40,"time":70,"r":-20,"angle":-45,"type":"deco","order":1},{"duration":0,"hide":false,"id":"0","sx":0.15000000596046,"sy":0.15000000596046,"sprite":"Wing.png","ox":-5,"y":180,"r":-10,"drawLayer":"bg","time":158,"x":260,"angle":-22.5,"type":"deco","order":0},{"sy":0.15000000596046,"hide":false,"id":"1","sx":-0.15000000596046,"duration":0,"sprite":"Wing.png","ox":-5,"angle":-112.5,"r":10,"drawLayer":"bg","time":158,"x":260,"y":180,"type":"deco","order":0},{"ease":"outQuint","id":"0","duration":1,"time":158,"recolor":-1,"x":220,"angle":22.5,"type":"deco","order":1},{"ease":"outQuint","id":"1","duration":1,"time":158,"angle":-157.5,"x":220,"recolor":-1,"type":"deco","order":1},{"angle":22.5,"time":158.25,"id":"0","recolor":3,"type":"deco"},{"angle":-157.5,"time":158.25,"id":"1","recolor":3,"type":"deco"},{"angle":22.5,"time":158.5,"id":"0","recolor":2,"type":"deco"},{"angle":-157.5,"time":158.5,"id":"1","recolor":2,"type":"deco"},{"time":158.75,"hide":true,"id":"0","angle":22.5,"recolor":0,"type":"deco"},{"time":158.75,"hide":true,"id":"1","angle":-157.5,"recolor":0,"type":"deco"},{"ease":"inSine","id":"0","duration":0.25,"ox":-5,"time":158.5,"r":-10,"angle":0,"type":"deco","order":1},{"ease":"inSine","id":"1","duration":0.25,"ox":-5,"r":10,"time":158.5,"angle":-135,"type":"deco","order":1},{"ease":"outQuint","id":"0","duration":0.5,"ox":-40,"r":20,"time":158,"angle":0,"type":"deco","order":1},{"ease":"outQuint","id":"1","duration":0.5,"ox":-40,"time":158,"r":-20,"angle":-135,"type":"deco","order":1},{"sy":0.15000000596046,"hide":false,"id":"0","sx":0.15000000596046,"duration":0,"ox":-5,"sprite":"Wing.png","angle":202.5,"r":-10,"x":300,"time":99,"drawLayer":"bg","y":220,"type":"deco","order":0},{"duration":0,"hide":false,"id":"1","sx":-0.15000000596046,"sy":0.15000000596046,"ox":-5,"sprite":"Wing.png","y":220,"r":10,"x":300,"time":99,"drawLayer":"bg","angle":112.5,"type":"deco","order":0},{"ease":"outQuint","id":"0","duration":1,"time":99,"y":260,"angle":247.5,"recolor":-1,"type":"deco","order":1},{"ease":"outQuint","id":"1","duration":1,"time":99,"recolor":-1,"y":260,"angle":67.5,"type":"deco","order":1},{"angle":247.5,"time":99.25,"id":"0","recolor":3,"type":"deco"},{"angle":67.5,"time":99.25,"id":"1","recolor":3,"type":"deco"},{"angle":247.5,"time":99.5,"id":"0","recolor":2,"type":"deco"},{"angle":67.5,"time":99.5,"id":"1","recolor":2,"type":"deco"},{"time":99.75,"hide":true,"id":"0","angle":247.5,"recolor":0,"type":"deco"},{"time":99.75,"hide":true,"id":"1","angle":67.5,"recolor":0,"type":"deco"},{"ease":"inSine","id":"0","duration":0.25,"ox":-5,"r":-10,"time":99.5,"angle":225,"type":"deco","order":1},{"ease":"inSine","id":"1","duration":0.25,"ox":-5,"time":99.5,"r":10,"angle":90,"type":"deco","order":1},{"ease":"outQuint","id":"0","duration":0.5,"ox":-40,"r":20,"time":99,"angle":225,"type":"deco","order":1},{"ease":"outQuint","id":"1","duration":0.5,"ox":-40,"time":99,"r":-20,"angle":90,"type":"deco","order":1},{"duration":0,"hide":false,"id":"0","sx":0.15000000596046,"sy":0.15000000596046,"sprite":"Wing.png","ox":-5,"y":220,"r":-10,"drawLayer":"bg","time":100,"x":300,"angle":202.5,"type":"deco","order":0},{"sy":0.15000000596046,"hide":false,"id":"1","sx":-0.15000000596046,"duration":0,"sprite":"Wing.png","ox":-5,"angle":112.5,"r":10,"drawLayer":"bg","time":100,"x":300,"y":220,"type":"deco","order":0},{"ease":"outQuint","id":"0","duration":1,"time":100,"angle":247.5,"recolor":-1,"y":260,"type":"deco","order":1},{"ease":"outQuint","id":"1","duration":1,"time":100,"y":260,"angle":67.5,"recolor":-1,"type":"deco","order":1},{"angle":247.5,"time":100.25,"id":"0","recolor":3,"type":"deco"},{"angle":67.5,"time":100.25,"id":"1","recolor":3,"type":"deco"},{"angle":247.5,"time":100.5,"id":"0","recolor":2,"type":"deco"},{"angle":67.5,"time":100.5,"id":"1","recolor":2,"type":"deco"},{"time":100.75,"hide":true,"id":"0","angle":247.5,"recolor":0,"type":"deco"},{"time":100.75,"hide":true,"id":"1","angle":67.5,"recolor":0,"type":"deco"},{"ease":"inSine","id":"0","duration":0.25,"ox":-5,"r":-10,"time":100.5,"angle":225,"type":"deco","order":1},{"ease":"inSine","id":"1","duration":0.25,"ox":-5,"time":100.5,"r":10,"angle":90,"type":"deco","order":1},{"ease":"outQuint","id":"0","duration":0.5,"ox":-40,"r":20,"time":100,"angle":225,"type":"deco","order":1},{"ease":"outQuint","id":"1","duration":0.5,"ox":-40,"time":100,"r":-20,"angle":90,"type":"deco","order":1},{"duration":0,"hide":false,"id":"2","sx":0.15000000596046,"sy":0.15000000596046,"sprite":"Wing.png","ox":-5,"y":220,"r":-10,"drawLayer":"bg","time":51.5,"x":300,"angle":247.5,"type":"deco","order":0},{"sy":0.15000000596046,"hide":false,"id":"3","sx":-0.15000000596046,"duration":0,"sprite":"Wing.png","ox":-5,"angle":157.5,"r":10,"drawLayer":"bg","time":51.5,"x":300,"y":220,"type":"deco","order":0},{"ease":"outQuint","id":"2","duration":1,"time":51.5,"recolor":-1,"angle":292.5,"y":260,"type":"deco","order":1},{"ease":"outQuint","id":"3","duration":1,"time":51.5,"angle":112.5,"y":260,"recolor":-1,"type":"deco","order":1},{"angle":292.5,"time":51.75,"id":"2","recolor":3,"type":"deco"},{"angle":112.5,"time":51.75,"id":"3","recolor":3,"type":"deco"},{"angle":292.5,"time":52,"id":"2","recolor":2,"type":"deco"},{"angle":112.5,"time":52,"id":"3","recolor":2,"type":"deco"},{"time":52.25,"hide":true,"id":"2","angle":292.5,"recolor":0,"type":"deco"},{"time":52.25,"hide":true,"id":"3","angle":112.5,"recolor":0,"type":"deco"},{"ease":"inSine","id":"2","duration":0.25,"ox":-5,"time":52,"r":-10,"angle":270,"type":"deco","order":1},{"ease":"inSine","id":"3","duration":0.25,"ox":-5,"r":10,"time":52,"angle":135,"type":"deco","order":1},{"ease":"outQuint","id":"2","duration":0.5,"ox":-40,"time":51.5,"r":20,"angle":270,"type":"deco","order":1},{"ease":"outQuint","id":"3","duration":0.5,"ox":-40,"time":51.5,"r":-20,"angle":135,"type":"deco","order":1},{"duration":0,"hide":false,"id":"0","sx":0.15000000596046,"sy":0.15000000596046,"sprite":"Wing.png","ox":-5,"y":220,"r":-10,"drawLayer":"bg","time":52,"x":300,"angle":202.5,"type":"deco","order":0},{"sy":0.15000000596046,"hide":false,"id":"1","sx":-0.15000000596046,"duration":0,"sprite":"Wing.png","ox":-5,"angle":112.5,"r":10,"drawLayer":"bg","time":52,"x":300,"y":220,"type":"deco","order":0},{"ease":"outQuint","id":"0","duration":1,"time":52,"angle":247.5,"recolor":-1,"y":260,"type":"deco","order":1},{"ease":"outQuint","id":"1","duration":1,"time":52,"y":260,"angle":67.5,"recolor":-1,"type":"deco","order":1},{"angle":247.5,"time":52.25,"id":"0","recolor":3,"type":"deco"},{"angle":67.5,"time":52.25,"id":"1","recolor":3,"type":"deco"},{"angle":247.5,"time":52.5,"id":"0","recolor":2,"type":"deco"},{"angle":67.5,"time":52.5,"id":"1","recolor":2,"type":"deco"},{"time":52.75,"hide":true,"id":"0","angle":247.5,"recolor":0,"type":"deco"},{"time":52.75,"hide":true,"id":"1","angle":67.5,"recolor":0,"type":"deco"},{"ease":"inSine","id":"0","duration":0.25,"ox":-5,"r":-10,"time":52.5,"angle":225,"type":"deco","order":1},{"ease":"inSine","id":"1","duration":0.25,"ox":-5,"time":52.5,"r":10,"angle":90,"type":"deco","order":1},{"ease":"outQuint","id":"0","duration":0.5,"ox":-40,"r":20,"time":52,"angle":225,"type":"deco","order":1},{"ease":"outQuint","id":"1","duration":0.5,"ox":-40,"time":52,"r":-20,"angle":90,"type":"deco","order":1},{"duration":0,"hide":false,"id":"0","sx":0.15000000596046,"sy":0.15000000596046,"sprite":"Wing.png","ox":-5,"y":220,"r":-10,"drawLayer":"bg","time":86,"x":300,"angle":202.5,"type":"deco","order":0},{"sy":0.15000000596046,"hide":false,"id":"1","sx":-0.15000000596046,"duration":0,"sprite":"Wing.png","ox":-5,"angle":112.5,"r":10,"drawLayer":"bg","time":86,"x":300,"y":220,"type":"deco","order":0},{"ease":"outQuint","id":"0","duration":1,"time":86,"angle":247.5,"recolor":-1,"y":260,"type":"deco","order":1},{"ease":"outQuint","id":"1","duration":1,"time":86,"y":260,"angle":67.5,"recolor":-1,"type":"deco","order":1},{"angle":247.5,"time":86.25,"id":"0","recolor":3,"type":"deco"},{"angle":67.5,"time":86.25,"id":"1","recolor":3,"type":"deco"},{"angle":247.5,"time":86.5,"id":"0","recolor":2,"type":"deco"},{"angle":67.5,"time":86.5,"id":"1","recolor":2,"type":"deco"},{"time":86.75,"hide":true,"id":"0","angle":247.5,"recolor":0,"type":"deco"},{"time":86.75,"hide":true,"id":"1","angle":67.5,"recolor":0,"type":"deco"},{"ease":"inSine","id":"0","duration":0.25,"ox":-5,"r":-10,"time":86.5,"angle":225,"type":"deco","order":1},{"ease":"inSine","id":"1","duration":0.25,"ox":-5,"time":86.5,"r":10,"angle":90,"type":"deco","order":1},{"ease":"outQuint","id":"0","duration":0.5,"ox":-40,"r":20,"time":86,"angle":225,"type":"deco","order":1},{"ease":"outQuint","id":"1","duration":0.5,"ox":-40,"time":86,"r":-20,"angle":90,"type":"deco","order":1},{"duration":0,"hide":false,"id":"0","sx":0.15000000596046,"sy":0.15000000596046,"sprite":"Wing.png","ox":-5,"y":220,"r":-10,"drawLayer":"bg","time":133,"x":300,"angle":202.5,"type":"deco","order":0},{"sy":0.15000000596046,"hide":false,"id":"1","sx":-0.15000000596046,"duration":0,"sprite":"Wing.png","ox":-5,"angle":112.5,"r":10,"drawLayer":"bg","time":133,"x":300,"y":220,"type":"deco","order":0},{"ease":"outQuint","id":"0","duration":1,"time":133,"angle":247.5,"recolor":-1,"y":260,"type":"deco","order":1},{"ease":"outQuint","id":"1","duration":1,"time":133,"y":260,"angle":67.5,"recolor":-1,"type":"deco","order":1},{"angle":247.5,"time":133.25,"id":"0","recolor":3,"type":"deco"},{"angle":67.5,"time":133.25,"id":"1","recolor":3,"type":"deco"},{"angle":247.5,"time":133.5,"id":"0","recolor":2,"type":"deco"},{"angle":67.5,"time":133.5,"id":"1","recolor":2,"type":"deco"},{"time":133.75,"hide":true,"id":"0","angle":247.5,"recolor":0,"type":"deco"},{"time":133.75,"hide":true,"id":"1","angle":67.5,"recolor":0,"type":"deco"},{"ease":"inSine","id":"0","duration":0.25,"ox":-5,"r":-10,"time":133.5,"angle":225,"type":"deco","order":1},{"ease":"inSine","id":"1","duration":0.25,"ox":-5,"time":133.5,"r":10,"angle":90,"type":"deco","order":1},{"ease":"outQuint","id":"0","duration":0.5,"ox":-40,"r":20,"time":133,"angle":225,"type":"deco","order":1},{"ease":"outQuint","id":"1","duration":0.5,"ox":-40,"time":133,"r":-20,"angle":90,"type":"deco","order":1},{"duration":0,"hide":false,"id":"0","sx":0.15000000596046,"sy":0.15000000596046,"sprite":"Wing.png","ox":-5,"y":220,"r":-10,"drawLayer":"bg","time":137,"x":300,"angle":247.5,"type":"deco","order":0},{"sy":0.15000000596046,"hide":false,"id":"1","sx":-0.15000000596046,"duration":0,"sprite":"Wing.png","ox":-5,"angle":157.5,"r":10,"drawLayer":"bg","time":137,"x":300,"y":220,"type":"deco","order":0},{"ease":"outQuint","id":"0","duration":1,"time":137,"angle":292.5,"recolor":-1,"y":260,"type":"deco","order":1},{"ease":"outQuint","id":"1","duration":1,"time":137,"y":260,"angle":112.5,"recolor":-1,"type":"deco","order":1},{"angle":292.5,"time":137.25,"id":"0","recolor":3,"type":"deco"},{"angle":112.5,"time":137.25,"id":"1","recolor":3,"type":"deco"},{"angle":292.5,"time":137.5,"id":"0","recolor":2,"type":"deco"},{"angle":112.5,"time":137.5,"id":"1","recolor":2,"type":"deco"},{"time":137.75,"hide":true,"id":"0","angle":292.5,"recolor":0,"type":"deco"},{"time":137.75,"hide":true,"id":"1","angle":112.5,"recolor":0,"type":"deco"},{"ease":"inSine","id":"0","duration":0.25,"ox":-5,"r":-10,"time":137.5,"angle":270,"type":"deco","order":1},{"ease":"inSine","id":"1","duration":0.25,"ox":-5,"time":137.5,"r":10,"angle":135,"type":"deco","order":1},{"ease":"outQuint","id":"0","duration":0.5,"ox":-40,"r":20,"time":137,"angle":270,"type":"deco","order":1},{"ease":"outQuint","id":"1","duration":0.5,"ox":-40,"time":137,"r":-20,"angle":135,"type":"deco","order":1},{"duration":0,"hide":false,"id":"0","sx":0.15000000596046,"sy":0.15000000596046,"sprite":"Wing.png","ox":-5,"y":220,"r":-10,"drawLayer":"bg","time":141,"x":300,"angle":202.5,"type":"deco","order":0},{"sy":0.15000000596046,"hide":false,"id":"1","sx":-0.15000000596046,"duration":0,"sprite":"Wing.png","ox":-5,"angle":112.5,"r":10,"drawLayer":"bg","time":141,"x":300,"y":220,"type":"deco","order":0},{"ease":"outQuint","id":"0","duration":1,"time":141,"angle":247.5,"recolor":-1,"y":260,"type":"deco","order":1},{"ease":"outQuint","id":"1","duration":1,"time":141,"y":260,"angle":67.5,"recolor":-1,"type":"deco","order":1},{"angle":247.5,"time":141.25,"id":"0","recolor":3,"type":"deco"},{"angle":67.5,"time":141.25,"id":"1","recolor":3,"type":"deco"},{"angle":247.5,"time":141.5,"id":"0","recolor":2,"type":"deco"},{"angle":67.5,"time":141.5,"id":"1","recolor":2,"type":"deco"},{"time":141.75,"hide":true,"id":"0","angle":247.5,"recolor":0,"type":"deco"},{"time":141.75,"hide":true,"id":"1","angle":67.5,"recolor":0,"type":"deco"},{"ease":"inSine","id":"0","duration":0.25,"ox":-5,"r":-10,"time":141.5,"angle":225,"type":"deco","order":1},{"ease":"inSine","id":"1","duration":0.25,"ox":-5,"time":141.5,"r":10,"angle":90,"type":"deco","order":1},{"ease":"outQuint","id":"0","duration":0.5,"ox":-40,"r":20,"time":141,"angle":225,"type":"deco","order":1},{"ease":"outQuint","id":"1","duration":0.5,"ox":-40,"time":141,"r":-20,"angle":90,"type":"deco","order":1},{"duration":0,"hide":false,"id":"0","sx":0.15000000596046,"sy":0.15000000596046,"sprite":"Wing.png","ox":-5,"y":220,"r":-10,"drawLayer":"bg","time":161.5,"x":300,"angle":247.5,"type":"deco","order":0},{"sy":0.15000000596046,"hide":false,"id":"1","sx":-0.15000000596046,"duration":0,"sprite":"Wing.png","ox":-5,"angle":157.5,"r":10,"drawLayer":"bg","time":161.5,"x":300,"y":220,"type":"deco","order":0},{"ease":"outQuint","id":"0","duration":1,"time":161.5,"angle":292.5,"recolor":-1,"y":260,"type":"deco","order":1},{"ease":"outQuint","id":"1","duration":1,"time":161.5,"y":260,"angle":112.5,"recolor":-1,"type":"deco","order":1},{"angle":292.5,"time":161.75,"id":"0","recolor":3,"type":"deco"},{"angle":112.5,"time":161.75,"id":"1","recolor":3,"type":"deco"},{"angle":292.5,"time":162,"id":"0","recolor":2,"type":"deco"},{"angle":112.5,"time":162,"id":"1","recolor":2,"type":"deco"},{"time":162.25,"hide":true,"id":"0","angle":292.5,"recolor":0,"type":"deco"},{"time":162.25,"hide":true,"id":"1","angle":112.5,"recolor":0,"type":"deco"},{"ease":"inSine","id":"0","duration":0.25,"ox":-5,"r":-10,"time":162,"angle":270,"type":"deco","order":1},{"ease":"inSine","id":"1","duration":0.25,"ox":-5,"time":162,"r":10,"angle":135,"type":"deco","order":1},{"ease":"outQuint","id":"0","duration":0.5,"ox":-40,"r":20,"time":161.5,"angle":270,"type":"deco","order":1},{"ease":"outQuint","id":"1","duration":0.5,"ox":-40,"time":161.5,"r":-20,"angle":135,"type":"deco","order":1},{"duration":0,"hide":false,"id":"0","sx":0.15000000596046,"sy":0.15000000596046,"sprite":"Wing.png","ox":-5,"y":220,"r":-10,"drawLayer":"bg","time":174,"x":300,"angle":247.5,"type":"deco","order":0},{"sy":0.15000000596046,"hide":false,"id":"1","sx":-0.15000000596046,"duration":0,"sprite":"Wing.png","ox":-5,"angle":157.5,"r":10,"drawLayer":"bg","time":174,"x":300,"y":220,"type":"deco","order":0},{"ease":"outQuint","id":"0","duration":1,"time":174,"angle":292.5,"recolor":-1,"y":260,"type":"deco","order":1},{"ease":"outQuint","id":"1","duration":1,"time":174,"y":260,"angle":112.5,"recolor":-1,"type":"deco","order":1},{"angle":292.5,"time":174.25,"id":"0","recolor":3,"type":"deco"},{"angle":112.5,"time":174.25,"id":"1","recolor":3,"type":"deco"},{"angle":292.5,"time":174.5,"id":"0","recolor":2,"type":"deco"},{"angle":112.5,"time":174.5,"id":"1","recolor":2,"type":"deco"},{"time":174.75,"hide":true,"id":"0","angle":292.5,"recolor":0,"type":"deco"},{"time":174.75,"hide":true,"id":"1","angle":112.5,"recolor":0,"type":"deco"},{"ease":"inSine","id":"0","duration":0.25,"ox":-5,"r":-10,"time":174.5,"angle":270,"type":"deco","order":1},{"ease":"inSine","id":"1","duration":0.25,"ox":-5,"time":174.5,"r":10,"angle":135,"type":"deco","order":1},{"ease":"outQuint","id":"0","duration":0.5,"ox":-40,"r":20,"time":174,"angle":270,"type":"deco","order":1},{"ease":"outQuint","id":"1","duration":0.5,"ox":-40,"time":174,"r":-20,"angle":135,"type":"deco","order":1},{"duration":0,"hide":false,"id":"0","sx":0.15000000596046,"sy":0.15000000596046,"sprite":"Wing.png","ox":-5,"y":220,"r":-10,"drawLayer":"bg","time":206,"x":300,"angle":247.5,"type":"deco","order":0},{"sy":0.15000000596046,"hide":false,"id":"1","sx":-0.15000000596046,"duration":0,"sprite":"Wing.png","ox":-5,"angle":157.5,"r":10,"drawLayer":"bg","time":206,"x":300,"y":220,"type":"deco","order":0},{"ease":"outQuint","id":"0","duration":1,"time":206,"angle":292.5,"recolor":-1,"y":260,"type":"deco","order":1},{"ease":"outQuint","id":"1","duration":1,"time":206,"y":260,"angle":112.5,"recolor":-1,"type":"deco","order":1},{"angle":292.5,"time":206.25,"id":"0","recolor":3,"type":"deco"},{"angle":112.5,"time":206.25,"id":"1","recolor":3,"type":"deco"},{"angle":292.5,"time":206.5,"id":"0","recolor":2,"type":"deco"},{"angle":112.5,"time":206.5,"id":"1","recolor":2,"type":"deco"},{"time":206.75,"hide":true,"id":"0","angle":292.5,"recolor":0,"type":"deco"},{"time":206.75,"hide":true,"id":"1","angle":112.5,"recolor":0,"type":"deco"},{"ease":"inSine","id":"0","duration":0.25,"ox":-5,"r":-10,"time":206.5,"angle":270,"type":"deco","order":1},{"ease":"inSine","id":"1","duration":0.25,"ox":-5,"time":206.5,"r":10,"angle":135,"type":"deco","order":1},{"ease":"outQuint","id":"0","duration":0.5,"ox":-40,"r":20,"time":206,"angle":270,"type":"deco","order":1},{"ease":"outQuint","id":"1","duration":0.5,"ox":-40,"time":206,"r":-20,"angle":135,"type":"deco","order":1},{"duration":0,"hide":false,"id":"0","sx":0.15000000596046,"sy":0.15000000596046,"sprite":"Wing.png","ox":-5,"y":220,"r":-10,"drawLayer":"bg","time":309,"x":300,"angle":202.5,"type":"deco","order":0},{"sy":0.15000000596046,"hide":false,"id":"1","sx":-0.15000000596046,"duration":0,"sprite":"Wing.png","ox":-5,"angle":112.5,"r":10,"drawLayer":"bg","time":309,"x":300,"y":220,"type":"deco","order":0},{"ease":"outQuint","id":"0","duration":1,"time":309,"angle":247.5,"recolor":-1,"y":260,"type":"deco","order":1},{"ease":"outQuint","id":"1","duration":1,"time":309,"y":260,"angle":67.5,"recolor":-1,"type":"deco","order":1},{"angle":247.5,"time":309.25,"id":"0","recolor":3,"type":"deco"},{"angle":67.5,"time":309.25,"id":"1","recolor":3,"type":"deco"},{"angle":247.5,"time":309.5,"id":"0","recolor":2,"type":"deco"},{"angle":67.5,"time":309.5,"id":"1","recolor":2,"type":"deco"},{"time":309.75,"hide":true,"id":"0","angle":247.5,"recolor":0,"type":"deco"},{"time":309.75,"hide":true,"id":"1","angle":67.5,"recolor":0,"type":"deco"},{"ease":"inSine","id":"0","duration":0.25,"ox":-5,"r":-10,"time":309.5,"angle":225,"type":"deco","order":1},{"ease":"inSine","id":"1","duration":0.25,"ox":-5,"time":309.5,"r":10,"angle":90,"type":"deco","order":1},{"ease":"outQuint","id":"0","duration":0.5,"ox":-40,"r":20,"time":309,"angle":225,"type":"deco","order":1},{"ease":"outQuint","id":"1","duration":0.5,"ox":-40,"time":309,"r":-20,"angle":90,"type":"deco","order":1},{"duration":0,"hide":false,"id":"0","sx":0.15000000596046,"sy":0.15000000596046,"sprite":"Wing.png","ox":-5,"y":220,"r":-10,"drawLayer":"bg","time":313,"x":300,"angle":247.5,"type":"deco","order":0},{"sy":0.15000000596046,"hide":false,"id":"1","sx":-0.15000000596046,"duration":0,"sprite":"Wing.png","ox":-5,"angle":157.5,"r":10,"drawLayer":"bg","time":313,"x":300,"y":220,"type":"deco","order":0},{"ease":"outQuint","id":"0","duration":1,"time":313,"angle":292.5,"recolor":-1,"y":260,"type":"deco","order":1},{"ease":"outQuint","id":"1","duration":1,"time":313,"y":260,"angle":112.5,"recolor":-1,"type":"deco","order":1},{"angle":292.5,"time":313.25,"id":"0","recolor":3,"type":"deco"},{"angle":112.5,"time":313.25,"id":"1","recolor":3,"type":"deco"},{"angle":292.5,"time":313.5,"id":"0","recolor":2,"type":"deco"},{"angle":112.5,"time":313.5,"id":"1","recolor":2,"type":"deco"},{"time":313.75,"hide":true,"id":"0","angle":292.5,"recolor":0,"type":"deco"},{"time":313.75,"hide":true,"id":"1","angle":112.5,"recolor":0,"type":"deco"},{"ease":"inSine","id":"0","duration":0.25,"ox":-5,"r":-10,"time":313.5,"angle":270,"type":"deco","order":1},{"ease":"inSine","id":"1","duration":0.25,"ox":-5,"time":313.5,"r":10,"angle":135,"type":"deco","order":1},{"ease":"outQuint","id":"0","duration":0.5,"ox":-40,"r":20,"time":313,"angle":270,"type":"deco","order":1},{"ease":"outQuint","id":"1","duration":0.5,"ox":-40,"time":313,"r":-20,"angle":135,"type":"deco","order":1},{"duration":0,"hide":false,"id":"0","sx":0.15000000596046,"sy":0.15000000596046,"sprite":"Wing.png","ox":-5,"y":220,"r":-10,"drawLayer":"bg","time":317,"x":300,"angle":202.5,"type":"deco","order":0},{"sy":0.15000000596046,"hide":false,"id":"1","sx":-0.15000000596046,"duration":0,"sprite":"Wing.png","ox":-5,"angle":112.5,"r":10,"drawLayer":"bg","time":317,"x":300,"y":220,"type":"deco","order":0},{"ease":"outQuint","id":"0","duration":1,"time":317,"angle":247.5,"recolor":-1,"y":260,"type":"deco","order":1},{"ease":"outQuint","id":"1","duration":1,"time":317,"y":260,"angle":67.5,"recolor":-1,"type":"deco","order":1},{"angle":247.5,"time":317.25,"id":"0","recolor":3,"type":"deco"},{"angle":67.5,"time":317.25,"id":"1","recolor":3,"type":"deco"},{"angle":247.5,"time":317.5,"id":"0","recolor":2,"type":"deco"},{"angle":67.5,"time":317.5,"id":"1","recolor":2,"type":"deco"},{"time":317.75,"hide":true,"id":"0","angle":247.5,"recolor":0,"type":"deco"},{"time":317.75,"hide":true,"id":"1","angle":67.5,"recolor":0,"type":"deco"},{"ease":"inSine","id":"0","duration":0.25,"ox":-5,"r":-10,"time":317.5,"angle":225,"type":"deco","order":1},{"ease":"inSine","id":"1","duration":0.25,"ox":-5,"time":317.5,"r":10,"angle":90,"type":"deco","order":1},{"ease":"outQuint","id":"0","duration":0.5,"ox":-40,"r":20,"time":317,"angle":225,"type":"deco","order":1},{"ease":"outQuint","id":"1","duration":0.5,"ox":-40,"time":317,"r":-20,"angle":90,"type":"deco","order":1},{"duration":0,"hide":false,"id":"0","sx":0.15000000596046,"sy":0.15000000596046,"sprite":"Wing.png","ox":-5,"y":140,"r":-10,"drawLayer":"bg","time":325,"x":300,"angle":22.5,"type":"deco","order":0},{"sy":0.15000000596046,"hide":false,"id":"1","sx":-0.15000000596046,"duration":0,"sprite":"Wing.png","ox":-5,"angle":-67.5,"r":10,"drawLayer":"bg","time":325,"x":300,"y":140,"type":"deco","order":0},{"ease":"outQuint","id":"0","duration":1,"time":325,"y":100,"angle":67.5,"recolor":-1,"type":"deco","order":1},{"ease":"outQuint","id":"1","duration":1,"time":325,"angle":-112.5,"recolor":-1,"y":100,"type":"deco","order":1},{"angle":67.5,"time":325.25,"id":"0","recolor":3,"type":"deco"},{"angle":-112.5,"time":325.25,"id":"1","recolor":3,"type":"deco"},{"angle":67.5,"time":325.5,"id":"0","recolor":2,"type":"deco"},{"angle":-112.5,"time":325.5,"id":"1","recolor":2,"type":"deco"},{"time":325.75,"hide":true,"id":"0","angle":67.5,"recolor":0,"type":"deco"},{"time":325.75,"hide":true,"id":"1","angle":-112.5,"recolor":0,"type":"deco"},{"ease":"inSine","id":"0","duration":0.25,"ox":-5,"r":-10,"time":325.5,"angle":45,"type":"deco","order":1},{"ease":"inSine","id":"1","duration":0.25,"ox":-5,"r":10,"time":325.5,"angle":-90,"type":"deco","order":1},{"ease":"outQuint","id":"0","duration":0.5,"ox":-40,"r":20,"time":325,"angle":45,"type":"deco","order":1},{"ease":"outQuint","id":"1","duration":0.5,"ox":-40,"time":325,"r":-20,"angle":-90,"type":"deco","order":1},{"duration":0,"hide":false,"id":"0","sx":0.15000000596046,"sy":0.15000000596046,"sprite":"Wing.png","ox":-5,"y":140,"r":-10,"drawLayer":"bg","time":329,"x":300,"angle":67.5,"type":"deco","order":0},{"sy":0.15000000596046,"hide":false,"id":"1","sx":-0.15000000596046,"duration":0,"sprite":"Wing.png","ox":-5,"angle":-22.5,"r":10,"drawLayer":"bg","time":329,"x":300,"y":140,"type":"deco","order":0},{"ease":"outQuint","id":"0","duration":1,"time":329,"y":100,"angle":112.5,"recolor":-1,"type":"deco","order":1},{"ease":"outQuint","id":"1","duration":1,"time":329,"angle":-67.5,"recolor":-1,"y":100,"type":"deco","order":1},{"angle":112.5,"time":329.25,"id":"0","recolor":3,"type":"deco"},{"angle":-67.5,"time":329.25,"id":"1","recolor":3,"type":"deco"},{"angle":112.5,"time":329.5,"id":"0","recolor":2,"type":"deco"},{"angle":-67.5,"time":329.5,"id":"1","recolor":2,"type":"deco"},{"time":329.75,"hide":true,"id":"0","angle":112.5,"recolor":0,"type":"deco"},{"time":329.75,"hide":true,"id":"1","angle":-67.5,"recolor":0,"type":"deco"},{"ease":"inSine","id":"0","duration":0.25,"ox":-5,"r":-10,"time":329.5,"angle":90,"type":"deco","order":1},{"ease":"inSine","id":"1","duration":0.25,"ox":-5,"r":10,"time":329.5,"angle":-45,"type":"deco","order":1},{"ease":"outQuint","id":"0","duration":0.5,"ox":-40,"r":20,"time":329,"angle":90,"type":"deco","order":1},{"ease":"outQuint","id":"1","duration":0.5,"ox":-40,"time":329,"r":-20,"angle":-45,"type":"deco","order":1},{"duration":0,"hide":false,"id":"0","sx":0.15000000596046,"sy":0.15000000596046,"sprite":"Wing.png","ox":-5,"y":140,"r":-10,"drawLayer":"bg","time":333,"x":300,"angle":22.5,"type":"deco","order":0},{"sy":0.15000000596046,"hide":false,"id":"1","sx":-0.15000000596046,"duration":0,"sprite":"Wing.png","ox":-5,"angle":-67.5,"r":10,"drawLayer":"bg","time":333,"x":300,"y":140,"type":"deco","order":0},{"ease":"outQuint","id":"0","duration":1,"time":333,"y":100,"angle":67.5,"recolor":-1,"type":"deco","order":1},{"ease":"outQuint","id":"1","duration":1,"time":333,"angle":-112.5,"recolor":-1,"y":100,"type":"deco","order":1},{"angle":67.5,"time":333.25,"id":"0","recolor":3,"type":"deco"},{"angle":-112.5,"time":333.25,"id":"1","recolor":3,"type":"deco"},{"angle":67.5,"time":333.5,"id":"0","recolor":2,"type":"deco"},{"angle":-112.5,"time":333.5,"id":"1","recolor":2,"type":"deco"},{"time":333.75,"hide":true,"id":"0","angle":67.5,"recolor":0,"type":"deco"},{"time":333.75,"hide":true,"id":"1","angle":-112.5,"recolor":0,"type":"deco"},{"ease":"inSine","id":"0","duration":0.25,"ox":-5,"r":-10,"time":333.5,"angle":45,"type":"deco","order":1},{"ease":"inSine","id":"1","duration":0.25,"ox":-5,"r":10,"time":333.5,"angle":-90,"type":"deco","order":1},{"ease":"outQuint","id":"0","duration":0.5,"ox":-40,"r":20,"time":333,"angle":45,"type":"deco","order":1},{"ease":"outQuint","id":"1","duration":0.5,"ox":-40,"time":333,"r":-20,"angle":-90,"type":"deco","order":1},{"sy":0.15000000596046,"hide":false,"id":"0","sx":0.15000000596046,"duration":0,"ox":-5,"sprite":"Wing.png","angle":157.5,"r":-10,"x":340,"time":350,"drawLayer":"bg","y":180,"type":"deco","order":0},{"duration":0,"hide":false,"id":"1","sx":-0.15000000596046,"sy":0.15000000596046,"ox":-5,"sprite":"Wing.png","y":180,"r":10,"x":340,"time":350,"drawLayer":"bg","angle":67.5,"type":"deco","order":0},{"ease":"outQuint","id":"0","duration":1,"time":350,"recolor":-1,"x":380,"angle":202.5,"type":"deco","order":1},{"ease":"outQuint","id":"1","duration":1,"time":350,"recolor":-1,"x":380,"angle":22.5,"type":"deco","order":1},{"angle":202.5,"time":350.25,"id":"0","recolor":3,"type":"deco"},{"angle":22.5,"time":350.25,"id":"1","recolor":3,"type":"deco"},{"angle":202.5,"time":350.5,"id":"0","recolor":2,"type":"deco"},{"angle":22.5,"time":350.5,"id":"1","recolor":2,"type":"deco"},{"time":350.75,"hide":true,"id":"0","angle":202.5,"recolor":0,"type":"deco"},{"time":350.75,"hide":true,"id":"1","angle":22.5,"recolor":0,"type":"deco"},{"ease":"inSine","id":"0","duration":0.25,"ox":-5,"r":-10,"time":350.5,"angle":180,"type":"deco","order":1},{"ease":"inSine","id":"1","duration":0.25,"ox":-5,"r":10,"time":350.5,"angle":45,"type":"deco","order":1},{"ease":"outQuint","id":"0","duration":0.5,"ox":-40,"time":350,"r":20,"angle":180,"type":"deco","order":1},{"ease":"outQuint","id":"1","duration":0.5,"ox":-40,"time":350,"r":-20,"angle":45,"type":"deco","order":1},{"sy":0.15000000596046,"hide":false,"id":"0","sx":0.15000000596046,"duration":0,"ox":-5,"sprite":"Wing.png","angle":67.5,"r":-10,"x":300,"time":353.5,"drawLayer":"bg","y":140,"type":"deco","order":0},{"duration":0,"hide":false,"id":"1","sx":-0.15000000596046,"sy":0.15000000596046,"ox":-5,"sprite":"Wing.png","y":140,"r":10,"x":300,"time":353.5,"drawLayer":"bg","angle":-22.5,"type":"deco","order":0},{"ease":"outQuint","id":"0","duration":1,"time":353.5,"angle":112.5,"y":100,"recolor":-1,"type":"deco","order":1},{"ease":"outQuint","id":"1","duration":1,"time":353.5,"recolor":-1,"y":100,"angle":-67.5,"type":"deco","order":1},{"angle":112.5,"time":353.75,"id":"0","recolor":3,"type":"deco"},{"angle":-67.5,"time":353.75,"id":"1","recolor":3,"type":"deco"},{"angle":112.5,"time":354,"id":"0","recolor":2,"type":"deco"},{"angle":-67.5,"time":354,"id":"1","recolor":2,"type":"deco"},{"time":354.25,"hide":true,"id":"0","angle":112.5,"recolor":0,"type":"deco"},{"time":354.25,"hide":true,"id":"1","angle":-67.5,"recolor":0,"type":"deco"},{"ease":"inSine","id":"0","duration":0.25,"ox":-5,"r":-10,"time":354,"angle":90,"type":"deco","order":1},{"ease":"inSine","id":"1","duration":0.25,"ox":-5,"r":10,"time":354,"angle":-45,"type":"deco","order":1},{"ease":"outQuint","id":"0","duration":0.5,"ox":-40,"r":20,"time":353.5,"angle":90,"type":"deco","order":1},{"ease":"outQuint","id":"1","duration":0.5,"ox":-40,"time":353.5,"r":-20,"angle":-45,"type":"deco","order":1},{"duration":0,"hide":false,"id":"0","sx":0.15000000596046,"sy":0.15000000596046,"sprite":"Wing.png","ox":-5,"y":180,"r":-10,"drawLayer":"bg","time":365,"x":340,"angle":157.5,"type":"deco","order":0},{"sy":0.15000000596046,"hide":false,"id":"1","sx":-0.15000000596046,"duration":0,"sprite":"Wing.png","ox":-5,"angle":67.5,"r":10,"drawLayer":"bg","time":365,"x":340,"y":180,"type":"deco","order":0},{"ease":"outQuint","id":"0","duration":1,"time":365,"recolor":-1,"x":380,"angle":202.5,"type":"deco","order":1},{"ease":"outQuint","id":"1","duration":1,"time":365,"recolor":-1,"x":380,"angle":22.5,"type":"deco","order":1},{"angle":202.5,"time":365.25,"id":"0","recolor":3,"type":"deco"},{"angle":22.5,"time":365.25,"id":"1","recolor":3,"type":"deco"},{"angle":202.5,"time":365.5,"id":"0","recolor":2,"type":"deco"},{"angle":22.5,"time":365.5,"id":"1","recolor":2,"type":"deco"},{"time":365.75,"hide":true,"id":"0","angle":202.5,"recolor":0,"type":"deco"},{"time":365.75,"hide":true,"id":"1","angle":22.5,"recolor":0,"type":"deco"},{"ease":"inSine","id":"0","duration":0.25,"ox":-5,"r":-10,"time":365.5,"angle":180,"type":"deco","order":1},{"ease":"inSine","id":"1","duration":0.25,"ox":-5,"r":10,"time":365.5,"angle":45,"type":"deco","order":1},{"ease":"outQuint","id":"0","duration":0.5,"ox":-40,"time":365,"r":20,"angle":180,"type":"deco","order":1},{"ease":"outQuint","id":"1","duration":0.5,"ox":-40,"time":365,"r":-20,"angle":45,"type":"deco","order":1},{"sy":0.15000000596046,"hide":false,"id":"0","sx":0.15000000596046,"duration":0,"ox":-5,"sprite":"Wing.png","angle":-22.5,"r":-10,"x":260,"time":367,"drawLayer":"bg","y":180,"type":"deco","order":0},{"duration":0,"hide":false,"id":"1","sx":-0.15000000596046,"sy":0.15000000596046,"ox":-5,"sprite":"Wing.png","y":180,"r":10,"x":260,"time":367,"drawLayer":"bg","angle":-112.5,"type":"deco","order":0},{"ease":"outQuint","id":"0","duration":1,"time":367,"recolor":-1,"x":220,"angle":22.5,"type":"deco","order":1},{"ease":"outQuint","id":"1","duration":1,"time":367,"angle":-157.5,"x":220,"recolor":-1,"type":"deco","order":1},{"angle":22.5,"time":367.25,"id":"0","recolor":3,"type":"deco"},{"angle":-157.5,"time":367.25,"id":"1","recolor":3,"type":"deco"},{"angle":22.5,"time":367.5,"id":"0","recolor":2,"type":"deco"},{"angle":-157.5,"time":367.5,"id":"1","recolor":2,"type":"deco"},{"time":367.75,"hide":true,"id":"0","angle":22.5,"recolor":0,"type":"deco"},{"time":367.75,"hide":true,"id":"1","angle":-157.5,"recolor":0,"type":"deco"},{"ease":"inSine","id":"0","duration":0.25,"ox":-5,"time":367.5,"r":-10,"angle":0,"type":"deco","order":1},{"ease":"inSine","id":"1","duration":0.25,"ox":-5,"r":10,"time":367.5,"angle":-135,"type":"deco","order":1},{"ease":"outQuint","id":"0","duration":0.5,"ox":-40,"r":20,"time":367,"angle":0,"type":"deco","order":1},{"ease":"outQuint","id":"1","duration":0.5,"ox":-40,"time":367,"r":-20,"angle":-135,"type":"deco","order":1},{"duration":0,"hide":false,"id":"0","sx":0.15000000596046,"sy":0.15000000596046,"sprite":"Wing.png","ox":-5,"y":180,"r":-10,"drawLayer":"bg","time":369,"x":340,"angle":157.5,"type":"deco","order":0},{"sy":0.15000000596046,"hide":false,"id":"1","sx":-0.15000000596046,"duration":0,"sprite":"Wing.png","ox":-5,"angle":67.5,"r":10,"drawLayer":"bg","time":369,"x":340,"y":180,"type":"deco","order":0},{"ease":"outQuint","id":"0","duration":1,"time":369,"recolor":-1,"x":380,"angle":202.5,"type":"deco","order":1},{"ease":"outQuint","id":"1","duration":1,"time":369,"recolor":-1,"x":380,"angle":22.5,"type":"deco","order":1},{"angle":202.5,"time":369.25,"id":"0","recolor":3,"type":"deco"},{"angle":22.5,"time":369.25,"id":"1","recolor":3,"type":"deco"},{"angle":202.5,"time":369.5,"id":"0","recolor":2,"type":"deco"},{"angle":22.5,"time":369.5,"id":"1","recolor":2,"type":"deco"},{"time":369.75,"hide":true,"id":"0","angle":202.5,"recolor":0,"type":"deco"},{"time":369.75,"hide":true,"id":"1","angle":22.5,"recolor":0,"type":"deco"},{"ease":"inSine","id":"0","duration":0.25,"ox":-5,"r":-10,"time":369.5,"angle":180,"type":"deco","order":1},{"ease":"inSine","id":"1","duration":0.25,"ox":-5,"r":10,"time":369.5,"angle":45,"type":"deco","order":1},{"ease":"outQuint","id":"0","duration":0.5,"ox":-40,"time":369,"r":20,"angle":180,"type":"deco","order":1},{"ease":"outQuint","id":"1","duration":0.5,"ox":-40,"time":369,"r":-20,"angle":45,"type":"deco","order":1},{"sy":0.15000000596046,"hide":false,"id":"0","sx":0.15000000596046,"duration":0,"ox":-5,"sprite":"Wing.png","angle":-22.5,"r":-10,"x":260,"time":371,"drawLayer":"bg","y":180,"type":"deco","order":0},{"duration":0,"hide":false,"id":"1","sx":-0.15000000596046,"sy":0.15000000596046,"ox":-5,"sprite":"Wing.png","y":180,"r":10,"x":260,"time":371,"drawLayer":"bg","angle":-112.5,"type":"deco","order":0},{"ease":"outQuint","id":"0","duration":1,"time":371,"recolor":-1,"x":220,"angle":22.5,"type":"deco","order":1},{"ease":"outQuint","id":"1","duration":1,"time":371,"angle":-157.5,"x":220,"recolor":-1,"type":"deco","order":1},{"angle":22.5,"time":371.25,"id":"0","recolor":3,"type":"deco"},{"angle":-157.5,"time":371.25,"id":"1","recolor":3,"type":"deco"},{"angle":22.5,"time":371.5,"id":"0","recolor":2,"type":"deco"},{"angle":-157.5,"time":371.5,"id":"1","recolor":2,"type":"deco"},{"time":371.75,"hide":true,"id":"0","angle":22.5,"recolor":0,"type":"deco"},{"time":371.75,"hide":true,"id":"1","angle":-157.5,"recolor":0,"type":"deco"},{"ease":"inSine","id":"0","duration":0.25,"ox":-5,"time":371.5,"r":-10,"angle":0,"type":"deco","order":1},{"ease":"inSine","id":"1","duration":0.25,"ox":-5,"r":10,"time":371.5,"angle":-135,"type":"deco","order":1},{"ease":"outQuint","id":"0","duration":0.5,"ox":-40,"r":20,"time":371,"angle":0,"type":"deco","order":1},{"ease":"outQuint","id":"1","duration":0.5,"ox":-40,"time":371,"r":-20,"angle":-135,"type":"deco","order":1},{"sy":0.15000000596046,"hide":false,"id":"0","sx":0.15000000596046,"duration":0,"ox":-5,"sprite":"Wing.png","angle":-22.5,"r":-10,"x":260,"time":382,"drawLayer":"bg","y":180,"type":"deco","order":0},{"duration":0,"hide":false,"id":"1","sx":-0.15000000596046,"sy":0.15000000596046,"ox":-5,"sprite":"Wing.png","y":180,"r":10,"x":260,"time":382,"drawLayer":"bg","angle":-112.5,"type":"deco","order":0},{"ease":"outQuint","id":"0","duration":1,"time":382,"recolor":-1,"x":220,"angle":22.5,"type":"deco","order":1},{"ease":"outQuint","id":"1","duration":1,"time":382,"angle":-157.5,"x":220,"recolor":-1,"type":"deco","order":1},{"angle":22.5,"time":382.25,"id":"0","recolor":3,"type":"deco"},{"angle":-157.5,"time":382.25,"id":"1","recolor":3,"type":"deco"},{"angle":22.5,"time":382.5,"id":"0","recolor":2,"type":"deco"},{"angle":-157.5,"time":382.5,"id":"1","recolor":2,"type":"deco"},{"time":382.75,"hide":true,"id":"0","angle":22.5,"recolor":0,"type":"deco"},{"time":382.75,"hide":true,"id":"1","angle":-157.5,"recolor":0,"type":"deco"},{"ease":"inSine","id":"0","duration":0.25,"ox":-5,"time":382.5,"r":-10,"angle":0,"type":"deco","order":1},{"ease":"inSine","id":"1","duration":0.25,"ox":-5,"r":10,"time":382.5,"angle":-135,"type":"deco","order":1},{"ease":"outQuint","id":"0","duration":0.5,"ox":-40,"r":20,"time":382,"angle":0,"type":"deco","order":1},{"ease":"outQuint","id":"1","duration":0.5,"ox":-40,"time":382,"r":-20,"angle":-135,"type":"deco","order":1},{"duration":0,"hide":false,"id":"0","sx":0.15000000596046,"sy":0.15000000596046,"sprite":"Wing.png","ox":-5,"y":220,"r":-10,"drawLayer":"bg","time":385.5,"x":300,"angle":247.5,"type":"deco","order":0},{"sy":0.15000000596046,"hide":false,"id":"1","sx":-0.15000000596046,"duration":0,"sprite":"Wing.png","ox":-5,"angle":157.5,"r":10,"drawLayer":"bg","time":385.5,"x":300,"y":220,"type":"deco","order":0},{"ease":"outQuint","id":"0","duration":1,"time":385.5,"recolor":-1,"y":260,"angle":292.5,"type":"deco","order":1},{"ease":"outQuint","id":"1","duration":1,"time":385.5,"angle":112.5,"recolor":-1,"y":260,"type":"deco","order":1},{"angle":292.5,"time":385.75,"id":"0","recolor":3,"type":"deco"},{"angle":112.5,"time":385.75,"id":"1","recolor":3,"type":"deco"},{"angle":292.5,"time":386,"id":"0","recolor":2,"type":"deco"},{"angle":112.5,"time":386,"id":"1","recolor":2,"type":"deco"},{"time":386.25,"hide":true,"id":"0","angle":292.5,"recolor":0,"type":"deco"},{"time":386.25,"hide":true,"id":"1","angle":112.5,"recolor":0,"type":"deco"},{"ease":"inSine","id":"0","duration":0.25,"ox":-5,"r":-10,"time":386,"angle":270,"type":"deco","order":1},{"ease":"inSine","id":"1","duration":0.25,"ox":-5,"time":386,"r":10,"angle":135,"type":"deco","order":1},{"ease":"outQuint","id":"0","duration":0.5,"ox":-40,"r":20,"time":385.5,"angle":270,"type":"deco","order":1},{"ease":"outQuint","id":"1","duration":0.5,"ox":-40,"time":385.5,"r":-20,"angle":135,"type":"deco","order":1},{"sy":0.15000000596046,"hide":false,"id":"0","sx":0.15000000596046,"duration":0,"ox":-5,"sprite":"Wing.png","angle":247.5,"r":-10,"x":300,"time":398,"drawLayer":"bg","y":220,"type":"deco","order":0},{"duration":0,"hide":false,"id":"1","sx":-0.15000000596046,"sy":0.15000000596046,"ox":-5,"sprite":"Wing.png","y":220,"r":10,"x":300,"time":398,"drawLayer":"bg","angle":157.5,"type":"deco","order":0},{"ease":"outQuint","id":"0","duration":1,"time":398,"recolor":-1,"y":260,"angle":292.5,"type":"deco","order":1},{"ease":"outQuint","id":"1","duration":1,"time":398,"angle":112.5,"recolor":-1,"y":260,"type":"deco","order":1},{"recolor":3,"time":398.25,"id":"0","angle":292.5,"type":"deco"},{"recolor":3,"time":398.25,"id":"1","angle":112.5,"type":"deco"},{"recolor":2,"time":398.5,"id":"0","angle":292.5,"type":"deco"},{"recolor":2,"time":398.5,"id":"1","angle":112.5,"type":"deco"},{"time":398.75,"hide":true,"id":"0","recolor":0,"angle":292.5,"type":"deco"},{"time":398.75,"hide":true,"id":"1","recolor":0,"angle":112.5,"type":"deco"},{"ease":"inSine","id":"0","duration":0.25,"ox":-5,"r":-10,"time":398.5,"angle":270,"type":"deco","order":1},{"ease":"inSine","id":"1","duration":0.25,"ox":-5,"time":398.5,"r":10,"angle":135,"type":"deco","order":1},{"ease":"outQuint","id":"0","duration":0.5,"ox":-40,"r":20,"time":398,"angle":270,"type":"deco","order":1},{"ease":"outQuint","id":"1","duration":0.5,"ox":-40,"time":398,"r":-20,"angle":135,"type":"deco","order":1},{"sy":0.15000000596046,"hide":false,"id":"0","sx":0.15000000596046,"duration":0,"ox":-5,"sprite":"Wing.png","angle":247.5,"r":-10,"x":300,"time":430,"drawLayer":"bg","y":220,"type":"deco","order":0},{"duration":0,"hide":false,"id":"1","sx":-0.15000000596046,"sy":0.15000000596046,"ox":-5,"sprite":"Wing.png","y":220,"r":10,"x":300,"time":430,"drawLayer":"bg","angle":157.5,"type":"deco","order":0},{"ease":"outQuint","id":"0","duration":1,"time":430,"recolor":-1,"y":260,"angle":292.5,"type":"deco","order":1},{"ease":"outQuint","id":"1","duration":1,"time":430,"angle":112.5,"recolor":-1,"y":260,"type":"deco","order":1},{"recolor":3,"time":430.25,"id":"0","angle":292.5,"type":"deco"},{"recolor":3,"time":430.25,"id":"1","angle":112.5,"type":"deco"},{"recolor":2,"time":430.5,"id":"0","angle":292.5,"type":"deco"},{"recolor":2,"time":430.5,"id":"1","angle":112.5,"type":"deco"},{"time":430.75,"hide":true,"id":"0","recolor":0,"angle":292.5,"type":"deco"},{"time":430.75,"hide":true,"id":"1","recolor":0,"angle":112.5,"type":"deco"},{"ease":"inSine","id":"0","duration":0.25,"ox":-5,"r":-10,"time":430.5,"angle":270,"type":"deco","order":1},{"ease":"inSine","id":"1","duration":0.25,"ox":-5,"time":430.5,"r":10,"angle":135,"type":"deco","order":1},{"ease":"outQuint","id":"0","duration":0.5,"ox":-40,"r":20,"time":430,"angle":270,"type":"deco","order":1},{"ease":"outQuint","id":"1","duration":0.5,"ox":-40,"time":430,"r":-20,"angle":135,"type":"deco","order":1},{"sy":0.15000000596046,"hide":false,"id":"0","sx":0.15000000596046,"duration":0,"ox":-5,"sprite":"Wing.png","angle":247.5,"r":-10,"x":300,"time":454,"drawLayer":"bg","y":220,"type":"deco","order":0},{"duration":0,"hide":false,"id":"1","sx":-0.15000000596046,"sy":0.15000000596046,"ox":-5,"sprite":"Wing.png","y":220,"r":10,"x":300,"time":454,"drawLayer":"bg","angle":157.5,"type":"deco","order":0},{"ease":"outQuint","id":"0","duration":1,"time":454,"recolor":-1,"y":260,"angle":292.5,"type":"deco","order":1},{"ease":"outQuint","id":"1","duration":1,"time":454,"angle":112.5,"recolor":-1,"y":260,"type":"deco","order":1},{"recolor":3,"time":454.25,"id":"0","angle":292.5,"type":"deco"},{"recolor":3,"time":454.25,"id":"1","angle":112.5,"type":"deco"},{"recolor":2,"time":454.5,"id":"0","angle":292.5,"type":"deco"},{"recolor":2,"time":454.5,"id":"1","angle":112.5,"type":"deco"},{"time":454.75,"hide":true,"id":"0","recolor":0,"angle":292.5,"type":"deco"},{"time":454.75,"hide":true,"id":"1","recolor":0,"angle":112.5,"type":"deco"},{"ease":"inSine","id":"0","duration":0.25,"ox":-5,"r":-10,"time":454.5,"angle":270,"type":"deco","order":1},{"ease":"inSine","id":"1","duration":0.25,"ox":-5,"time":454.5,"r":10,"angle":135,"type":"deco","order":1},{"ease":"outQuint","id":"0","duration":0.5,"ox":-40,"r":20,"time":454,"angle":270,"type":"deco","order":1},{"ease":"outQuint","id":"1","duration":0.5,"ox":-40,"time":454,"r":-20,"angle":135,"type":"deco","order":1},{"sy":0.15000000596046,"hide":false,"id":"0","sx":0.15000000596046,"duration":0,"ox":-5,"sprite":"Wing.png","angle":67.5,"r":-10,"x":300,"time":462,"drawLayer":"bg","y":140,"type":"deco","order":0},{"duration":0,"hide":false,"id":"1","sx":-0.15000000596046,"sy":0.15000000596046,"ox":-5,"sprite":"Wing.png","y":140,"r":10,"x":300,"time":462,"drawLayer":"bg","angle":-22.5,"type":"deco","order":0},{"ease":"outQuint","id":"0","duration":1,"time":462,"angle":112.5,"y":100,"recolor":-1,"type":"deco","order":1},{"ease":"outQuint","id":"1","duration":1,"time":462,"recolor":-1,"y":100,"angle":-67.5,"type":"deco","order":1},{"angle":112.5,"time":462.25,"id":"0","recolor":3,"type":"deco"},{"angle":-67.5,"time":462.25,"id":"1","recolor":3,"type":"deco"},{"angle":112.5,"time":462.5,"id":"0","recolor":2,"type":"deco"},{"angle":-67.5,"time":462.5,"id":"1","recolor":2,"type":"deco"},{"time":462.75,"hide":true,"id":"0","recolor":0,"angle":112.5,"type":"deco"},{"time":462.75,"hide":true,"id":"1","recolor":0,"angle":-67.5,"type":"deco"},{"ease":"inSine","id":"0","duration":0.25,"ox":-5,"r":-10,"time":462.5,"angle":90,"type":"deco","order":1},{"ease":"inSine","id":"1","duration":0.25,"ox":-5,"r":10,"time":462.5,"angle":-45,"type":"deco","order":1},{"ease":"outQuint","id":"0","duration":0.5,"ox":-40,"r":20,"time":462,"angle":90,"type":"deco","order":1},{"ease":"outQuint","id":"1","duration":0.5,"ox":-40,"time":462,"r":-20,"angle":-45,"type":"deco","order":1},{"sy":0.15000000596046,"hide":false,"id":"0","sx":0.15000000596046,"duration":0,"ox":-5,"sprite":"Wing.png","angle":247.5,"r":-10,"x":300,"time":470,"drawLayer":"bg","y":220,"type":"deco","order":0},{"duration":0,"hide":false,"id":"1","sx":-0.15000000596046,"sy":0.15000000596046,"ox":-5,"sprite":"Wing.png","y":220,"r":10,"x":300,"time":470,"drawLayer":"bg","angle":157.5,"type":"deco","order":0},{"ease":"outQuint","id":"0","duration":1,"time":470,"y":260,"angle":292.5,"recolor":-1,"type":"deco","order":1},{"ease":"outQuint","id":"1","duration":1,"time":470,"recolor":-1,"y":260,"angle":112.5,"type":"deco","order":1},{"recolor":3,"time":470.25,"id":"0","angle":292.5,"type":"deco"},{"recolor":3,"time":470.25,"id":"1","angle":112.5,"type":"deco"},{"recolor":2,"time":470.5,"id":"0","angle":292.5,"type":"deco"},{"recolor":2,"time":470.5,"id":"1","angle":112.5,"type":"deco"},{"time":470.75,"hide":true,"id":"0","recolor":0,"angle":292.5,"type":"deco"},{"time":470.75,"hide":true,"id":"1","recolor":0,"angle":112.5,"type":"deco"},{"ease":"inSine","id":"0","duration":0.25,"ox":-5,"r":-10,"time":470.5,"angle":270,"type":"deco","order":1},{"ease":"inSine","id":"1","duration":0.25,"ox":-5,"time":470.5,"r":10,"angle":135,"type":"deco","order":1},{"ease":"outQuint","id":"0","duration":0.5,"ox":-40,"r":20,"time":470,"angle":270,"type":"deco","order":1},{"ease":"outQuint","id":"1","duration":0.5,"ox":-40,"time":470,"r":-20,"angle":135,"type":"deco","order":1}]}