[{"type":"setColor","order":0,"b":255,"time":0,"color":1,"g":255,"angle":270,"r":255},{"type":"setColor","order":0,"b":255,"time":0,"color":2,"g":255,"angle":247.5,"r":255},{"type":"setColor","order":0,"b":255,"time":0,"color":3,"g":255,"angle":225,"r":255},{"type":"setColor","time":0,"color":1,"ease":"linear","order":1,"b":0,"angle":315,"duration":1,"g":0,"r":0},{"type":"setColor","time":0,"color":2,"ease":"linear","order":1,"b":34,"angle":337.5,"g":184,"duration":1,"r":255},{"type":"setColor","time":0,"color":3,"ease":"linear","order":1,"b":248,"angle":360,"g":255,"duration":1,"r":34},{"type":"ease","value":1,"angle":202.5,"time":0,"start":1.5,"var":"vfx.canvPos.sx","duration":1,"ease":"linear"},{"type":"ease","value":1,"angle":180,"time":0,"start":1.5,"var":"vfx.canvPos.sy","duration":1,"ease":"linear"}]