[{"type":"block","angle":337.5,"time":1.25},{"type":"block","angle":22.5,"time":1.25},{"duration":1.5,"type":"hold","time":1.5,"angle":360,"angle2":450},{"duration":0.75,"time":3,"angle":90,"type":"hold","angle2":22.5},{"type":"block","angle":45,"time":4.5},{"duration":0.25,"time":5,"angle":22.5,"type":"hold","angle2":22.5},{"duration":0.25,"time":5,"angle":0,"type":"hold","angle2":0},{"duration":0.75,"time":5.75,"angle":11.25,"type":"hold","angle2":0},{"duration":0.75,"time":5.75,"angle":22.5,"type":"hold","angle2":33.75},{"duration":1.5,"time":6.5,"angle":0,"type":"hold","angle2":45},{"duration":1.5,"time":6.5,"angle":33.75,"type":"hold","angle2":-11.25},{"type":"block","angle":15,"time":8.5},{"type":"block","angle":360,"time":9.25},{"type":"block","angle":30,"time":9.75},{"type":"block","angle":30,"time":10},{"type":"block","angle":30,"time":10.25},{"type":"block","angle":30,"time":9.5},{"type":"block","angle":30,"time":9.25},{"duration":1,"time":9.25,"angle":45,"type":"hold","angle2":45},{"duration":1,"time":9.25,"angle":15,"type":"hold","angle2":15},{"duration":1.25,"time":10.75,"angle":30,"type":"hold","angle2":75},{"duration":2.75,"time":12.5,"angle":75,"type":"hold","angle2":15},{"type":"block","angle":67.5,"time":12.75},{"type":"block","angle":56.25,"time":13.25},{"type":"block","angle":45,"time":14},{"type":"block","angle":22.5,"time":14.75},{"duration":0.5,"time":17.25,"angle":292.5,"type":"hold","angle2":371.25},{"duration":1,"time":18,"angle":360,"type":"hold","angle2":382.5},{"duration":1,"time":18,"angle":11.25,"type":"hold","angle2":-11.25},{"duration":1,"time":19.25,"angle":11.25,"type":"hold","angle2":11.25},{"duration":1,"time":19.25,"angle":0,"type":"hold","angle2":0},{"duration":1,"time":20.25,"angle":11.25,"type":"hold","angle2":22.5},{"duration":1,"time":20.25,"angle":0,"type":"hold","angle2":-11.25},{"duration":1,"time":21.25,"angle":348.75,"type":"hold","angle2":292.5},{"duration":1,"angle":326.25,"time":22.75,"endTap":true,"type":"hold","angle2":427.5},{"duration":1,"time":24.25,"angle":0,"type":"hold","angle2":-22.5},{"duration":1.25,"angle":326.25,"time":25.5,"endTap":true,"type":"hold","angle2":360},{"type":"block","angle":11.25,"time":28.25},{"type":"block","angle":348.75,"time":28},{"type":"block","angle":11.25,"time":28},{"type":"block","angle":348.75,"time":28.25},{"duration":1.75,"angle":11.25,"time":29.5,"endTap":true,"type":"hold","angle2":180},{"duration":1.75,"angle":348.75,"time":29.5,"endTap":true,"type":"hold","angle2":540},{"type":"extraTap","time":32.5,"angle":180,"speedMult":3},{"duration":0.75,"angle":180,"time":33.5,"angle2":315,"type":"hold","speedMult":3},{"duration":1,"angle":315,"time":34.25,"angle2":202.5,"type":"hold","speedMult":3},{"type":"block","time":35.75,"angle":191.25,"speedMult":3},{"type":"block","time":35.75,"angle":202.5,"speedMult":3},{"type":"block","time":36.25,"angle":180,"speedMult":3},{"type":"block","time":36.25,"angle":168.75,"speedMult":3},{"type":"block","time":36.75,"angle":180,"speedMult":3},{"type":"block","time":36.75,"angle":168.75,"speedMult":3},{"duration":2.75,"angle":191.25,"time":37.5,"angle2":258.75,"type":"hold","speedMult":3},{"type":"block","time":38,"angle":202.5,"speedMult":3},{"type":"block","time":38.5,"angle":213.75,"speedMult":3},{"type":"extraTap","time":32.75,"angle":180,"speedMult":3},{"type":"block","time":39,"angle":225,"speedMult":3},{"duration":1,"angle":292.5,"time":41,"angle2":326.25,"type":"hold","speedMult":3},{"duration":1,"angle":326.25,"time":42,"angle2":292.5,"type":"hold","speedMult":3},{"duration":0.75,"angle":292.5,"time":43,"angle2":315,"type":"hold","speedMult":3},{"type":"block","time":40.75,"angle":281.25,"speedMult":3},{"duration":3.75,"angle":315,"time":44.5,"angle2":675,"type":"hold","speedMult":3},{"type":"block","time":45,"angle":0,"speedMult":3},{"type":"block","time":45.5,"angle":45,"speedMult":3},{"type":"block","time":46,"angle":101.25,"speedMult":3},{"type":"block","time":47,"angle":191.25,"speedMult":3},{"duration":0.5,"angle":326.25,"time":49.25,"angle2":382.5,"type":"hold","speedMult":3},{"duration":1.25,"angle":22.5,"time":50.75,"angle2":168.75,"type":"hold","speedMult":3},{"duration":0.5,"angle":168.75,"time":52,"angle2":180,"type":"hold","speedMult":3},{"duration":0.5,"angle":180,"time":52.5,"angle2":168.75,"type":"hold","speedMult":3},{"duration":1,"angle":168.75,"time":53,"angle2":202.5,"type":"hold","speedMult":3},{"duration":0.75,"angle":202.5,"time":54.25,"angle2":303.75,"type":"hold","speedMult":5},{"duration":1,"angle":303.75,"time":55.5,"angle2":202.5,"type":"hold","speedMult":5},{"type":"block","time":55.25,"angle":303.75,"speedMult":5},{"duration":0.5,"angle":202.5,"time":57,"angle2":225,"type":"hold","speedMult":3},{"duration":1,"angle":225,"time":57.75,"angle2":191.25,"type":"hold","speedMult":3},{"duration":1.5,"angle2":225,"angle":191.25,"endTap":true,"time":58.75,"type":"hold","speedMult":3},{"type":"block","time":61.25,"speedMult":3,"angle":225,"tap":true},{"duration":2,"angle2":303.75,"angle":225,"time":63.25,"type":"hold","startTap":true,"speedMult":3},{"type":"block","time":62.25,"speedMult":3,"angle":225,"tap":true},{"duration":0.5,"time":73.25,"angle":0,"type":"hold","angle2":0},{"duration":0.5,"time":73.75,"angle":0,"type":"hold","angle2":-11.25},{"duration":1,"time":74.25,"angle":348.75,"type":"hold","angle2":360},{"type":"block","angle":348.75,"time":74.75},{"type":"block","angle":360,"time":76.5},{"type":"block","angle":270,"time":77.5},{"type":"block","angle":303.75,"time":77},{"type":"block","angle":213.75,"time":78.25},{"type":"block","angle":191.25,"time":78.5},{"type":"block","angle":236.25,"time":77.75},{"duration":1,"time":79,"angle":180,"type":"hold","angle2":180},{"duration":1.5,"time":81,"angle":180,"type":"hold","angle2":236.25},{"type":"block","angle":202.5,"time":81.5},{"type":"block","angle":225,"time":82.25},{"type":"block","angle":247.5,"time":82.75},{"type":"block","angle":258.75,"time":83.75},{"type":"block","angle":281.25,"time":84},{"type":"block","angle":258.75,"time":84.5},{"type":"block","angle":225,"time":83.5},{"type":"block","angle":236.25,"time":85},{"type":"block","angle":247.5,"time":85},{"type":"block","time":85.5,"angle":225,"tap":true},{"type":"block","time":85.5,"angle":236.25,"tap":true},{"type":"block","time":85.5,"angle":247.5,"tap":true},{"type":"block","angle":202.5,"time":86.25},{"type":"block","angle":168.75,"time":86.75},{"type":"block","angle":168.75,"time":87.25},{"type":"block","angle":180,"time":87.25},{"type":"block","angle":168.75,"time":88.5},{"type":"block","angle":180,"time":88.5},{"type":"block","angle":180,"time":87.5},{"duration":1,"angle":168.75,"time":89.5,"angle2":202.5,"type":"hold","speedMult":2},{"type":"block","angle":168.75,"time":88.75},{"type":"block","angle":213.75,"time":90.75},{"type":"block","angle":213.75,"time":91.5},{"type":"block","angle":213.75,"time":92.25},{"type":"block","angle":213.75,"time":92.75},{"type":"block","angle":202.5,"time":92.25},{"type":"block","angle":202.5,"time":92.75},{"type":"block","angle":202.5,"time":93.5},{"type":"block","angle":213.75,"time":93.5},{"type":"block","angle":202.5,"time":93.75},{"type":"block","angle":213.75,"time":93.75},{"type":"block","angle":202.5,"time":94.25},{"type":"block","angle":213.75,"time":94.25},{"type":"block","time":95,"angle":202.5,"tap":true},{"type":"block","time":95,"angle":213.75,"tap":true},{"type":"block","time":95.25,"angle":202.5,"tap":true},{"type":"block","time":95.25,"angle":213.75,"tap":true},{"duration":1,"time":96.25,"angle":202.5,"type":"hold","angle2":112.5},{"duration":1,"time":97.25,"angle":112.5,"type":"hold","angle2":202.5},{"duration":1,"time":98.25,"angle":202.5,"type":"hold","angle2":112.5},{"duration":1,"time":99.25,"angle":112.5,"type":"hold","angle2":202.5},{"duration":1,"time":100.25,"angle":202.5,"type":"hold","angle2":112.5},{"duration":1,"time":101.25,"angle":112.5,"type":"hold","angle2":180},{"duration":1,"time":102.25,"angle":180,"type":"hold","angle2":112.5},{"type":"block","angle":146.25,"time":102.75},{"type":"block","time":103.75,"angle":135,"tap":true},{"type":"block","angle":180,"time":105.25},{"type":"block","angle":168.75,"time":105.75},{"type":"block","angle":146.25,"time":105.75},{"type":"block","angle":191.25,"time":105.75},{"type":"block","angle":157.5,"time":106.25},{"type":"block","angle":123.75,"time":106.75},{"type":"block","angle":146.25,"time":106.75},{"type":"block","angle":168.75,"time":106.75},{"type":"block","angle":135,"time":107.25},{"type":"block","angle":101.25,"time":107.75},{"type":"block","angle":123.75,"time":107.75},{"type":"block","angle":146.25,"time":107.75},{"type":"block","angle":112.5,"time":108.25},{"type":"block","angle":78.75,"time":108.75},{"type":"block","angle":101.25,"time":108.75},{"type":"block","angle":123.75,"time":108.75},{"type":"block","time":109.25,"angle":90,"tap":true},{"type":"block","angle":101.25,"time":109.75},{"type":"block","angle":56.25,"time":109.75},{"type":"block","angle":78.75,"time":109.75},{"type":"block","angle":67.5,"time":110.25},{"type":"block","angle":56.25,"time":110.75},{"type":"block","angle":78.75,"time":110.75},{"type":"block","angle":33.75,"time":110.75},{"type":"block","angle":45,"time":111.25},{"type":"block","time":111.75,"angle":22.5,"tap":true},{"type":"block","time":111.75,"angle":45,"tap":true},{"type":"block","time":111.75,"angle":0,"tap":true},{"type":"block","angle":348.75,"time":112.75},{"type":"block","angle":337.5,"time":112.75},{"type":"block","angle":0,"time":112.75},{"type":"block","angle":348.75,"time":112.25},{"duration":1,"time":113.25,"angle":348.75,"type":"hold","angle2":371.25},{"type":"block","angle":11.25,"time":114.75},{"type":"block","angle":11.25,"time":115.25},{"type":"block","angle":0,"time":115.25},{"type":"block","angle":22.5,"time":115.25},{"type":"block","time":116.25,"angle":11.25,"tap":true},{"type":"block","time":116.25,"angle":0,"tap":true},{"type":"block","time":116.25,"angle":22.5,"tap":true},{"type":"block","time":116.5,"angle":360,"tap":true},{"type":"block","time":116.5,"angle":11.25,"tap":true},{"type":"block","time":116.5,"angle":22.5,"tap":true},{"duration":2.5,"time":117,"angle":0,"type":"hold","angle2":360},{"type":"block","time":119.75,"angle":0,"tap":true},{"type":"block","time":119.75,"angle":348.75,"tap":true},{"type":"block","time":119.75,"angle":11.25,"tap":true},{"type":"block","angle":45,"time":117.25},{"type":"block","angle":101.25,"time":117.75},{"type":"block","angle":146.25,"time":118},{"type":"block","angle":191.25,"time":118.25},{"type":"block","angle":247.5,"time":118.75},{"type":"block","angle":292.5,"time":119},{"type":"block","angle":326.25,"time":119.25},{"type":"extraTap","time":129.5,"angle":0,"speedMult":2.9999990463257},{"type":"block","angle":0,"time":120.75},{"type":"block","angle":360,"time":120.5},{"type":"block","time":121.5,"angle":360,"tap":true},{"duration":0.5,"time":122.5,"angle":360,"type":"hold","angle2":438.75},{"duration":1,"time":123,"angle":78.75,"type":"hold","angle2":-33.75},{"type":"block","angle":360,"time":124.25},{"type":"block","angle":0,"time":124.75},{"type":"block","angle":360,"time":125.75},{"duration":2.5,"type":"hold","time":127,"startTap":true,"angle":360,"angle2":720},{"type":"block","angle":0,"time":125.25},{"type":"block","angle":360,"time":125.5},{"duration":1,"angle":0,"time":130.75,"angle2":90,"type":"hold","speedMult":5},{"duration":1,"angle":90,"time":131.75,"speedMult":5,"type":"hold","angle2":45},{"duration":1,"angle":45,"time":132.75,"angle2":123.75,"type":"hold","speedMult":5},{"type":"block","time":131.5,"angle":67.5,"speedMult":5},{"type":"block","time":133.25,"angle":78.75,"speedMult":5},{"type":"block","time":132.25,"angle":67.5,"speedMult":5},{"type":"block","time":134.25,"angle":146.25,"speedMult":5},{"type":"block","time":134.25,"angle":157.5,"speedMult":5},{"type":"block","time":134.25,"angle":168.75,"speedMult":5},{"duration":1.25,"angle":168.75,"time":134.75,"angle2":281.25,"type":"hold","speedMult":5},{"duration":0.75,"angle":315,"time":136.25,"angle2":348.75,"type":"hold","speedMult":5},{"duration":1,"angle":348.75,"time":137,"angle2":292.5,"type":"hold","speedMult":5},{"type":"block","time":136.75,"angle":337.5,"speedMult":5},{"type":"block","time":139,"angle":292.5,"speedMult":5},{"type":"block","time":139,"angle":303.75,"speedMult":5},{"type":"block","time":139,"angle":281.25,"speedMult":5},{"duration":1,"angle":292.5,"time":139.25,"speedMult":5,"type":"hold","angle2":337.5},{"duration":0.5,"angle":337.5,"time":140.25,"angle2":292.5,"type":"hold","speedMult":5},{"duration":0.5,"angle":292.5,"time":140.75,"angle2":326.25,"type":"hold","speedMult":5},{"duration":0.5,"angle":326.25,"time":141.25,"angle2":292.5,"type":"hold","speedMult":5},{"duration":1.25,"angle":292.5,"time":141.75,"speedMult":5,"type":"hold","angle2":315},{"duration":1.5,"angle":315,"time":143,"angle2":472.5,"type":"hold","speedMult":5},{"duration":1.25,"angle":112.5,"time":145.5,"speedMult":5,"type":"hold","angle2":191.25},{"duration":2,"angle":191.25,"time":146.75,"angle2":101.25,"type":"hold","speedMult":5},{"type":"block","time":146,"angle":146.25,"speedMult":5},{"type":"block","time":146.25,"angle":168.75,"speedMult":5},{"type":"block","time":147.5,"angle":157.5,"speedMult":5},{"type":"block","time":148.25,"angle":123.75,"speedMult":5},{"duration":3,"angle":101.25,"time":148.75,"angle2":371.25,"type":"hold","speedMult":5},{"type":"block","time":150.25,"angle":236.25,"speedMult":5},{"type":"block","time":151.25,"angle":326.25,"speedMult":5},{"type":"block","time":149.25,"angle":146.25,"speedMult":5},{"duration":1,"angle":11.25,"time":152.25,"speedMult":5,"type":"hold","angle2":78.75},{"duration":1.5,"angle":78.75,"time":153.25,"angle2":11.25,"type":"hold","speedMult":5},{"duration":1,"angle":11.25,"time":155.5,"speedMult":5,"type":"hold","angle2":56.25},{"duration":1,"angle":56.25,"time":156.75,"angle2":22.5,"type":"hold","speedMult":5},{"duration":1.75,"angle":22.5,"time":158.25,"speedMult":5,"type":"hold","angle2":78.75},{"duration":1,"angle":90,"time":161.5,"speedMult":7,"type":"hold","angle2":112.5},{"duration":1,"angle":112.5,"time":162.5,"speedMult":7,"type":"hold","angle2":90},{"type":"block","time":163,"angle":101.25,"speedMult":7},{"type":"block","time":162.25,"angle":112.5,"speedMult":7},{"duration":5,"angle":90,"time":163.5,"speedMult":7,"type":"hold","angle2":360},{"type":"block","time":164.25,"angle":135,"speedMult":7},{"type":"block","time":165.5,"angle":191.25,"speedMult":7},{"type":"block","time":166.5,"angle":247.5,"speedMult":7},{"type":"block","time":167,"angle":281.25,"speedMult":7},{"duration":2.5,"angle":360,"time":168.5,"speedMult":7,"type":"hold","angle2":180},{"type":"block","time":170.5,"angle":213.75,"speedMult":7},{"type":"block","time":169,"angle":326.25,"speedMult":7},{"type":"block","time":169.5,"angle":292.5,"speedMult":7},{"duration":1,"angle":180,"time":171,"angle2":213.75,"type":"hold","speedMult":7},{"duration":1,"angle":213.75,"time":172,"angle2":180,"type":"hold","speedMult":7},{"duration":2,"angle":180,"time":173,"angle2":202.5,"type":"hold","speedMult":5},{"type":"block","time":173.5,"angle":185.89222717285,"speedMult":5},{"type":"block","time":173.25,"angle":181.86767578125,"speedMult":5},{"type":"block","time":174,"angle":191.34558105469,"speedMult":5},{"duration":0.875,"angle":562.61987304688,"time":175,"angle2":472.61987304688,"type":"hold","speedMult":5},{"duration":0.625,"angle":90,"time":177.25,"angle2":45,"type":"hold","speedMult":5},{"duration":1,"type":"hold","time":177.875,"speedMult":5,"angle":45,"angle2":90},{"duration":0.75,"angle":90,"time":178.875,"angle2":157.5,"type":"hold","speedMult":5},{"duration":0.5,"type":"hold","time":179.625,"speedMult":5,"angle":157.5,"angle2":112.5},{"duration":0.625,"angle":112.5,"time":180.125,"angle2":157.5,"type":"hold","speedMult":5},{"duration":0.625,"angle":157.5,"time":180.75,"angle2":112.5,"type":"hold","speedMult":5},{"duration":0.625,"angle":112.5,"time":181.375,"angle2":157.5,"type":"hold","speedMult":5},{"duration":1.125,"angle":157.5,"time":182,"speedMult":5,"type":"hold","angle2":281.25},{"duration":1.25,"angle":281.25,"time":183.125,"angle2":157.5,"type":"hold","speedMult":5},{"duration":0.5,"type":"hold","time":184.375,"speedMult":5,"angle":157.5,"angle2":213.75},{"duration":0.5,"type":"hold","time":184.875,"speedMult":5,"angle":213.75,"angle2":168.75},{"duration":0.5,"type":"hold","time":185.375,"angle2":213.75,"angle":168.75,"speedMult":5},{"duration":0.75,"type":"hold","time":185.875,"angle2":348.75,"angle":213.75,"speedMult":5},{"duration":0.75,"angle":213.75,"time":186,"angle2":382.5,"type":"hold","speedMult":5},{"duration":1.25,"angle":281.25,"time":183.25,"angle2":157.5,"type":"hold","speedMult":5},{"duration":1.5,"angle":22.5,"time":186.875,"speedMult":5,"type":"hold","angle2":90},{"duration":0.5,"type":"hold","time":188.875,"speedMult":5,"angle":90,"angle2":22.5},{"duration":1,"angle":22.5,"time":189.375,"angle2":90,"type":"hold","speedMult":5},{"duration":1,"angle":90,"time":190.375,"angle2":22.5,"type":"hold","speedMult":5},{"duration":1.5,"type":"hold","time":191.375,"speedMult":5,"angle":22.5,"angle2":180},{"type":"block","angle":180,"time":195.00003051758},{"duration":0.33333325386047,"time":195.50003051758,"angle":180,"type":"hold","angle2":213.75},{"duration":0.33333325386047,"time":196.33334350586,"angle":213.75,"type":"hold","angle2":191.25},{"duration":0.66666662693024,"time":197.16667175293,"angle":213.75,"type":"hold","angle2":168.75},{"duration":0.49999994039536,"time":197.83332824707,"angle":168.75,"type":"hold","angle2":191.25},{"duration":0.49999994039536,"time":198.33331298828,"angle":191.25,"type":"hold","angle2":157.5},{"duration":0.49999994039536,"time":198.83332824707,"angle":157.5,"type":"hold","angle2":202.5},{"duration":0.99999994039536,"type":"hold","time":199.33332824707,"endTap":true,"angle":202.5,"angle2":157.5},{"duration":0.33333325386047,"angle2":157.5,"angle":157.5,"endTap":true,"time":201.00001525879,"type":"hold","speedMult":1.5},{"duration":0.49999994039536,"time":202.33334350586,"angle":213.75,"type":"hold","angle2":247.5},{"duration":0.66666662693024,"time":202.83334350586,"angle":247.5,"type":"hold","angle2":225},{"type":"block","time":202.33332824707,"angle":202.5,"tap":true},{"type":"block","time":202.33332824707,"angle":225,"tap":true},{"type":"block","time":202.83332824707,"angle":258.75,"tap":true},{"type":"block","time":202.83332824707,"angle":236.25,"tap":true},{"type":"block","time":203.5,"angle":236.25,"tap":true},{"type":"block","time":203.5,"angle":213.75,"tap":true},{"duration":0.49999994039536,"time":204.33335876465,"angle":225,"type":"hold","angle2":258.75},{"duration":0.49999994039536,"time":204.83334350586,"angle":258.75,"type":"hold","angle2":202.5},{"duration":0.66666662693024,"time":205.33332824707,"angle":202.5,"type":"hold","angle2":202.5},{"duration":1,"time":206,"angle":202.5,"type":"hold","angle2":168.75},{"type":"block","angle":180,"time":206.5},{"type":"block","time":207.16667175293,"angle":168.75,"tap":true},{"duration":1.1666666269302,"time":208.33335876465,"angle":157.5,"type":"hold","angle2":405},{"type":"block","angle":33.75,"time":211.83338928223},{"type":"block","angle":360,"time":210.83334350586},{"type":"block","angle":326.25,"time":211.5},{"type":"block","time":212.66667175293,"angle":348.75,"tap":true},{"duration":1,"time":213.16667175293,"angle":348.75,"type":"hold","angle2":292.5},{"type":"block","angle":303.75,"time":214},{"duration":1,"time":214.16667175293,"angle":292.5,"type":"hold","angle2":348.75},{"type":"block","angle":337.5,"time":215},{"duration":1,"time":215.16667175293,"angle":348.75,"type":"hold","angle2":348.75},{"duration":0.83333331346512,"type":"hold","time":216.5,"angle2":348.75,"angle":348.75,"speedMult":1.5},{"type":"block","time":217.16667175293,"angle":348.75,"speedMult":1.5},{"duration":1,"type":"hold","time":217.33332824707,"angle2":393.75,"angle":348.75,"speedMult":2.5},{"duration":1,"angle":33.75,"time":218.33332824707,"angle2":-11.25,"type":"hold","speedMult":1.5},{"type":"block","time":219,"angle":0,"speedMult":1.5},{"type":"block","time":219.66667175293,"angle":348.75,"speedMult":1.5},{"duration":0.66666662693024,"angle2":393.75,"angle":348.75,"endTap":true,"time":220.66668701172,"type":"hold","speedMult":1.3999999761581},{"type":"block","time":220.16667175293,"angle":348.75,"speedMult":1.5},{"duration":1,"angle":33.75,"time":221.33334350586,"angle2":180,"type":"hold","speedMult":1.2999999523163},{"duration":1.1666666269302,"type":"hold","time":222.33332824707,"angle2":56.25,"angle":180,"speedMult":1.2000000476837},{"type":"block","angle":56.25,"time":224.33334350586},{"type":"block","time":224.83334350586,"angle":56.25,"tap":true},{"type":"block","time":224.83334350586,"angle":45,"tap":true},{"type":"block","time":224.83334350586,"angle":67.5,"tap":true},{"duration":4.9999995231628,"time":226.16667175293,"angle":67.5,"type":"hold","angle2":348.75},{"duration":1.9999997615814,"time":231.16667175293,"angle":348.75,"type":"hold","angle2":247.5},{"duration":0.49999994039536,"time":234.00001525879,"angle":236.25,"type":"hold","angle2":270},{"duration":0.49999994039536,"time":234.50001525879,"angle":270,"type":"hold","angle2":236.25},{"duration":0.49999994039536,"time":235,"angle":236.25,"type":"hold","angle2":270},{"duration":0.49999994039536,"time":235.50001525879,"angle":270,"type":"hold","angle2":236.25},{"duration":0.49999994039536,"time":236,"angle":236.25,"type":"hold","angle2":270},{"duration":0.49999994039536,"time":236.5,"angle":270,"type":"hold","angle2":236.25},{"duration":0.49999994039536,"time":237,"angle":236.25,"type":"hold","angle2":270},{"duration":0.49999994039536,"time":237.5,"angle":270,"type":"hold","angle2":236.25},{"type":"block","time":238.5,"angle":236.25,"tap":true},{"type":"block","time":238.5,"angle":247.5,"tap":true},{"type":"block","time":238.5,"angle":225,"tap":true},{"duration":4.6666665077209,"type":"hold","time":242.33343505859,"endTap":true,"angle":236.25,"angle2":-123.75},{"type":"block","angle":236.25,"time":242},{"type":"block","angle":180,"time":250.00004577637},{"type":"block","angle":202.5,"time":250.5},{"type":"block","angle":225,"time":251.00001525879},{"type":"block","time":251.5,"angle":247.5,"tap":true},{"duration":1,"time":252,"angle":247.5,"type":"hold","angle2":292.5},{"duration":1,"time":253,"angle":292.5,"type":"hold","angle2":236.25},{"type":"block","time":254.16667175293,"angle":225,"tap":true},{"duration":1,"angle":247.5,"time":258.50003051758,"angle2":315,"type":"hold","speedMult":4},{"duration":1,"type":"hold","time":259.5,"angle2":247.5,"angle":315,"speedMult":4},{"duration":1,"angle":247.5,"time":260.5,"angle2":348.75,"type":"hold","speedMult":4},{"duration":0.49999994039536,"angle":348.75,"time":261.5,"angle2":326.25,"type":"hold","speedMult":4},{"duration":1,"angle":326.25,"time":262.8332824707,"angle2":348.75,"type":"hold","speedMult":4},{"type":"block","time":262.5,"angle":326.25,"speedMult":4},{"duration":1,"angle":348.75,"time":263.83334350586,"angle2":405,"type":"hold","speedMult":4},{"duration":0.66666662693024,"type":"hold","time":264.83334350586,"angle2":-11.25,"angle":45,"speedMult":4},{"duration":1,"type":"hold","time":266.16665649414,"angle2":303.75,"angle":348.75,"speedMult":4},{"duration":1,"angle":303.75,"time":267.16665649414,"angle2":360,"type":"hold","speedMult":4},{"duration":1,"angle":281.25,"time":269.16665649414,"angle2":337.5,"type":"hold","speedMult":4},{"duration":1,"type":"hold","time":268.16665649414,"angle2":281.25,"angle":360,"speedMult":4},{"duration":1.6666665077209,"angle":337.5,"time":271.16662597656,"angle2":326.25,"type":"hold","speedMult":4},{"duration":0.49999994039536,"angle":337.5,"time":270.16665649414,"angle2":315,"type":"hold","speedMult":4},{"duration":0.49999994039536,"type":"hold","time":270.66665649414,"angle2":337.5,"angle":315,"speedMult":4},{"type":"block","time":271.5,"angle":337.5,"speedMult":4},{"duration":1,"angle":337.5,"time":274.3332824707,"angle2":281.25,"type":"hold","speedMult":4},{"duration":1,"angle":281.25,"time":275.3332824707,"angle2":326.25,"type":"hold","speedMult":4},{"duration":0.49999994039536,"angle":326.25,"time":276.33334350586,"angle2":281.25,"type":"hold","speedMult":4},{"duration":0.49999994039536,"angle":281.25,"time":276.83334350586,"angle2":337.5,"type":"hold","speedMult":4},{"duration":1,"angle":337.5,"time":277.33334350586,"angle2":292.5,"type":"hold","speedMult":4},{"duration":1,"angle":292.5,"time":278.33334350586,"angle2":360,"type":"hold","speedMult":4},{"duration":1,"type":"hold","time":279.33334350586,"angle2":-112.5,"angle":0,"speedMult":4},{"duration":1,"angle":247.5,"time":280.33334350586,"angle2":337.5,"type":"hold","speedMult":4},{"duration":7.666663646698,"angle":337.5,"time":282.49996948242,"angle2":630,"type":"hold","speedMult":4},{"type":"block","time":283.16665649414,"angle":0,"speedMult":4},{"type":"block","time":284,"angle":33.75,"speedMult":3.9999990463257},{"type":"block","time":285.33334350586,"angle":78.75,"speedMult":4},{"type":"block","time":284.66665649414,"angle":56.25,"speedMult":3.9999990463257},{"type":"block","time":285.83334350586,"angle":101.25,"speedMult":4},{"type":"block","time":286.5,"angle":123.75,"speedMult":4},{"type":"block","time":287,"angle":146.25,"speedMult":4},{"type":"block","time":287.66665649414,"angle":168.75,"speedMult":4},{"type":"block","time":288.5,"angle":202.5,"speedMult":4},{"type":"block","time":290,"angle":263.11828613281,"speedMult":4},{"duration":1.9999997615814,"type":"hold","time":290.5,"angle2":180,"angle":270,"speedMult":4},{"duration":1.3333332538605,"type":"hold","time":292.5,"angle2":225,"angle":180,"speedMult":4},{"type":"block","time":293,"angle":191.25,"speedMult":4},{"type":"block","time":291.33334350586,"angle":225,"speedMult":4},{"duration":0.83333325386047,"angle":225,"time":293.83334350586,"angle2":202.5,"type":"hold","speedMult":4},{"duration":0.66666662693024,"type":"hold","time":294.66668701172,"angle2":258.75,"angle":202.5,"speedMult":4},{"duration":1,"type":"hold","time":295.33334350586,"angle2":191.25,"angle":258.75,"speedMult":4},{"duration":0.49999994039536,"type":"hold","time":296.33334350586,"angle2":247.5,"angle":191.25,"speedMult":4},{"duration":0.66666662693024,"type":"hold","time":296.83334350586,"angle2":191.25,"angle":247.5,"speedMult":4},{"duration":0.66666662693024,"angle":191.25,"time":298.16665649414,"angle2":225,"type":"hold","speedMult":4},{"duration":1,"type":"hold","time":298.83334350586,"angle2":191.25,"angle":225,"speedMult":4},{"duration":0.66666662693024,"type":"hold","time":300.49996948242,"angle2":225,"angle":191.25,"speedMult":4},{"duration":1,"type":"hold","time":301.16665649414,"angle2":168.75,"angle":225,"speedMult":4},{"duration":1,"type":"hold","time":302.5,"angle2":213.75,"angle":168.75,"speedMult":4},{"duration":1,"type":"hold","time":303.5,"speedMult":4,"angle":213.75,"angle2":157.5},{"duration":0.5,"angle":157.5,"time":306,"angle2":213.75,"type":"hold","speedMult":4},{"duration":0.75,"type":"hold","time":306.5,"speedMult":4,"angle":213.75,"angle2":168.75},{"duration":1,"type":"hold","time":308,"speedMult":4,"angle":225,"angle2":225},{"type":"block","angle":213.75,"time":308.5,"speedMult":4},{"type":"block","time":308.5,"angle":236.25,"speedMult":4},{"type":"block","angle":213.75,"time":309.25,"speedMult":4},{"type":"block","time":309.25,"angle":236.25,"speedMult":4},{"duration":1,"angle":225,"time":310,"angle2":258.75,"type":"hold","speedMult":4},{"duration":1,"type":"hold","time":311,"speedMult":4,"angle":258.75,"angle2":213.75},{"duration":0.5,"type":"hold","time":312.25,"speedMult":4,"angle":202.5,"angle2":236.25},{"duration":0.5,"angle":236.25,"time":312.75,"speedMult":4,"type":"hold","angle2":213.75},{"type":"block","time":313.5,"angle":213.75,"speedMult":4},{"type":"block","time":313.5,"angle":202.5,"speedMult":4},{"type":"block","time":313.5,"angle":225,"speedMult":4},{"duration":0.25,"angle":213.75,"time":313.75,"angle2":247.5,"type":"hold","speedMult":4},{"duration":1.5,"angle":247.5,"time":314,"speedMult":4,"type":"hold","angle2":168.75},{"duration":1,"angle":168.75,"time":315.5,"angle2":270,"type":"hold","speedMult":4},{"duration":1,"angle":270,"time":316.5,"angle2":202.5,"type":"hold","speedMult":4},{"type":"block","time":317,"angle":236.25,"speedMult":4},{"duration":0.5,"angle":202.5,"time":317.5,"angle2":247.5,"type":"hold","speedMult":4},{"duration":2.5,"angle":281.25,"time":318.5,"speedMult":4,"type":"hold","angle2":483.75},{"type":"block","time":319,"angle":315,"speedMult":4},{"type":"block","time":319.5,"angle":0,"speedMult":4},{"type":"block","time":320,"angle":33.75,"speedMult":4},{"duration":1,"angle":135,"time":321.5,"speedMult":4,"type":"hold","angle2":168.75},{"duration":1,"type":"hold","time":322.5,"angle2":123.75,"angle":168.75,"speedMult":4},{"duration":1,"type":"hold","time":323.5,"angle2":180,"angle":123.75,"speedMult":4},{"duration":0.25,"type":"hold","time":324.5,"angle2":135,"angle":180,"speedMult":4},{"duration":0.75,"type":"hold","time":324.75,"angle2":157.5,"angle":135,"speedMult":4},{"duration":0.75,"type":"hold","time":325.5,"angle2":123.75,"angle":157.5,"speedMult":4},{"duration":0.5,"type":"hold","time":326.25,"angle2":157.5,"angle":123.75,"speedMult":4},{"duration":1.5,"type":"hold","time":326.75,"angle2":123.75,"angle":157.5,"speedMult":4},{"type":"hold","duration":1,"time":329,"speedMult":4,"angle":123.75,"angle2":146.25},{"type":"hold","duration":1,"angle":146.25,"speedMult":4,"time":330,"angle2":123.75},{"type":"hold","duration":1,"time":331,"speedMult":4,"angle":123.75,"angle2":168.75},{"type":"hold","duration":0.75,"time":332.5,"speedMult":4,"angle":168.75,"angle2":146.25},{"type":"hold","duration":0.5,"time":332,"speedMult":4,"angle":168.75,"angle2":168.75},{"type":"hold","duration":0.75,"time":333.25,"speedMult":4,"angle":146.25,"angle2":202.5},{"type":"hold","duration":0.75,"time":334,"speedMult":4,"angle":202.5,"angle2":168.75},{"type":"hold","duration":1.25,"time":334.75,"speedMult":4,"angle":168.75,"angle2":202.5},{"type":"hold","angle":213.75,"time":337.5,"speedMult":4,"duration":0.5,"angle2":247.5},{"type":"hold","duration":1,"angle":247.5,"speedMult":4,"time":338,"angle2":213.75},{"type":"hold","duration":0.75,"angle":213.75,"speedMult":4,"time":339,"angle2":180},{"type":"hold","time":340.5,"angle":180,"speedMult":4,"duration":0.5,"angle2":180},{"type":"hold","angle":180,"time":341,"angle2":225,"duration":0.5,"speedMult":4},{"type":"hold","angle":225,"time":341.5,"speedMult":4,"duration":1,"angle2":180},{"type":"hold","time":342.5,"angle":180,"speedMult":4,"duration":1,"angle2":236.25},{"type":"hold","time":343.5,"angle":236.25,"speedMult":13,"duration":1,"angle2":180},{"type":"hold","time":344.5,"angle":180,"angle2":225,"duration":0.5,"speedMult":4},{"type":"hold","time":345,"angle":225,"speedMult":4,"duration":1,"angle2":168.75},{"type":"hold","time":346,"angle":168.75,"speedMult":4,"duration":1,"angle2":225},{"type":"hold","time":347,"angle":225,"speedMult":4,"duration":0.75,"angle2":157.5},{"type":"hold","angle":157.5,"time":348,"speedMult":4,"duration":0.5,"angle2":213.75},{"type":"hold","angle":213.75,"time":348.5,"speedMult":4,"duration":1,"angle2":168.75},{"type":"hold","angle":168.75,"time":349.5,"speedMult":4,"duration":1,"angle2":236.25},{"type":"hold","angle":236.25,"time":350.5,"speedMult":4,"duration":1,"angle2":180},{"type":"hold","angle":180,"time":351.5,"speedMult":4,"duration":1,"angle2":247.5},{"type":"block","angle":123.75,"time":328.5,"speedMult":4},{"type":"hold","duration":0.5,"time":354.5,"angle2":292.5,"angle":258.75,"speedMult":4},{"type":"hold","duration":0.5,"time":355,"speedMult":4,"angle":292.5,"angle2":258.75},{"type":"hold","duration":0.5,"angle":258.75,"speedMult":4,"time":355.5,"angle2":292.5},{"type":"hold","duration":0.5,"angle":292.5,"speedMult":4,"time":356,"angle2":258.75},{"type":"hold","duration":0.5,"time":356.5,"speedMult":4,"angle":258.75,"angle2":292.5},{"type":"hold","duration":0.5,"time":357,"speedMult":4,"angle":292.5,"angle2":258.75},{"type":"hold","duration":0.5,"time":357.5,"speedMult":4,"angle":258.75,"angle2":292.5},{"type":"hold","duration":0.5,"time":358,"speedMult":4,"angle":292.5,"angle2":258.75},{"type":"hold","duration":0.5,"angle":258.75,"speedMult":4,"time":358.5,"angle2":292.5},{"type":"hold","duration":1,"angle":292.5,"speedMult":4,"time":359,"angle2":258.75},{"type":"hold","duration":0.5,"time":360.5,"speedMult":4,"angle":258.75,"angle2":292.5},{"type":"hold","duration":1,"time":361,"speedMult":4,"angle":292.5,"angle2":236.25},{"type":"hold","duration":1,"angle":236.25,"speedMult":4,"time":362,"angle2":281.25},{"type":"hold","duration":1,"angle":281.25,"speedMult":4,"time":363,"angle2":348.75},{"type":"hold","duration":0.5,"angle":348.75,"speedMult":4,"time":364,"angle2":450},{"type":"hold","duration":0.5,"time":365.5,"speedMult":4,"angle":101.25,"angle2":146.25},{"type":"hold","duration":1,"time":366,"speedMult":4,"angle":146.25,"angle2":202.5},{"type":"hold","duration":1,"angle":202.5,"speedMult":4,"time":367,"angle2":258.75},{"type":"hold","duration":0.5,"angle":258.75,"speedMult":4,"time":369.25,"angle2":292.5},{"type":"hold","duration":1.25,"time":369.75,"speedMult":4,"angle":292.5,"angle2":258.75},{"type":"hold","duration":0.75,"angle":258.75,"speedMult":4,"time":371,"angle2":303.75},{"type":"hold","duration":0.5,"time":371.75,"speedMult":4,"angle":303.75,"angle2":258.75},{"type":"hold","duration":0.5,"angle":258.75,"speedMult":4,"time":372.25,"angle2":326.25},{"type":"hold","duration":0.5,"time":372.75,"speedMult":4,"angle":326.25,"angle2":450},{"type":"hold","duration":0.5,"time":373.25,"speedMult":4,"angle":450,"angle2":427.5},{"type":"hold","time":373.75,"angle":67.5,"angle2":45,"duration":0.75,"speedMult":4},{"type":"hold","angle":405,"time":374.5,"angle2":348.75,"duration":1,"speedMult":4},{"type":"hold","time":375.5,"speedMult":10,"duration":1,"angle":348.75,"angle2":416.25},{"type":"hold","time":377,"angle":427.5,"angle2":348.75,"duration":1,"speedMult":4},{"type":"hold","angle":348.75,"time":378,"angle2":258.75,"duration":0.5,"speedMult":4},{"type":"hold","duration":2,"time":378.5,"speedMult":4,"angle":258.75,"angle2":258.75},{"type":"hold","time":380.5,"angle":258.75,"angle2":315,"duration":1,"speedMult":4},{"type":"hold","angle":315,"time":381.5,"angle2":258.75,"duration":1,"speedMult":4},{"type":"hold","time":382.5,"angle":258.75,"angle2":303.75,"duration":1,"speedMult":4},{"type":"hold","angle":303.75,"time":383.5,"angle2":258.75,"duration":1,"speedMult":4}]