{"events":[{"type":"play","volume":0.59999990463257,"time":1,"bpm":130,"file":"Metaton.ogg","angle":0},{"type":"setColor","color":1,"g":211,"angle":0,"r":255,"time":-2.5,"b":0},{"type":"setBgColor","color":2,"angle":337.5,"voidColor":0,"time":-2.5},{"type":"setColor","color":0,"g":211,"angle":45,"r":255,"time":-2.5,"b":0},{"type":"setColor","color":2,"g":0,"angle":22.5,"r":0,"time":-2.5,"b":0},{"type":"setBgColor","time":32.5,"color":4,"angle":157.5},{"type":"setColor","color":1,"g":0,"angle":135,"r":0,"time":32.5,"b":0},{"type":"setColor","color":4,"g":211,"angle":112.5,"r":255,"time":32.75,"b":0},{"type":"setColor","color":0,"g":0,"angle":146.25,"r":0,"time":32.5,"b":0},{"type":"noise","time":33.25,"angle":157.5,"color":4,"chance":0.74999976158142},{"type":"hom","time":33.25,"enable":true,"angle":135},{"duration":1.75,"time":29.5,"angle":326.25,"type":"ease","var":"vfx.canvPos.sx","value":1.4999996423721},{"duration":1.75,"time":29.5,"angle":303.75,"type":"ease","var":"vfx.canvPos.sy","value":1.4999995231628},{"duration":0.25,"time":31.25,"angle":202.5,"type":"ease","var":"vfx.canvPos.sy","value":1},{"duration":0.25,"time":31.25,"angle":213.75,"type":"ease","var":"vfx.canvPos.sx","value":1},{"duration":5,"time":65.5,"angle":315,"type":"ease","var":"vfx.canvPos.sy","value":20},{"duration":5,"time":65.5,"angle":326.25,"type":"ease","var":"vfx.canvPos.sx","value":20},{"type":"setBgColor","time":70.5,"color":4,"angle":303.75},{"duration":0.5,"time":70.5,"r":255,"b":0,"type":"setColor","g":211,"angle":326.25,"color":0},{"duration":0.5,"time":70.5,"r":255,"b":0,"type":"setColor","g":211,"angle":348.75,"color":1},{"type":"setColor","color":4,"g":211,"angle":11.25,"r":255,"time":70.5,"b":0},{"duration":0,"time":71,"angle":348.75,"type":"ease","var":"vfx.canvPos.sy","value":1},{"duration":0,"time":71,"angle":326.25,"type":"ease","var":"vfx.canvPos.sx","value":1},{"type":"setBgColor","time":72.5,"color":4,"angle":303.75},{"duration":0.5,"time":72.5,"r":255,"b":0,"type":"setColor","g":211,"angle":326.25,"color":0},{"duration":0.5,"time":72.5,"r":255,"b":0,"type":"setColor","g":211,"angle":348.75,"color":1},{"type":"setColor","color":4,"g":0,"angle":11.25,"r":0,"time":72.5,"b":0},{"type":"noise","time":65.25,"angle":337.5,"color":0,"chance":0},{"type":"hom","time":65.25,"enable":false,"angle":348.75},{"type":"paddles","newWidth":60,"time":-2.5,"angle":67.5,"duration":0,"paddle":1,"ease":"linear"},{"type":"paddles","newWidth":60,"time":5.6666669845581,"angle":33.75,"duration":0.75,"paddle":1,"ease":"linear"},{"type":"paddles","newWidth":45,"time":6.5,"angle":45,"duration":0.5,"paddle":1,"ease":"linear"},{"type":"paddles","newWidth":70,"time":7,"angle":45,"duration":1,"paddle":1,"ease":"linear"},{"type":"paddles","newWidth":50,"time":9.25,"angle":56.25,"duration":1,"paddle":1,"ease":"linear"},{"type":"paddles","newWidth":60,"time":115.75,"angle":22.5,"duration":0.25,"paddle":1,"ease":"linear"},{"type":"noise","time":129.5,"angle":337.5,"color":2,"chance":0.49999979138374},{"type":"hom","time":129.5,"enable":true,"angle":326.25},{"type":"noise","time":161.5,"angle":135,"color":2,"chance":0.74999958276749},{"type":"paddles","newWidth":70,"time":96,"angle":191.25,"duration":0.125,"paddle":1,"ease":"linear"},{"type":"noise","time":194,"angle":180,"color":2,"chance":0},{"type":"hom","time":194,"enable":false,"angle":168.75},{"type":"noise","time":225.83334350586,"angle":67.5,"color":1,"chance":0.97000002861023},{"duration":0.16666667163372,"type":"ease","angle":78.75,"time":225.66667175293,"var":"vfx.canvPos.sx","ease":"inSine","value":1.4999997615814},{"duration":0.16666667163372,"type":"ease","angle":90,"time":225.66667175293,"var":"vfx.canvPos.sy","ease":"inSine","value":1.4999997615814},{"duration":2.5,"newWidth":45,"type":"paddles","angle":112.5,"time":225.66667175293,"paddle":1,"ease":"linear"},{"type":"noise","time":255.00001525879,"angle":225,"color":0,"chance":0},{"duration":4.0000004768372,"type":"ease","time":255.02638244629,"angle":236.25,"var":"vfx.canvPos.sx","ease":"linear","value":1.0000004768372},{"duration":4.0000004768372,"type":"ease","time":255.03257751465,"angle":213.75,"var":"vfx.canvPos.sy","ease":"linear","value":1.0000004768372},{"type":"paddles","newWidth":65,"time":258.5,"angle":303.75,"duration":1.9999997615814,"paddle":1,"ease":"linear"},{"type":"noise","time":258.5,"angle":337.5,"color":3,"chance":0.5},{"type":"hom","time":258.5,"enable":true,"angle":360},{"duration":2.5,"time":127.33333587646,"angle":337.5,"type":"ease","var":"vfx.canvPos.sy","value":1.7000000476837},{"duration":2.5,"time":127.33333587646,"angle":315,"type":"ease","var":"vfx.canvPos.sx","value":1.7000000476837},{"duration":0.25,"time":129.5,"angle":22.5,"type":"ease","var":"vfx.canvPos.sy","value":1.0000007152557},{"duration":0.25,"time":129.5,"angle":33.75,"type":"ease","var":"vfx.canvPos.sx","value":1.0000007152557},{"duration":2.5,"time":318.5,"angle":258.75,"type":"ease","var":"vfx.canvPos.sy","value":1.7000000476837},{"duration":2.5,"time":318.5,"angle":247.5,"type":"ease","var":"vfx.canvPos.sx","value":1.7000000476837},{"type":"noise","angle":270,"time":318.5,"color":3,"chance":0.0099999997764826},{"duration":0.25,"time":321.25,"angle":157.5,"type":"ease","var":"vfx.canvPos.sy","value":1.0000007152557},{"duration":0.25,"time":321.25,"angle":146.25,"type":"ease","var":"vfx.canvPos.sx","value":1.0000007152557},{"type":"noise","time":321.25,"angle":168.75,"color":2,"chance":0.5},{"type":"paddles","newWidth":40,"angle":258.75,"time":353.75,"duration":0.25,"paddle":1,"ease":"linear"},{"type":"setBgColor","time":255,"color":3,"angle":191.25},{"duration":3.5,"time":255,"r":0,"b":0,"type":"setColor","g":0,"angle":180,"color":0},{"duration":3.5,"time":255,"r":0,"b":0,"type":"setColor","g":0,"angle":168.75,"color":1},{"duration":3.5,"time":255,"r":255,"b":0,"type":"setColor","g":211,"angle":157.5,"color":3}],"properties":{"speed":70,"offset":2,"formatversion":13},"metadata":{"bgData":{"redChannel":{"r":255,"b":0,"g":211},"blueChannel":{"r":0,"b":255,"g":0},"greenChannel":{"r":0,"b":0,"g":0},"yellowChannel":{"r":255,"b":255,"g":255},"magentaChannel":{"r":255,"b":255,"g":255},"cyanChannel":{"r":255,"b":255,"g":255},"image":"zalupka.png"},"bg":true,"artistLink":"","songName":"Mudaton","description":"Detka voy moi trahoshtir","difficulty":6,"artist":"Sneypil","charter":"Sigma"}}