{"metadata":{"difficulty":5,"bg":true,"bgData":{"image":"title2.png","cyanChannel":{"r":217,"g":249,"b":255},"redChannel":{"r":230,"g":217,"b":170},"blueChannel":{"r":216,"g":190,"b":154},"greenChannel":{"r":37,"g":39,"b":34},"yellowChannel":{"r":98,"g":94,"b":62},"magentaChannel":{"r":167,"g":211,"b":255}},"songName":"Final Duet","description":"when the duet is final","artistLink":"","artist":"Pedro Silva","charter":"Something"},"events":[{"angle":270,"file":"whentheduetisfinal.ogg","bpm":84.099998474121,"time":-1.5,"type":"play","volume":1},{"value":1.2000000476837,"ease":"outSine","time":26.875,"duration":0.5,"type":"ease","var":"scrollSpeed","angle":180},{"type":"bookmark","g":254.99744653702,"angle":202.5,"name":"waltz","r":255,"time":26.875,"description":"","b":254.99744653702},{"type":"setColor","r":255,"color":0,"g":255,"time":-8,"angle":0,"b":255},{"type":"setColor","r":255,"color":1,"g":255,"time":-8,"angle":22.5,"b":255},{"type":"setColor","g":169,"angle":22.5,"r":165,"color":1,"duration":10,"time":-3,"b":202},{"type":"setColor","g":255,"angle":202.5,"r":255,"color":1,"duration":1.4999998807907,"time":25.333333969116,"b":255},{"type":"setColor","r":239,"color":0,"g":200,"time":26.875,"angle":135,"b":129},{"type":"setColor","r":26,"color":1,"g":26,"time":26.875,"angle":112.5,"b":35},{"type":"setColor","r":235,"color":2,"g":223,"time":26.875,"angle":90,"b":184},{"type":"setBgColor","color":2,"angle":67.5,"time":26.875},{"type":"setColor","r":100,"color":2,"g":77,"time":39,"angle":202.5,"b":41},{"type":"setColor","r":239,"color":0,"g":227,"time":45.166667938232,"angle":135,"b":181},{"type":"setColor","r":240,"color":2,"g":202,"time":45.166667938232,"angle":112.5,"b":166},{"spriteName":"sleep.png","type":"forcePlayerSprite","angle":180,"time":39},{"spriteName":"","type":"forcePlayerSprite","angle":90,"time":45.166667938232},{"type":"setColor","r":100,"color":2,"g":77,"time":74.5,"angle":315,"b":41},{"type":"setColor","r":239,"color":0,"g":200,"time":74.5,"angle":292.5,"b":129},{"type":"setColor","r":226,"color":2,"g":185,"time":87,"angle":315,"b":163},{"type":"setColor","r":235,"color":0,"g":212,"time":87,"angle":292.5,"b":161},{"value":2,"ease":"outSine","time":99.5,"duration":1,"type":"ease","var":"scrollSpeed","angle":157.5},{"value":1.2000000476837,"ease":"inSine","time":100.5,"duration":2,"type":"ease","var":"scrollSpeed","angle":180},{"value":3,"type":"ease","time":102.5,"duration":1,"ease":"outSine","var":"scrollSpeed","angle":45},{"value":2.5,"ease":"inSine","time":104,"duration":1.5,"type":"ease","var":"scrollSpeed","angle":112.5},{"type":"setColor","r":103,"color":2,"g":167,"time":85,"angle":315,"b":165},{"type":"setColor","r":190,"color":0,"g":183,"time":85,"angle":292.5,"b":146},{"type":"setColor","r":235,"color":2,"g":226,"time":93,"angle":157.5,"b":215},{"type":"setColor","r":219,"color":0,"g":214,"time":93,"angle":135,"b":182},{"r":234,"angle":337.5,"color":2,"type":"setColor","time":102.5,"g":192,"b":168},{"r":206,"angle":360,"color":0,"type":"setColor","time":102.5,"g":193,"b":180},{"r":255,"angle":45,"color":3,"type":"setColor","time":102,"g":255,"b":201},{"angle":67.5,"ox":92,"oy":92,"sx":1,"sy":1,"id":"bg","sprite":"sun.png","x":300,"time":102.5,"type":"deco","drawLayer":"bg","y":160},{"value":4,"type":"ease","time":102.5,"var":"p.outlineColor","angle":11.25},{"r":26,"angle":45,"color":4,"type":"setColor","time":26.75,"g":26,"b":35},{"r":255,"type":"setColor","color":4,"angle":22.5,"time":102.5,"g":255,"b":201},{"value":1,"angle":22.5,"time":108.33333587646,"var":"p.outlineColor","type":"ease"},{"type":"deco","ox":256,"oy":212,"sx":1.2000000476837,"sy":1.2000000476837,"id":"bg","sprite":"waterbg.png","y":0,"x":300,"time":108.33333587646,"angle":15},{"type":"setColor","r":0,"color":5,"g":0,"time":108.33333587646,"angle":360,"b":0},{"r":18,"type":"setColor","g":53,"color":6,"time":108.33333587646,"angle":345,"b":170},{"g":163,"r":75,"color":3,"type":"setColor","time":108.33333587646,"angle":330,"b":224},{"type":"setColor","r":75,"color":4,"g":116,"time":108.33333587646,"angle":315,"b":251},{"type":"deco","ox":300,"id":"fg","sprite":"watertop.png","y":0,"x":300,"time":108.33333587646,"angle":300},{"angle":285,"r":5,"g":24,"color":1,"time":108.33333587646,"type":"setColor","b":75},{"r":187,"angle":270,"g":150,"color":0,"time":108.33333587646,"type":"setColor","b":79},{"type":"deco","ease":"outSine","id":"fg","r":2,"time":108.33333587646,"y":-2,"duration":0.99999988079071,"order":1,"angle":255},{"type":"deco","ease":"inOutSine","duration":2,"id":"fg","r":-2,"time":109.33333587646,"y":2,"angle":255},{"ease":"inOutSine","type":"deco","duration":2,"id":"fg","r":2,"time":111.33333587646,"y":2,"angle":255},{"type":"deco","angle":255,"y":2,"id":"fg","r":-2,"time":113.33333587646,"duration":2,"ease":"inOutSine"},{"type":"deco","angle":255,"y":2,"id":"fg","r":2,"time":115.33333587646,"duration":2,"ease":"inOutSine"},{"spriteName":"close1.png","angle":135,"type":"forcePlayerSprite","time":112.5},{"spriteName":"close2.png","angle":135,"type":"forcePlayerSprite","time":113},{"spriteName":"close3.png","angle":135,"type":"forcePlayerSprite","time":113.5},{"spriteName":"close4.png","angle":135,"type":"forcePlayerSprite","time":114},{"spriteName":"sleep.png","angle":135,"type":"forcePlayerSprite","time":114.5},{"type":"setColor","g":255,"angle":123.75,"r":255,"color":0,"duration":2,"time":117,"b":255},{"type":"setColor","g":255,"angle":112.5,"r":255,"color":1,"duration":2,"time":117,"b":255},{"type":"setColor","g":255,"angle":101.25,"r":255,"color":2,"duration":2,"time":117,"b":255},{"type":"deco","angle":90,"time":119,"hide":true,"id":"bg"},{"type":"setColor","g":224,"angle":123.75,"r":236,"color":0,"duration":1,"time":119,"b":191},{"type":"setColor","g":11,"angle":112.5,"r":13,"color":1,"duration":1,"time":119,"b":35},{"type":"setColor","g":251,"angle":101.25,"r":251,"color":2,"duration":1,"time":119,"b":243},{"type":"deco","angle":78.75,"time":119,"hide":true,"id":"fg"},{"type":"setColor","g":255,"angle":78.75,"r":255,"color":3,"duration":2,"time":117,"b":255},{"type":"setColor","g":255,"angle":67.5,"r":255,"color":4,"duration":2,"time":117,"b":255},{"type":"setColor","g":255,"angle":56.25,"r":255,"color":5,"duration":2,"time":117,"b":255},{"angle":45,"g":255,"type":"setColor","r":255,"color":6,"duration":2,"time":117,"b":255},{"duration":1.5,"type":"deco","ease":"inSine","oy":0,"time":117,"angle":146.25,"id":"bg"},{"type":"deco","ease":"inOutSine","angle":168.75,"y":-120,"time":117,"duration":5,"id":"fg"},{"g":92,"r":96,"color":0,"angle":157.5,"time":128,"type":"setColor","b":79},{"type":"setColor","r":52,"color":1,"g":53,"time":128,"angle":146.25,"b":66},{"r":155,"angle":101.25,"color":3,"g":150,"time":128,"type":"setColor","b":126},{"spriteName":"sad.png","angle":123.75,"type":"forcePlayerSprite","time":128},{"ease":"inBack","g":0,"duration":1,"angle":45,"r":0,"color":0,"type":"setColor","time":133,"b":0},{"ease":"inBack","g":0,"duration":1,"type":"setColor","r":0,"color":1,"angle":67.5,"time":133,"b":0},{"ease":"inBack","g":0,"duration":1,"angle":90,"r":0,"color":2,"type":"setColor","time":133,"b":0},{"r":237,"type":"setColor","color":2,"angle":67.5,"time":128,"g":238,"b":244},{"duration":0.5,"angle":202.5,"y":2,"type":"deco","time":110.33333587646,"id":"fg"},{"y":2,"angle":247.5,"time":112.33333587646,"type":"deco","duration":0.5,"id":"fg"},{"y":2,"angle":202.5,"time":114.33333587646,"type":"deco","duration":0.5,"id":"fg"},{"y":2,"angle":202.5,"time":116.33333587646,"type":"deco","duration":0.5,"id":"fg"},{"duration":0.5,"type":"deco","y":2,"angle":202.5,"time":120.33333587646,"id":"fg"},{"value":2,"type":"ease","time":108.25,"var":"vfx.hwaves.strength","angle":202.5},{"value":60,"type":"ease","time":108.25,"angle":180,"var":"vfx.hwaves.offset","duration":10},{"value":0,"type":"ease","time":119,"var":"vfx.hwaves.strength","angle":67.5},{"value":3,"type":"ease","time":134,"var":"p.outlineColor","angle":112.5},{"value":3,"type":"ease","time":134,"var":"p.faceColor","angle":135},{"r":0,"angle":157.5,"g":0,"type":"setColor","time":134,"color":3,"b":0},{"angle":180,"g":255,"type":"setColor","r":255,"color":1,"time":136,"duration":2,"b":255},{"value":1,"type":"ease","time":134,"var":"scrollSpeed","angle":180},{"angle":292.5,"ox":0,"oy":0,"sx":1,"sy":1,"id":"bg","sprite":"spotlight.png","type":"deco","x":0,"time":139.25,"y":0,"hide":false},{"type":"setColor","angle":315,"g":21,"r":19,"time":139.25,"color":2,"b":51},{"r":251,"angle":22.5,"color":5,"type":"setColor","time":139.25,"g":250,"b":174},{"type":"setColor","r":47,"color":6,"g":45,"time":139.25,"angle":0,"b":104},{"type":"setColor","angle":337.5,"g":39,"r":37,"time":139.25,"color":7,"b":68},{"time":177,"type":"showResults","angle":180},{"value":1.5,"type":"ease","duration":5,"time":142.75,"var":"vfx.canvPos.sx","angle":135},{"value":1.5,"type":"ease","time":142.75,"duration":5,"var":"vfx.canvPos.sy","angle":112.5},{"type":"bookmark","g":231.0142582655,"angle":45,"name":"window of afterlife","r":222.02205598354,"time":157.5,"description":"window of afterlife","b":247.49999284744},{"value":300,"type":"ease","ease":"inOutSine","time":155.5,"duration":4,"var":"p.y","angle":157.5},{"value":0,"type":"ease","time":157.5,"var":"p.fillColor","angle":0},{"value":1,"type":"ease","time":157.5,"var":"p.outlineColor","angle":135},{"value":1,"type":"ease","time":157.5,"var":"vfx.canvPos.sx","angle":180},{"value":1,"type":"ease","time":157.5,"var":"vfx.canvPos.sy","angle":202.5},{"sprite":"window.png","type":"deco","angle":112.5,"time":157.5,"id":"bg"},{"type":"setColor","g":221,"angle":225,"r":237,"color":0,"time":157.5,"duration":1,"b":189},{"angle":247.5,"g":34,"type":"setColor","r":34,"color":1,"time":157.5,"duration":1,"b":70},{"angle":270,"g":240,"type":"setColor","r":229,"color":2,"time":157.5,"duration":1,"b":251},{"type":"setColor","angle":292.5,"g":225,"color":3,"time":157.5,"r":207,"b":255},{"r":100,"angle":315,"color":4,"g":118,"time":157.5,"type":"setColor","b":113},{"color":5,"r":158,"g":190,"angle":337.5,"time":157.5,"type":"setColor","b":246},{"spriteName":"idle","type":"forcePlayerSprite","angle":0,"time":156},{"angle":180,"g":255,"type":"setColor","r":255,"color":5,"time":156,"duration":1.5,"b":255},{"type":"setColor","g":255,"angle":202.5,"r":255,"color":4,"duration":1.5,"time":156,"b":255},{"type":"setColor","g":255,"angle":225,"r":255,"color":3,"duration":1.5,"time":156,"b":255},{"value":-1,"type":"ease","time":157.5,"var":"p.faceColor","angle":157.5},{"type":"setColor","g":255,"angle":247.5,"r":255,"color":0,"time":167,"duration":6,"b":255},{"angle":225,"g":255,"type":"setColor","r":255,"color":1,"duration":6,"time":167,"b":255},{"angle":202.5,"g":255,"type":"setColor","r":255,"color":2,"duration":6,"time":167,"b":255},{"angle":180,"g":255,"type":"setColor","r":255,"color":3,"duration":6,"time":167,"b":255},{"angle":157.5,"g":255,"type":"setColor","r":255,"color":4,"duration":6,"time":167,"b":255},{"angle":135,"g":255,"type":"setColor","r":255,"color":5,"duration":6,"time":167,"b":255},{"angle":112.5,"g":255,"type":"setColor","r":255,"color":6,"duration":6,"time":167,"b":255},{"type":"setColor","g":255,"angle":135,"r":255,"color":7,"duration":1.5,"time":156,"b":255},{"type":"setColor","g":255,"angle":157.5,"r":255,"color":6,"duration":1.5,"time":156,"b":255},{"angle":270,"g":255,"type":"setColor","r":255,"color":1,"time":156,"duration":1.5,"b":255},{"type":"setColor","g":255,"angle":292.5,"r":255,"color":0,"duration":1.5,"time":156,"b":255},{"type":"setColor","g":255,"angle":247.5,"r":255,"color":2,"time":156,"duration":1.5,"b":255}],"properties":{"startBeat":0,"formatversion":12,"speed":50,"offset":8}}