[{"time":0.5,"angle":225,"angle2":427.5,"type":"mineHold","segments":1,"duration":0},{"time":0.5,"angle":225,"angle2":360,"type":"mineHold","duration":0,"segments":1},{"time":0.5,"angle":67.5,"angle2":-67.5,"type":"mineHold","segments":1,"duration":0},{"time":0.5,"angle":225,"angle2":292.5,"type":"mineHold","duration":0},{"time":0.5,"angle":292.5,"angle2":360,"type":"mineHold","duration":0},{"time":0.5,"angle":0,"angle2":67.5,"type":"mineHold","duration":0},{"time":0,"angle":247.5,"angle2":292.5,"type":"mineHold","duration":0.5,"segments":1},{"time":0,"angle":22.5,"angle2":0,"type":"mineHold","duration":0.5,"segments":1}]