{"metadata":{"description":"","charter":"Jack932","songName":"theyaremanycolors","bg":false,"difficulty":0,"artistLink":"","artist":"Frums"},"properties":{"loadBeat":1,"offset":8,"speed":70,"formatversion":13,"startBeat":0},"events":[{"type":"play","bpm":180,"offset":0.090000003576279,"volume":1,"time":1.5,"file":"audio.ogg","angle":0},{"type":"setBoolean","time":0,"var":"vfx.drawUI","angle":112.5,"enable":false},{"type":"ease","time":0.25,"var":"p.y","value":-100,"angle":0},{"color":0,"r":0,"time":0,"type":"setColor","g":0,"b":0,"angle":22.5},{"color":0,"time":0,"type":"setBgColor","angle":0},{"color":1,"time":0,"chance":0.94999998807907,"type":"noise","angle":45},{"color":1,"r":65,"time":0,"type":"setColor","g":64,"b":64,"angle":67.5},{"type":"setBoolean","time":0,"var":"vfx.ignoreNoiseCorrection","angle":90,"enable":true},{"description":"","time":1.5,"b":0,"type":"bookmark","name":"gray","g":0,"angle":337.5,"r":0},{"description":"","time":120,"b":0,"type":"bookmark","name":"colors","g":0,"angle":0,"r":0},{"description":"","time":122,"b":0,"type":"bookmark","name":"red","g":0,"angle":0,"r":255},{"description":"","time":242,"b":0,"type":"bookmark","name":"green","g":255,"angle":0,"r":0},{"description":"","time":384,"b":255,"type":"bookmark","name":"blue","g":0,"angle":360,"r":0},{"description":"","time":496,"b":0,"type":"bookmark","name":"gray","g":0,"angle":0,"r":0},{"color":1,"r":65,"time":496,"type":"setColor","g":65,"b":65,"angle":45},{"recolor":0,"x":0,"y":0,"time":496,"ox":0,"oy":0,"type":"deco","id":"box","angle":22.5,"sx":2,"sprite":"boxinverted.png","sy":2},{"color":1,"time":496,"chance":0.89999997615814,"type":"noise","angle":67.5},{"type":"setBPM","bpm":210,"time":383.5,"angle":0},{"type":"deco","id":"box","time":503,"hide":true,"angle":0},{"color":0,"time":503,"chance":0,"type":"noise","angle":337.5},{"type":"forcePlayerSprite","time":0.25,"spriteName":"none","angle":45},{"type":"ease","time":0.25,"var":"p.outlineColor","value":0,"angle":67.5},{"x":300,"y":180,"time":0.5,"ox":12.5,"oy":12.5,"drawOrder":12,"type":"deco","id":"box","angle":360,"sx":4,"sprite":"box.png","sy":4},{"color":6,"r":0,"time":0.5,"type":"setColor","g":0,"b":0,"angle":67.5},{"x":480,"y":0,"time":1.5,"ox":64,"oy":0,"angle":22.5,"type":"deco","id":"txt","sx":4,"sprite":"txt#0","sy":4},{"type":"deco","id":"txt","time":13.5,"sprite":"txt#1","angle":22.5},{"time":0.5,"sy":6,"ox":50,"oy":30,"drawOrder":12,"type":"deco","id":"border","sx":6,"sprite":"border.png","angle":45},{"color":7,"r":255,"time":0.5,"type":"setColor","g":255,"b":255,"angle":22.5},{"type":"deco","id":"txt","time":25.5,"sprite":"txt#2","angle":22.5},{"x":120,"y":360,"time":27,"oy":5,"angle":45,"type":"deco","id":"t","sx":4,"sprite":"dots!m","sy":4},{"type":"deco","hide":false,"time":28.125,"id":"t","sprite":"dots!p","angle":45},{"type":"deco","hide":false,"time":29.25,"id":"t","sprite":"dots!m","angle":45},{"type":"deco","hide":false,"time":32,"id":"t","sprite":"dots!m","angle":45},{"type":"deco","hide":false,"time":32.3125,"id":"t","sprite":"dots!p","angle":45},{"type":"deco","hide":false,"time":32.625,"id":"t","sprite":"dots!p","angle":45},{"type":"deco","hide":false,"time":36.75,"id":"t","sprite":"dots!d","angle":22.5},{"type":"deco","id":"txt","time":37.5,"hide":true,"angle":22.5},{"x":138,"y":18,"time":37.25,"ox":4.5,"oy":4.5,"angle":45,"type":"deco","id":"shape","sx":4,"sprite":"shape!in","sy":4},{"type":"deco","id":"shape","time":39,"sprite":"shape#4","angle":45},{"type":"deco","id":"shape","time":40.125,"r":90,"sprite":"shape#4","angle":45},{"type":"deco","id":"shape","time":41.25,"sprite":"shape#3","angle":45},{"type":"deco","id":"shape","time":42.375,"r":0,"sprite":"shape#5","angle":45},{"type":"deco","id":"shape","time":43.5,"r":90,"sprite":"shape#3","angle":45},{"type":"deco","id":"shape","time":44.625,"sprite":"shape#5","angle":45},{"type":"deco","id":"shape","time":47,"r":0,"sprite":"shape#6","angle":45},{"recolor":5,"id":"shape","time":47.375,"angle":45,"type":"deco","sprite":"shape#6","r":90},{"color":5,"r":255,"time":47.25,"type":"setColor","g":255,"b":255,"angle":67.5},{"time":51.5,"b":0,"angle":67.5,"color":5,"duration":11.5,"g":0,"type":"setColor","r":0},{"type":"deco","id":"shape","time":63.25,"hide":true,"angle":45},{"x":480,"y":360,"time":40.25,"ox":64,"oy":14,"angle":67.5,"type":"deco","id":"dialog","sx":4,"sprite":"dialog#0","sy":4},{"type":"deco","id":"dialog","time":46.5,"hide":true,"angle":67.5},{"type":"deco","hide":false,"time":51.75,"id":"dialog","sprite":"dialog#1","angle":67.5},{"type":"deco","id":"dialog","time":58.5,"hide":true,"angle":67.5},{"type":"deco","hide":false,"time":64.5,"id":"dialog","sprite":"dialog#2","angle":67.5},{"type":"deco","id":"dialog","time":69,"hide":true,"angle":67.5},{"type":"deco","hide":false,"time":71.75,"id":"dialog","sprite":"dialog#3","angle":67.5},{"type":"deco","id":"dialog","time":78,"hide":true,"angle":67.5},{"recolor":6,"time":39,"sx":8,"ox":12.5,"oy":12.5,"angle":90,"type":"deco","id":"rect1","sy":8,"sprite":"rect.png","r":45},{"type":"deco","id":"rect1","time":40.5,"hide":true,"angle":90},{"type":"deco","id":"rect1","time":42,"hide":false,"angle":90},{"type":"deco","id":"rect1","time":43.5,"hide":true,"angle":90},{"type":"deco","id":"rect1","time":45,"hide":false,"angle":90},{"recolor":6,"time":57.75,"sx":8,"ox":12.5,"oy":12.5,"angle":90,"type":"deco","id":"rect2","sy":8,"sprite":"rect.png","r":0},{"type":"deco","id":"rect1","time":46.5,"hide":true,"angle":90},{"type":"deco","hide":false,"time":48,"r":45,"id":"rect1","angle":90},{"type":"deco","id":"rect1","time":49.5,"hide":true,"angle":90},{"type":"deco","id":"rect1","time":45.75,"angle":90,"r":0},{"type":"deco","id":"rect1","time":51,"hide":false,"angle":90},{"type":"deco","id":"rect1","time":52.5,"hide":true,"angle":90},{"type":"deco","id":"rect1","time":54,"hide":false,"angle":90},{"type":"deco","id":"rect1","time":55.5,"hide":true,"angle":90},{"type":"deco","id":"rect1","time":57,"hide":false,"angle":90},{"type":"deco","id":"rect1","time":58.5,"hide":true,"angle":90},{"type":"deco","id":"rect1","time":60,"hide":false,"angle":90},{"type":"deco","id":"rect2","time":60,"hide":true,"angle":112.5},{"type":"deco","id":"rect1","time":61.5,"hide":true,"angle":90},{"type":"deco","id":"rect1","time":63,"hide":false,"angle":90},{"type":"deco","id":"rect1","time":64.5,"hide":true,"angle":90},{"type":"deco","id":"rect1","time":66,"hide":false,"angle":90},{"type":"deco","id":"rect1","time":67.5,"hide":true,"angle":90},{"type":"deco","id":"rect1","time":69,"hide":false,"angle":90},{"type":"deco","hide":true,"time":70.5,"r":45,"id":"rect1","angle":90},{"type":"deco","hide":false,"time":69.75,"r":0,"id":"rect1","angle":90},{"type":"deco","id":"rect1","time":72,"hide":false,"angle":90},{"type":"deco","id":"rect1","time":73.5,"hide":true,"angle":90},{"type":"deco","id":"rect1","time":75,"hide":false,"angle":90},{"type":"deco","id":"rect1","time":76.5,"hide":true,"angle":90},{"type":"deco","id":"rect1","time":78,"hide":false,"angle":90},{"type":"deco","id":"rect1","time":79.5,"hide":true,"angle":90},{"type":"deco","id":"rect1","time":81,"hide":false,"angle":90},{"type":"deco","id":"rect2","time":81.75,"hide":false,"angle":90},{"type":"deco","id":"rect1","time":84,"r":0,"order":0,"angle":90},{"type":"deco","id":"rect1","duration":0.75,"angle":112.5,"order":1,"time":84,"r":45},{"type":"deco","id":"rect2","time":84,"hide":true,"angle":135},{"type":"deco","id":"rect1","duration":25.5,"angle":90,"time":94.5,"ease":"inSine","r":90},{"type":"deco","id":"rect1","time":120,"hide":true,"angle":90},{"color":0,"time":120,"chance":0,"type":"noise","angle":112.5},{"sx":360,"time":120,"sy":360,"ox":0.5,"oy":0.5,"drawOrder":13,"type":"deco","hide":false,"id":"px","sprite":"px.png","angle":67.5},{"color":4,"r":0,"time":120,"type":"setColor","g":255,"b":0,"angle":135},{"color":3,"r":0,"time":120,"type":"setColor","g":0,"b":255,"angle":157.5},{"color":2,"r":255,"time":120,"type":"setColor","g":0,"b":0,"angle":180},{"x":600,"y":360,"time":120,"ox":61,"oy":23,"drawOrder":14,"type":"deco","id":"colors","angle":225,"sx":4,"sprite":"colors#0","sy":4},{"type":"deco","id":"colors","time":121,"sprite":"colors!f","angle":225},{"type":"deco","id":"t","time":38,"hide":true,"angle":22.5},{"type":"deco","id":"colors","time":122,"hide":true,"angle":225},{"type":"deco","id":"border","time":94.5,"duration":25.5,"ease":"inSine","sx":10,"angle":67.5},{"type":"deco","id":"px","time":122,"hide":true,"angle":202.5},{"x":300,"y":180,"time":122,"sy":1.1749999523163,"ox":300,"oy":300,"drawOrder":10,"type":"deco","id":"cyl","sx":1.1749999523163,"order":0,"angle":180,"drawLayer":"bg","sprite":"cyl1!l","r":41},{"type":"deco","id":"cyl","duration":48,"angle":168.75,"order":1,"time":122,"r":497},{"color":1,"r":127,"time":122,"type":"setColor","g":0,"b":0,"angle":90},{"type":"deco","id":"cyl","time":145.375,"sprite":"cyl1!lbf","angle":90},{"type":"deco","id":"cyl","time":146,"sprite":"cyl1!lb","angle":90},{"x":0,"y":180,"time":122,"angle":135,"effectCanvas":true,"oy":16,"drawOrder":11,"type":"deco","id":"sti1","sx":32,"order":0,"ox":16,"effectCanvasRaw":false,"sprite":"strips.png","sy":32},{"recolor":6,"id":"box","time":120,"angle":202.5,"type":"deco","drawLayer":"fg","drawOrder":50},{"type":"deco","id":"sti1","duration":52,"order":1,"time":122,"x":-512,"angle":112.5},{"x":200,"y":166,"effectCanvas":true,"drawOrder":11,"effectCanvasRaw":false,"id":"sti2","order":0,"angle":123.75,"time":122,"ox":20,"oy":16,"type":"deco","r":180,"sx":32,"sprite":"strips.png","sy":32},{"x":700,"time":122,"type":"deco","id":"sti2","order":1,"duration":52,"ease":"inOutElastic","angle":101.25},{"time":167,"id":"px","drawOrder":13,"type":"deco","hide":false,"angle":202.5,"sx":600,"sy":600},{"type":"deco","id":"px","time":170,"hide":true,"angle":202.5},{"type":"deco","id":"sti1","time":167,"hide":true,"angle":135},{"type":"deco","id":"sti2","time":167,"hide":true,"angle":112.5},{"type":"deco","id":"cyl","time":170,"angle":180,"order":0,"sprite":"cyl2!l","r":0},{"x":300,"y":180,"time":170,"ox":16,"oy":16,"drawOrder":11,"effectCanvasRaw":false,"hide":false,"effectCanvas":true,"order":0,"id":"sti1","type":"deco","angle":157.5},{"x":-512,"time":170,"order":1,"type":"deco","id":"sti1","duration":48,"sx":28,"ease":"outBack","angle":135},{"x":300,"y":180,"time":170,"ox":16,"oy":16,"drawOrder":11,"effectCanvasRaw":false,"hide":false,"r":-90,"order":0,"effectCanvas":true,"id":"sti2","type":"deco","angle":146.25},{"y":900,"time":170,"type":"deco","id":"sti2","duration":48,"order":1,"ease":"inOutBack","angle":123.75},{"type":"deco","id":"sti1","time":218,"order":0,"hide":true,"angle":135},{"type":"deco","id":"sti2","time":218,"order":0,"hide":true,"angle":123.75},{"type":"deco","id":"cyl","time":218,"hide":true,"angle":146.25},{"type":"deco","id":"cyl","duration":48,"angle":168.75,"order":1,"time":170,"r":-420},{"type":"deco","id":"cyl","time":193.375,"sprite":"cyl2!lbf","angle":90},{"type":"deco","id":"cyl","time":194,"sprite":"cyl2!lb","angle":90},{"recolor":6,"time":170,"sx":2.5,"ox":70,"oy":70,"drawOrder":20,"type":"deco","id":"col","sy":2.5,"sprite":"col#12","angle":112.5},{"type":"tag","time":167,"angle":157.5,"order":0,"tag":"coreoverload","angleOffset":false},{"type":"deco","id":"col","time":181.625,"hide":false,"angle":112.5},{"type":"deco","id":"col","time":182,"sprite":"col#13","angle":112.5},{"type":"tag","time":170.375,"angleOffset":false,"tag":"colflashfull","angle":112.5},{"type":"tag","time":182.375,"angleOffset":false,"tag":"colflashfull","angle":112.5},{"type":"deco","id":"col","time":193.625,"hide":false,"angle":112.5},{"type":"deco","id":"col","time":194,"sprite":"col#14","angle":112.5},{"type":"tag","time":194.375,"angle":112.5,"tag":"colflashfull","angleOffset":false},{"type":"deco","id":"col","time":205.625,"hide":false,"angle":112.5},{"type":"deco","id":"col","time":206,"sprite":"col#15","angle":112.5},{"type":"tag","time":206.375,"angle":112.5,"tag":"colflashfulll","angleOffset":false},{"time":167,"angle":180,"order":1,"type":"deco","id":"col","duration":2.875,"sx":4,"ease":"inSine","sy":4},{"recolor":2,"x":300,"y":180,"time":218,"ox":0.5,"oy":0.5,"drawOrder":48,"type":"deco","id":"bl","angle":112.5,"order":0,"sx":300,"sy":300,"sprite":"px.png","r":35},{"time":218,"angle":101.25,"type":"deco","id":"bl","order":1,"duration":0.75,"ease":"outSine","r":55},{"type":"deco","id":"bl","time":218.75,"hide":true,"angle":101.25},{"type":"deco","id":"bl","time":220.25,"hide":true,"angle":101.25},{"time":218,"angle":90,"order":1,"type":"deco","id":"bl","duration":0.75,"sx":180,"ease":"outCubic","sy":180},{"time":219.5,"angle":112.5,"type":"deco","hide":false,"order":0,"id":"bl","sx":300,"sy":300},{"time":219.5,"angle":101.25,"order":1,"type":"deco","hide":false,"duration":0.75,"id":"bl","ease":"outSine","r":35},{"time":219.5,"angle":90,"order":1,"type":"deco","id":"bl","duration":0.75,"sx":180,"ease":"outCubic","sy":180},{"time":224,"sy":60,"angle":112.5,"sx":60,"type":"deco","hide":false,"order":0,"id":"bl","sprite":"px.png","r":55},{"time":224,"angle":101.25,"type":"deco","id":"bl","order":1,"duration":0.75,"ease":"outSine","r":35},{"time":224,"angle":90,"order":1,"type":"deco","id":"bl","duration":0.75,"sx":180,"ease":"outCubic","sy":180},{"type":"deco","id":"bl","time":224.75,"hide":true,"angle":101.25},{"type":"deco","id":"bl","time":226.25,"hide":true,"angle":101.25},{"time":225.5,"id":"bl","angle":112.5,"type":"deco","hide":false,"order":0,"sy":360,"sx":360,"r":0},{"time":225.5,"angle":101.25,"order":1,"type":"deco","hide":false,"duration":0.75,"id":"bl","ease":"outCubic","r":55},{"time":225.5,"angle":90,"order":1,"type":"deco","id":"bl","duration":0.75,"sx":180,"ease":"outCubic","sy":180},{"y":100,"time":218.75,"angle":78.75,"ox":48,"oy":48,"type":"deco","id":"c1","order":0,"sx":0,"sprite":"cf.png","sy":0},{"x":380,"time":218.9375,"angle":78.75,"ox":48,"oy":48,"type":"deco","id":"c2","order":0,"sx":0,"sprite":"cf.png","sy":0},{"y":260,"time":219.125,"angle":78.75,"ox":48,"oy":48,"type":"deco","id":"c3","order":0,"sx":0,"sprite":"cf.png","sy":0},{"x":220,"time":219.3125,"angle":78.75,"ox":48,"oy":48,"type":"deco","id":"c4","order":0,"sx":0,"sprite":"cf.png","sy":0},{"time":218.75,"angle":67.5,"order":1,"type":"deco","id":"c1","duration":0.1875,"sx":0.75,"ease":"outElastic","sy":0.75},{"time":218.9375,"angle":67.5,"order":1,"type":"deco","id":"c2","duration":0.1875,"sx":0.75,"ease":"outElastic","sy":0.75},{"time":219.125,"angle":67.5,"order":1,"type":"deco","id":"c3","duration":0.1875,"sx":0.75,"ease":"outElastic","sy":0.75},{"time":219.3125,"angle":67.5,"order":1,"type":"deco","id":"c4","duration":0.1879999935627,"sx":0.75,"ease":"outElastic","sy":0.75},{"type":"tag","time":219.5,"angle":78.75,"tag":"c1-4hide","angleOffset":false},{"time":220.25,"id":"c1","sy":0.75,"order":1,"type":"deco","hide":false,"duration":0.1875,"sx":0.75,"ease":"outElastic","angle":67.5},{"time":220.8125,"id":"c2","sy":0.75,"order":1,"type":"deco","hide":false,"duration":0.1875,"sx":0.75,"ease":"outElastic","angle":67.5},{"time":220.625,"id":"c3","sy":0.75,"order":1,"type":"deco","hide":false,"duration":0.1875,"sx":0.75,"ease":"outElastic","angle":67.5},{"time":220.4375,"id":"c4","sy":0.75,"order":1,"type":"deco","hide":false,"duration":0.1879999935627,"sx":0.75,"ease":"outElastic","angle":67.5},{"time":220.25,"angle":78.75,"type":"deco","hide":false,"order":0,"id":"c1","sx":0,"sy":0},{"type":"deco","id":"c2","order":0,"angle":78.75,"time":220.8125,"sx":0,"sy":0},{"type":"deco","id":"c3","order":0,"angle":78.75,"time":220.625,"sx":0,"sy":0},{"type":"deco","id":"c4","order":0,"angle":78.75,"time":220.4375,"sx":0,"sy":0},{"type":"tag","time":220.9375,"angleOffset":false,"tag":"c1-4hide","angle":90},{"y":150,"time":221,"ox":45,"oy":5,"sy":3,"type":"deco","id":"bl1","sprite":"beatline.png","order":0,"duration":0.25,"r":5,"sx":3,"angle":202.5},{"y":210,"time":221,"ox":45,"oy":5,"sy":3,"type":"deco","id":"bl2","sprite":"beatline.png","order":0,"duration":0.25,"angle":191.25,"sx":3,"r":5},{"x":-105,"y":0,"time":221,"ox":46,"oy":46,"angle":180,"type":"deco","id":"b1","parentid":"bl1","order":1,"sprite":"cf.png","duration":0.25,"sx":0.32499998807907,"sy":0.32499998807907},{"x":-75,"y":0,"time":221.1875,"ox":46,"oy":46,"angle":180,"type":"deco","id":"b2","parentid":"bl1","order":0,"sprite":"ch.png","duration":0.25,"sx":0.32499998807907,"sy":0.32499998807907},{"x":-45,"y":0,"time":221.375,"ox":46,"oy":46,"angle":180,"type":"deco","id":"b3","parentid":"bl1","order":0,"sprite":"ch.png","duration":0.25,"sx":0.32499998807907,"sy":0.32499998807907},{"x":-15,"y":0,"time":221.5625,"ox":46,"oy":46,"sy":0.32499998807907,"type":"deco","id":"b4","parentid":"bl1","order":0,"sx":0.32499998807907,"duration":0.25,"sprite":"cf.png","angle":180},{"x":15,"y":0,"time":221.75,"ox":46,"oy":46,"sy":0.32499998807907,"type":"deco","id":"b5","parentid":"bl1","order":0,"sx":0.32499998807907,"duration":0.25,"sprite":"ch.png","angle":180},{"x":45,"y":0,"time":221.9375,"ox":46,"oy":46,"angle":180,"type":"deco","id":"b6","parentid":"bl1","order":0,"sprite":"ch.png","duration":0.25,"sx":0.32499998807907,"sy":0.32499998807907},{"x":75,"y":0,"time":222.125,"ox":46,"oy":46,"sy":0.32499998807907,"type":"deco","id":"b7","parentid":"bl1","order":0,"sx":0.32499998807907,"duration":0.25,"sprite":"cf.png","angle":180},{"x":105,"y":0,"time":222.3125,"ox":46,"oy":46,"sy":0.32499998807907,"type":"deco","id":"b8","parentid":"bl1","order":0,"sx":0.32499998807907,"duration":0.25,"sprite":"ch.png","angle":180},{"x":-96.428497314453,"y":0,"time":222.5,"ox":46,"oy":46,"angle":180,"type":"deco","id":"b9","parentid":"bl2","order":0,"sprite":"cf.png","duration":0.25,"sx":0.32499998807907,"sy":0.32499998807907},{"x":-57.85710144043,"y":0,"time":222.75,"ox":46,"oy":46,"sy":0.32499998807907,"type":"deco","id":"b10","parentid":"bl2","order":0,"sx":0.32499998807907,"duration":0.25,"sprite":"ch.png","angle":180},{"x":-19.28569984436,"y":0,"time":223,"ox":46,"oy":46,"angle":180,"type":"deco","id":"b11","parentid":"bl2","order":0,"sprite":"cf.png","duration":0.25,"sx":0.32499998807907,"sy":0.32499998807907},{"x":19.28569984436,"y":0,"time":223.25,"ox":46,"oy":46,"angle":180,"type":"deco","id":"b12","parentid":"bl2","order":0,"sprite":"ch.png","duration":0.25,"sx":0.32499998807907,"sy":0.32499998807907},{"x":57.85710144043,"y":0,"time":223.5,"ox":46,"oy":46,"angle":180,"type":"deco","id":"b13","parentid":"bl2","order":0,"sprite":"cf.png","duration":0.25,"sx":0.32499998807907,"sy":0.32499998807907},{"x":96.428497314453,"y":0,"time":223.75,"ox":46,"oy":46,"sy":0.32499998807907,"type":"deco","id":"b14","parentid":"bl2","order":0,"sx":0.32499998807907,"duration":0.25,"sprite":"ch.png","angle":180},{"time":221,"ease":"inBack","sy":0.25,"type":"deco","id":"b1","order":2,"duration":0.25,"sx":0.25,"angle":168.75},{"type":"deco","id":"b2","time":221.1875,"angle":168.75,"order":1,"sx":0.25,"sy":0.25},{"type":"deco","id":"b3","order":1,"angle":168.75,"time":221.375,"sx":0.25,"sy":0.25},{"time":221.5625,"ease":"inBack","sy":0.25,"type":"deco","id":"b4","order":1,"duration":0.25,"sx":0.25,"angle":168.75},{"type":"deco","id":"b5","time":221.75,"angle":168.75,"order":1,"sx":0.25,"sy":0.25},{"type":"deco","id":"b6","order":1,"angle":168.75,"time":221.9375,"sx":0.25,"sy":0.25},{"time":222.125,"ease":"inBack","sy":0.25,"type":"deco","id":"b7","order":1,"duration":0.25,"sx":0.25,"angle":168.75},{"type":"deco","id":"b8","order":1,"angle":168.75,"time":222.3125,"sx":0.25,"sy":0.25},{"time":222.5,"ease":"inBack","sy":0.25,"type":"deco","id":"b9","order":1,"duration":0.25,"sx":0.25,"angle":168.75},{"type":"deco","id":"b10","time":222.75,"angle":168.75,"order":1,"sx":0.25,"sy":0.25},{"time":223,"ease":"inBack","sy":0.25,"type":"deco","id":"b11","order":1,"duration":0.25,"sx":0.25,"angle":168.75},{"type":"deco","id":"b12","order":1,"angle":168.75,"time":223.25,"sx":0.25,"sy":0.25},{"time":223.5,"ease":"inBack","sy":0.25,"type":"deco","id":"b13","order":1,"duration":0.25,"sx":0.25,"angle":168.75},{"type":"deco","id":"b14","time":223.75,"angle":168.75,"order":1,"sx":0.25,"sy":0.25},{"type":"tag","time":224,"angle":168.75,"tag":"beatlineh","angleOffset":false},{"y":150,"time":227,"ox":45,"oy":5,"type":"deco","hide":false,"angle":202.5,"order":0,"sy":3,"id":"bl1","sx":3,"r":-5},{"y":210,"time":227,"ox":45,"oy":5,"type":"deco","hide":false,"angle":191.25,"order":0,"sy":3,"id":"bl2","sx":3,"r":-5},{"x":-105,"y":0,"time":227,"ox":46,"oy":46,"sy":0.32499998807907,"type":"deco","hide":false,"parentid":"bl1","order":1,"sx":0.32499998807907,"id":"b1","sprite":"cf.png","angle":180},{"x":-75,"y":0,"time":227.1875,"ox":46,"oy":46,"sy":0.32499998807907,"type":"deco","hide":false,"parentid":"bl1","order":0,"sx":0.32499998807907,"id":"b2","sprite":"ch.png","angle":180},{"x":-45,"y":0,"time":227.375,"ox":46,"oy":46,"angle":180,"type":"deco","hide":false,"parentid":"bl1","order":0,"sprite":"ch.png","id":"b3","sx":0.32499998807907,"sy":0.32499998807907},{"x":-15,"y":0,"time":227.5625,"ox":46,"oy":46,"angle":180,"type":"deco","hide":false,"parentid":"bl1","order":0,"sprite":"cf.png","id":"b4","sx":0.32499998807907,"sy":0.32499998807907},{"x":15,"y":0,"time":227.75,"ox":46,"oy":46,"sy":0.32499998807907,"type":"deco","hide":false,"parentid":"bl1","order":0,"sx":0.32499998807907,"id":"b5","sprite":"ch.png","angle":180},{"x":45,"y":0,"time":227.9375,"ox":46,"oy":46,"sy":0.32499998807907,"type":"deco","hide":false,"parentid":"bl1","order":0,"sx":0.32499998807907,"id":"b6","sprite":"ch.png","angle":180},{"x":75,"y":0,"time":228.125,"ox":46,"oy":46,"sy":0.32499998807907,"type":"deco","hide":false,"parentid":"bl1","order":0,"sx":0.32499998807907,"id":"b7","sprite":"cf.png","angle":180},{"x":105,"y":0,"time":228.3125,"ox":46,"oy":46,"sy":0.32499998807907,"type":"deco","hide":false,"parentid":"bl1","order":0,"sx":0.32499998807907,"id":"b8","sprite":"ch.png","angle":180},{"x":-96.428497314453,"y":0,"time":228.5,"ox":46,"oy":46,"angle":180,"type":"deco","hide":false,"parentid":"bl2","order":0,"sprite":"cf.png","id":"b9","sx":0.32499998807907,"sy":0.32499998807907},{"x":-57.85710144043,"y":0,"time":228.75,"ox":46,"oy":46,"sy":0.32499998807907,"type":"deco","hide":false,"parentid":"bl2","order":0,"sx":0.32499998807907,"id":"b10","sprite":"ch.png","angle":180},{"x":-19.28569984436,"y":0,"time":229,"ox":46,"oy":46,"sy":0.32499998807907,"type":"deco","hide":false,"parentid":"bl2","order":0,"sx":0.32499998807907,"id":"b11","sprite":"cf.png","angle":180},{"x":19.28569984436,"y":0,"time":229.25,"ox":46,"oy":46,"sy":0.32499998807907,"type":"deco","hide":false,"parentid":"bl2","order":0,"sx":0.32499998807907,"id":"b12","sprite":"ch.png","angle":180},{"x":57.85710144043,"y":0,"time":229.5,"ox":46,"oy":46,"angle":180,"type":"deco","hide":false,"parentid":"bl2","order":0,"sprite":"cf.png","id":"b13","sx":0.32499998807907,"sy":0.32499998807907},{"x":96.428497314453,"y":0,"time":229.75,"ox":46,"oy":46,"sy":0.32499998807907,"type":"deco","hide":false,"parentid":"bl2","order":0,"sx":0.32499998807907,"id":"b14","sprite":"cf.png","angle":180},{"time":227,"type":"deco","id":"b1","sy":0.25,"order":2,"ease":"inBack","duration":0.25,"sx":0.25,"angle":168.75},{"type":"deco","id":"b2","time":227.1875,"angle":168.75,"order":1,"sx":0.25,"sy":0.25},{"type":"deco","id":"b3","time":227.375,"angle":168.75,"order":1,"sx":0.25,"sy":0.25},{"time":227.5625,"type":"deco","id":"b4","sy":0.25,"order":1,"ease":"inBack","duration":0.25,"sx":0.25,"angle":168.75},{"type":"deco","id":"b5","time":227.75,"angle":168.75,"order":1,"sx":0.25,"sy":0.25},{"type":"deco","id":"b6","order":1,"angle":168.75,"time":227.9375,"sx":0.25,"sy":0.25},{"time":228.125,"type":"deco","id":"b7","sy":0.25,"order":1,"ease":"inBack","duration":0.25,"sx":0.25,"angle":168.75},{"type":"deco","id":"b8","order":1,"angle":168.75,"time":228.3125,"sx":0.25,"sy":0.25},{"time":228.5,"type":"deco","id":"b9","sy":0.25,"order":1,"ease":"inBack","duration":0.25,"sx":0.25,"angle":168.75},{"type":"deco","id":"b10","time":228.75,"angle":168.75,"order":1,"sx":0.25,"sy":0.25},{"time":229,"type":"deco","id":"b11","sy":0.25,"order":1,"ease":"inBack","duration":0.25,"sx":0.25,"angle":168.75},{"type":"deco","id":"b12","order":1,"angle":168.75,"time":229.25,"sx":0.25,"sy":0.25},{"time":229.5,"type":"deco","id":"b13","sy":0.25,"order":1,"ease":"inBack","duration":0.25,"sx":0.25,"angle":168.75},{"time":229.75,"type":"deco","id":"b14","angle":168.75,"duration":0.25,"sx":0.25,"order":1,"ease":"inBack","sy":0.25},{"type":"tag","time":230,"angle":168.75,"tag":"beatlineh","angleOffset":false},{"time":224.75,"angle":67.5,"order":1,"type":"deco","id":"rc1","duration":0.125,"sx":360,"ease":"outElastic","sy":40},{"time":224.875,"angle":67.5,"order":1,"type":"deco","id":"rc2","duration":0.125,"sx":360,"ease":"outElastic","sy":40},{"time":225,"angle":67.5,"order":1,"type":"deco","id":"rc3","duration":0.125,"sx":360,"ease":"outElastic","sy":40},{"time":225.125,"angle":67.5,"order":1,"type":"deco","id":"rc4","duration":0.125,"sx":360,"ease":"outElastic","sy":40},{"time":225.25,"angle":67.5,"order":1,"type":"deco","id":"rc5","duration":0.125,"sx":360,"ease":"outElastic","sy":40},{"time":225.375,"angle":67.5,"order":1,"type":"deco","id":"rc6","duration":0.125,"sx":360,"ease":"outElastic","sy":40},{"recolor":2,"x":300,"y":330,"time":224.75,"ox":0.5,"oy":0.5,"type":"deco","id":"rc1","sy":1,"order":0,"sprite":"px.png","sx":1,"angle":78.75},{"recolor":2,"x":300,"y":270,"time":224.875,"ox":0.5,"oy":0.5,"type":"deco","id":"rc2","sy":1,"order":0,"sprite":"px.png","sx":1,"angle":78.75},{"recolor":2,"x":300,"y":210,"time":225,"ox":0.5,"oy":0.5,"type":"deco","id":"rc3","sy":1,"order":0,"sprite":"px.png","sx":1,"angle":78.75},{"recolor":2,"x":300,"y":150,"time":225.125,"ox":0.5,"oy":0.5,"type":"deco","id":"rc4","sy":1,"order":0,"sprite":"px.png","sx":1,"angle":78.75},{"recolor":2,"x":300,"y":90,"time":225.25,"ox":0.5,"oy":0.5,"type":"deco","id":"rc5","sy":1,"order":0,"sprite":"px.png","sx":1,"angle":78.75},{"recolor":2,"x":300,"y":30,"time":225.375,"ox":0.5,"oy":0.5,"type":"deco","id":"rc6","sy":1,"order":0,"sprite":"px.png","sx":1,"angle":78.75},{"type":"deco","id":"rc1","time":225.5,"hide":true,"angle":56.25},{"type":"deco","id":"rc2","time":225.5,"hide":true,"angle":45},{"type":"deco","id":"rc3","time":225.5,"hide":true,"angle":33.75},{"type":"deco","id":"rc4","time":225.5,"hide":true,"angle":22.5},{"type":"deco","id":"rc5","time":225.5,"hide":true,"angle":11.25},{"type":"deco","id":"rc6","time":225.5,"hide":true,"angle":0},{"time":226.25,"angle":67.5,"order":1,"type":"deco","id":"rc1","duration":0.125,"sx":30,"ease":"outElastic","sy":340},{"time":226.34375,"angle":67.5,"order":1,"type":"deco","id":"rc2","duration":0.125,"sx":30,"ease":"outElastic","sy":340},{"time":226.4375,"angle":67.5,"order":1,"type":"deco","id":"rc3","duration":0.125,"sx":30,"ease":"outElastic","sy":340},{"time":226.53125,"angle":67.5,"order":1,"type":"deco","id":"rc4","duration":0.125,"sx":30,"ease":"outElastic","sy":340},{"time":226.625,"angle":67.5,"order":1,"type":"deco","id":"rc5","duration":0.125,"sx":30,"ease":"outElastic","sy":340},{"time":226.71875,"angle":67.5,"order":1,"type":"deco","id":"rc6","duration":0.125,"sx":30,"ease":"outElastic","sy":340},{"recolor":2,"x":457.5,"y":180,"time":226.25,"ox":0.5,"oy":0.5,"type":"deco","id":"rc1","angle":78.75,"order":0,"sprite":"px.png","hide":false,"sx":1,"sy":1},{"recolor":2,"x":412.5,"y":180,"time":226.34375,"ox":0.5,"oy":0.5,"type":"deco","id":"rc2","angle":78.75,"order":0,"sprite":"px.png","hide":false,"sx":1,"sy":1},{"recolor":2,"x":367.5,"y":180,"time":226.4375,"ox":0.5,"oy":0.5,"type":"deco","id":"rc3","angle":78.75,"order":0,"sprite":"px.png","hide":false,"sx":1,"sy":1},{"recolor":2,"x":322.5,"y":180,"time":226.53125,"ox":0.5,"oy":0.5,"type":"deco","id":"rc4","angle":78.75,"order":0,"sprite":"px.png","hide":false,"sx":1,"sy":1},{"recolor":2,"x":277.5,"y":180,"time":226.625,"ox":0.5,"oy":0.5,"type":"deco","id":"rc5","angle":78.75,"order":0,"sprite":"px.png","hide":false,"sx":1,"sy":1},{"recolor":2,"x":232.5,"y":180,"time":226.71875,"ox":0.5,"oy":0.5,"type":"deco","id":"rc6","angle":78.75,"order":0,"sprite":"px.png","hide":false,"sx":1,"sy":1},{"recolor":2,"x":187.5,"y":180,"time":226.8125,"ox":0.5,"oy":0.5,"type":"deco","id":"rc7","sy":1,"order":0,"sprite":"px.png","sx":1,"angle":78.75},{"recolor":2,"x":142.5,"y":180,"time":226.90625,"ox":0.5,"oy":0.5,"type":"deco","id":"rc8","sy":1,"order":0,"sprite":"px.png","sx":1,"angle":78.75},{"time":226.8125,"angle":67.5,"order":1,"type":"deco","id":"rc7","duration":0.125,"sx":30,"ease":"outElastic","sy":340},{"time":226.90625,"angle":67.5,"order":1,"type":"deco","id":"rc8","duration":0.125,"sx":30,"ease":"outElastic","sy":340},{"type":"deco","id":"rc1","time":227,"hide":true,"angle":56.25},{"type":"deco","id":"rc2","time":227,"hide":true,"angle":45},{"type":"deco","id":"rc3","time":227,"hide":true,"angle":33.75},{"type":"deco","id":"rc4","time":227,"hide":true,"angle":22.5},{"type":"deco","id":"rc5","time":227,"hide":true,"angle":11.25},{"type":"deco","id":"rc6","time":227,"hide":true,"angle":0},{"type":"deco","id":"rc7","time":227,"hide":true,"angle":348.75},{"type":"deco","id":"rc8","time":227,"hide":true,"angle":337.5},{"time":221,"ox":60,"oy":60,"sy":2.5,"type":"deco","id":"tb1","sx":2.5,"sprite":"beats1.png","angle":146.25},{"type":"deco","id":"tb1","time":221.16667175293,"ox":60.799999237061,"oy":60.930000305176,"angle":146.25},{"type":"deco","id":"tb1","time":221.33332824707,"ox":59.869998931885,"oy":59.380001068115,"angle":146.25},{"type":"deco","id":"tb1","time":221.5,"ox":60.290000915527,"oy":60.029998779297,"angle":146.25},{"type":"deco","id":"tb1","time":221.66667175293,"ox":59.779998779297,"oy":59.680000305176,"angle":146.25},{"type":"deco","id":"tb1","time":221.83332824707,"ox":60.840000152588,"oy":60.779998779297,"angle":146.25},{"type":"deco","id":"tb1","time":222,"ox":59.700000762939,"oy":59.590000152588,"angle":146.25},{"type":"deco","id":"tb1","time":222.16667175293,"ox":60.209999084473,"oy":60.900001525879,"angle":146.25},{"type":"deco","id":"tb1","time":222.33332824707,"ox":59.090000152588,"oy":59.930000305176,"angle":146.25},{"type":"deco","id":"tb1","time":222.5,"ox":60.849998474121,"oy":60,"angle":146.25},{"type":"deco","id":"tb1","time":222.66667175293,"ox":59.770000457764,"oy":59.479999542236,"angle":146.25},{"type":"deco","id":"tb1","time":222.83332824707,"ox":60.189998626709,"oy":60.189998626709,"angle":146.25},{"type":"deco","id":"tb1","time":224,"hide":true,"angle":146.25},{"type":"deco","id":"tb1","time":223,"ox":59.069999694824,"oy":59.659999847412,"angle":146.25},{"type":"deco","id":"tb1","time":223.16667175293,"ox":60.360000610352,"oy":60.970001220703,"angle":146.25},{"type":"deco","id":"tb1","time":223.33332824707,"ox":59.360000610352,"oy":59.110000610352,"angle":146.25},{"type":"deco","id":"tb1","time":223.5,"ox":60.830001831055,"oy":60.450000762939,"angle":146.25},{"type":"deco","id":"tb1","time":223.66667175293,"ox":59.75,"oy":59,"angle":146.25},{"type":"deco","id":"tb1","time":223.83332824707,"ox":60.610000610352,"oy":60.689998626709,"angle":146.25},{"time":227,"ox":60,"oy":60,"sy":2.5,"type":"deco","id":"tb2","sx":2.5,"sprite":"beats2.png","angle":146.25},{"type":"deco","id":"tb2","time":227.16667175293,"ox":60.110000610352,"oy":60.029998779297,"angle":146.25},{"type":"deco","id":"tb2","time":227.33332824707,"ox":59.619998931885,"oy":59.979999542236,"angle":146.25},{"type":"deco","id":"tb2","time":227.5,"ox":60.430000305176,"oy":60.779998779297,"angle":146.25},{"type":"deco","id":"tb2","time":227.66667175293,"ox":59.5,"oy":59.009998321533,"angle":146.25},{"type":"deco","id":"tb2","time":227.83332824707,"ox":60.159999847412,"oy":60.069999694824,"angle":146.25},{"type":"deco","id":"tb2","time":228,"ox":59.389999389648,"oy":59.970001220703,"angle":146.25},{"type":"deco","id":"tb2","time":228.16667175293,"ox":60.619998931885,"oy":60.330001831055,"angle":146.25},{"type":"deco","id":"tb2","time":228.33332824707,"ox":59.049999237061,"oy":59.900001525879,"angle":146.25},{"type":"deco","id":"tb2","time":228.5,"ox":60.689998626709,"oy":60.479999542236,"angle":146.25},{"type":"deco","id":"tb2","time":228.66667175293,"ox":59.75,"oy":59.970001220703,"angle":146.25},{"type":"deco","id":"tb2","time":228.83332824707,"ox":60.540000915527,"oy":60.430000305176,"angle":146.25},{"type":"deco","id":"tb2","time":229,"ox":59.889999389648,"oy":59.069999694824,"angle":146.25},{"type":"deco","id":"tb2","time":229.16667175293,"ox":60.349998474121,"oy":60.75,"angle":146.25},{"type":"deco","id":"tb2","time":229.33332824707,"ox":59.020000457764,"oy":59.909999847412,"angle":146.25},{"type":"deco","id":"tb2","time":229.5,"ox":60.279998779297,"oy":60.459999084473,"angle":146.25},{"type":"deco","id":"tb2","time":229.66667175293,"ox":59.909999847412,"oy":60,"angle":146.25},{"type":"deco","id":"tb2","time":229.83332824707,"ox":60.930000305176,"oy":60.779998779297,"angle":146.25},{"type":"deco","id":"tb2","time":230,"hide":true,"angle":146.25},{"type":"deco","hide":true,"time":242,"r":5,"id":"line","angle":22.5},{"x":-32,"y":0,"time":242,"angle":45,"ox":45,"oy":45,"drawOrder":20,"type":"deco","id":"lines","parentid":"line","order":0,"sx":16,"sy":16,"sprite":"lines.png","r":90},{"color":1,"r":0,"time":242,"type":"setColor","g":0,"b":0,"angle":112.5},{"type":"deco","id":"lines","time":242,"duration":4,"x":160,"order":1,"angle":67.5},{"type":"tag","time":246,"angle":67.5,"tag":"moveline","angleOffset":false},{"type":"deco","id":"line","time":254.75,"angle":67.5,"r":35},{"type":"deco","id":"line","time":266,"angle":67.5,"r":-25},{"type":"deco","id":"line","time":272,"angle":67.5,"r":-35},{"type":"deco","id":"line","time":278,"angle":67.5,"r":35},{"type":"deco","id":"line","time":284,"angle":67.5,"r":-175},{"type":"deco","id":"line","time":287,"angle":67.5,"r":-165},{"type":"deco","id":"line","time":287.25,"angle":67.5,"r":-155},{"type":"deco","id":"line","time":287.5,"angle":67.5,"r":-145},{"type":"deco","id":"line","time":287.75,"angle":67.5,"r":-135},{"type":"deco","id":"line","time":288,"angle":67.5,"r":-115},{"type":"deco","id":"line","time":288.25,"angle":67.5,"r":-105},{"type":"deco","id":"line","time":288.5,"angle":67.5,"r":-95},{"type":"deco","id":"line","time":288.75,"angle":67.5,"r":-85},{"type":"deco","id":"line","time":289,"angle":67.5,"r":-75},{"type":"deco","id":"line","time":289.25,"angle":67.5,"r":-65},{"type":"deco","id":"line","time":289.5,"angle":67.5,"r":-55},{"type":"deco","id":"line","time":289.75,"angle":67.5,"r":-45},{"type":"deco","id":"line","time":290,"angle":67.5,"r":-35},{"type":"deco","id":"line","time":290.25,"angle":67.5,"r":-25},{"type":"deco","id":"line","time":290.5,"angle":67.5,"r":-15},{"type":"deco","id":"line","time":290.75,"angle":67.5,"r":-5},{"type":"deco","id":"line","time":291,"angle":67.5,"r":5},{"type":"deco","id":"line","time":302.75,"angle":67.5,"r":25},{"type":"deco","id":"line","time":314,"angle":67.5,"r":-25},{"type":"deco","id":"line","time":320,"angle":67.5,"r":-35},{"type":"deco","id":"line","time":326,"angle":67.5,"r":-45},{"type":"deco","id":"line","time":332,"angle":67.5,"r":-95},{"type":"deco","id":"lines","time":338,"hide":true,"angle":67.5},{"recolor":2,"time":265,"ox":100,"oy":550,"drawOrder":21,"type":"deco","id":"tri","angle":157.5,"sx":0.20000000298023,"r":180,"sprite":"tri.png","sy":0.25},{"color":2,"r":0,"time":242,"type":"setColor","g":255,"b":0,"angle":157.5},{"type":"deco","id":"tri","time":266,"angle":157.5,"r":312},{"type":"deco","hide":false,"time":266.5,"r":67,"id":"tri","angle":157.5},{"type":"deco","hide":false,"time":267,"r":289,"id":"tri","angle":157.5},{"type":"deco","hide":false,"time":267.5,"r":13,"id":"tri","angle":157.5},{"type":"deco","id":"tri","time":267.75,"angle":157.5,"r":343},{"type":"deco","hide":false,"time":268.25,"r":218,"id":"tri","angle":157.5},{"type":"deco","id":"tri","time":268.5,"angle":157.5,"r":103},{"type":"deco","id":"tri","time":268.75,"angle":157.5,"r":338},{"type":"deco","id":"tri","time":269,"angle":157.5,"r":341},{"type":"deco","id":"tri","time":269.25,"angle":157.5,"r":349},{"type":"deco","id":"tri","time":269.5,"angle":157.5,"r":329},{"type":"deco","hide":false,"time":270,"r":61,"id":"tri","angle":157.5},{"type":"deco","hide":false,"time":270.5,"r":175,"id":"tri","angle":157.5},{"type":"deco","id":"tri","time":270.75,"angle":157.5,"r":23},{"type":"deco","hide":false,"time":271.25,"r":100,"id":"tri","angle":157.5},{"type":"deco","id":"tri","time":271.5,"angle":157.5,"r":247},{"type":"deco","hide":false,"time":272,"r":126,"id":"tri","angle":157.5},{"type":"deco","id":"tri","time":272.25,"angle":157.5,"r":263},{"type":"deco","id":"tri","time":272.5,"angle":157.5,"r":77},{"type":"deco","id":"tri","time":272.75,"angle":157.5,"r":234},{"type":"deco","id":"tri","time":273,"angle":157.5,"r":55},{"type":"deco","hide":false,"time":273.5,"r":333,"id":"tri","angle":157.5},{"type":"deco","id":"tri","time":273.75,"angle":157.5,"r":279},{"type":"deco","hide":false,"time":274.25,"r":162,"id":"tri","angle":157.5},{"type":"deco","id":"tri","time":274.5,"angle":157.5,"r":168},{"type":"deco","id":"tri","time":274.75,"angle":157.5,"r":103},{"type":"deco","id":"tri","time":275,"angle":157.5,"r":26},{"type":"deco","id":"tri","time":275.25,"angle":157.5,"r":153},{"type":"deco","id":"tri","time":275.5,"angle":157.5,"r":30},{"type":"deco","id":"tri","time":275.75,"angle":157.5,"r":307},{"type":"deco","hide":false,"time":276.25,"r":275,"id":"tri","angle":157.5},{"type":"deco","id":"tri","time":276.5,"angle":157.5,"r":6},{"type":"deco","id":"tri","time":276.75,"angle":157.5,"r":64},{"type":"deco","id":"tri","time":277,"angle":157.5,"r":109},{"type":"deco","hide":false,"time":277.5,"r":272,"id":"tri","angle":157.5},{"type":"deco","hide":false,"time":278,"r":269,"id":"tri","angle":157.5},{"type":"deco","id":"tri","time":278.25,"angle":157.5,"r":174},{"type":"deco","id":"tri","time":278.5,"angle":157.5,"r":92},{"type":"deco","id":"tri","time":278.75,"angle":157.5,"r":353},{"type":"deco","hide":false,"time":279.25,"r":29,"id":"tri","angle":157.5},{"type":"deco","id":"tri","time":279.5,"angle":157.5,"r":257},{"type":"deco","id":"tri","time":279.75,"angle":157.5,"r":43},{"type":"deco","id":"tri","time":280,"angle":157.5,"r":150},{"type":"deco","hide":false,"time":280.5,"r":138,"id":"tri","angle":157.5},{"type":"deco","id":"tri","time":280.75,"angle":157.5,"r":87},{"type":"deco","id":"tri","time":281,"angle":157.5,"r":119},{"type":"deco","id":"tri","time":281.25,"angle":157.5,"r":250},{"type":"deco","id":"tri","time":281.5,"angle":157.5,"r":286},{"type":"deco","id":"tri","time":281.75,"angle":157.5,"r":210},{"type":"deco","id":"tri","time":282,"angle":157.5,"r":275},{"type":"deco","hide":false,"time":282.5,"r":97,"id":"tri","angle":157.5},{"type":"deco","hide":false,"time":283,"r":223,"id":"tri","angle":157.5},{"type":"deco","id":"tri","time":283.25,"angle":157.5,"r":16},{"type":"deco","id":"tri","time":283.5,"angle":157.5,"r":161},{"type":"deco","id":"tri","time":283.75,"angle":157.5,"r":287},{"type":"deco","id":"tri","time":284,"angle":157.5,"r":344},{"type":"deco","id":"tri","time":284.25,"angle":157.5,"r":77},{"type":"deco","id":"tri","time":284.5,"angle":157.5,"r":226},{"type":"deco","id":"tri","time":284.75,"angle":157.5,"r":271},{"type":"deco","hide":false,"time":285.25,"r":207,"id":"tri","angle":157.5},{"type":"deco","id":"tri","time":285.5,"angle":157.5,"r":142},{"type":"deco","id":"tri","time":285.75,"angle":157.5,"r":130},{"type":"deco","id":"tri","time":286,"angle":157.5,"r":31},{"type":"deco","id":"tri","time":286.25,"angle":157.5,"r":301},{"type":"deco","id":"tri","time":286.5,"angle":157.5,"r":21},{"type":"deco","id":"tri","time":286.75,"angle":157.5,"r":263},{"type":"deco","id":"tri","time":287,"angle":157.5,"r":0},{"type":"deco","id":"tri","time":287.25,"angle":157.5,"r":30},{"type":"deco","id":"tri","time":287.5,"angle":157.5,"r":60},{"type":"deco","id":"tri","time":287.75,"angle":157.5,"r":90},{"type":"deco","id":"tri","time":288,"angle":157.5,"r":120},{"type":"deco","id":"tri","time":288.25,"angle":157.5,"r":150},{"type":"deco","id":"tri","time":288.5,"angle":157.5,"r":180},{"type":"deco","id":"tri","time":288.75,"angle":157.5,"r":210},{"type":"deco","id":"tri","time":289,"angle":157.5,"r":240},{"type":"deco","id":"tri","time":289.25,"angle":157.5,"r":270},{"type":"deco","id":"tri","time":289.5,"angle":157.5,"r":300},{"type":"deco","id":"tri","time":289.75,"angle":157.5,"r":330},{"time":290,"angle":146.25,"oy":1500,"order":1,"type":"deco","id":"tri","duration":8,"sy":0,"sx":0,"r":-1080},{"type":"deco","id":"tri","time":266.25,"hide":true,"angle":157.5},{"type":"deco","id":"tri","time":266.75,"hide":true,"angle":157.5},{"type":"deco","id":"tri","time":267.25,"hide":true,"angle":157.5},{"type":"deco","id":"tri","time":268,"hide":true,"angle":157.5},{"type":"deco","id":"tri","time":269.75,"hide":true,"angle":157.5},{"type":"deco","id":"tri","time":270.25,"hide":true,"angle":157.5},{"type":"deco","id":"tri","time":271,"hide":true,"angle":157.5},{"type":"deco","id":"tri","time":271.75,"hide":true,"angle":157.5},{"type":"deco","id":"tri","time":273.25,"hide":true,"angle":157.5},{"type":"deco","id":"tri","time":274,"hide":true,"angle":157.5},{"type":"deco","id":"tri","time":276,"hide":true,"angle":157.5},{"type":"deco","id":"tri","time":277.25,"hide":true,"angle":157.5},{"type":"deco","id":"tri","time":277.75,"hide":true,"angle":157.5},{"type":"deco","id":"tri","time":279,"hide":true,"angle":157.5},{"type":"deco","id":"tri","time":280.25,"hide":true,"angle":157.5},{"type":"deco","id":"tri","time":282.25,"hide":true,"angle":157.5},{"type":"deco","id":"tri","time":282.75,"hide":true,"angle":157.5},{"type":"deco","id":"tri","time":285,"hide":true,"angle":157.5},{"type":"deco","id":"tri","time":298,"hide":true,"angle":90},{"type":"tag","time":242,"angleOffset":false,"tag":"greenflicker","angle":135},{"type":"tag","time":274,"angleOffset":false,"tag":"greenflicker","angle":135},{"type":"tag","time":306,"angleOffset":false,"tag":"greenflicker","angle":135},{"type":"deco","id":"tri","time":290,"r":360,"order":0,"angle":157.5},{"time":291.75,"sy":1,"ox":300,"oy":180,"drawOrder":22,"type":"deco","id":"chord","sx":1,"sprite":"chords!r","angle":157.5},{"type":"deco","id":"chord","time":338,"hide":true,"angle":78.75},{"x":300,"y":90,"time":338,"ox":319,"oy":270,"drawOrder":20,"type":"deco","id":"np","order":0,"sprite":"newspaper#0","angle":90},{"type":"deco","id":"np","y":-180,"order":1,"duration":48,"time":338,"angle":101.25},{"x":300,"y":180,"time":338,"ox":168,"oy":76,"drawOrder":22,"type":"deco","id":"eye","angle":112.5,"sx":1,"sprite":"eye#0","sy":1},{"color":3,"r":0,"time":338,"type":"setColor","g":255,"b":0,"angle":123.75},{"type":"deco","id":"eye","time":350,"sprite":"eye#1","angle":112.5},{"type":"deco","id":"eye","time":362,"sprite":"eye#0","angle":112.5},{"type":"deco","id":"eye","time":362.25,"sprite":"eye#2","angle":112.5},{"type":"deco","id":"eye","time":363.5,"sprite":"eye#0","angle":112.5},{"type":"deco","id":"eye","time":363.75,"sprite":"eye!l","angle":112.5},{"recolor":3,"time":338,"sprite":"beatline.png","ox":45,"oy":5,"drawOrder":23,"type":"deco","id":"linex","angle":135,"order":0,"hide":false,"sx":10,"sy":300},{"time":338,"angle":146.25,"type":"deco","id":"linex","order":1,"duration":6,"ease":"outExpo","sy":0},{"recolor":3,"time":338,"r":90,"ox":45,"oy":5,"drawOrder":23,"type":"deco","id":"liney","sprite":"beatline.png","order":0,"hide":false,"angle":157.5,"sx":10,"sy":300},{"time":338,"angle":168.75,"type":"deco","id":"liney","order":1,"duration":6,"ease":"outExpo","sy":0},{"color":3,"r":0,"time":362,"type":"setColor","g":255,"b":127,"angle":135},{"color":3,"r":0,"time":363.5,"type":"setColor","g":255,"b":255,"angle":123.75},{"color":4,"r":0,"time":362,"type":"setColor","g":127,"b":64,"angle":146.25},{"color":4,"r":0,"time":363.5,"type":"setColor","g":127,"b":127,"angle":135},{"time":382,"type":"setColor","b":255,"color":3,"angle":123.75,"duration":2,"g":0,"ease":"inSine","r":0},{"time":382,"type":"setColor","b":127,"color":4,"angle":135,"duration":2,"g":0,"ease":"inSine","r":0},{"type":"deco","id":"np","time":382.66665649414,"sprite":"newspaper#1","angle":90},{"type":"deco","id":"np","time":384,"hide":true,"angle":90},{"type":"deco","id":"np","time":382.83334350586,"sprite":"newspaper#2","angle":90},{"type":"deco","id":"np","time":383,"sprite":"newspaper#3","angle":90},{"type":"deco","id":"np","time":383.16665649414,"sprite":"newspaper#4","angle":90},{"type":"deco","id":"np","time":383.33334350586,"sprite":"newspaper#5","angle":90},{"type":"deco","id":"np","time":383.5,"sprite":"newspaper#6","angle":90},{"type":"deco","id":"np","time":383.66665649414,"sprite":"newspaper#7","angle":90},{"type":"deco","id":"np","time":383.83334350586,"sprite":"newspaper#8","angle":90},{"type":"deco","id":"eye","time":384,"hide":true,"angle":112.5},{"time":384,"ox":30,"oy":30,"angle":135,"type":"deco","id":"bs","sx":10,"sprite":"static!l1","sy":10},{"color":3,"angle":157.5,"time":384,"type":"setColor","g":0,"b":204,"r":0},{"time":412,"sy":15,"sprite":"static!l2","type":"deco","id":"bs","order":0,"r":-45,"sx":15,"angle":112.5},{"time":440,"sy":15,"sprite":"static!l3","type":"deco","id":"bs","order":0,"r":-90,"sx":15,"angle":112.5},{"time":468,"sy":15,"sprite":"static!l4","type":"deco","id":"bs","order":0,"r":-225,"sx":15,"angle":112.5},{"type":"deco","id":"bs","time":496,"hide":true,"angle":90},{"time":408,"ease":"inCubic","r":-45,"type":"deco","id":"bs","duration":4,"sy":15,"sx":15,"angle":112.5},{"sy":10,"time":412,"ease":"outCubic","r":-90,"type":"deco","id":"bs","duration":4,"order":1,"sx":10,"angle":135},{"time":436,"sx":15,"angle":112.5,"type":"deco","id":"bs","duration":4,"sy":15,"ease":"inCubic","r":-180},{"sy":10,"time":440,"ease":"outCubic","r":-180,"type":"deco","id":"bs","order":1,"duration":4,"sx":10,"angle":135},{"time":464,"ease":"inCubic","r":-225,"type":"deco","id":"bs","duration":4,"sy":15,"sx":15,"angle":112.5},{"sy":10,"time":468,"ease":"outCubic","r":-270,"type":"deco","id":"bs","order":1,"duration":4,"sx":10,"angle":135},{"time":408,"type":"setColor","b":64,"color":1,"angle":157.5,"duration":4,"g":0,"ease":"inCubic","r":0},{"time":412,"type":"setColor","b":21,"color":1,"angle":157.5,"duration":4,"g":0,"ease":"outCubic","r":0},{"time":436,"type":"setColor","b":85,"color":1,"angle":157.5,"duration":4,"g":0,"ease":"inCubic","r":0},{"time":440,"type":"setColor","b":43,"color":1,"angle":157.5,"duration":4,"g":0,"ease":"outCubic","r":0},{"time":464,"type":"setColor","b":106,"color":1,"angle":157.5,"duration":4,"g":0,"ease":"inCubic","r":0},{"time":468,"type":"setColor","b":64,"color":1,"angle":157.5,"duration":4,"g":0,"ease":"outCubic","r":0},{"time":492,"type":"setColor","b":128,"color":1,"angle":157.5,"duration":4,"g":0,"ease":"inSine","r":0},{"color":7,"r":0,"time":384,"type":"setColor","g":128,"b":255,"angle":180},{"sx":1.5,"time":398,"sy":1.5,"ox":90,"oy":90,"type":"deco","hide":false,"id":"shapes","sprite":"shapes!l","angle":90},{"type":"deco","id":"shapes","time":401,"hide":true,"angle":90},{"type":"setColor","r":0,"time":384,"color":4,"g":0,"b":85,"angle":202.5},{"type":"setColor","r":0,"time":384,"color":2,"g":0,"b":170,"angle":225},{"type":"deco","id":"shapes","time":405,"hide":false,"sprite":"shapes!l","angle":90},{"type":"deco","id":"shapes","time":408,"hide":true,"angle":90},{"type":"deco","id":"shapes","time":426,"r":-90,"hide":false,"angle":90},{"type":"deco","id":"shapes","time":429,"hide":true,"angle":90},{"type":"deco","id":"shapes","time":433,"hide":false,"angle":90},{"type":"deco","id":"shapes","time":436,"hide":true,"angle":90},{"type":"deco","id":"shapes","time":454,"angle":90,"hide":false,"r":180},{"type":"deco","id":"shapes","time":457,"hide":true,"angle":90},{"type":"deco","id":"shapes","time":461,"hide":false,"sprite":"shapes!l","angle":90},{"type":"deco","id":"shapes","time":464,"hide":true,"angle":90},{"type":"deco","id":"shapes","time":482,"angle":90,"hide":false,"sprite":"shapes!l","r":90},{"type":"deco","id":"shapes","time":485,"hide":true,"angle":90},{"type":"deco","id":"shapes","time":489,"hide":false,"sprite":"shapes!l","angle":90},{"type":"deco","id":"shapes","time":492,"hide":true,"angle":90},{"type":"deco","id":"sc","time":438,"sprite":"sc!r","ox":300,"oy":300,"angle":90},{"type":"deco","id":"sc","time":440,"sx":-1,"sprite":"sc!rb","angle":90},{"type":"setColor","angle":180,"time":440,"color":3,"g":0,"b":255,"r":0},{"type":"deco","id":"sc","time":442,"hide":true,"angle":90},{"x":300,"y":180,"drawOrder":25,"id":"tds","order":0,"r":45,"recolor":5,"time":468,"ox":2,"oy":2,"type":"deco","angle":90,"sx":48,"sprite":"tds#0","sy":48},{"type":"deco","id":"tds","time":468.25,"angle":90,"sprite":"tds#1","r":105},{"type":"deco","id":"tds","time":468.5,"r":120,"sprite":"tds#0","angle":90},{"type":"deco","id":"tds","time":468.75,"angle":90,"sprite":"tds#1","r":135},{"type":"deco","id":"tds","time":469,"r":150,"sprite":"tds#0","angle":90},{"type":"deco","id":"tds","time":469.25,"angle":90,"sprite":"tds#1","r":165},{"type":"deco","id":"tds","time":469.5,"r":180,"sprite":"tds#0","angle":90},{"type":"deco","id":"tds","time":469.75,"r":195,"sprite":"tds#1","angle":90},{"type":"deco","id":"tds","time":470,"angle":90,"sprite":"tds#0","r":210},{"type":"deco","id":"tds","time":470.25,"r":225,"sprite":"tds#1","angle":90},{"type":"deco","id":"tds","time":470.5,"angle":90,"sprite":"tds#0","r":240},{"type":"deco","id":"tds","time":470.75,"r":255,"sprite":"tds#1","angle":90},{"type":"deco","id":"tds","time":471,"r":270,"sprite":"tds#0","angle":90},{"type":"deco","id":"tds","time":471.25,"r":285,"sprite":"tds#1","angle":90},{"type":"deco","id":"tds","time":471.5,"r":300,"sprite":"tds#0","angle":90},{"type":"deco","id":"tds","time":471.75,"angle":90,"sprite":"tds#1","r":315},{"type":"deco","id":"tds","time":472.5,"hide":true,"angle":90},{"type":"setColor","angle":67.5,"time":468,"color":5,"g":204,"b":255,"r":153},{"type":"deco","id":"tds","time":472,"r":330,"sprite":"tds#0","angle":90},{"type":"deco","id":"tds","time":472.25,"angle":90,"sprite":"tds#1","r":345},{"sprite":"the grid.png","time":230,"ox":2057.5,"oy":2057.5,"sy":48,"type":"deco","id":"thegrid","angle":202.5,"sx":48,"r":2.5},{"type":"deco","id":"thegrid","time":230.5625,"angle":202.5,"r":5,"sx":32,"sy":32},{"sx":21.333299636841,"time":231.125,"angle":202.5,"type":"deco","id":"thegrid","sy":21.333299636841,"r":7.5},{"time":231.3125,"r":10,"type":"deco","id":"thegrid","sy":14.222200393677,"sx":14.222200393677,"angle":202.5},{"time":231.5,"sx":9.4813995361328,"angle":202.5,"type":"deco","id":"thegrid","sy":9.4813995361328,"r":12.5},{"time":232.0625,"r":15,"type":"deco","id":"thegrid","sy":6.3208999633789,"sx":6.3208999633789,"angle":202.5},{"time":232.625,"r":17.5,"type":"deco","id":"thegrid","sy":4.2139000892639,"sx":4.2139000892639,"angle":202.5},{"time":232.8125,"r":20,"type":"deco","id":"thegrid","sy":2.8092999458313,"sx":2.8092999458313,"angle":202.5},{"time":233,"sx":1.8727999925613,"angle":202.5,"type":"deco","id":"thegrid","sy":1.8727999925613,"r":22.5},{"sx":1.2484999895096,"time":233.5,"angle":202.5,"type":"deco","id":"thegrid","sy":1.2484999895096,"r":25},{"type":"deco","id":"thegrid","time":234,"angle":202.5,"r":27.5,"sx":0.83230000734329,"sy":0.83230000734329},{"type":"deco","id":"thegrid","time":234.25,"r":30,"angle":202.5,"sx":0.55489999055862,"sy":0.55489999055862},{"type":"deco","id":"thegrid","time":234.5,"angle":202.5,"r":32.5,"sx":0.36989998817444,"sy":0.36989998817444},{"type":"deco","id":"thegrid","time":235,"angle":202.5,"r":35,"sx":1.2484999895096,"sy":1.2484999895096},{"sx":0.83230000734329,"time":235.5,"ox":2780,"oy":2780,"r":37.5,"type":"deco","id":"thegrid","sy":0.83230000734329,"sprite":"theGRID.png","angle":202.5},{"type":"deco","id":"thegrid","time":242,"hide":true,"angle":202.5},{"type":"deco","id":"thegrid","time":235.75,"sy":0.55489999055862,"r":40,"sx":0.55489999055862,"angle":202.5},{"type":"deco","id":"thegrid","time":236,"sy":0.36989998817444,"r":45,"sx":0.36989998817444,"angle":202.5},{"type":"deco","id":"thegrid","time":236.25,"angle":202.5,"r":50,"sx":0.2466000020504,"sy":0.2466000020504},{"sx":1.2484999895096,"time":236.5,"ox":920,"oy":920,"angle":202.5,"type":"deco","id":"thegrid","r":55,"sprite":"the GRID but smaller.png","sy":1.2484999895096},{"type":"deco","id":"thegrid","time":236.75,"sy":0.83230000734329,"r":60,"sx":0.83230000734329,"angle":202.5},{"type":"deco","id":"thegrid","time":237,"angle":202.5,"r":65,"sx":0.55489999055862,"sy":0.55489999055862},{"type":"deco","id":"thegrid","time":237.25,"sy":0.36989998817444,"r":70,"sx":0.36989998817444,"angle":202.5},{"time":237.5,"sx":1.2484999895096,"r":75,"type":"deco","id":"thegrid","angle":202.5,"sprite":"the GRID but EVEN smaller.png","sy":1.2484999895096},{"type":"deco","id":"thegrid","time":237.75,"sy":0.83230000734329,"r":80,"sx":0.83230000734329,"angle":202.5},{"type":"deco","id":"thegrid","time":238,"angle":202.5,"r":85,"sx":0.55489999055862,"sy":0.55489999055862},{"type":"deco","id":"thegrid","time":238.25,"angle":202.5,"r":90,"sx":0.36989998817444,"sy":0.36989998817444},{"type":"deco","id":"thegrid","time":238.5,"angle":202.5,"r":95,"sx":1.2484999895096,"sy":1.2484999895096},{"type":"deco","id":"thegrid","time":238.75,"sy":0.83230000734329,"r":100,"sx":0.83230000734329,"angle":202.5},{"type":"deco","id":"thegrid","time":239,"angle":202.5,"r":105,"sx":0.55489999055862,"sy":0.55489999055862},{"type":"deco","id":"thegrid","time":239.25,"sy":0.36989998817444,"r":110,"sx":0.36989998817444,"angle":202.5},{"type":"deco","id":"thegrid","time":239.5,"sy":1.2484999895096,"angle":202.5,"sx":1.2484999895096,"r":115},{"type":"deco","id":"thegrid","time":239.75,"sy":0.83230000734329,"r":120,"sx":0.83230000734329,"angle":202.5},{"type":"deco","id":"thegrid","time":240,"sy":0.55489999055862,"r":125,"sx":0.55489999055862,"angle":202.5},{"type":"deco","id":"thegrid","time":240.25,"angle":202.5,"r":130,"sx":0.36989998817444,"sy":0.36989998817444},{"type":"deco","id":"thegrid","time":240.5,"sy":1.2484999895096,"angle":202.5,"sx":1.2484999895096,"r":140},{"type":"deco","id":"thegrid","time":240.75,"sy":0.83230000734329,"r":145,"sx":0.83230000734329,"angle":202.5},{"type":"deco","id":"thegrid","time":241,"sy":0.55489999055862,"r":150,"sx":0.55489999055862,"angle":202.5},{"type":"deco","id":"thegrid","time":241.25,"sy":0.36989998817444,"r":155,"sx":0.36989998817444,"angle":202.5},{"type":"deco","id":"thegrid","time":241.5,"angle":202.5,"r":160,"sx":1.2484999895096,"sy":1.2484999895096},{"type":"deco","id":"thegrid","time":241.75,"sy":0.83230000734329,"r":165,"sx":0.83230000734329,"angle":202.5},{"type":"setColor","r":0,"time":239,"color":3,"g":0,"b":0,"angle":225},{"type":"setColor","r":0,"time":239.25,"color":2,"g":0,"b":0,"angle":225},{"type":"setColor","r":0,"time":239.5,"color":2,"g":0,"b":0,"angle":225},{"type":"setColor","r":0,"time":239.75,"color":2,"g":0,"b":0,"angle":225},{"type":"setColor","r":0,"time":240,"color":2,"g":0,"b":0,"angle":225},{"type":"setColor","r":0,"time":240.25,"color":2,"g":0,"b":0,"angle":225},{"type":"setColor","r":0,"time":240.5,"color":2,"g":0,"b":0,"angle":225},{"type":"setColor","r":0,"time":240.75,"color":2,"g":0,"b":0,"angle":225},{"type":"setColor","r":0,"time":241,"color":2,"g":0,"b":0,"angle":225},{"type":"setColor","r":0,"time":241.25,"color":2,"g":0,"b":0,"angle":225},{"type":"setColor","r":0,"time":241.5,"color":2,"g":0,"b":0,"angle":225},{"type":"setColor","r":0,"time":241.75,"color":2,"g":0,"b":0,"angle":225}]}