[{"type":"block","time":-0.125,"angle":360},{"type":"block","time":0.375,"angle":360},{"type":"block","time":0.875,"angle":0},{"type":"block","time":1.375,"angle":0},{"type":"block","time":1.875,"angle":90},{"type":"block","time":2.375,"angle":90},{"type":"block","time":2.625,"angle":157.5},{"type":"block","time":3.125,"angle":90},{"type":"block","time":3.375,"angle":22.5},{"type":"block","time":3.625,"angle":90},{"type":"block","time":3.875,"angle":157.5},{"type":"block","time":4.375,"angle":225},{"type":"block","time":4.875,"angle":157.5},{"type":"block","time":5.375,"angle":225},{"type":"block","time":5.875,"angle":90},{"type":"block","time":6.375,"angle":90},{"type":"block","time":6.875,"angle":270},{"type":"block","time":7.375,"angle":270},{"type":"block","time":8,"angle":405},{"type":"block","time":8.5,"angle":405},{"type":"block","time":9,"angle":45},{"type":"block","time":9.5,"angle":45},{"type":"block","time":10,"angle":135},{"type":"block","time":10.5,"angle":135},{"type":"block","time":10.75,"angle":157.5},{"type":"block","time":11.25,"angle":135},{"type":"block","time":11.5,"angle":112.5},{"type":"block","time":11.75,"angle":135},{"type":"block","time":14,"angle":135},{"type":"block","time":14.5,"angle":135},{"type":"block","time":15,"angle":315},{"type":"block","time":15.5,"angle":315},{"type":"block","time":12,"angle":202.5},{"type":"block","time":13.5,"angle":270},{"type":"block","time":13,"angle":247.5},{"type":"block","time":12.5,"angle":225},{"type":"block","tap":true,"time":15,"angle":337.5},{"type":"block","tap":true,"time":15,"angle":292.5},{"type":"block","tap":true,"time":15.5,"angle":337.5},{"type":"block","tap":true,"time":15.5,"angle":292.5},{"duration":1,"angle2":112.5,"time":16,"angle":22.5,"type":"hold"},{"duration":0.875,"angle2":90,"time":17,"angle":112.5,"type":"hold"},{"type":"block","time":18.375,"angle":22.5},{"type":"block","time":18.875,"angle":90},{"type":"block","tap":true,"time":19.125,"angle":135,"speedMult":1.5},{"duration":0.5,"angle2":202.5,"time":19.125,"angle":202.5,"type":"mineHold"},{"duration":0.5,"angle2":90,"time":19.125,"angle":90,"type":"mineHold"},{"duration":1,"angle2":393.75,"time":20.125,"angle":315,"type":"hold"},{"type":"hold","angle2":-45,"time":21.125,"angle":33.75,"duration":0.75,"holdEase":"inSine"},{"type":"mine","time":22.375,"angle":315},{"type":"mine","time":21.875,"angle":281.25},{"type":"block","time":22.375,"angle":22.5},{"type":"block","time":22.875,"angle":213.75},{"type":"block","time":23.125,"angle":135},{"type":"block","tap":true,"time":23.125,"angle":123.75},{"type":"block","tap":true,"time":23.125,"angle":146.25},{"type":"block","tap":true,"time":23.625,"angle":146.25},{"type":"block","tap":true,"time":23.625,"angle":123.75},{"type":"block","time":23.625,"angle":135},{"type":"mine","time":22.375,"angle":303.75},{"type":"mine","time":22.125,"angle":281.25},{"type":"mine","time":22.375,"angle":281.25},{"type":"mine","time":22.375,"angle":292.5},{"duration":1,"angle2":360,"time":24.125,"angle":270,"type":"hold"},{"duration":0.75,"angle2":540,"time":25.125,"angle":360,"type":"hold"},{"type":"block","time":26.5,"angle":0},{"type":"block","time":27,"angle":180},{"type":"block","time":27,"angle":202.5},{"type":"block","time":27,"angle":157.5},{"type":"block","time":27.25,"angle":337.5},{"type":"block","time":27.25,"angle":22.5},{"duration":1,"angle2":360,"time":27.25,"angle":360,"startTap":true,"type":"hold"},{"duration":0.75,"angle2":0,"time":29.25,"angle":180,"type":"hold"},{"duration":0.5,"angle2":90,"time":28.25,"angle":90,"type":"mineHold"},{"duration":0.5,"angle2":270,"time":28.25,"angle":270,"type":"mineHold"},{"duration":0.5,"angle2":315,"time":29.75,"angle":315,"type":"mineHold"},{"type":"block","time":30.5,"angle":135},{"type":"block","time":31,"angle":315},{"type":"block","time":31.25,"angle":0},{"type":"block","time":31.25,"angle":22.5},{"type":"block","time":31.25,"angle":45},{"type":"block","tap":true,"time":31.75,"angle":22.5},{"type":"block","time":31.75,"angle":45},{"type":"block","tap":true,"time":31.75,"angle":67.5},{"duration":1,"angle2":112.5,"time":32.25,"angle":247.5,"type":"hold"},{"duration":0.75,"angle2":180,"time":33.25,"angle":112.5,"endTap":true,"type":"hold"},{"type":"block","time":34.5,"angle":270},{"duration":0.25,"angle2":45,"time":35,"angle":90,"endTap":true,"type":"hold"},{"type":"block","time":36.25,"angle":303.75},{"type":"block","tap":true,"time":36.25,"angle":326.25},{"type":"block","tap":true,"time":36.25,"angle":281.25},{"type":"block","time":37.25,"angle":112.5},{"type":"block","tap":true,"time":37.25,"angle":135},{"type":"block","tap":true,"time":37.25,"angle":90},{"type":"block","time":38,"angle":247.5},{"type":"hold","angle2":247.5,"time":38.5,"angle":213.75,"duration":0.5,"holdEase":"inSine"},{"type":"block","time":39.25,"angle":168.75},{"type":"block","time":39.25,"angle":157.5},{"type":"block","time":39.25,"angle":146.25},{"type":"block","time":39.75,"angle":213.75},{"type":"block","time":39.75,"angle":225},{"type":"block","time":39.75,"angle":202.5},{"duration":1,"angle2":180,"time":40.25,"angle":0,"type":"hold"},{"duration":1,"angle2":270,"time":41.25,"angle":270,"type":"mineHold"},{"type":"block","time":42,"angle":0},{"type":"block","time":42.5,"angle":281.25},{"duration":0.25,"angle2":146.25,"time":43,"angle":213.75,"type":"hold"},{"duration":1,"angle2":225,"time":44.25,"angle":67.5,"type":"hold"},{"duration":1,"angle2":123.75,"time":43.25,"angle":123.75,"type":"mineHold"},{"duration":0.75,"angle2":135,"time":45.25,"angle":225,"type":"hold"},{"type":"block","time":46.5,"angle":270},{"duration":0.5,"angle2":168.75,"time":47.25,"angle":33.75,"type":"hold"},{"type":"block","time":47,"angle":135},{"type":"block","time":48.25,"angle":0},{"type":"block","time":48.5,"angle":45},{"type":"block","time":48.75,"angle":90},{"type":"block","time":49.25,"angle":180},{"type":"block","time":49,"angle":135},{"type":"block","time":49.5,"angle":135},{"type":"block","time":49.75,"angle":180},{"duration":0.25,"angle2":225,"time":50,"angle":135,"type":"hold"},{"type":"block","time":50.5,"angle":180},{"type":"block","tap":true,"time":50.75,"angle":225},{"type":"block","time":51,"angle":180},{"duration":0.25,"angle2":135,"time":51.5,"angle":180,"type":"hold"},{"type":"block","time":51.25,"angle":135},{"duration":0.25,"angle2":270,"time":52,"angle":180,"type":"hold"},{"type":"block","time":52.375,"angle":0},{"type":"block","time":52.875,"angle":22.5},{"type":"block","time":52.875,"angle":0},{"type":"block","time":52.875,"angle":337.5},{"type":"block","time":53.375,"angle":247.5},{"type":"block","time":53.625,"angle":225},{"type":"block","time":54.5,"angle":270},{"type":"block","time":54.75,"angle":-45},{"type":"block","time":55,"angle":0},{"type":"block","time":55.25,"angle":-45},{"type":"block","time":55.5,"angle":-90},{"type":"block","time":55.75,"angle":-45},{"type":"block","time":56,"angle":0},{"type":"block","time":56.25,"angle":-45},{"type":"block","time":56.75,"angle":165},{"type":"block","time":57,"angle":135},{"type":"block","time":57.25,"angle":105},{"type":"block","time":57.5,"angle":165},{"type":"block","time":57.75,"angle":135},{"type":"block","time":58,"angle":105},{"type":"block","time":58.25,"angle":165},{"type":"block","time":58.5,"angle":135},{"type":"block","time":58.75,"angle":105},{"type":"block","time":59,"angle":135},{"type":"block","time":59.25,"angle":90},{"type":"block","time":59.5,"angle":45},{"type":"block","time":59.75,"angle":90},{"type":"block","time":60,"angle":45},{"type":"block","time":60.125,"angle":0},{"type":"block","time":60.375,"angle":0},{"type":"block","time":60.375,"angle":22.5},{"type":"block","time":60.375,"angle":337.5},{"type":"block","time":60.875,"angle":0},{"type":"block","time":60.875,"angle":22.5},{"type":"block","time":60.875,"angle":337.5},{"type":"block","time":61.375,"angle":0},{"type":"block","tap":true,"time":61.375,"angle":22.5},{"type":"block","tap":true,"time":61.375,"angle":337.5},{"type":"block","time":61.625,"angle":0},{"type":"block","time":62.125,"angle":270},{"type":"block","tap":true,"time":62.125,"angle":292.5},{"type":"block","tap":true,"time":62.125,"angle":247.5},{"type":"block","time":62.625,"angle":270},{"type":"block","tap":true,"time":63.125,"angle":180},{"type":"block","time":63.125,"angle":157.5},{"type":"block","time":63.125,"angle":202.5},{"duration":0.75,"angle2":90,"time":63.625,"angle":180,"type":"hold"},{"type":"block","time":64.625,"angle":67.5},{"type":"block","time":64.875,"angle":45},{"type":"block","time":65.125,"angle":22.5},{"type":"block","time":65.375,"angle":0},{"type":"block","time":65.625,"angle":337.5},{"type":"block","time":65.875,"angle":360},{"type":"block","time":66.125,"angle":337.5},{"type":"block","time":66.375,"angle":0},{"type":"block","time":66.625,"angle":22.5},{"type":"block","time":66.875,"angle":45},{"type":"block","time":67.125,"angle":67.5},{"type":"block","time":67.375,"angle":90},{"type":"block","time":67.625,"angle":112.5},{"type":"block","time":67.875,"angle":135},{"type":"block","time":68.125,"angle":112.5},{"type":"block","tap":true,"time":68.375,"angle":135},{"type":"block","tap":true,"time":68.875,"angle":202.5},{"type":"block","tap":true,"time":69.375,"angle":270},{"type":"block","time":69.625,"angle":292.5},{"duration":0.5,"angle2":0,"time":70.25,"angle":0,"startTap":true,"type":"hold"},{"duration":0.25,"angle2":22.5,"time":70.25,"angle":22.5,"startTap":true,"type":"hold"},{"duration":0.75,"angle2":337.5,"time":70.25,"angle":337.5,"startTap":true,"type":"hold"},{"type":"block","time":71.25,"angle":360},{"type":"block","time":71.5,"angle":22.5},{"type":"block","time":71.75,"angle":45},{"type":"block","time":72,"angle":67.5},{"type":"block","time":72.25,"angle":90},{"type":"block","time":72.5,"angle":157.5},{"type":"block","time":72.75,"angle":135},{"type":"block","time":73,"angle":112.5},{"type":"block","time":73.25,"angle":135},{"type":"block","time":73.5,"angle":157.5},{"type":"block","time":73.75,"angle":180},{"type":"block","time":74,"angle":202.5},{"type":"block","time":74.25,"angle":180},{"type":"block","time":74.5,"angle":157.5},{"type":"block","time":76.5,"angle":67.5},{"type":"block","time":76.5,"angle":112.5},{"type":"block","time":77,"angle":292.5},{"type":"block","time":77,"angle":270},{"type":"block","time":77,"angle":247.5},{"type":"block","time":77.5,"angle":0},{"type":"block","time":77.5,"angle":337.5},{"type":"block","time":77.5,"angle":22.5},{"type":"block","time":77.75,"angle":90},{"type":"block","time":77.75,"angle":67.5},{"type":"block","time":77.75,"angle":112.5},{"type":"block","time":74.75,"angle":135},{"type":"block","time":75,"angle":112.5},{"type":"block","time":75.25,"angle":90},{"type":"block","time":75.5,"angle":112.5},{"type":"block","time":75.75,"angle":135},{"type":"block","time":76,"angle":112.5},{"type":"block","time":76.5,"angle":90},{"type":"block","time":78.25,"angle":292.5},{"type":"block","time":78.25,"angle":270},{"type":"block","time":78.25,"angle":247.5},{"type":"block","time":78.75,"angle":202.5},{"type":"block","time":78.75,"angle":180},{"type":"block","time":78.75,"angle":157.5},{"type":"block","time":79.25,"angle":67.5},{"type":"block","time":79.25,"angle":90},{"type":"block","time":79.25,"angle":112.5},{"type":"block","time":80,"angle":45},{"type":"block","time":80.25,"angle":22.5},{"type":"block","time":80.5,"angle":0},{"type":"block","time":80.125,"angle":33.75},{"type":"block","time":80.375,"angle":11.25},{"duration":0.5,"angle2":416.25,"time":80.625,"angle":348.75,"startTap":true,"type":"hold"},{"duration":0.125,"angle2":33.75,"time":81.125,"angle":56.25,"type":"hold"},{"type":"block","time":81.75,"angle":11.25},{"type":"block","time":82,"angle":348.75},{"duration":0.75,"angle2":416.25,"time":83.5,"angle":303.75,"type":"hold"},{"duration":0.125,"angle2":303.75,"time":82.25,"angle":326.25,"type":"hold"},{"type":"block","time":83.25,"angle":281.25},{"type":"block","time":83,"angle":258.75},{"type":"block","time":82.75,"angle":236.25},{"type":"block","tap":true,"time":84.5,"angle":90},{"type":"block","time":84.75,"angle":135},{"type":"block","time":85,"angle":180},{"type":"block","time":85.25,"angle":225},{"type":"block","time":85.5,"angle":270},{"type":"block","time":85.75,"angle":225},{"type":"hold","angle2":90,"time":86,"angle":180,"duration":0.5,"holdEase":"inBack"},{"type":"block","time":86.75,"angle":45},{"type":"block","time":87,"angle":0},{"type":"block","time":87.25,"angle":45},{"type":"block","time":87.5,"angle":90},{"type":"block","time":87.75,"angle":45},{"type":"block","time":88,"angle":360},{"type":"block","time":88.25,"angle":315},{"type":"block","time":88.5,"angle":270},{"type":"block","time":88.625,"angle":247.5},{"type":"block","time":88.75,"angle":225},{"type":"block","time":88.875,"angle":202.5},{"type":"block","time":89,"angle":247.5},{"type":"block","time":89.125,"angle":270},{"type":"block","time":89.25,"angle":292.5},{"type":"block","time":89.375,"angle":315},{"type":"block","time":89.5,"angle":360},{"type":"block","time":89.625,"angle":22.5},{"type":"block","time":89.75,"angle":45},{"type":"block","time":89.875,"angle":67.5},{"type":"block","time":90,"angle":112.5},{"type":"block","time":90.125,"angle":90},{"type":"block","time":90.25,"angle":67.5},{"type":"block","time":90.375,"angle":45},{"type":"block","time":90.5,"angle":0},{"type":"block","time":90.625,"angle":22.5},{"type":"block","time":90.75,"angle":45},{"type":"block","time":90.875,"angle":67.5},{"type":"block","time":91,"angle":112.5},{"type":"block","time":91.125,"angle":135},{"type":"block","time":91.25,"angle":157.5},{"type":"block","time":91.375,"angle":180},{"duration":0.25,"angle2":225,"time":91.5,"angle":202.5,"type":"hold"},{"duration":0.25,"angle2":247.5,"time":92,"angle":270,"type":"hold"},{"duration":0.5,"angle2":180,"time":92.375,"angle":225,"type":"hold"},{"duration":0.5,"angle2":270,"time":92.875,"angle":180,"type":"hold"},{"duration":0.5,"angle2":247.5,"time":93.375,"angle":270,"type":"hold"},{"type":"block","time":94.375,"angle":202.5},{"type":"block","time":94.5,"angle":180},{"duration":0.5,"angle2":90,"time":94.625,"angle":157.5,"type":"hold"},{"duration":0.5,"angle2":135,"time":95.125,"angle":90,"type":"hold"},{"duration":0.5,"angle2":112.5,"time":95.625,"angle":135,"type":"hold"},{"duration":0.5,"angle2":180,"time":96.125,"angle":112.5,"type":"hold"},{"type":"block","tap":true,"time":94.125,"angle":225},{"duration":0.25,"angle2":135,"time":97.125,"angle":157.5,"type":"hold"},{"duration":0.25,"angle2":202.5,"time":97.625,"angle":180,"type":"hold"},{"duration":0.25,"angle2":180,"time":97.875,"angle":157.5,"type":"hold"},{"duration":0.25,"angle2":157.5,"time":98.375,"angle":180,"type":"hold"},{"duration":0.25,"angle2":135,"time":98.875,"angle":157.5,"type":"hold"},{"duration":0.25,"angle2":180,"time":99.125,"angle":157.5,"type":"hold"},{"duration":0.25,"angle2":225,"time":99.625,"angle":225,"type":"hold"},{"type":"hold","angle2":360,"time":100.375,"angle":247.5,"duration":1.25,"holdEase":"outQuad"},{"type":"block","time":102.125,"angle":67.5},{"duration":0.5,"angle2":360,"time":102.75,"angle":292.5,"type":"hold"},{"type":"block","time":103.75,"angle":67.5},{"type":"block","time":104.25,"angle":360},{"type":"block","time":104.75,"angle":292.5},{"type":"block","time":105.25,"angle":11.25},{"type":"block","time":105.75,"angle":78.75},{"type":"block","time":106.25,"angle":112.5},{"type":"block","time":106.75,"angle":157.5},{"type":"block","time":107.25,"angle":258.75},{"type":"block","time":107.75,"angle":348.75},{"type":"block","time":108,"angle":11.25},{"type":"block","time":108.25,"angle":33.75},{"type":"block","time":108.5,"angle":56.25},{"type":"hold","angle2":0,"time":109,"angle":112.5,"duration":1.25,"holdEase":"inBack"},{"type":"block","time":110.5,"angle":337.5},{"type":"block","time":110.75,"angle":0},{"type":"block","time":111,"angle":22.5},{"type":"block","time":111.25,"angle":45},{"type":"block","time":111.5,"angle":67.5},{"duration":0.5,"angle2":135,"time":111.75,"angle":90,"type":"hold"},{"duration":0.5,"angle2":90,"time":112.25,"angle":135,"type":"hold"},{"duration":2,"angle2":270,"time":112.75,"angle":90,"type":"hold"},{"type":"block","time":129,"speedMult":99999,"angle":0},{"type":"block","time":130,"speedMult":99999,"angle":90},{"type":"block","time":131,"speedMult":99999,"angle":-90},{"type":"block","time":132,"speedMult":99999,"angle":-180},{"type":"block","time":133,"speedMult":99999,"angle":-45},{"type":"block","time":134,"speedMult":99999,"angle":-135},{"type":"block","time":135,"speedMult":99999,"angle":45},{"type":"block","time":136,"speedMult":99999,"angle":135},{"type":"block","time":137,"speedMult":99999,"angle":0},{"type":"block","time":138,"speedMult":99999,"angle":-90},{"type":"block","time":139,"speedMult":99999,"angle":90},{"type":"block","time":140,"speedMult":99999,"angle":180},{"type":"block","time":141,"speedMult":99999,"angle":45},{"type":"block","time":142,"speedMult":99999,"angle":135},{"type":"block","time":142.875,"speedMult":99999,"angle":315},{"type":"block","time":144.125,"speedMult":99999,"angle":225},{"duration":0.75,"angle2":236.25,"time":145.125,"angle":315,"type":"hold"},{"duration":1,"angle2":90,"time":146.875,"angle":180,"type":"hold"},{"duration":1,"angle2":315,"time":148.875,"angle":180,"type":"hold"},{"type":"block","tap":true,"time":151.5,"angle":56.25},{"duration":1,"angle2":112.5,"time":151,"angle":33.75,"startTap":true,"type":"hold"},{"duration":1,"angle2":112.5,"time":153,"angle":236.25,"type":"hold"},{"type":"block","time":155,"angle":180},{"type":"block","time":155.5,"angle":225},{"type":"block","tap":true,"time":155.875,"angle":270},{"duration":0.75,"angle2":450,"time":156.125,"angle":270,"startTap":true,"type":"hold"},{"type":"block","time":157.125,"angle":180},{"type":"block","time":157.625,"angle":67.5},{"type":"block","time":158.125,"angle":101.25},{"duration":0.75,"angle2":-90,"time":158.875,"angle":0,"type":"hold"},{"type":"block","tap":true,"time":160.125,"angle":292.5},{"type":"block","time":160.125,"angle":303.75},{"type":"block","tap":true,"time":160.125,"angle":315},{"type":"block","time":160.625,"angle":360},{"type":"block","time":158.375,"angle":22.5},{"duration":0.5,"angle2":337.5,"time":160.625,"angle":348.75,"startTap":true,"type":"hold"},{"duration":0.5,"angle2":22.5,"time":160.625,"angle":11.25,"startTap":true,"type":"hold"},{"duration":1,"angle2":112.5,"time":161.125,"angle":0,"type":"hold"},{"type":"block","time":162.875,"angle":168.75},{"type":"block","time":163.375,"angle":101.25},{"type":"block","tap":true,"time":163.875,"angle":157.5},{"type":"block","tap":true,"time":164.125,"angle":146.25},{"type":"block","time":165.25,"angle":225},{"type":"block","time":166.25,"angle":33.75},{"type":"block","time":167,"angle":225},{"type":"block","time":167.5,"angle":135},{"type":"block","time":168,"angle":225},{"duration":0.5,"angle2":191.25,"time":168.25,"angle":213.75,"endTap":true,"type":"hold"},{"type":"block","time":169,"angle":146.25},{"type":"block","time":169.25,"angle":123.75},{"type":"block","time":169.5,"angle":101.25},{"type":"block","time":170.25,"angle":78.75},{"type":"block","time":171,"angle":168.75},{"type":"block","time":171.5,"angle":146.25},{"type":"block","time":172.25,"angle":78.75},{"type":"block","time":169.75,"angle":78.75},{"type":"block","time":170.5,"angle":101.25},{"type":"block","time":171.75,"angle":123.75},{"type":"block","time":172.5,"angle":56.25},{"type":"block","time":173.25,"angle":67.5},{"type":"block","time":173.5,"angle":90},{"type":"block","time":173.75,"angle":112.5},{"type":"block","time":174.25,"angle":157.5},{"type":"block","time":174.5,"angle":180},{"type":"mine","time":175,"angle":123.75},{"type":"mine","time":175,"angle":101.25},{"type":"mine","time":175,"angle":78.75},{"type":"mine","time":175,"angle":56.25},{"type":"mine","time":175,"angle":33.75},{"type":"mine","time":175,"angle":11.25},{"type":"mine","time":175,"angle":348.75},{"type":"mine","time":175,"angle":326.25},{"type":"mine","time":175,"angle":303.75},{"type":"mine","time":175,"angle":281.25},{"type":"mine","time":175,"angle":258.75},{"type":"mine","time":175,"angle":236.25},{"type":"block","time":175.875,"angle":0},{"type":"block","time":176.375,"angle":180},{"duration":0.5,"angle2":0,"time":176.875,"angle":360,"type":"hold"},{"type":"hold","angle2":67.5,"time":178.375,"angle":0,"duration":0.75,"holdEase":"inBack"},{"type":"block","time":179.625,"angle":135},{"type":"block","time":180.125,"angle":180},{"type":"block","tap":true,"time":180.375,"angle":135},{"duration":0.25,"angle2":202.5,"time":180.375,"angle":202.5,"type":"mineHold"},{"duration":0.25,"angle2":90,"time":180.375,"angle":90,"type":"mineHold"},{"duration":0.25,"angle2":-135,"time":180.375,"angle":67.5,"type":"mineHold"},{"duration":0.25,"angle2":427.5,"time":180.375,"angle":225,"type":"mineHold"},{"type":"block","tap":true,"time":181.375,"angle":247.5},{"duration":1,"angle2":337.5,"time":181.375,"angle":270,"type":"hold"},{"type":"block","tap":true,"time":181.375,"angle":292.5},{"duration":0.75,"angle2":202.5,"time":182.375,"angle":337.5,"endTap":true,"type":"hold"},{"type":"block","time":183.625,"angle":112.5},{"type":"block","time":184.125,"angle":270},{"duration":0.5,"angle2":225,"time":184.375,"angle":292.5,"type":"hold"},{"duration":1,"angle2":45,"time":185.375,"angle":157.5,"startTap":true,"type":"hold"},{"type":"hold","angle2":135,"time":186.375,"angle":45,"duration":0.75,"holdEase":"inBack"},{"type":"block","time":141.5,"angle":270},{"type":"block","time":142.25,"angle":90},{"type":"block","time":143.625,"angle":292.5},{"type":"block","tap":true,"time":144.625,"angle":337.5},{"type":"block","time":187.625,"speedMult":99999,"angle":270},{"type":"block","time":188.125,"speedMult":99999,"angle":315},{"type":"block","time":188.375,"speedMult":99999,"angle":225},{"duration":0.5,"angle2":180,"time":188.375,"angle":135,"type":"mineHold"},{"duration":0.5,"angle2":360,"time":188.375,"angle":315,"type":"mineHold"},{"type":"block","time":189.5,"angle":90},{"duration":0.75,"angle2":405,"time":190.5,"angle":236.25,"startTap":true,"type":"hold"},{"duration":2.75,"angle2":112.5,"time":190.75,"angle":112.5,"type":"mineHold"},{"duration":0.5,"angle2":202.5,"time":191.75,"angle":270,"type":"hold"},{"duration":0.5,"angle2":-11.25,"time":192.5,"angle":-33.75,"type":"hold"},{"type":"block","time":193.5,"angle":67.5},{"type":"block","tap":true,"time":194.5,"angle":157.5},{"duration":0.5,"angle2":-67.5,"time":195.25,"angle":0,"type":"hold"},{"duration":0.5,"angle2":22.5,"time":195.75,"angle":-67.5,"type":"hold"},{"type":"block","time":196.5,"angle":112.5},{"duration":1.5,"angle2":292.5,"time":193.5,"angle":292.5,"type":"mineHold"},{"duration":1,"angle2":112.5,"time":197.5,"angle":292.5,"type":"hold"},{"type":"hold","angle2":202.5,"time":198.5,"angle":112.5,"duration":0.75,"holdEase":"inBack"},{"type":"block","time":199.75,"angle":22.5},{"duration":0.25,"angle2":202.5,"time":200.25,"angle":292.5,"endTap":true,"type":"hold"},{"type":"block","tap":true,"time":201,"angle":90},{"type":"block","time":201.5,"angle":45},{"type":"block","tap":true,"time":201.5,"angle":67.5},{"type":"block","tap":true,"time":201.5,"angle":22.5},{"duration":0.75,"angle2":225,"time":202.5,"angle":135,"type":"hold"},{"duration":0.5,"angle2":202.5,"time":203.75,"angle":157.5,"type":"hold"},{"duration":0.25,"angle2":135,"time":204.25,"angle":202.5,"endTap":true,"type":"hold"},{"duration":0.25,"angle2":225,"time":204.5,"angle":225,"type":"mineHold"},{"duration":0.25,"angle2":45,"time":204.5,"angle":45,"type":"mineHold"},{"type":"block","tap":true,"time":205.5,"angle":315},{"duration":0.25,"angle2":67.5,"time":205.5,"angle":67.5,"type":"mineHold"},{"duration":0.25,"angle2":247.5,"time":205.5,"angle":247.5,"type":"mineHold"},{"duration":0.25,"angle2":90,"time":206.5,"angle":90,"type":"mineHold"},{"duration":0.25,"angle2":270,"time":206.5,"angle":270,"type":"mineHold"},{"type":"block","tap":true,"time":206.5,"angle":157.5},{"duration":0.5,"angle2":-90,"time":207.25,"angle":0,"startTap":true,"type":"hold"},{"duration":0.25,"angle2":225,"time":208.25,"angle":180,"type":"hold"},{"type":"block","tap":true,"time":209,"angle":180},{"type":"block","time":209.5,"angle":225},{"type":"block","time":209.75,"angle":247.5},{"type":"block","time":210,"angle":270},{"type":"block","tap":true,"time":210.25,"angle":292.5},{"type":"block","time":210.5,"angle":270},{"type":"block","time":210.75,"angle":247.5},{"type":"block","time":211.25,"angle":202.5},{"type":"block","time":211.75,"angle":247.5},{"type":"block","time":212,"angle":270},{"duration":0.5,"angle2":225,"time":211,"angle":225,"endTap":true,"type":"hold"},{"type":"block","time":212.25,"angle":315},{"type":"block","time":212.5,"angle":360},{"type":"block","time":212.75,"angle":45},{"type":"hold","angle2":45,"time":213,"angle":67.5,"startTap":true,"duration":0.25,"holdEase":"inBack"},{"type":"block","time":213.5,"angle":67.5},{"type":"block","tap":true,"time":214,"angle":90},{"type":"block","time":214.5,"angle":135},{"type":"hold","angle2":90,"time":214.75,"angle":157.5,"duration":0.75,"holdEase":"inBack"},{"duration":1,"angle2":45,"time":215.5,"angle":45,"type":"mineHold"},{"duration":1,"angle2":135,"time":215.5,"angle":135,"type":"mineHold"},{"type":"block","time":216,"angle":90},{"type":"block","time":215.75,"angle":67.5},{"type":"block","time":216.25,"angle":112.5},{"type":"block","time":216.5,"angle":90},{"type":"block","time":216.75,"angle":67.5},{"type":"block","time":217,"angle":90},{"type":"block","time":217.25,"angle":112.5},{"type":"block","time":217.5,"angle":135},{"type":"block","time":217.75,"angle":157.5},{"type":"block","time":218,"angle":135},{"type":"block","time":218,"angle":112.5},{"type":"block","time":218.25,"angle":90},{"type":"block","time":218.25,"angle":67.5},{"type":"block","time":218.5,"angle":45},{"type":"block","time":218.5,"angle":22.5},{"type":"block","tap":true,"time":218.75,"angle":360},{"type":"block","time":219.25,"angle":180},{"duration":0.25,"angle2":45,"time":219.75,"angle":78.75,"startTap":true,"type":"hold"},{"duration":0.25,"angle2":45,"time":219.75,"angle":90,"type":"hold"},{"duration":0.25,"angle2":45,"time":219.75,"angle":101.25,"startTap":true,"type":"hold"},{"type":"block","time":219,"angle":270},{"type":"block","time":219.5,"angle":135},{"type":"block","time":220.5,"angle":67.5},{"type":"block","time":220.75,"angle":90},{"type":"block","time":221,"angle":112.5},{"type":"block","time":221.25,"angle":135},{"type":"block","time":221.5,"angle":112.5},{"type":"block","time":221.625,"angle":180},{"type":"block","time":222.125,"angle":225},{"type":"block","time":222.625,"angle":180},{"type":"block","time":222.875,"angle":135},{"type":"block","time":223.375,"angle":90},{"type":"block","time":223.875,"angle":45},{"type":"block","time":224.375,"angle":90},{"duration":0.75,"angle2":315,"time":224.875,"angle":135,"type":"hold"},{"type":"block","time":225.875,"angle":337.5},{"type":"block","time":226.125,"angle":360},{"type":"block","time":226.375,"angle":22.5},{"type":"block","time":226.625,"angle":0},{"type":"block","time":226.875,"angle":337.5},{"duration":0.25,"angle2":360,"time":227.125,"angle":315,"type":"hold"},{"type":"block","time":227.625,"angle":22.5},{"type":"block","time":227.875,"angle":360},{"type":"block","time":228.125,"angle":337.5},{"type":"block","time":228.375,"angle":315},{"type":"block","tap":true,"time":229.75,"angle":270},{"type":"block","tap":true,"time":230.25,"angle":180},{"duration":0.25,"angle2":45,"time":230.75,"angle":90,"startTap":true,"type":"hold"},{"type":"block","time":228.625,"angle":292.5},{"type":"block","time":228.875,"angle":270},{"type":"block","time":229.125,"angle":247.5},{"type":"block","time":229.375,"angle":225},{"type":"hold","angle2":56.25,"time":231.5,"angle":0,"holdEase":"inExpo","duration":2.25},{"duration":1,"angle2":326.25,"time":231.5,"angle":315,"type":"mineHold"},{"duration":1,"angle2":56.25,"time":231.5,"angle":45,"type":"mineHold"},{"duration":1,"angle2":90,"time":233.5,"angle":90,"type":"mineHold"},{"type":"block","time":234,"angle":33.75},{"type":"block","time":234.25,"angle":11.25},{"type":"block","time":234.5,"angle":326.25},{"type":"block","time":234.75,"angle":348.75},{"type":"block","time":235,"angle":11.25},{"duration":0.25,"angle2":33.75,"time":235.25,"angle":56.25,"type":"hold"},{"duration":0.25,"angle2":56.25,"time":235.75,"angle":78.75,"type":"hold"},{"type":"block","tap":true,"time":236.25,"angle":101.25},{"type":"block","time":236.5,"angle":123.75},{"type":"block","time":236.75,"angle":101.25},{"type":"block","time":237,"angle":78.75},{"type":"block","tap":true,"time":237.75,"angle":360},{"type":"block","tap":true,"time":238.25,"angle":315},{"type":"hold","angle2":236.25,"time":238.75,"angle":270,"startTap":true,"duration":0.25,"holdEase":"inSine"},{"type":"block","time":237.25,"angle":56.25},{"type":"block","time":237.5,"angle":33.75},{"type":"block","time":239.5,"angle":135},{"type":"block","time":240,"angle":225},{"type":"block","time":240.5,"angle":315},{"type":"block","time":241,"angle":360},{"type":"block","time":241.0625,"angle":11.25},{"type":"block","time":241.125,"angle":22.5},{"type":"block","time":241.1875,"angle":33.75},{"type":"block","time":241.25,"angle":45},{"type":"block","time":241.3125,"angle":56.25},{"type":"block","time":241.375,"angle":67.5},{"type":"block","time":241.4375,"angle":78.75},{"type":"block","time":241.5,"angle":90},{"type":"block","time":241.5625,"angle":101.25},{"type":"block","time":241.625,"angle":112.5},{"type":"block","time":241.6875,"angle":123.75},{"duration":0.5,"angle2":67.5,"time":241.75,"angle":135,"type":"hold"},{"duration":0.25,"angle2":90,"time":242.375,"angle":67.5,"type":"hold","endTap":true,"holdEase":"inBack"},{"type":"block","time":243.125,"angle":191.25},{"type":"block","time":243.375,"angle":157.5},{"type":"block","time":243.625,"angle":225},{"type":"block","time":243.75,"angle":247.5},{"type":"block","time":244.125,"angle":270},{"type":"block","time":244.375,"angle":303.75},{"type":"block","time":244.625,"angle":292.5},{"type":"block","time":244.875,"angle":326.25},{"type":"block","time":245.125,"angle":315},{"type":"block","time":245.375,"angle":360},{"type":"block","time":245.625,"angle":45},{"type":"block","time":245.875,"angle":90},{"type":"block","time":246.125,"angle":45},{"type":"block","time":246.375,"angle":0},{"type":"block","time":246.625,"angle":315},{"type":"block","time":246.875,"angle":270},{"type":"block","time":247.125,"angle":292.5},{"type":"block","time":247.375,"angle":315},{"type":"block","time":247.625,"angle":337.5},{"duration":0.0625,"angle2":22.5,"time":247.875,"angle":0,"type":"hold"},{"type":"block","time":248.125,"angle":45},{"type":"block","time":248.375,"angle":90},{"type":"block","time":248.625,"angle":135},{"type":"block","time":248.875,"angle":180},{"type":"block","time":249.125,"angle":135},{"type":"block","time":249.375,"angle":90},{"type":"block","time":249.625,"angle":405},{"type":"block","time":249.875,"angle":360},{"type":"block","time":250,"angle":382.5},{"type":"block","time":250.125,"angle":405},{"type":"block","time":250.25,"angle":67.5},{"type":"block","time":250.375,"angle":112.5},{"type":"block","time":250.5,"angle":90},{"type":"block","time":250.625,"angle":67.5},{"type":"block","time":250.75,"angle":45},{"type":"block","time":250.875,"angle":360},{"type":"block","time":251,"angle":337.5},{"type":"block","time":251.125,"angle":315},{"type":"block","time":251.25,"angle":292.5},{"type":"block","time":251.375,"angle":247.5},{"type":"block","time":251.5,"angle":270},{"type":"block","time":251.625,"angle":292.5},{"type":"block","time":251.75,"angle":315},{"type":"block","time":251.875,"angle":360},{"type":"block","time":252,"angle":22.5},{"type":"block","time":252.125,"angle":45},{"type":"block","time":252.25,"angle":67.5},{"type":"block","time":252.375,"angle":22.5},{"type":"block","time":252.5,"angle":0},{"type":"block","time":252.625,"angle":337.5},{"type":"block","time":252.75,"angle":315},{"type":"block","time":252.875,"angle":292.5},{"type":"block","time":253.125,"angle":337.5},{"type":"block","time":253.375,"angle":292.5},{"duration":0.062500074505806,"angle2":-22.5,"time":253.625,"angle":22.5,"type":"hold"},{"duration":0.4375,"angle2":427.5,"time":253.6875,"angle":337.5,"endTap":true,"type":"hold"},{"duration":0.5,"angle2":-90,"time":254.125,"angle":67.5,"type":"hold"},{"type":"block","tap":true,"time":255.125,"angle":112.5},{"type":"block","time":255.375,"angle":157.5},{"type":"block","time":255.625,"angle":112.5},{"duration":0.5,"angle2":22.5,"time":255.875,"angle":67.5,"type":"hold"},{"duration":0.5,"angle2":90,"time":256.375,"angle":22.5,"type":"hold"},{"duration":0.5,"angle2":0,"time":256.875,"angle":90,"endTap":true,"type":"hold"},{"type":"block","time":257.875,"angle":270},{"type":"block","time":258.125,"angle":202.5},{"type":"block","time":258.375,"angle":135},{"type":"block","time":258.625,"angle":67.5},{"type":"block","time":258.875,"angle":112.5},{"type":"block","time":259.125,"angle":157.5},{"type":"block","time":259.375,"angle":202.5},{"type":"block","time":259.625,"angle":247.5},{"type":"block","time":259.875,"angle":292.5},{"type":"block","time":260.125,"angle":337.5},{"type":"block","time":260.375,"angle":270},{"type":"block","time":260.625,"angle":202.5},{"type":"block","time":260.875,"angle":135},{"type":"block","time":261.125,"angle":67.5},{"duration":1.25,"angle2":292.5,"time":261.625,"angle":315,"startTap":true,"type":"hold"},{"duration":1.25,"angle2":326.25,"time":261.625,"angle":348.75,"type":"mineHold"},{"duration":1.25,"angle2":247.5,"time":261.625,"angle":270,"type":"mineHold"},{"type":"block","time":263.5,"angle":90},{"duration":0.25,"angle2":78.75,"time":264,"angle":56.25,"type":"hold"},{"type":"block","tap":true,"time":264.5,"angle":112.5},{"duration":0.5,"angle2":-45,"time":265,"angle":45,"type":"hold"},{"duration":0.5,"angle2":326.25,"time":266,"angle":247.5,"type":"hold"},{"duration":0.5,"angle2":146.25,"time":267,"angle":67.5,"type":"hold"},{"type":"block","time":269,"angle":236.25},{"type":"block","time":269.5,"angle":236.25},{"type":"block","time":269.25,"angle":303.75},{"type":"block","time":269.75,"angle":303.75},{"duration":0.5,"angle2":-56.25,"time":268,"angle":33.75,"type":"hold"},{"type":"block","time":270,"angle":236.25},{"type":"block","time":270.0625,"angle":247.5},{"type":"block","time":270.125,"angle":258.75},{"type":"block","time":270.1875,"angle":270},{"type":"block","time":270.25,"angle":281.25},{"type":"block","time":270.3125,"angle":292.5},{"type":"block","time":270.375,"angle":303.75},{"type":"block","time":270.4375,"angle":315},{"type":"block","time":270.5,"angle":326.25},{"type":"block","time":270.5625,"angle":337.5},{"type":"block","time":270.625,"angle":348.75},{"type":"block","time":270.6875,"angle":0},{"type":"block","time":270.75,"angle":11.25},{"type":"block","time":270.8125,"angle":22.5},{"type":"block","time":270.875,"angle":33.75},{"type":"block","time":270.9375,"angle":45},{"type":"block","time":271,"angle":56.25},{"type":"block","time":271.0625,"angle":67.5},{"type":"block","time":271.125,"angle":78.75},{"type":"block","time":271.1875,"angle":90},{"type":"block","time":271.25,"angle":101.25},{"type":"block","time":271.3125,"angle":112.5},{"type":"block","time":271.375,"angle":123.75},{"type":"block","time":271.4375,"angle":135},{"type":"block","time":271.5,"angle":146.25},{"type":"block","time":271.5625,"angle":157.5},{"type":"block","time":271.625,"angle":168.75},{"type":"block","time":271.6875,"angle":180},{"type":"block","time":271.75,"angle":191.25},{"type":"block","time":272,"angle":236.25},{"type":"block","time":272.25,"angle":180},{"type":"block","time":272.5,"angle":247.5},{"type":"block","time":272.75,"angle":168.75},{"duration":0.5,"angle2":90,"time":273,"angle":135,"type":"hold"},{"duration":0.5,"angle2":146.25,"time":273.5,"angle":90,"endTap":true,"type":"hold"},{"duration":10,"angle2":-120,"time":274.875,"angle":240,"type":"mineHold"},{"duration":10,"angle2":-240,"time":274.875,"angle":120,"type":"mineHold"},{"duration":10,"angle2":-360,"time":274.875,"angle":0,"type":"mineHold"},{"type":"block","tap":true,"time":286.125,"angle":135},{"type":"block","tap":true,"time":286.625,"angle":45},{"type":"hold","angle2":225,"time":287.125,"angle":315,"startTap":true,"endTap":true,"duration":0.25},{"type":"block","time":287.875,"angle":90},{"type":"block","tap":true,"time":287.875,"angle":67.5},{"type":"block","tap":true,"time":287.875,"angle":112.5},{"type":"block","time":288.625,"angle":22.5},{"type":"block","tap":true,"time":288.625,"angle":45},{"type":"hold","angle2":-90,"time":288.625,"angle":0,"startTap":true,"endTap":true,"duration":0.5},{"duration":0.625,"angle2":90,"time":289.625,"angle":90,"startTap":true,"type":"hold"},{"type":"block","time":152.25,"angle":180},{"type":"block","time":291.25,"angle":90},{"type":"block","tap":true,"time":292.125,"angle":270},{"type":"block","time":293.125,"angle":112.5},{"type":"block","time":294.125,"angle":292.5},{"type":"block","time":295.125,"angle":135},{"type":"block","time":296.125,"angle":315},{"type":"block","time":297.125,"angle":112.5},{"type":"block","tap":true,"time":297.875,"angle":292.5},{"type":"block","time":292.625,"angle":180},{"type":"block","tap":true,"time":293.375,"angle":22.5},{"type":"block","time":296.625,"angle":202.5},{"type":"block","time":297.375,"angle":45},{"type":"block","time":299.125,"angle":135},{"duration":1,"angle2":90,"time":300.125,"angle":337.5,"endTap":true,"type":"hold"},{"type":"block","time":300.625,"angle":202.5},{"type":"block","time":301.375,"angle":45},{"type":"block","time":301.875,"angle":112.5},{"type":"block","tap":true,"time":302.375,"angle":67.5},{"type":"block","tap":true,"time":302.875,"angle":22.5},{"duration":0.25,"angle2":405,"time":303.375,"angle":337.5,"startTap":true,"type":"hold"},{"type":"block","tap":true,"time":304.125,"angle":90},{"type":"block","time":298.375,"angle":202.5},{"duration":0.5,"angle2":135,"time":304.875,"angle":135,"startTap":true,"type":"hold"},{"type":"block","time":326,"angle":202.5},{"type":"block","tap":true,"time":305.875,"angle":247.5},{"type":"block","time":153.25,"angle":225},{"type":"extraTap","time":334.5,"angle":135,"speedMult":3},{"type":"extraTap","time":335,"angle":135,"speedMult":3},{"type":"extraTap","time":335.5,"angle":135,"speedMult":3},{"type":"extraTap","time":335.75,"angle":135,"speedMult":3},{"type":"extraTap","time":336.25,"angle":135,"speedMult":3},{"type":"extraTap","time":337,"angle":135,"speedMult":3},{"type":"extraTap","time":338,"angle":135,"speedMult":3},{"type":"extraTap","time":338.5,"angle":135,"speedMult":3},{"type":"extraTap","time":339.5,"angle":135,"speedMult":3},{"type":"extraTap","time":340.375,"angle":135,"speedMult":3},{"type":"extraTap","time":340.875,"angle":135,"speedMult":3},{"type":"extraTap","time":341.375,"angle":135,"speedMult":3},{"type":"extraTap","time":341.625,"angle":135,"speedMult":3},{"type":"block","time":308.125,"angle":225},{"type":"block","time":308.625,"angle":112.5},{"type":"block","time":309.125,"angle":180},{"type":"block","tap":true,"time":309.375,"angle":202.5},{"type":"hold","angle2":382.5,"time":310.375,"angle":270,"duration":1},{"type":"hold","angle2":-45,"time":311.375,"angle":22.5,"endTap":true,"duration":0.75},{"type":"block","time":312.625,"angle":247.5},{"type":"block","time":313.125,"angle":180},{"type":"block","time":313.375,"angle":157.5},{"type":"block","time":313.875,"angle":202.5},{"type":"block","time":315.375,"angle":90},{"type":"block","time":316.125,"angle":360},{"type":"hold","angle2":225,"time":316.625,"angle":315,"duration":0.5},{"type":"block","tap":true,"time":317.375,"angle":180},{"type":"block","time":318.375,"angle":270},{"type":"block","time":318.875,"angle":90},{"type":"block","time":319.375,"angle":0},{"type":"hold","angle2":225,"time":319.625,"angle":315,"duration":0.625},{"type":"hold","angle2":225,"time":320.25,"angle":225,"startTap":true,"duration":0.5},{"type":"block","time":321.375,"angle":135},{"type":"hold","angle2":180,"time":322,"angle":180,"endTap":true,"duration":0.5},{"type":"hold","angle2":-90,"time":322.5,"angle":180,"duration":2.5},{"type":"block","time":306.375,"angle":202.5}]