[{"type":"hold","duration":1,"angle2":33.75,"angle":33.75,"time":-0.25},{"type":"hold","duration":1,"angle2":11.25,"angle":33.75,"time":0.75},{"type":"hold","duration":1,"angle2":-11.25,"angle":11.25,"time":1.75},{"type":"hold","duration":1,"angle2":348.75,"angle":348.75,"time":2.75},{"type":"hold","duration":1,"angle2":382.5,"angle":348.75,"time":3.75},{"type":"hold","duration":1,"angle2":22.5,"angle":22.5,"time":4.75},{"type":"hold","duration":1,"angle2":-11.25,"angle":22.5,"time":5.75},{"type":"hold","duration":1,"angle2":337.5,"angle":348.75,"time":6.75},{"type":"hold","duration":1,"angle2":393.75,"angle":337.5,"time":7.75},{"type":"hold","duration":0.5,"angle2":11.25,"angle":33.75,"time":8.75},{"type":"hold","duration":1,"angle2":11.25,"angle":11.25,"time":9.25},{"type":"hold","duration":0.75,"angle2":0,"angle":11.25,"time":11.25},{"type":"hold","duration":1,"angle2":393.75,"angle":360,"time":12},{"type":"hold","duration":1,"angle2":78.75,"angle":33.75,"time":13},{"type":"hold","duration":1,"angle2":45,"angle":78.75,"time":14.5},{"angle":56.25,"type":"block","time":13.5},{"type":"hold","duration":0.5,"angle2":67.5,"angle":45,"time":16},{"type":"hold","duration":0.5,"angle2":33.75,"angle":67.5,"time":16.5},{"type":"hold","duration":0.5,"angle2":33.75,"angle":33.75,"time":17},{"type":"hold","duration":0.5,"angle2":67.5,"angle":33.75,"time":17.5},{"type":"hold","duration":0.5,"angle2":33.75,"angle":67.5,"time":18},{"type":"hold","duration":0.5,"angle2":11.25,"angle":33.75,"time":19.25},{"type":"hold","duration":1,"angle2":56.25,"angle":11.25,"time":19.75},{"type":"hold","duration":0.5,"angle2":56.25,"angle":56.25,"time":20.75},{"type":"hold","duration":1,"angle2":56.25,"angle":56.25,"time":21.25},{"type":"hold","duration":1.75,"angle2":112.5,"angle":56.25,"time":22.25},{"type":"hold","duration":0.75,"angle2":90,"angle":123.75,"time":24.25},{"type":"hold","duration":1.5,"angle2":135,"angle":90,"time":25},{"type":"hold","duration":0.5,"angle2":180,"angle":146.25,"time":28.25},{"type":"hold","duration":0.5,"angle2":135,"angle":180,"time":28.75},{"type":"hold","duration":0.75,"angle2":191.25,"angle":135,"time":29.25},{"type":"hold","duration":1,"angle2":191.25,"angle":191.25,"time":30},{"type":"hold","duration":0.5,"angle2":225,"angle":180,"time":31.75},{"type":"hold","duration":0.5,"angle2":180,"angle":225,"time":32.25},{"type":"hold","duration":0.75,"angle2":213.75,"angle":180,"time":32.75},{"type":"hold","duration":1,"angle2":213.75,"angle":213.75,"time":33.5},{"type":"hold","duration":0.5,"angle2":168.75,"angle":191.25,"time":34.75},{"type":"hold","duration":0.75,"angle2":191.25,"angle":168.75,"time":35.25},{"type":"hold","duration":0.5,"angle2":191.25,"angle":191.25,"time":36},{"type":"hold","duration":1,"angle2":168.75,"angle":191.25,"time":36.5},{"type":"hold","duration":1,"angle2":213.75,"angle":168.75,"time":37.5},{"type":"hold","duration":0.5,"angle2":258.75,"angle":213.75,"time":39.75},{"type":"hold","duration":1.25,"angle2":270,"angle":258.75,"time":40.25},{"type":"hold","duration":1.25,"angle2":315,"angle":270,"time":41.5},{"type":"hold","duration":0.5,"angle2":360,"angle":337.5,"time":44},{"type":"hold","duration":0.5,"angle2":-22.5,"angle":0,"time":44.5},{"type":"hold","duration":0.5,"angle2":337.5,"angle":337.5,"time":45},{"type":"hold","duration":0.5,"angle2":371.25,"angle":337.5,"time":46.5},{"type":"hold","duration":0.75,"angle2":-22.5,"angle":11.25,"time":47},{"type":"hold","duration":1,"angle2":348.75,"angle":348.75,"time":48},{"type":"hold","duration":0.5,"angle2":382.5,"angle":348.75,"time":49},{"type":"hold","duration":1,"angle2":0,"angle":22.5,"time":49.5},{"type":"hold","duration":0.5,"angle2":393.75,"angle":360,"time":50.5},{"type":"hold","duration":1,"angle2":33.75,"angle":33.75,"time":51},{"type":"hold","duration":1,"angle2":90,"angle":33.75,"time":52},{"type":"hold","duration":0.75,"angle2":112.5,"angle":90,"time":53},{"type":"hold","duration":1,"angle2":78.75,"angle":112.5,"time":53.75},{"type":"hold","duration":1.5,"angle2":123.75,"angle":78.75,"time":54.75},{"type":"hold","duration":0.75,"angle2":157.5,"angle":123.75,"time":59.75},{"type":"hold","duration":0.25,"angle2":157.5,"angle":157.5,"time":60.5},{"type":"hold","duration":1,"angle2":168.75,"angle":157.5,"time":60.75},{"type":"hold","duration":0.5,"angle2":146.25,"angle":168.75,"time":62.5},{"type":"hold","duration":2,"angle2":258.75,"angle":146.25,"time":63},{"type":"hold","duration":1,"angle2":258.75,"angle":258.75,"time":66.75},{"type":"hold","duration":0.25,"angle2":281.25,"time":67.75,"speedMult":3,"angle":258.75},{"type":"hold","duration":0.75,"angle2":236.25,"time":68,"angle":281.25,"speedMult":3},{"type":"hold","duration":0.5,"angle":236.25,"time":69.25,"speedMult":3,"angle2":270},{"type":"hold","duration":1,"angle":270,"time":69.75,"speedMult":3,"angle2":191.25},{"type":"hold","duration":0.5,"speedMult":3,"time":70.75,"angle":191.25,"angle2":236.25},{"type":"hold","duration":1.25,"angle":236.25,"time":71.25,"speedMult":3,"angle2":337.5},{"type":"hold","duration":1,"angle":337.5,"time":72.5,"angle2":393.75,"speedMult":3},{"type":"hold","duration":0.5,"speedMult":3,"time":75.75,"angle2":45,"angle":56.25},{"type":"hold","duration":0.5,"angle":45,"time":76.25,"angle2":90,"speedMult":3},{"type":"hold","duration":1,"angle":90,"time":76.75,"angle2":33.75,"speedMult":3},{"type":"hold","duration":0.5,"speedMult":3,"time":77.75,"angle2":90,"angle":33.75},{"type":"hold","duration":0.5,"angle":90,"time":78.25,"angle2":157.5,"speedMult":3},{"type":"hold","duration":1.25,"angle":180,"time":79.75,"angle2":123.75,"speedMult":3},{"type":"hold","duration":0.75,"angle":123.75,"time":83,"angle2":157.5,"speedMult":3},{"type":"hold","duration":0.5,"speedMult":3,"time":83.75,"angle2":135,"angle":157.5},{"type":"hold","duration":0.75,"speedMult":3,"time":84.25,"angle2":191.25,"angle":135},{"type":"hold","duration":0.75,"speedMult":3,"time":85,"angle2":157.5,"angle":191.25},{"type":"hold","duration":0.5,"speedMult":3,"time":86.25,"angle2":191.25,"angle":157.5},{"type":"hold","duration":1,"angle":191.25,"time":86.75,"angle2":191.25,"speedMult":3},{"type":"hold","duration":1,"angle":191.25,"time":87.75,"angle2":236.25,"speedMult":3},{"type":"hold","duration":1,"angle":236.25,"time":88.75,"angle2":180,"speedMult":3},{"type":"hold","duration":1,"speedMult":3,"time":91,"angle2":123.75,"angle":191.25},{"type":"hold","duration":1,"angle":123.75,"time":92,"angle2":180,"speedMult":3},{"type":"hold","duration":0.75,"speedMult":3,"time":95,"angle2":236.25,"angle":180},{"type":"hold","duration":1,"angle":236.25,"time":95.75,"angle2":191.25,"speedMult":3},{"type":"hold","duration":1,"speedMult":3,"time":98.75,"angle2":247.5,"angle":202.5},{"type":"hold","duration":0.75,"angle":247.5,"time":99.75,"speedMult":3,"angle2":348.75},{"type":"hold","duration":0.5,"angle":348.75,"time":101.25,"speedMult":3,"angle2":393.75},{"type":"hold","duration":0.75,"angle":33.75,"time":101.75,"speedMult":3,"angle2":-67.5},{"type":"hold","duration":0.5,"angle":292.5,"time":103,"speedMult":3,"angle2":348.75},{"type":"hold","duration":1.25,"angle":348.75,"time":103.5,"speedMult":3,"angle2":281.25},{"type":"block","angle":292.5,"time":107.75,"speedMult":3},{"type":"hold","duration":0.5,"angle2":326.25,"time":108.25,"speedMult":3,"angle":292.5},{"type":"hold","duration":0.75,"angle2":281.25,"time":108.75,"angle":326.25,"speedMult":3},{"type":"hold","duration":0.5,"angle2":303.75,"time":110,"angle":281.25,"speedMult":3},{"type":"hold","duration":1,"angle":281.25,"time":111.75,"angle2":326.25,"speedMult":3},{"type":"hold","duration":1,"angle":326.25,"time":112.75,"angle2":270,"speedMult":3},{"type":"hold","duration":0.5,"angle2":281.25,"time":110.5,"angle":303.75,"speedMult":3},{"type":"hold","duration":1,"angle":258.75,"time":115,"speedMult":3,"angle2":292.5},{"type":"hold","duration":0.5,"speedMult":3,"time":116,"angle2":247.5,"angle":292.5},{"type":"hold","duration":0.25,"speedMult":3,"time":116.5,"angle2":247.5,"angle":247.5},{"type":"hold","duration":1,"angle":247.5,"time":116.75,"angle2":292.5,"speedMult":3},{"type":"hold","duration":1,"angle":292.5,"time":117.75,"angle2":337.5,"speedMult":3},{"type":"hold","duration":1,"speedMult":3,"time":118.75,"angle2":337.5,"angle":337.5},{"type":"hold","duration":1,"angle":337.5,"time":119.75,"angle2":281.25,"speedMult":3},{"type":"hold","duration":1.25,"angle2":326.25,"time":122.75,"angle":281.25,"speedMult":3},{"type":"hold","duration":1,"angle":326.25,"time":124,"angle2":281.25,"speedMult":3},{"type":"hold","duration":1.25,"angle":281.25,"time":126.75,"speedMult":3,"angle2":326.25},{"type":"hold","duration":1,"angle":326.25,"time":128,"speedMult":3,"angle2":281.25},{"type":"hold","duration":0.5,"angle2":292.5,"angle":270,"time":131.5},{"type":"hold","duration":0.5,"angle2":247.5,"angle":292.5,"time":132},{"type":"hold","duration":0.75,"angle2":303.75,"angle":247.5,"time":133.25},{"type":"hold","duration":0.5,"angle2":348.75,"angle":315,"time":134.5},{"type":"hold","duration":0.75,"angle2":315,"angle":348.75,"time":135.25},{"type":"hold","duration":0.5,"angle2":371.25,"angle":315,"time":136},{"type":"hold","duration":1,"angle2":11.25,"angle":11.25,"time":136.5},{"type":"hold","duration":1.25,"angle2":-33.75,"angle":11.25,"time":137.5},{"type":"hold","duration":0.5,"angle2":348.75,"angle":315,"time":139.75},{"type":"hold","duration":0.5,"angle2":382.5,"angle":348.75,"time":140.75},{"type":"hold","duration":0.75,"angle2":-22.5,"angle":22.5,"time":141.25},{"type":"hold","duration":0.5,"angle2":360,"angle":337.5,"time":142},{"type":"hold","duration":0.75,"angle2":393.75,"angle":360,"time":143.25},{"type":"hold","duration":0.75,"angle2":33.75,"angle":33.75,"time":144},{"type":"hold","duration":0.75,"angle2":11.25,"angle":33.75,"time":144.75},{"type":"hold","duration":0.75,"angle2":56.25,"angle":11.25,"time":145.5},{"type":"hold","duration":1.25,"angle2":123.75,"angle":56.25,"time":146.25},{"type":"hold","duration":0.5,"angle2":168.75,"angle":135,"time":148},{"type":"hold","duration":0.5,"angle2":135,"angle":168.75,"time":148.5},{"type":"hold","duration":0.5,"angle2":78.75,"angle":135,"time":149},{"type":"hold","duration":0.25,"angle2":67.5,"angle":78.75,"time":149.5},{"type":"hold","duration":0.5,"angle2":45,"angle":67.5,"time":150.5},{"type":"hold","duration":0.5,"angle2":45,"angle":45,"time":151},{"type":"hold","duration":0.5,"angle2":78.75,"angle":45,"time":152},{"type":"hold","duration":0.5,"angle2":78.75,"angle":78.75,"time":152.5},{"type":"hold","duration":1.25,"angle2":56.25,"angle":78.75,"time":153},{"angle":67.5,"type":"block","time":153.5},{"type":"hold","duration":1,"angle2":78.75,"angle":56.25,"time":156},{"type":"hold","duration":0.5,"angle2":22.5,"angle":78.75,"time":157},{"type":"hold","duration":1,"angle2":22.5,"angle":22.5,"time":157.5},{"type":"hold","duration":0.5,"angle2":0,"angle":22.5,"time":159.75},{"type":"hold","duration":0.5,"angle2":382.5,"angle":360,"time":160.25},{"type":"hold","duration":0.75,"angle2":22.5,"angle":22.5,"time":160.75},{"type":"hold","duration":1,"angle2":0,"angle":22.5,"time":161.5},{"type":"hold","duration":0.5,"angle2":360,"angle":360,"time":162.5},{"type":"hold","duration":0.5,"angle2":393.75,"angle":360,"time":163.75},{"type":"hold","duration":0.5,"angle2":0,"angle":33.75,"time":164.25},{"type":"hold","duration":0.5,"angle2":0,"angle":0,"time":164.75},{"type":"hold","duration":0.5,"angle2":22.5,"angle":0,"time":165.25},{"type":"hold","duration":1,"angle2":22.5,"angle":22.5,"time":165.75},{"type":"hold","duration":0.5,"angle2":45,"angle":22.5,"time":167.5},{"type":"hold","duration":1,"angle2":67.5,"angle":45,"time":168},{"type":"hold","duration":0.5,"angle2":45,"angle":67.5,"time":169},{"type":"hold","duration":1,"angle2":45,"angle":45,"time":169.5},{"type":"hold","duration":0.5,"angle2":33.75,"angle":56.25,"time":171.75},{"type":"hold","duration":0.75,"angle2":33.75,"angle":33.75,"time":172.25},{"type":"hold","duration":0.5,"angle2":67.5,"angle":33.75,"time":173.25},{"type":"hold","duration":0.5,"angle2":56.25,"angle":67.5,"time":173.75},{"type":"hold","duration":0.5,"angle2":56.25,"angle":56.25,"time":174.25},{"type":"hold","duration":0.5,"angle2":78.75,"angle":56.25,"time":175.5},{"type":"hold","duration":1,"angle2":78.75,"angle":78.75,"time":176},{"type":"hold","duration":1,"angle2":78.75,"angle":78.75,"time":177},{"type":"hold","duration":1.25,"angle2":33.75,"angle":78.75,"time":178.25},{"angle":78.75,"type":"block","time":177.5},{"type":"hold","duration":1,"angle2":45,"angle":45,"time":180},{"type":"hold","duration":0.5,"angle2":22.5,"angle":45,"time":181},{"type":"hold","duration":1,"angle2":67.5,"angle":22.5,"time":181.5},{"type":"hold","duration":0.75,"angle2":67.5,"angle":67.5,"time":183},{"type":"hold","duration":1.25,"angle2":33.75,"angle":67.5,"time":183.75},{"type":"hold","duration":1,"angle2":56.25,"angle":33.75,"time":185.25},{"type":"hold","duration":1.75,"angle2":168.75,"angle":56.25,"time":186.25},{"angle":191.25,"type":"block","time":192},{"angle":180,"type":"block","time":192.5},{"angle":202.5,"type":"block","time":193},{"angle":180,"type":"block","time":193.25},{"angle":180,"type":"block","time":194},{"type":"hold","duration":1.75,"speedMult":1.5,"time":194.75,"angle2":270,"angle":202.5},{"type":"hold","duration":1,"angle2":258.75,"angle":258.75,"time":198.75},{"type":"hold","duration":0.25,"angle2":281.25,"time":199.75,"angle":258.75,"speedMult":3},{"type":"hold","duration":0.75,"angle2":236.25,"time":200,"speedMult":3,"angle":281.25},{"type":"hold","duration":0.5,"angle":236.25,"time":201.25,"angle2":270,"speedMult":3},{"type":"hold","duration":1,"angle":270,"time":201.75,"angle2":191.25,"speedMult":3},{"type":"hold","duration":0.5,"speedMult":3,"time":202.75,"angle2":236.25,"angle":191.25},{"type":"hold","duration":1.25,"angle":236.25,"time":203.25,"angle2":337.5,"speedMult":3},{"type":"hold","duration":1,"angle":337.5,"time":204.5,"speedMult":3,"angle2":393.75},{"type":"hold","duration":0.5,"speedMult":3,"time":207.75,"angle":56.25,"angle2":45},{"type":"hold","duration":0.5,"angle":45,"time":208.25,"speedMult":3,"angle2":90},{"type":"hold","duration":1,"angle":90,"time":208.75,"speedMult":3,"angle2":33.75},{"type":"hold","duration":0.5,"speedMult":3,"time":209.75,"angle":33.75,"angle2":90},{"type":"hold","duration":0.5,"angle":90,"time":210.25,"speedMult":3,"angle2":157.5},{"type":"hold","duration":1.25,"angle":180,"time":211.75,"speedMult":3,"angle2":123.75},{"type":"hold","duration":0.75,"angle":123.75,"time":215,"speedMult":3,"angle2":157.5},{"type":"hold","duration":0.5,"speedMult":3,"time":215.75,"angle":157.5,"angle2":135},{"type":"hold","duration":0.75,"speedMult":3,"time":216.25,"angle":135,"angle2":191.25},{"type":"hold","duration":0.75,"speedMult":3,"time":217,"angle":191.25,"angle2":157.5},{"type":"hold","duration":0.5,"speedMult":3,"time":218.25,"angle":157.5,"angle2":191.25},{"type":"hold","duration":1,"angle":191.25,"time":218.75,"speedMult":3,"angle2":191.25},{"type":"hold","duration":1,"angle":191.25,"time":219.75,"speedMult":3,"angle2":236.25},{"type":"hold","duration":1,"angle":236.25,"time":220.75,"speedMult":3,"angle2":180},{"type":"hold","duration":1,"speedMult":3,"time":223,"angle":191.25,"angle2":123.75},{"type":"hold","duration":1,"angle":123.75,"time":224,"speedMult":3,"angle2":180},{"type":"hold","duration":0.75,"speedMult":3,"time":227,"angle":180,"angle2":236.25},{"type":"hold","duration":1,"angle":236.25,"time":227.75,"speedMult":3,"angle2":191.25},{"type":"hold","duration":1,"speedMult":3,"time":230.75,"angle":202.5,"angle2":247.5},{"type":"hold","duration":0.75,"angle":247.5,"time":231.75,"angle2":348.75,"speedMult":3},{"type":"hold","duration":0.5,"angle":348.75,"time":233.25,"angle2":393.75,"speedMult":3},{"type":"hold","duration":0.75,"angle":33.75,"time":233.75,"angle2":-67.5,"speedMult":3},{"type":"hold","duration":0.5,"angle":292.5,"time":235,"angle2":348.75,"speedMult":3},{"type":"hold","duration":1.25,"angle":348.75,"time":235.5,"angle2":281.25,"speedMult":3},{"type":"block","angle":292.5,"time":239.75,"speedMult":3},{"type":"hold","duration":0.5,"angle2":326.25,"time":240.25,"angle":292.5,"speedMult":3},{"type":"hold","duration":0.75,"angle2":281.25,"time":240.75,"speedMult":3,"angle":326.25},{"type":"hold","duration":0.5,"angle2":303.75,"time":242,"speedMult":3,"angle":281.25},{"type":"hold","duration":1,"angle":281.25,"time":243.75,"speedMult":3,"angle2":326.25},{"type":"hold","duration":1,"angle":326.25,"time":244.75,"speedMult":3,"angle2":270},{"type":"hold","duration":0.5,"angle2":281.25,"time":242.5,"speedMult":3,"angle":303.75},{"type":"hold","duration":1,"angle":258.75,"time":247,"angle2":292.5,"speedMult":3},{"type":"hold","duration":0.5,"speedMult":3,"time":248,"angle":292.5,"angle2":247.5},{"type":"hold","duration":0.25,"speedMult":3,"time":248.5,"angle":247.5,"angle2":247.5},{"type":"hold","duration":1,"angle":247.5,"time":248.75,"speedMult":3,"angle2":292.5},{"type":"hold","duration":1,"angle":292.5,"time":249.75,"speedMult":3,"angle2":337.5},{"type":"hold","duration":1,"speedMult":3,"time":250.75,"angle":337.5,"angle2":337.5},{"type":"hold","duration":1,"angle":337.5,"time":251.75,"speedMult":3,"angle2":281.25},{"type":"hold","duration":1.25,"angle2":326.25,"time":254.75,"speedMult":3,"angle":281.25},{"type":"hold","duration":1,"angle":326.25,"time":256,"speedMult":3,"angle2":281.25},{"type":"hold","duration":1.25,"angle":281.25,"time":258.75,"angle2":326.25,"speedMult":3},{"type":"hold","duration":1,"angle":326.25,"time":260,"angle2":281.25,"speedMult":3},{"type":"hold","duration":1,"speedMult":2,"angle":270,"time":263.83334350586,"angle2":292.5},{"type":"hold","duration":0.49999988079071,"speedMult":2,"angle":292.5,"time":264.83334350586,"angle2":326.25},{"type":"hold","duration":0.49999988079071,"angle":326.25,"angle2":315,"time":265.33334350586,"speedMult":2},{"type":"hold","duration":0.49999988079071,"angle":303.75,"angle2":326.25,"time":266.83331298828,"speedMult":2},{"type":"hold","duration":0.49999988079071,"time":267.5,"speedMult":2,"angle2":303.75,"angle":326.25},{"type":"hold","duration":0.49999988079071,"angle":303.75,"time":268.83334350586,"angle2":292.5,"speedMult":2},{"type":"hold","duration":0.49999988079071,"time":269.33331298828,"speedMult":2,"angle2":326.25,"angle":292.5},{"type":"hold","duration":0.49999988079071,"time":270,"speedMult":2,"angle2":326.25,"angle":326.25},{"type":"hold","duration":0.49999988079071,"time":271,"speedMult":2,"angle2":326.25,"angle":326.25},{"type":"hold","duration":0.49999988079071,"angle":315,"speedMult":2,"time":273.25,"angle2":337.5},{"type":"hold","duration":0.49999988079071,"angle":337.5,"speedMult":2,"time":273.75,"angle2":315},{"type":"hold","duration":0.49999988079071,"angle":315,"speedMult":2,"time":274.25,"angle2":315},{"type":"hold","duration":0.49999988079071,"angle":315,"speedMult":2,"time":275,"angle2":348.75},{"type":"hold","duration":0.49999988079071,"angle":348.75,"speedMult":2,"time":275.5,"angle2":348.75},{"type":"hold","duration":0.49999988079071,"angle":348.75,"speedMult":2,"time":276,"angle2":315},{"type":"hold","duration":0.49999988079071,"angle":315,"speedMult":2,"time":276.5,"angle2":326.25},{"type":"hold","duration":0.49999988079071,"angle":326.25,"speedMult":2,"time":277,"angle2":292.5},{"type":"hold","duration":0.49999988079071,"angle":292.5,"speedMult":2,"time":277.5,"angle2":292.5},{"type":"hold","duration":0.49999988079071,"angle":292.5,"speedMult":2,"time":278,"angle2":326.25},{"type":"hold","duration":0.49999988079071,"angle":326.25,"speedMult":2,"time":278.5,"angle2":303.75},{"type":"hold","duration":0.49999988079071,"angle":303.75,"speedMult":2,"time":279,"angle2":303.75},{"type":"hold","duration":0.49999988079071,"angle":303.75,"speedMult":2,"time":281.25,"angle2":337.5},{"type":"hold","duration":0.49999988079071,"angle":337.5,"speedMult":2,"time":282.25,"angle2":303.75},{"type":"hold","duration":0.49999988079071,"angle":303.75,"speedMult":2,"time":283.5,"angle2":303.75},{"type":"hold","duration":0.49999988079071,"angle":303.75,"speedMult":2,"time":284,"angle2":326.25},{"type":"hold","duration":0.49999988079071,"angle":326.25,"speedMult":2,"time":284.5,"angle2":326.25},{"type":"hold","duration":0.49999988079071,"angle":326.25,"speedMult":2,"time":285.75,"angle2":292.5},{"type":"hold","duration":0.49999988079071,"angle":292.5,"speedMult":2,"time":286.25,"angle2":315},{"type":"hold","duration":0.49999988079071,"angle":315,"speedMult":2,"time":288,"angle2":337.5},{"type":"hold","duration":0.49999988079071,"angle":337.5,"speedMult":2,"time":288.5,"angle2":303.75},{"type":"hold","duration":0.49999988079071,"angle":303.75,"speedMult":2,"time":289,"angle2":303.75},{"type":"hold","duration":0.49999988079071,"angle":303.75,"speedMult":2,"time":289.75,"angle2":337.5},{"type":"hold","duration":0.49999988079071,"angle2":292.5,"time":290.25,"angle":337.5,"speedMult":2},{"type":"hold","duration":0.49999988079071,"angle2":326.25,"angle":292.5,"time":291.5,"speedMult":2},{"type":"hold","duration":0.49999988079071,"angle2":292.5,"angle":326.25,"time":292,"speedMult":2},{"type":"hold","duration":0.49999988079071,"angle2":326.25,"angle":292.5,"time":292.5,"speedMult":2},{"type":"hold","duration":0.49999988079071,"angle2":292.5,"angle":326.25,"time":293,"speedMult":2},{"type":"hold","duration":0.49999988079071,"angle2":326.25,"angle":292.5,"time":293.5,"speedMult":2},{"type":"hold","duration":2,"speedMult":2,"angle2":-67.5,"angle":11.25,"time":295},{"type":"hold","duration":1,"speedMult":2,"angle2":348.75,"angle":281.25,"time":299},{"type":"hold","duration":1,"speedMult":2,"angle2":281.25,"angle":348.75,"time":300},{"type":"hold","duration":1,"speedMult":2,"angle2":225,"angle":281.25,"time":301},{"type":"hold","duration":1,"speedMult":2,"angle2":281.25,"angle":225,"time":302},{"type":"hold","duration":1,"speedMult":2,"angle2":315,"angle":281.25,"time":303},{"type":"hold","duration":1,"speedMult":2,"angle2":281.25,"angle":315,"time":304},{"type":"hold","duration":1,"speedMult":2,"angle2":213.75,"angle":281.25,"time":305},{"type":"hold","duration":1,"speedMult":2,"angle2":281.25,"angle":213.75,"time":306},{"type":"hold","duration":1,"speedMult":2,"angle2":326.25,"angle":281.25,"time":307},{"type":"hold","duration":1,"speedMult":2,"angle2":281.25,"angle":326.25,"time":308},{"type":"hold","duration":1,"speedMult":2,"angle2":337.5,"angle":281.25,"time":309},{"type":"hold","duration":1,"speedMult":2,"angle2":405,"angle":337.5,"time":310},{"type":"hold","duration":1,"speedMult":2,"angle2":326.25,"angle":405,"time":311},{"type":"hold","duration":1,"speedMult":2,"angle2":337.5,"angle":326.25,"time":312},{"type":"hold","duration":1,"speedMult":2,"angle2":236.25,"angle":337.5,"time":313},{"type":"hold","duration":1,"speedMult":2,"angle2":281.25,"angle":236.25,"time":314},{"type":"hold","duration":1,"speedMult":2,"angle2":281.25,"angle":281.25,"time":315},{"type":"hold","duration":1,"speedMult":2,"angle2":315,"angle":281.25,"time":316},{"type":"hold","duration":1,"speedMult":2,"angle2":348.75,"angle":315,"time":317},{"type":"hold","duration":1,"speedMult":2,"angle2":281.25,"angle":348.75,"time":318},{"type":"hold","duration":1,"speedMult":2,"angle2":236.25,"angle":281.25,"time":319},{"type":"hold","duration":1,"speedMult":2,"angle2":326.25,"angle":236.25,"time":320},{"type":"hold","duration":1,"speedMult":2,"angle2":281.25,"angle":326.25,"time":321},{"type":"hold","duration":1,"speedMult":2,"angle2":326.25,"angle":281.25,"time":322},{"type":"hold","duration":1,"speedMult":2,"angle2":281.25,"angle":326.25,"time":323},{"type":"hold","duration":1,"speedMult":2,"angle2":213.75,"time":324,"angle":281.25},{"type":"hold","duration":1,"speedMult":2,"angle2":281.25,"time":325,"angle":213.75},{"type":"hold","duration":1,"speedMult":2,"angle2":326.25,"time":326,"angle":281.25},{"type":"hold","duration":1,"speedMult":2,"angle2":281.25,"time":327,"angle":326.25},{"type":"hold","duration":1,"speedMult":2,"angle2":337.5,"time":328,"angle":281.25},{"type":"hold","duration":1,"speedMult":2,"angle2":281.25,"time":329,"angle":337.5},{"type":"hold","duration":0.5,"angle":315,"speedMult":2,"time":272.25,"angle2":315},{"type":"hold","duration":0.5,"angle":303.75,"speedMult":2,"time":280.25,"angle2":303.75},{"type":"hold","duration":0.25,"angle":303.75,"speedMult":2,"time":283.25,"angle2":303.75},{"type":"hold","duration":0.5,"angle":315,"speedMult":2,"time":287.25,"angle2":315},{"type":"hold","duration":1,"angle":258.75,"angle2":258.75,"time":330.75},{"type":"hold","duration":0.25,"angle2":281.25,"time":331.75,"angle":258.75,"speedMult":3},{"type":"hold","duration":0.75,"angle2":236.25,"time":332,"speedMult":3,"angle":281.25},{"type":"hold","duration":0.5,"angle":236.25,"time":333.25,"angle2":270,"speedMult":3},{"type":"hold","duration":1,"angle":270,"time":333.75,"angle2":191.25,"speedMult":3},{"type":"hold","duration":0.5,"speedMult":3,"time":334.75,"angle2":236.25,"angle":191.25},{"type":"hold","duration":1.25,"angle":236.25,"time":335.25,"angle2":337.5,"speedMult":3},{"type":"hold","duration":1,"angle":337.5,"time":336.5,"speedMult":3,"angle2":393.75},{"type":"hold","duration":0.5,"speedMult":3,"time":339.75,"angle":56.25,"angle2":45},{"type":"hold","duration":0.5,"angle":45,"time":340.25,"speedMult":3,"angle2":90},{"type":"hold","duration":1,"angle":90,"time":340.75,"speedMult":3,"angle2":33.75},{"type":"hold","duration":0.5,"speedMult":3,"time":341.75,"angle":33.75,"angle2":90},{"type":"hold","duration":0.5,"angle":90,"time":342.25,"speedMult":3,"angle2":157.5},{"type":"hold","duration":1.25,"angle":180,"time":343.75,"speedMult":3,"angle2":123.75},{"type":"hold","duration":0.75,"angle":123.75,"time":347,"speedMult":3,"angle2":157.5},{"type":"hold","duration":0.5,"speedMult":3,"time":347.75,"angle":157.5,"angle2":135},{"type":"hold","duration":0.75,"speedMult":3,"time":348.25,"angle":135,"angle2":191.25},{"type":"hold","duration":0.75,"speedMult":3,"time":349,"angle":191.25,"angle2":157.5},{"type":"hold","duration":0.5,"speedMult":3,"time":350.25,"angle":157.5,"angle2":191.25},{"type":"hold","duration":1,"angle":191.25,"time":350.75,"speedMult":3,"angle2":191.25},{"type":"hold","duration":1,"angle":191.25,"time":351.75,"speedMult":3,"angle2":236.25},{"type":"hold","duration":1,"angle":236.25,"time":352.75,"speedMult":3,"angle2":180},{"type":"hold","duration":1,"speedMult":3,"time":355,"angle":191.25,"angle2":123.75},{"type":"hold","duration":1,"angle":123.75,"time":356,"speedMult":3,"angle2":180},{"type":"hold","duration":0.75,"speedMult":3,"time":359,"angle":180,"angle2":236.25},{"type":"hold","duration":1,"angle":236.25,"time":359.75,"speedMult":3,"angle2":191.25},{"type":"hold","duration":1,"speedMult":3,"time":362.75,"angle":202.5,"angle2":247.5},{"type":"hold","duration":0.75,"angle":247.5,"time":363.75,"angle2":348.75,"speedMult":3},{"type":"hold","duration":0.5,"angle":348.75,"time":365.25,"angle2":393.75,"speedMult":3},{"type":"hold","duration":0.75,"angle":33.75,"time":365.75,"angle2":-67.5,"speedMult":3},{"type":"hold","duration":0.5,"angle":292.5,"time":367,"angle2":348.75,"speedMult":3},{"type":"hold","duration":1.25,"angle":348.75,"time":367.5,"angle2":281.25,"speedMult":3},{"type":"block","time":371.75,"angle":292.5,"speedMult":3},{"type":"hold","duration":0.5,"angle2":326.25,"time":372.25,"angle":292.5,"speedMult":3},{"type":"hold","duration":0.75,"angle2":281.25,"time":372.75,"speedMult":3,"angle":326.25},{"type":"hold","duration":0.5,"angle2":303.75,"time":374,"speedMult":3,"angle":281.25},{"type":"hold","duration":1,"angle":281.25,"time":375.75,"speedMult":3,"angle2":326.25},{"type":"hold","duration":1,"angle":326.25,"time":376.75,"speedMult":3,"angle2":270},{"type":"hold","duration":0.5,"angle2":281.25,"time":374.5,"speedMult":3,"angle":303.75},{"type":"hold","duration":1,"angle":258.75,"time":379,"angle2":292.5,"speedMult":3},{"type":"hold","duration":0.5,"speedMult":3,"time":380,"angle":292.5,"angle2":247.5},{"type":"hold","duration":0.25,"speedMult":3,"time":380.5,"angle":247.5,"angle2":247.5},{"type":"hold","duration":1,"angle":247.5,"time":380.75,"speedMult":3,"angle2":292.5},{"type":"hold","duration":1,"angle":292.5,"time":381.75,"speedMult":3,"angle2":337.5},{"type":"hold","duration":1,"speedMult":3,"time":382.75,"angle":337.5,"angle2":337.5},{"type":"hold","duration":1,"angle":337.5,"time":383.75,"speedMult":3,"angle2":281.25},{"type":"hold","duration":1.25,"angle2":326.25,"time":386.75,"speedMult":3,"angle":281.25},{"type":"hold","duration":1,"angle":326.25,"time":388,"speedMult":3,"angle2":281.25},{"type":"hold","duration":1.25,"angle":281.25,"time":390.75,"angle2":326.25,"speedMult":3},{"type":"hold","duration":1,"angle":326.25,"time":392,"angle2":281.25,"speedMult":3}]