[{"type":"extraTap","angle":270,"time":5},{"type":"block","angle":90,"time":7},{"type":"block","angle":90,"time":5.5},{"type":"block","angle":67.5,"time":6},{"type":"block","angle":22.5,"time":6.5},{"type":"block","angle":112.5,"time":7.5},{"type":"block","angle":157.5,"time":8},{"type":"block","angle":180,"time":8.5},{"type":"block","angle":292.5,"time":9.75},{"type":"block","angle":337.5,"time":11.5},{"type":"block","angle":337.5,"time":11},{"type":"block","angle":360,"time":11.25},{"type":"block","angle":22.5,"time":12},{"type":"block","angle":0,"time":12.5},{"type":"block","angle":292.5,"time":9},{"type":"block","angle":45,"time":13.5},{"type":"block","angle":45,"time":13.5},{"type":"block","angle":22.5,"time":14},{"type":"block","angle":22.5,"time":14.5},{"type":"side","tap":true,"time":13,"angle":135},{"type":"side","tap":true,"time":15,"angle":135},{"type":"block","angle":45,"time":16.5},{"type":"side","tap":true,"time":17,"angle":135},{"type":"side","tap":true,"time":18,"angle":45},{"type":"block","angle":67.5,"time":16},{"type":"block","angle":112.5,"time":15.5},{"type":"block","angle":135,"time":17.5},{"type":"block","angle":90,"time":17.75},{"type":"block","angle":22.5,"time":18.5},{"type":"block","angle":45,"time":19.25},{"type":"block","angle":90,"time":20.5},{"type":"block","angle":67.5,"time":20},{"type":"block","angle":360,"time":19},{"type":"block","angle":67.5,"time":19.5},{"type":"extraTap","speedMult":9999,"time":24.5,"angle":90},{"type":"block","angle":180,"time":34},{"type":"block","angle":180,"time":33},{"type":"block","angle":112.5,"time":35},{"type":"block","angle":450,"time":35.25},{"type":"block","angle":112.5,"time":35.5},{"type":"block","angle":202.5,"time":33.75},{"type":"block","angle":157.5,"time":34.5},{"type":"block","angle":405,"time":36},{"type":"block","angle":450,"time":36.5},{"type":"extraTap","speedMult":9999,"time":24.5,"angle":112.5},{"type":"block","tap":true,"time":9,"angle":315},{"type":"block","tap":true,"time":9,"angle":270},{"type":"block","angle":180,"time":29},{"type":"block","angle":112.5,"time":30},{"type":"block","angle":90,"time":30.5},{"type":"block","angle":22.5,"time":31},{"type":"block","angle":360,"time":31.5},{"type":"block","angle":22.5,"time":32},{"type":"block","angle":0,"time":32.5},{"type":"block","angle":135,"time":29.75},{"type":"extraTap","speedMult":9999,"time":44,"angle":112.5},{"type":"extraTap","speedMult":9999,"time":44,"angle":135},{"type":"extraTap","speedMult":9999,"time":44,"angle":157.5},{"type":"extraTap","speedMult":9999,"time":44,"angle":180},{"type":"extraTap","speedMult":9999,"time":44,"angle":202.5},{"type":"block","angle":90,"time":53.5},{"type":"block","angle":112.5,"time":54},{"type":"block","angle":157.5,"time":54.5},{"type":"block","angle":67.5,"time":53.75},{"type":"block","angle":0,"time":55},{"type":"block","angle":45,"time":55.75},{"type":"block","angle":90,"time":56},{"type":"block","angle":0,"time":56.5},{"type":"block","angle":0,"time":57},{"type":"block","angle":292.5,"time":57.75},{"type":"block","angle":270,"time":58},{"type":"block","angle":202.5,"time":58.5},{"type":"block","angle":270,"time":59},{"type":"block","angle":337.5,"time":59.5},{"type":"block","angle":270,"time":60},{"type":"block","angle":315,"time":59.75},{"type":"block","angle":270,"time":60.5},{"type":"block","angle":90,"time":61},{"type":"block","tap":true,"time":61,"angle":67.5},{"type":"block","tap":true,"time":61,"angle":112.5},{"type":"block","angle":67.5,"time":61.75},{"type":"block","tap":true,"time":61.75,"angle":45},{"type":"block","tap":true,"time":61.75,"angle":90},{"type":"block","angle":45,"time":62.5},{"type":"block","tap":true,"time":62.5,"angle":22.5},{"type":"block","tap":true,"time":62.5,"angle":67.5},{"type":"extraTap","speedMult":9999,"time":67.75,"angle":135},{"type":"extraTap","speedMult":9999,"time":67.75,"angle":157.5},{"type":"extraTap","speedMult":9999,"time":67.75,"angle":112.5},{"type":"extraTap","speedMult":9999,"time":67.75,"angle":180},{"type":"extraTap","speedMult":9999,"time":67.75,"angle":202.5},{"type":"block","angle":45,"time":65},{"type":"block","tap":true,"time":65,"angle":67.5},{"type":"block","tap":true,"time":65,"angle":22.5},{"type":"block","angle":135,"time":65.75},{"type":"block","tap":true,"time":65.75,"angle":112.5},{"type":"block","tap":true,"time":65.75,"angle":157.5},{"type":"block","angle":45,"time":66.5},{"type":"block","tap":true,"time":66.5,"angle":22.5},{"type":"block","tap":true,"time":66.5,"angle":67.5},{"type":"block","angle":112.5,"time":69.5},{"type":"block","angle":135,"time":69.75},{"type":"block","angle":45,"time":70},{"type":"block","angle":22.5,"time":70.5},{"type":"hold","time":71,"angle":0,"duration":0.75,"angle2":-67.5},{"type":"block","angle":-67.5,"time":72.5},{"type":"hold","time":73,"angle":-67.5,"duration":0.75,"angle2":-135},{"type":"block","angle":225,"time":74.5},{"type":"hold","time":75,"angle":157.5,"duration":0.5,"angle2":90},{"type":"hold","time":75.5,"angle":90,"duration":0.5,"angle2":157.5},{"type":"hold","time":76,"angle":157.5,"duration":1,"angle2":112.5},{"type":"block","angle":90,"time":77.5},{"type":"block","angle":22.5,"time":77.75},{"type":"block","angle":0,"time":78},{"type":"block","angle":90,"time":78.5},{"type":"hold","time":79,"angle":90,"duration":0.75,"angle2":157.5},{"type":"hold","time":73.75,"angle":225,"duration":0.25,"angle2":270},{"type":"hold","time":74,"angle":270,"duration":0.25,"angle2":225},{"type":"hold","time":71.75,"angle":292.5,"duration":0.5,"angle2":337.5},{"type":"hold","time":79.75,"angle":157.5,"duration":0.25,"angle2":112.5},{"type":"hold","time":80,"angle":112.5,"duration":0.25,"angle2":157.5},{"type":"hold","time":81,"angle":292.5,"duration":0.75,"angle2":337.5},{"type":"hold","time":81.75,"angle":337.5,"duration":0.5,"angle2":315},{"type":"hold","time":82.5,"angle":292.5,"duration":2.5,"angle2":247.5},{"type":"block","angle":270,"time":85.5},{"type":"block","angle":292.5,"time":85.75},{"type":"block","angle":225,"time":86.25},{"type":"hold","time":86.75,"angle":180,"duration":0.75,"angle2":112.5},{"type":"hold","time":87.5,"angle":112.5,"duration":0.25,"angle2":45},{"type":"hold","time":87.75,"angle":45,"duration":0.5,"angle2":67.5},{"type":"block","angle":67.5,"time":88.5},{"type":"hold","time":88.75,"angle":0,"duration":0.75,"angle2":-45},{"type":"hold","time":89.5,"angle":315,"duration":0.25,"angle2":315},{"type":"hold","time":89.75,"angle":315,"duration":0.75,"angle2":427.5},{"type":"block","angle":90,"time":90.5},{"type":"hold","time":91,"angle":135,"duration":0.5,"angle2":67.5},{"type":"hold","time":91.5,"angle":67.5,"duration":0.5,"angle2":135},{"type":"hold","time":92,"angle":135,"duration":1,"angle2":112.5},{"type":"hold","time":93.5,"angle":180,"duration":0.25,"angle2":202.5},{"type":"hold","time":93.75,"angle":202.5,"duration":0.25,"angle2":180},{"type":"hold","time":94,"angle":180,"duration":0.5,"angle2":157.5},{"type":"hold","time":94.5,"angle":157.5,"duration":0.5,"angle2":225},{"type":"hold","time":95,"angle":225,"duration":0.75,"angle2":180},{"type":"hold","time":95.75,"angle":180,"duration":0.25,"angle2":180},{"type":"hold","time":96,"angle":180,"duration":0.5,"angle2":157.5},{"type":"block","angle":135,"time":96.5},{"type":"side","angle":360,"time":97},{"type":"side","angle":90,"time":97.75},{"type":"side","angle":360,"time":98.5},{"type":"block","angle":292.5,"time":99.5},{"type":"block","angle":247.5,"time":99.75},{"type":"block","angle":202.5,"time":100},{"type":"block","angle":247.5,"time":100.25},{"type":"block","angle":292.5,"time":100.5},{"type":"block","angle":337.5,"time":100.75},{"type":"block","angle":22.5,"time":101},{"type":"block","tap":true,"time":101,"angle":360},{"type":"block","tap":true,"time":101,"angle":45},{"type":"block","angle":67.5,"time":101.75},{"type":"block","tap":true,"time":101.75,"angle":45},{"type":"block","tap":true,"time":101.75,"angle":90},{"type":"block","angle":112.5,"time":102.5},{"type":"block","tap":true,"time":102.5,"angle":90},{"type":"block","tap":true,"time":102.5,"angle":135},{"type":"hold","time":64.25,"angle":67.5,"duration":0.25,"angle2":45},{"type":"extraTap","speedMult":9999,"time":106,"angle":135},{"type":"extraTap","speedMult":9999,"time":106,"angle":157.5},{"type":"extraTap","speedMult":9999,"time":106,"angle":180},{"type":"extraTap","speedMult":9999,"time":106,"angle":202.5},{"type":"extraTap","speedMult":9999,"time":106,"angle":225},{"type":"block","angle":315,"time":10},{"type":"block","angle":315,"time":10.5},{"type":"block","tap":true,"time":109,"angle":382.5},{"type":"block","tap":true,"time":109,"angle":427.5},{"type":"block","angle":405,"time":109},{"type":"block","tap":true,"time":109.75,"angle":450},{"type":"block","angle":472.5,"time":109.75},{"type":"block","tap":true,"time":109.75,"angle":495},{"type":"block","tap":true,"time":110.5,"angle":427.5},{"type":"block","angle":405,"time":110.5},{"type":"block","tap":true,"time":110.5,"angle":382.5},{"type":"hold","time":113,"angle":90,"duration":1.5,"angle2":90},{"type":"side","tap":true,"time":113,"angle":67.5},{"type":"side","tap":true,"time":113.75,"angle":112.5},{"type":"side","tap":true,"time":114.5,"angle":67.5},{"type":"hold","time":117,"angle":90,"duration":8,"angle2":112.5},{"type":"hold","time":125.25,"angle":112.5,"duration":7.75,"angle2":180},{"type":"hold","time":133.25,"angle":180,"duration":7.75,"angle2":202.5},{"type":"hold","time":141.25,"angle":202.5,"duration":7.5,"angle2":247.5},{"type":"block","angle":67.5,"time":117},{"type":"block","angle":67.5,"time":117.75},{"type":"block","angle":45,"time":118},{"type":"block","angle":45,"time":119},{"type":"block","angle":67.5,"time":119.5},{"type":"block","angle":67.5,"time":118.5},{"type":"block","angle":45,"time":120},{"type":"block","angle":67.5,"time":120.5},{"type":"block","angle":135,"time":121},{"type":"block","angle":135,"time":121.75},{"type":"block","angle":180,"time":122},{"type":"block","angle":157.5,"time":122.5},{"type":"block","angle":135,"time":123},{"type":"block","angle":112.5,"time":123.25},{"type":"block","angle":135,"time":123.5},{"type":"block","angle":157.5,"time":124},{"type":"block","angle":180,"time":124.5},{"type":"block","angle":90,"time":125},{"type":"block","angle":90,"time":125.75},{"type":"block","angle":112.5,"time":126},{"type":"block","angle":67.5,"time":126.5},{"type":"block","angle":67.5,"time":127},{"type":"block","angle":90,"time":128},{"type":"block","angle":135,"time":128.5},{"type":"block","angle":112.5,"time":127.5},{"type":"extraTap","speedMult":9999,"time":180.5,"angle":135},{"type":"extraTap","speedMult":9999,"time":180.5,"angle":157.5},{"type":"extraTap","speedMult":9999,"time":180.5,"angle":180},{"type":"extraTap","speedMult":9999,"time":180.5,"angle":202.5},{"type":"extraTap","speedMult":9999,"time":180.5,"angle":225},{"type":"extraTap","speedMult":9999,"time":134.5,"angle":157.5},{"type":"extraTap","speedMult":9999,"time":136.5,"angle":225},{"type":"extraTap","speedMult":9999,"time":138.5,"angle":225},{"type":"extraTap","speedMult":9999,"time":140.5,"angle":270},{"type":"extraTap","speedMult":9999,"time":142.5,"angle":157.5},{"type":"extraTap","speedMult":9999,"time":144.5,"angle":292.5},{"type":"extraTap","speedMult":9999,"time":146.5,"angle":292.5},{"type":"extraTap","speedMult":9999,"time":148.5,"angle":292.5},{"type":"extraTap","speedMult":9999,"time":150.5,"angle":292.5},{"type":"extraTap","speedMult":9999,"time":152.5,"angle":292.5},{"type":"extraTap","speedMult":9999,"time":154.5,"angle":292.5},{"type":"extraTap","speedMult":9999,"time":156.5,"angle":292.5},{"type":"extraTap","speedMult":9999,"time":158.5,"angle":292.5},{"type":"extraTap","speedMult":9999,"time":160.5,"angle":315},{"type":"extraTap","speedMult":9999,"time":162.5,"angle":292.5},{"type":"extraTap","speedMult":9999,"time":164.5,"angle":292.5},{"type":"extraTap","speedMult":9999,"time":170,"angle":292.5},{"type":"extraTap","speedMult":9999,"time":174,"angle":292.5},{"type":"extraTap","speedMult":9999,"time":177.75,"angle":292.5},{"type":"extraTap","speedMult":9999,"time":166.5,"angle":337.5},{"type":"extraTap","speedMult":9999,"time":171,"angle":337.5},{"type":"extraTap","speedMult":9999,"time":175,"angle":337.5},{"type":"extraTap","speedMult":9999,"time":179,"angle":337.5},{"type":"block","angle":157.5,"time":129},{"type":"block","angle":202.5,"time":129.75},{"type":"block","angle":180,"time":130},{"type":"block","angle":202.5,"time":130.5},{"type":"block","angle":225,"time":131},{"type":"block","angle":202.5,"time":131.25},{"type":"block","angle":225,"time":131.5},{"type":"block","angle":180,"time":132},{"type":"block","angle":202.5,"time":132.5},{"type":"block","angle":225,"time":133.75},{"type":"block","angle":202.5,"time":134},{"type":"block","angle":202.5,"time":133},{"type":"block","angle":202.5,"time":134.5},{"type":"block","angle":225,"time":135},{"type":"block","angle":157.5,"time":135.5},{"type":"block","angle":180,"time":135.75},{"type":"block","angle":157.5,"time":136},{"type":"block","angle":180,"time":136.5},{"type":"block","angle":225,"time":137},{"type":"block","angle":202.5,"time":137.75},{"type":"block","angle":225,"time":138},{"type":"block","angle":202.5,"time":138.5},{"type":"block","angle":202.5,"time":139},{"type":"block","angle":180,"time":139.25},{"type":"block","angle":202.5,"time":139.5},{"type":"block","angle":180,"time":140},{"type":"block","angle":157.5,"time":140.5},{"type":"block","angle":225,"time":141},{"type":"block","angle":225,"time":141.75},{"type":"block","angle":247.5,"time":142},{"type":"block","angle":225,"time":142.5},{"type":"block","angle":225,"time":143},{"type":"block","angle":180,"time":143.5},{"type":"block","angle":202.5,"time":144},{"type":"block","angle":225,"time":144.5},{"type":"block","angle":202.5,"time":145},{"type":"block","angle":225,"time":145.75},{"type":"block","angle":247.5,"time":146},{"type":"block","angle":247.5,"time":146.5},{"type":"block","angle":225,"time":147},{"type":"block","angle":247.5,"time":147.25},{"type":"block","angle":225,"time":147.5},{"type":"block","angle":225,"time":148},{"type":"block","angle":247.5,"time":148.5},{"type":"hold","time":149,"angle":247.5,"duration":8,"angle2":270},{"type":"hold","time":157.25,"angle":270,"duration":7.75,"angle2":337.5},{"type":"hold","time":165.25,"angle":337.5,"duration":7.75,"angle2":360},{"type":"hold","time":173.25,"angle":360,"duration":7.5,"angle2":405},{"type":"block","angle":225,"time":149},{"type":"block","angle":225,"time":149.75},{"type":"block","angle":202.5,"time":150},{"type":"block","angle":202.5,"time":151},{"type":"block","angle":225,"time":151.5},{"type":"block","angle":225,"time":150.5},{"type":"block","angle":247.5,"time":152},{"type":"block","angle":225,"time":152.5},{"type":"block","angle":292.5,"time":153},{"type":"block","angle":292.5,"time":153.75},{"type":"block","angle":315,"time":154},{"type":"block","angle":315,"time":154.5},{"type":"block","angle":292.5,"time":155},{"type":"block","angle":270,"time":155.25},{"type":"block","angle":292.5,"time":155.5},{"type":"block","angle":270,"time":156},{"type":"block","angle":225,"time":156.5},{"type":"block","angle":247.5,"time":157},{"type":"block","angle":247.5,"time":157.75},{"type":"block","angle":270,"time":158},{"type":"block","angle":225,"time":158.5},{"type":"block","angle":247.5,"time":159},{"type":"block","angle":247.5,"time":160},{"type":"block","angle":281.25,"time":160.5},{"type":"block","angle":270,"time":159.5},{"type":"block","angle":315,"time":161},{"type":"block","angle":360,"time":161.75},{"type":"block","angle":337.5,"time":162},{"type":"block","angle":360,"time":162.5},{"type":"block","angle":382.5,"time":163},{"type":"block","angle":360,"time":163.25},{"type":"block","angle":382.5,"time":163.5},{"type":"block","angle":348.75,"time":164},{"type":"block","angle":360,"time":164.5},{"type":"block","angle":382.5,"time":165.75},{"type":"block","angle":360,"time":166},{"type":"block","angle":360,"time":165},{"type":"block","angle":360,"time":166.5},{"type":"block","angle":382.5,"time":167},{"type":"block","angle":315,"time":167.5},{"type":"block","angle":337.5,"time":167.75},{"type":"block","angle":315,"time":168},{"type":"block","angle":337.5,"time":168.5},{"type":"block","angle":382.5,"time":169},{"type":"block","angle":360,"time":169.75},{"type":"block","angle":382.5,"time":170},{"type":"block","angle":360,"time":170.5},{"type":"block","angle":360,"time":171},{"type":"block","angle":337.5,"time":171.25},{"type":"block","angle":360,"time":171.5},{"type":"block","angle":337.5,"time":172},{"type":"block","angle":315,"time":172.5},{"type":"block","angle":382.5,"time":173},{"type":"block","angle":382.5,"time":173.75},{"type":"block","angle":405,"time":174},{"type":"block","angle":382.5,"time":174.5},{"type":"block","angle":382.5,"time":175},{"type":"block","angle":337.5,"time":175.5},{"type":"block","angle":360,"time":176},{"type":"block","angle":382.5,"time":176.5},{"type":"block","angle":360,"time":177},{"type":"block","angle":382.5,"time":177.75},{"type":"block","angle":405,"time":178},{"type":"block","angle":405,"time":178.5},{"type":"block","angle":382.5,"time":179},{"type":"block","angle":405,"time":179.25},{"type":"block","angle":382.5,"time":179.5},{"type":"block","angle":382.5,"time":180},{"type":"block","angle":405,"time":180.5},{"type":"extraTap","speedMult":9999,"time":24.5,"angle":135}]