{
  "width": 100,
  "height": 90,
  "fps": 8,
  "frames": 61,
  "states": [
    {
      "name": "idle",
      "frames": [0,1,2,3,4,5,6,7
      ],
      "fps": 8,
      "loop": true
    },
    {
      "name": "walk",
      "frames": [8,9,10,11
      ],
      "fps": 8,
      "loop": true
    },
    {
      "name": "strike",
      "frames": [12,13,14,15,16
      ],
      "fps": 8,
      "loop": false
    },
    {
      "name": "freeze",
      "frames": [17,18,19,20,21,22,23,24,25,26,27,28,29,30,31,32,33,34,35,36,37,38,39,40,41
      ],
      "fps": 8,
      "loop": false
    },
    {
      "name": "call",
      "frames": [42,43,44,45,46,47,48,49,50,51,55,52,53,54,55,56,57,58,59,60
      ],
      "fps": 8,
      "loop": false
    },
  ]
}