{"metadata":{"bgData":{"image":"bg.png","redChannel":{"g":184,"r":255,"b":34},"blueChannel":{"g":255,"r":34,"b":248}},"bg":true,"charter":"fortt2","description":"!FLASHING LIGHTS!\n\nmy first level\nbeware of the new mechanic ahead","artistLink":"","songName":"Cruel King","artist":"wheel_able","difficulty":0},"properties":{"offset":8,"speed":70,"startBeat":0,"formatversion":12},"events":[{"type":"deco","x":0,"sprite":"warning.png","time":-10,"y":0,"angle":270,"id":"warning"},{"type":"play","bpm":136,"file":"cruel king song.wav","time":3,"offset":1,"angle":270,"volume":2},{"sprite":"cruelking!idle","time":1.5,"id":"cruelking","drawLayer":"bg","type":"deco","drawOrder":1,"x":450,"y":150,"angle":247.5},{"g":255,"r":34,"time":1.5,"b":248,"color":3,"angle":202.5,"type":"setColor"},{"g":184,"r":255,"time":1.5,"b":34,"color":2,"angle":180,"type":"setColor"},{"var":"p.x","time":1.5,"angle":292.5,"value":150,"type":"ease"},{"sprite":"bg.png","time":1.5,"id":"","drawLayer":"bg","type":"deco","drawOrder":0,"x":0,"y":0,"angle":225},{"var":"p.y","time":1.5,"angle":315,"value":210,"type":"ease"},{"type":"deco","angle":337.5,"time":1.5,"hide":true,"id":"warning"},{"var":"vfx.pixelate","time":1.5,"angle":0,"value":2,"type":"ease"},{"var":"vfx.pixelate","value":1,"time":3,"ease":"linear","angle":22.5,"duration":2,"type":"ease"},{"var":"vfx.canvPos.sx","time":1.5,"angle":112.5,"value":4,"type":"ease"},{"var":"vfx.canvPos.sy","time":1.5,"angle":135,"value":4,"type":"ease"},{"var":"vfx.canvPos.sy","value":1,"time":3,"ease":"linear","angle":135,"duration":2,"type":"ease"},{"var":"vfx.canvPos.sx","value":1,"time":3,"ease":"linear","angle":112.5,"duration":2,"type":"ease"},{"var":"vfx.canvPos.x","time":1.5,"angle":45,"value":900,"type":"ease"},{"var":"vfx.canvPos.y","time":1.5,"angle":67.5,"value":50,"type":"ease"},{"var":"vfx.canvPos.x","value":300,"time":3,"ease":"linear","angle":45,"duration":2,"type":"ease"},{"var":"vfx.canvPos.y","value":180,"time":3,"ease":"linear","angle":67.5,"duration":2,"type":"ease"},{"sprite":"click.png","drawLayer":"bg","ox":110,"id":"click","time":21,"type":"deco","oy":14,"x":300,"y":250,"angle":45},{"time":21,"ease":"outSine","id":"click","sy":1.5,"sx":1.5,"type":"deco","angle":67.5,"duration":2},{"time":21.25,"ease":"inSine","id":"click","sy":1,"sx":1,"type":"deco","angle":67.5,"duration":1},{"type":"deco","sprite":"cruelking!strike","time":21,"angle":90,"id":"cruelking"},{"type":"deco","sprite":"cruelking!idle","time":22.5,"angle":67.5,"id":"cruelking"},{"sprite":"mist#0","time":21.5,"id":"mist","type":"deco","drawLayer":"bg","x":30,"y":190,"angle":112.5},{"type":"deco","angle":112.5,"time":23,"hide":true,"id":"mist"},{"time":24,"ox":20,"id":"mist","sy":1.2000000476837,"type":"deco","sx":1.2000000476837,"oy":5,"hide":false,"angle":67.5},{"type":"deco","sprite":"mist#0","time":26,"angle":67.5,"id":"mist"},{"type":"deco","angle":67.5,"time":27,"hide":true,"id":"mist"},{"type":"deco","angle":67.5,"time":29,"hide":true,"id":"click"},{"type":"tag","angleOffset":false,"time":13,"angle":157.5,"tag":"Flash"},{"type":"tag","angleOffset":false,"time":15,"angle":157.5,"tag":"Flash"},{"type":"tag","angleOffset":false,"time":17,"angle":157.5,"tag":"Flash"},{"type":"tag","angleOffset":false,"time":18,"angle":67.5,"tag":"Flash"},{"r":255,"order":0,"b":255,"g":255,"time":21,"type":"setColor","color":1,"angle":270},{"r":255,"order":0,"b":255,"g":255,"time":21,"type":"setColor","color":2,"angle":247.5},{"r":255,"order":0,"b":255,"g":255,"time":21,"type":"setColor","color":3,"angle":225},{"r":0,"order":1,"ease":"linear","type":"setColor","g":0,"time":21,"b":0,"color":1,"angle":315,"duration":1},{"r":255,"order":1,"ease":"linear","type":"setColor","g":184,"time":21,"b":34,"color":2,"angle":337.5,"duration":1},{"r":34,"order":1,"ease":"linear","type":"setColor","g":255,"time":21,"b":248,"color":3,"angle":360,"duration":1},{"var":"vfx.canvPos.sx","time":21,"ease":"linear","type":"ease","duration":2,"angle":202.5,"value":1,"start":2},{"var":"vfx.canvPos.sy","time":21,"ease":"linear","type":"ease","duration":2,"angle":180,"value":1,"start":2},{"type":"tag","angleOffset":false,"time":5,"angle":292.5,"tag":"Flash"},{"var":"vfx.comboX","time":-10,"angle":180,"value":-145,"type":"ease"},{"var":"vfx.comboY","time":-10,"angle":157.5,"value":120,"type":"ease"},{"r":0,"b":0,"description":"finally","type":"bookmark","g":0,"time":3,"name":"song start","angle":292.5},{"type":"tag","angleOffset":false,"time":9,"angle":337.5,"tag":"Flash"},{"var":"vfx.canvPos.r","time":9,"ease":"linear","type":"ease","duration":1,"angle":22.5,"value":0,"start":45},{"sprite":"cruelkingd#0","time":21,"id":"cruelkingd","type":"deco","drawLayer":"bg","x":430,"y":75,"angle":135},{"type":"deco","angle":90,"time":30,"hide":true,"id":"cruelkingd"},{"type":"deco","angle":45,"sprite":"cruelkingd#1","time":54.5,"hide":false,"id":"cruelkingd"},{"type":"deco","angle":22.5,"time":62,"hide":true,"id":"cruelkingd"},{"sprite":"cruelking!walk","time":36.5,"ease":"linear","id":"cruelking","type":"deco","x":185,"y":150,"angle":112.5,"duration":4},{"type":"tag","angleOffset":false,"time":36.5,"angle":67.5,"tag":"flash"},{"type":"deco","sprite":"cruelking!freeze","time":40,"angle":90,"id":"cruelking"},{"type":"deco","x":166,"sprite":"cruelking#32","time":44,"angle":90,"id":"cruelking"},{"type":"deco","x":185,"sprite":"cruelking#34#forwards@8","time":45,"angle":90,"id":"cruelking"},{"sprite":"cruelking!walk","time":47,"ease":"linear","id":"cruelking","type":"deco","x":450,"y":150,"angle":67.5,"duration":2},{"type":"deco","sprite":"cruelking!idle","time":48,"angle":67.5,"id":"cruelking"},{"sprite":"click.png","time":36.5,"ox":110,"id":"click","angle":-67.5,"type":"deco","oy":14,"x":300,"y":250,"hide":false},{"time":36.5,"ease":"outSine","id":"click","sy":1.5,"sx":1.5,"type":"deco","angle":-45,"duration":2},{"type":"deco","angle":90,"time":49,"hide":true,"id":"click"},{"time":37,"ease":"inSine","id":"click","sy":1,"sx":1,"type":"deco","angle":292.5,"duration":1},{"type":"deco","angle":90,"sprite":"cruelkingd#2","time":82,"id":"cruelkingd","hide":false},{"sprite":"cruelking!walk","time":62,"ease":"linear","id":"cruelking","type":"deco","x":185,"y":150,"angle":112.5,"duration":2},{"type":"deco","sprite":"cruelking!freeze","time":63.75,"angle":90,"id":"cruelking"},{"type":"deco","x":166,"sprite":"cruelking#32","time":67.75,"angle":90,"id":"cruelking"},{"type":"deco","x":185,"sprite":"cruelking#34#forwards@8","time":68.75,"angle":90,"id":"cruelking"},{"sprite":"cruelking!walk","time":71.25,"ease":"linear","id":"cruelking","type":"deco","x":450,"angle":-67.5,"duration":2},{"type":"deco","sprite":"cruelking!idle","time":73.25,"angle":-67.5,"id":"cruelking"},{"type":"deco","sprite":"mist#5","time":24.25,"id":"mist","angle":67.5},{"sprite":"click.png","time":62,"ox":110,"id":"click","angle":-45,"type":"deco","oy":14,"x":300,"y":250,"hide":false},{"time":62,"ease":"outSine","id":"click","sy":1.5,"sx":1.5,"type":"deco","angle":-22.5,"duration":2},{"time":62.5,"ease":"inSine","id":"click","sy":1,"sx":1,"type":"deco","angle":315,"duration":1},{"type":"tag","angleOffset":false,"time":61,"angle":157.5,"tag":"flash"},{"type":"tag","angleOffset":false,"time":61.75,"angle":135,"tag":"flash"},{"type":"tag","angleOffset":false,"time":62.5,"angle":135,"tag":"flash"},{"type":"tag","angleOffset":false,"time":45,"angle":135,"tag":"flash"},{"type":"tag","angleOffset":false,"time":45.75,"angle":135,"tag":"flash"},{"type":"tag","angleOffset":false,"time":46.5,"angle":135,"tag":"flash"},{"type":"tag","angleOffset":false,"time":49,"angle":135,"tag":"flash"},{"type":"tag","angleOffset":false,"time":49.75,"angle":135,"tag":"flash"},{"type":"tag","angleOffset":false,"time":50.5,"angle":135,"tag":"flash"},{"r":255,"order":0,"b":255,"g":255,"time":53,"type":"setColor","color":1,"angle":270},{"r":255,"order":0,"b":255,"g":255,"time":53,"type":"setColor","color":2,"angle":247.5},{"r":255,"order":0,"b":255,"g":255,"time":53,"type":"setColor","color":3,"angle":225},{"r":0,"order":1,"ease":"linear","type":"setColor","g":0,"time":53,"b":0,"color":1,"angle":315,"duration":2},{"r":255,"order":1,"ease":"linear","type":"setColor","g":184,"time":53,"b":34,"color":2,"angle":337.5,"duration":2},{"r":34,"order":1,"ease":"linear","type":"setColor","g":255,"time":53,"b":248,"color":3,"angle":360,"duration":2},{"type":"tag","angleOffset":false,"time":65,"angle":90,"tag":"flash"},{"type":"tag","angleOffset":false,"time":65.75,"angle":90,"tag":"flash"},{"type":"tag","angleOffset":false,"time":66.5,"angle":90,"tag":"flash"},{"type":"deco","angle":-45,"time":73.25,"hide":true,"id":"click"},{"var":"scrollSpeed","time":46,"angle":180,"value":100,"type":"ease"},{"var":"scrollSpeed","time":52,"ease":"linear","type":"ease","duration":2,"angle":202.5,"value":1,"start":0},{"var":"vfx.canvPos.r","time":67,"angle":67.5,"value":25,"type":"ease"},{"var":"vfx.canvPos.r","time":67.5,"ease":"linear","type":"ease","duration":0.5,"angle":67.5,"value":0,"start":-25},{"type":"tag","angleOffset":false,"time":67,"angle":45,"tag":"flash"},{"type":"tag","angleOffset":false,"time":67.5,"angle":45,"tag":"flash"},{"r":255,"order":0,"b":255,"g":255,"time":69,"type":"setColor","color":1,"angle":270},{"r":255,"order":0,"b":255,"g":255,"time":69,"type":"setColor","color":2,"angle":247.5},{"r":255,"order":0,"b":255,"g":255,"time":69,"type":"setColor","color":3,"angle":225},{"r":0,"order":1,"ease":"linear","type":"setColor","g":0,"time":69,"b":0,"color":1,"angle":315,"duration":2},{"r":255,"order":1,"ease":"linear","type":"setColor","g":184,"time":69,"b":34,"color":2,"angle":337.5,"duration":2},{"r":34,"order":1,"ease":"linear","type":"setColor","g":255,"time":69,"b":248,"color":3,"angle":360,"duration":2},{"r":255,"order":0,"b":255,"g":255,"time":85,"type":"setColor","color":1,"angle":247.5},{"r":255,"order":0,"b":255,"g":255,"time":85,"type":"setColor","color":2,"angle":225},{"r":255,"order":0,"b":255,"g":255,"time":85,"type":"setColor","color":3,"angle":202.5},{"r":0,"order":1,"ease":"linear","type":"setColor","g":0,"time":85,"b":0,"color":1,"angle":292.5,"duration":2},{"r":255,"order":1,"ease":"linear","type":"setColor","g":184,"time":85,"b":34,"color":2,"angle":315,"duration":2},{"r":34,"order":1,"ease":"linear","type":"setColor","g":255,"time":85,"b":248,"color":3,"angle":337.5,"duration":2},{"type":"deco","angle":45,"time":91,"hide":true,"id":"cruelkingd"},{"type":"showResults","angle":270,"time":187},{"type":"deco","x":166,"sprite":"cruelking#32#forwards","time":106,"angle":247.5,"id":"cruelking"},{"sprite":"cruelking!walk","time":96,"ease":"linear","id":"cruelking","type":"deco","x":185,"angle":67.5,"duration":2},{"type":"deco","sprite":"cruelking!freeze","time":98,"angle":67.5,"id":"cruelking"},{"type":"deco","sprite":"cruelking#28","time":101.25,"angle":112.5,"id":"cruelking"},{"type":"deco","sprite":"cruelking#27","time":103.25,"angle":112.5,"id":"cruelking"},{"type":"deco","sprite":"cruelking#28#forwards@8","time":105,"angle":112.5,"id":"cruelking"},{"type":"deco","x":185,"sprite":"cruelking#34#forwards@8","time":107,"angle":112.5,"id":"cruelking"},{"sprite":"cruelking!walk","time":108.5,"ease":"linear","id":"cruelking","type":"deco","x":450,"angle":112.5,"duration":2},{"type":"deco","sprite":"cruelking!idle","time":110.5,"angle":112.5,"id":"cruelking"},{"r":0,"order":0,"b":0,"g":0,"time":114.75,"type":"setColor","color":0,"angle":270},{"r":0,"order":0,"b":0,"g":0,"time":114.75,"type":"setColor","color":2,"angle":247.5},{"r":0,"order":0,"b":0,"g":0,"time":114.75,"type":"setColor","color":3,"angle":225},{"r":255,"order":1,"ease":"linear","type":"setColor","g":255,"time":116,"b":255,"color":0,"angle":315,"duration":10},{"r":255,"order":1,"ease":"linear","type":"setColor","g":184,"time":116,"b":34,"color":2,"angle":337.5,"duration":10},{"r":34,"order":1,"ease":"linear","type":"setColor","g":255,"time":116,"b":248,"color":3,"angle":360,"duration":10},{"type":"tag","angleOffset":false,"time":113.75,"angle":270,"tag":"flash"},{"type":"tag","angleOffset":false,"time":113,"angle":270,"tag":"flash"},{"type":"tag","angleOffset":false,"time":114.5,"angle":270,"tag":"flash"},{"type":"deco","angle":90,"sprite":"cruelkingd#3","time":120.75,"id":"cruelkingd","hide":false},{"sprite":"click.png","time":96,"ox":110,"id":"click","angle":-45,"type":"deco","oy":14,"x":300,"y":250,"hide":false},{"time":96,"ease":"outSine","id":"click","sy":1.5,"sx":1.5,"type":"deco","angle":-22.5,"duration":2},{"time":96.5,"ease":"inSine","id":"click","sy":1,"sx":1,"type":"deco","angle":315,"duration":1},{"type":"deco","angle":90,"time":110.5,"hide":true,"id":"click"},{"type":"tag","angleOffset":false,"time":101,"angle":67.5,"tag":"flash"},{"type":"tag","angleOffset":false,"time":101.75,"angle":22.5,"tag":"flash"},{"type":"tag","angleOffset":false,"time":102.5,"angle":67.5,"tag":"flash"},{"type":"tag","angleOffset":false,"time":105,"angle":135,"tag":"flash"},{"type":"tag","angleOffset":false,"time":105.5,"angle":135,"tag":"flash"},{"type":"tag","angleOffset":false,"time":106.25,"angle":135,"tag":"flash"},{"type":"tag","angleOffset":false,"time":109,"angle":135,"tag":"flash"},{"type":"tag","angleOffset":false,"time":109.75,"angle":157.5,"tag":"flash"},{"type":"tag","angleOffset":false,"time":110.5,"angle":135,"tag":"flash"},{"var":"scrollSpeed","time":115.75,"ease":"linear","type":"ease","duration":10,"angle":202.5,"value":0.75,"start":0},{"type":"deco","sprite":"cruelking!call@12","time":121,"angle":360,"id":"cruelking"},{"type":"deco","sprite":"cruelking!idle","time":126,"angle":0,"id":"cruelking"},{"type":"deco","sprite":"cruelking#58","time":124.5,"angle":360,"id":"cruelking"},{"type":"deco","sprite":"cruelking#58#forwards@12","time":125,"angle":360,"id":"cruelking"},{"type":"deco","angle":67.5,"time":129.75,"hide":true,"id":"cruelkingd"},{"type":"deco","sprite":"cruelking!strike","time":176.5,"angle":135,"id":"cruelking"},{"type":"deco","sprite":"cruelking!idle","time":177.75,"angle":135,"id":"cruelking"},{"sprite":"mist#0","time":177,"ox":0,"id":"mist","sy":1,"sx":1,"oy":0,"type":"deco","angle":135,"hide":false},{"type":"deco","angle":157.5,"time":179.25,"hide":true,"id":"mist"},{"time":180.25,"ox":20,"id":"mist","sy":1.2000000476837,"sx":1.2000000476837,"type":"deco","oy":5,"hide":false,"angle":112.5},{"type":"deco","sprite":"mist#5","time":180.5,"angle":112.5,"id":"mist"},{"type":"deco","sprite":"mist#0","time":182,"angle":112.5,"id":"mist"},{"type":"deco","angle":112.5,"time":183.25,"hide":true,"id":"mist"},{"sprite":"click.png","drawLayer":"bg","ox":110,"id":"click","time":131,"type":"deco","oy":14,"x":300,"y":250,"angle":45},{"time":131,"ease":"outSine","id":"click","sy":1.5,"sx":1.5,"angle":67.5,"type":"deco","hide":false,"duration":2},{"time":131.5,"ease":"inSine","id":"click","sy":1,"sx":1,"type":"deco","angle":67.5,"duration":1},{"type":"deco","x":700,"sprite":"crossbow!walk","time":125.5,"y":165,"angle":22.5,"id":"crossbow"},{"drawLayer":"bg","ease":"outQuad","id":"crossbow","type":"deco","time":126,"x":370,"drawOrder":4,"angle":22.5,"duration":2},{"sprite":"crossbowd.png","time":127.5,"id":"crossbowd","type":"deco","drawLayer":"bg","x":350,"y":75,"angle":360},{"type":"deco","sprite":"crossbow!idle","time":127,"angle":0,"id":"crossbow"},{"type":"deco","sprite":"crossbow!shoot","time":133,"angle":135,"id":"crossbow"},{"type":"deco","sprite":"crossbow#11","time":134.5,"angle":135,"id":"crossbow"},{"type":"deco","sprite":"crossbow#11#forwards@8","time":135.25,"angle":202.5,"id":"crossbow"},{"type":"deco","sprite":"crossbow#11","time":136.25,"angle":202.5,"id":"crossbow"},{"sprite":"arrow.png","drawLayer":"bg","id":"arrow","drawOrder":10,"type":"deco","time":132.75,"hide":true,"x":350,"y":200,"angle":112.5},{"time":133.75,"ease":"linear","id":"arrow","type":"deco","x":-100,"hide":false,"angle":112.5,"duration":2},{"type":"deco","angle":360,"time":135.5,"hide":true,"id":"crossbowd"},{"type":"deco","angle":225,"x":-100,"ease":"linear","id":"arrow","duration":2,"time":135.75},{"type":"deco","id":"arrow","x":350,"angle":202.5,"time":135.5},{"type":"deco","sprite":"crossbow#11#forwards@8","time":137.25,"angle":202.5,"id":"crossbow"},{"type":"deco","sprite":"crossbow#11","time":138.25,"angle":202.5,"id":"crossbow"},{"type":"deco","angle":225,"x":-100,"ease":"linear","id":"arrow","duration":2,"time":137.75},{"type":"deco","id":"arrow","x":350,"angle":202.5,"time":137.5},{"type":"deco","sprite":"crossbow#11#forwards@8","time":139.25,"angle":247.5,"id":"crossbow"},{"type":"deco","sprite":"crossbow#11","time":140.25,"angle":247.5,"id":"crossbow"},{"type":"deco","angle":270,"x":-100,"ease":"linear","id":"arrow","duration":2,"time":139.75},{"type":"deco","id":"arrow","x":350,"angle":247.5,"time":139.5},{"type":"deco","sprite":"crossbow#11#forwards@8","time":141.25,"angle":135,"id":"crossbow"},{"type":"deco","sprite":"crossbow#11","time":142.25,"angle":135,"id":"crossbow"},{"type":"deco","id":"arrow","x":-100,"ease":"linear","angle":157.5,"duration":2,"time":141.75},{"type":"deco","id":"arrow","x":350,"angle":135,"time":141.5},{"type":"deco","sprite":"crossbow#11#forwards@8","time":143.25,"angle":270,"id":"crossbow"},{"type":"deco","sprite":"crossbow#11","time":144.25,"angle":270,"id":"crossbow"},{"type":"deco","angle":292.5,"x":-100,"ease":"linear","id":"arrow","duration":2,"time":143.75},{"type":"deco","id":"arrow","x":350,"angle":270,"time":143.5},{"type":"deco","sprite":"crossbow#11#forwards@8","time":145.25,"angle":270,"id":"crossbow"},{"type":"deco","sprite":"crossbow#11","time":146.25,"angle":270,"id":"crossbow"},{"type":"deco","angle":292.5,"x":-100,"ease":"linear","id":"arrow","duration":2,"time":145.75},{"type":"deco","id":"arrow","x":350,"angle":270,"time":145.5},{"type":"deco","sprite":"crossbow#11#forwards@8","time":147.25,"id":"crossbow","angle":270},{"type":"deco","sprite":"crossbow#11","time":148.25,"angle":270,"id":"crossbow"},{"type":"deco","id":"arrow","x":-100,"ease":"linear","angle":292.5,"duration":2,"time":147.75},{"type":"deco","x":350,"time":147.5,"angle":270,"id":"arrow"},{"type":"deco","sprite":"crossbow#11#forwards@8","time":149.25,"angle":270,"id":"crossbow"},{"type":"deco","sprite":"crossbow#11","time":150.25,"angle":270,"id":"crossbow"},{"type":"deco","angle":292.5,"x":-100,"ease":"linear","id":"arrow","duration":2,"time":149.75},{"type":"deco","id":"arrow","x":350,"angle":270,"time":149.5},{"type":"deco","sprite":"crossbow#11#forwards@8","time":151.25,"angle":270,"id":"crossbow"},{"type":"deco","sprite":"crossbow#11","time":152.25,"angle":270,"id":"crossbow"},{"type":"deco","angle":292.5,"x":-100,"ease":"linear","id":"arrow","duration":2,"time":151.75},{"type":"deco","id":"arrow","x":350,"angle":270,"time":151.5},{"type":"deco","sprite":"crossbow#11#forwards@8","time":153.25,"angle":270,"id":"crossbow"},{"type":"deco","sprite":"crossbow#11","time":154.25,"angle":281.25,"id":"crossbow"},{"type":"deco","angle":292.5,"x":-100,"ease":"linear","id":"arrow","duration":2,"time":153.75},{"type":"deco","id":"arrow","x":350,"angle":270,"time":153.5},{"type":"deco","sprite":"crossbow#11#forwards@8","time":155.25,"angle":281.25,"id":"crossbow"},{"type":"deco","sprite":"crossbow#11","time":156.25,"angle":258.75,"id":"crossbow"},{"type":"deco","angle":292.5,"x":-100,"ease":"linear","id":"arrow","duration":2,"time":155.75},{"type":"deco","angle":258.75,"x":350,"id":"arrow","time":155.5},{"type":"deco","sprite":"crossbow#11#forwards@8","time":157.25,"angle":258.75,"id":"crossbow"},{"type":"deco","sprite":"crossbow#11","time":158.25,"angle":270,"id":"crossbow"},{"type":"deco","id":"arrow","x":-100,"ease":"linear","angle":315,"duration":2,"time":157.75},{"type":"deco","angle":258.75,"x":350,"id":"arrow","time":157.5},{"type":"deco","sprite":"crossbow#11#forwards@8","time":159.25,"angle":270,"id":"crossbow"},{"type":"deco","sprite":"crossbow#11","time":160.25,"angle":270,"id":"crossbow"},{"type":"deco","angle":303.75,"x":-100,"ease":"linear","id":"arrow","duration":2,"time":159.75},{"type":"deco","x":350,"time":159.5,"angle":247.5,"id":"arrow"},{"type":"deco","sprite":"crossbow#11#forwards@8","time":161.25,"angle":270,"id":"crossbow"},{"type":"deco","sprite":"crossbow#11","time":162.25,"angle":270,"id":"crossbow"},{"type":"deco","id":"arrow","x":-100,"ease":"linear","angle":247.5,"duration":2,"time":161.75},{"type":"deco","id":"arrow","x":350,"angle":270,"time":161.5},{"type":"deco","sprite":"crossbow#11#forwards@8","time":163.25,"angle":270,"id":"crossbow"},{"type":"deco","sprite":"crossbow#11","time":164.25,"angle":270,"id":"crossbow"},{"type":"deco","angle":292.5,"x":-100,"ease":"linear","id":"arrow","duration":2,"time":163.75},{"type":"deco","id":"arrow","x":350,"angle":270,"time":163.5},{"type":"deco","hide":false,"sprite":"cruelkingd#4","time":152,"angle":337.5,"id":"cruelkingd"},{"type":"deco","sprite":"cruelking!call","time":151.5,"id":"cruelking","angle":337.5},{"type":"deco","sprite":"cruelking!idle","time":157.25,"angle":337.5,"id":"cruelking"},{"type":"deco","sprite":"knightd.png","time":159,"y":80,"angle":337.5,"id":"knightd"},{"type":"deco","id":"knight","x":290,"ease":"outQuad","angle":315,"duration":2,"time":157.25},{"type":"deco","angle":315,"sprite":"knight!walk","time":157,"y":165,"id":"knight","x":700},{"type":"deco","sprite":"knight!idle","time":159,"angle":0,"id":"knight"},{"sprite":"knight!walk","time":164.25,"ease":"linear","id":"knight","type":"deco","x":185,"angle":348.75,"duration":1},{"type":"deco","sprite":"knight!slash","time":165,"angle":337.5,"id":"knight"},{"type":"deco","hide":true,"time":164.25,"angle":360,"id":"knightd"},{"type":"deco","hide":true,"time":159.5,"angle":337.5,"id":"cruelkingd"},{"type":"deco","sprite":"crossbow#11#forwards@8","time":168.75,"angle":270,"id":"crossbow"},{"type":"deco","sprite":"crossbow#11","time":169.75,"angle":270,"id":"crossbow"},{"type":"deco","angle":292.5,"x":-100,"ease":"linear","id":"arrow","duration":2,"time":169.25},{"type":"deco","angle":270,"x":350,"id":"arrow","time":169},{"type":"deco","sprite":"crossbow#11#forwards@8","time":172.75,"angle":270,"id":"crossbow"},{"type":"deco","sprite":"crossbow#11","time":173.75,"angle":270,"id":"crossbow"},{"type":"deco","angle":292.5,"x":-100,"ease":"linear","id":"arrow","duration":2,"time":173.25},{"type":"deco","angle":270,"x":350,"id":"arrow","time":173},{"type":"deco","sprite":"crossbow#11#forwards@8","time":176.5,"angle":270,"id":"crossbow"},{"type":"deco","sprite":"crossbow#11","time":177.5,"angle":270,"id":"crossbow"},{"type":"deco","angle":292.5,"x":-100,"ease":"linear","id":"arrow","duration":2,"time":177},{"type":"deco","angle":270,"x":350,"id":"arrow","time":176.75},{"type":"deco","sprite":"knight!slash","time":173.75,"angle":337.5,"id":"knight"},{"type":"deco","sprite":"knight!slash","time":169.75,"angle":337.5,"id":"knight"},{"type":"deco","sprite":"knight!slash","time":177.5,"angle":337.5,"id":"knight"},{"type":"ease","time":23.5,"angle":90,"value":24,"var":"noteRadius"},{"type":"ease","time":25.25,"angle":90,"value":9,"var":"noteRadius"},{"type":"ease","time":43.5,"angle":90,"value":18,"var":"noteRadius"},{"type":"ease","time":44.5,"angle":90,"value":8,"var":"noteRadius"},{"type":"ease","time":67,"angle":112.5,"value":18,"var":"noteRadius"},{"type":"ease","time":68.25,"angle":112.5,"value":9,"var":"noteRadius"},{"type":"ease","time":105.5,"angle":180,"value":24,"var":"noteRadius"},{"type":"ease","time":106.5,"angle":180,"value":9,"var":"noteRadius"},{"type":"ease","time":116.5,"angle":90,"value":18,"var":"noteRadius"}]}