[{"angle":22.5,"type":"block","time":7},{"type":"block","angle":67.5,"time":7.5},{"duration":1,"type":"hold","time":8,"angle":112.5,"angle2":135},{"duration":0.5,"type":"hold","time":9.5,"angle":180,"angle2":202.5},{"duration":0.5,"type":"hold","time":11,"angle":270,"angle2":315},{"type":"block","angle":67.5,"time":12},{"type":"block","angle":157.5,"time":12.5},{"duration":1,"type":"hold","time":13,"angle":225,"angle2":180},{"type":"block","time":13.5,"angle":202.5},{"type":"block","time":15.5,"angle":270},{"type":"block","time":15,"angle":225},{"duration":1.5,"type":"hold","time":16.5,"angle":337.5,"angle2":450},{"type":"block","time":17,"angle":22.5},{"type":"block","angle":67.5,"time":17.5},{"type":"side","angle":90,"time":19},{"type":"side","time":19.5,"angle":180},{"type":"side","time":20,"angle":270},{"type":"side","time":20.5,"angle":360},{"type":"side","angle":90,"time":21},{"duration":1.5,"type":"hold","time":21.5,"angle":180,"angle2":90},{"duration":1,"type":"hold","time":23,"angle":90,"angle2":112.5},{"type":"block","time":23.5,"angle":100},{"duration":1,"type":"hold","time":25,"angle":112.5,"angle2":180},{"type":"block","time":25.5,"angle":147},{"duration":0.5,"type":"hold","time":27,"angle":270,"angle2":360},{"duration":0.5,"type":"hold","time":27.5,"angle":0,"angle2":90},{"duration":0.5,"type":"hold","time":28,"angle":90,"angle2":180},{"duration":0.5,"type":"hold","time":28.5,"angle":180,"angle2":270},{"duration":0.5,"type":"hold","time":29,"angle":270,"angle2":360},{"duration":0.5,"type":"hold","time":29.5,"angle":360,"angle2":360},{"duration":0.5,"type":"hold","time":31,"angle":337.5,"angle2":292.5},{"duration":1.5,"type":"hold","time":32.5,"angle":292.5,"angle2":360},{"type":"block","angle":315,"time":33},{"type":"block","time":33.5,"angle":337.5},{"duration":0.5,"type":"hold","time":35,"angle":0,"angle2":-45},{"duration":0.5,"type":"hold","time":36,"angle":315,"angle2":337.5},{"duration":0.5,"type":"hold","time":37,"angle":337.5,"angle2":315},{"duration":1,"type":"hold","time":38,"angle":315,"angle2":337.5},{"type":"side","angle":90,"time":39.5},{"type":"block","time":41.5,"angle":90},{"type":"block","time":42,"angle":67.5},{"type":"block","angle":45,"time":42.5},{"duration":0.5,"type":"hold","time":43,"angle":22.5,"angle2":0},{"duration":1,"type":"hold","time":45.5,"angle":0,"angle2":45},{"type":"block","time":46,"angle":22.5},{"type":"block","time":47,"angle":67.5},{"type":"block","angle":112.5,"time":47.5},{"type":"block","time":49.5,"angle":112.5},{"type":"block","time":50,"angle":180},{"type":"block","angle":270,"time":50.5},{"duration":0.5,"type":"hold","time":51,"angle":0,"angle2":-45},{"type":"block","angle":270,"time":52},{"type":"block","angle":202.5,"time":52.5},{"type":"block","time":53,"angle":112.5},{"type":"block","time":53.5,"angle":0},{"type":"block","time":54,"angle":292.5},{"duration":0.60000002384186,"type":"hold","time":54.5,"angle":180,"angle2":225},{"type":"extraTap","angle":247.5,"time":56},{"duration":0.5,"type":"hold","time":57.5,"angle":90,"angle2":67.5},{"duration":0.75,"type":"hold","time":58.5,"angle":67.5,"angle2":90},{"type":"block","angle":90,"time":61.5},{"type":"block","time":62,"angle":270},{"type":"block","angle":360,"time":62.5},{"duration":1,"type":"hold","time":63,"angle":360,"angle2":360},{"type":"block","angle":90,"time":65.5},{"duration":0.5,"type":"hold","time":66,"angle":180,"angle2":135},{"duration":0.5,"type":"hold","time":67,"angle":135,"angle2":157.5},{"type":"extraTap","time":68,"angle":157.5},{"type":"extraTap","time":68.5,"angle":157.5},{"type":"extraTap","time":69,"angle":157.5},{"type":"extraTap","time":69.5,"angle":157.5},{"type":"extraTap","time":70,"angle":157.5},{"type":"extraTap","time":70.5,"angle":157.5},{"angle":360,"type":"block","time":68,"tap":true},{"angle":337.5,"type":"block","time":68.5,"tap":true},{"angle":22.5,"type":"block","time":69,"tap":true},{"angle":337.5,"type":"block","time":69.5,"tap":true},{"angle":22.5,"type":"block","time":70,"tap":true},{"type":"extraTap","angle":157.5,"time":71},{"angle":337.5,"type":"block","time":70.5,"tap":true},{"type":"extraTap","angle":157.5,"time":71.5},{"angle":22.5,"type":"block","time":71,"tap":true},{"angle":90,"type":"block","time":71.5,"tap":true},{"duration":1,"angle":180,"startTap":true,"type":"hold","endTap":true,"time":72,"angle2":157.5},{"duration":0.69999998807907,"angle":157.5,"startTap":true,"type":"hold","time":73.5,"endTap":true,"angle2":112.5},{"duration":1,"angle":45,"startTap":true,"type":"hold","endTap":true,"time":75,"angle2":67.5},{"angle":55.5,"type":"block","time":75.5,"tap":true},{"duration":1,"time":76,"endTap":true,"angle":67.5,"type":"hold","angle2":90},{"angle":270,"type":"block","time":77.5,"tap":true},{"angle":270,"type":"block","time":78,"tap":true},{"angle":360,"type":"block","time":79,"tap":true},{"angle":45,"type":"block","time":79.5,"tap":true},{"angle":360,"type":"block","time":80.5,"tap":true},{"duration":0.75,"angle":337.5,"startTap":true,"type":"hold","endTap":true,"time":81,"angle2":337.5},{"type":"block","angle":180,"time":83},{"type":"block","time":83.5,"angle":270},{"type":"block","time":84,"angle":360},{"type":"block","time":84.5,"angle":90},{"type":"block","time":85,"angle":180},{"type":"block","angle":90,"time":85.5},{"type":"block","time":86,"angle":360},{"angle":270,"type":"side","time":87,"tap":true},{"angle":360,"type":"side","time":87.5,"tap":true},{"angle":270,"type":"side","time":88,"tap":true},{"angle":90,"type":"side","time":89,"tap":true},{"angle":180,"type":"side","time":89.5,"tap":true},{"angle":270,"type":"side","time":90,"tap":true},{"type":"block","angle":360,"time":91},{"type":"block","time":91.5,"angle":0},{"type":"block","angle":180,"time":92},{"type":"block","angle":180,"time":92.5},{"type":"block","angle":90,"time":93},{"type":"block","angle":90,"time":93.5},{"type":"block","time":94,"angle":270},{"duration":1.5,"type":"hold","time":95,"angle":360,"angle2":360},{"angle":0,"type":"block","time":95.5,"tap":true},{"duration":1.5,"type":"hold","time":96.5,"angle":0,"angle2":-135},{"angle":315,"type":"block","time":97,"tap":true},{"angle":270,"type":"block","time":97.5,"tap":true},{"duration":0.5,"type":"hold","time":99,"angle":180,"angle2":180},{"duration":0.5,"type":"hold","time":100,"angle":90,"angle2":90},{"duration":0.5,"type":"hold","time":101,"angle":360,"angle2":360},{"duration":1,"type":"hold","time":102,"angle":270,"angle2":270},{"type":"extraTap","angle":270,"time":103.5},{"duration":1,"time":111,"endTap":true,"angle":337.5,"type":"hold","angle2":315},{"duration":1,"time":115,"type":"hold","angle":67.5,"endTap":true,"angle2":90},{"type":"block","time":119.5,"angle":360},{"type":"block","time":120,"angle":22.5},{"type":"block","time":120.5,"angle":337.5},{"type":"block","time":121,"angle":22.5},{"type":"block","angle":337.5,"time":121.5},{"type":"block","time":122,"angle":22.5},{"type":"block","time":122.5,"angle":180},{"type":"block","time":123,"angle":157.5},{"type":"block","angle":202.5,"time":123.5},{"duration":1,"type":"hold","time":124,"angle":157.5,"angle2":180},{"duration":1,"type":"hold","time":125,"angle":180,"angle2":157.5},{"duration":1,"type":"hold","time":126,"angle":157.5,"angle2":270},{"duration":3,"type":"hold","time":128,"angle":270,"angle2":450},{"duration":2,"type":"hold","time":132,"angle":90,"angle2":0},{"type":"block","angle":360,"time":135.5},{"type":"block","time":136,"angle":180},{"type":"side","time":136.5,"angle":270},{"type":"side","time":137,"angle":90},{"type":"block","time":138,"angle":180},{"duration":1,"type":"hold","time":138.5,"angle":135,"angle2":112.5},{"type":"block","time":139,"angle":125},{"duration":1,"type":"hold","time":140,"angle":90,"angle2":45},{"duration":1,"type":"hold","time":142,"angle":45,"angle2":67.5},{"type":"block","angle":22.5,"time":144},{"duration":0.5,"type":"hold","time":144.5,"angle":292.5,"angle2":270},{"type":"block","time":145.5,"angle":247.5},{"type":"block","angle":180,"time":146},{"duration":0.5,"type":"hold","time":146.5,"angle":270,"angle2":292.5},{"duration":0.5,"type":"hold","time":147.5,"angle":0,"angle2":-22.5},{"type":"block","angle":0,"time":159},{"type":"block","time":159.5,"angle":45},{"type":"block","time":160,"angle":90},{"type":"block","time":161,"angle":180},{"type":"block","angle":247.5,"time":161.5},{"type":"side","angle":292.5,"time":162},{"type":"block","angle":0,"time":163},{"type":"block","angle":67.5,"time":163.5},{"type":"block","angle":0,"time":164},{"type":"block","time":164.5,"angle":292.5},{"type":"block","time":165,"angle":247.5},{"type":"block","angle":202.5,"time":165.5},{"type":"block","angle":157.5,"time":166},{"duration":0.5,"type":"hold","time":167,"angle":112.5,"angle2":135},{"duration":0.5,"type":"hold","time":168.5,"angle":180,"angle2":202.5},{"duration":0.5,"type":"hold","time":169,"angle":202.5,"angle2":180},{"duration":0.5,"type":"hold","time":169.5,"angle":180,"angle2":202.5},{"duration":0.5,"type":"hold","time":171,"angle":0,"angle2":-22.5},{"duration":0.5,"type":"hold","time":171.5,"angle":337.5,"angle2":360},{"duration":0.5,"type":"hold","time":172,"angle":0,"angle2":-22.5},{"duration":0.5,"type":"hold","time":172.5,"angle":337.5,"angle2":360},{"duration":1.5,"type":"hold","time":173,"angle":0,"angle2":22.5},{"duration":0.5,"type":"hold","time":175.5,"angle":67.5,"angle2":112.5},{"duration":1,"type":"hold","time":176,"angle":112.5,"angle2":67.5},{"duration":0.5,"type":"hold","time":177.5,"angle":270,"angle2":270},{"type":"block","angle":360,"time":179},{"type":"block","time":179.5,"angle":67.5},{"type":"block","time":180,"angle":292.5},{"type":"block","time":180.5,"angle":67.5},{"type":"block","time":181,"angle":157.5},{"type":"block","time":181.5,"angle":202.5},{"type":"block","time":182,"angle":157.5},{"duration":0.5,"type":"hold","time":183,"angle":270,"angle2":292.5},{"type":"block","angle":0,"time":184.5},{"type":"block","angle":45,"time":185},{"type":"block","angle":225,"time":185.5},{"type":"block","time":186,"angle":225},{"type":"block","time":187,"angle":157.5},{"type":"block","angle":337.5,"time":187.5},{"type":"block","time":188,"angle":90},{"type":"block","time":188.5,"angle":270},{"type":"block","time":189,"angle":45},{"duration":1.5,"type":"hold","time":189.5,"angle":337.5,"angle2":292.5},{"type":"block","time":191.5,"angle":90},{"duration":0.5,"type":"hold","time":193.5,"angle":270,"angle2":292.5},{"duration":0.5,"type":"hold","time":194,"angle":292.5,"angle2":337.5},{"duration":0.5,"type":"hold","time":195,"angle":135,"angle2":157.5},{"duration":0.5,"type":"hold","time":197.5,"angle":0,"angle2":22.5},{"duration":0.5,"type":"hold","time":198.5,"angle":22.5,"angle2":0},{"duration":0.5,"type":"hold","time":199,"angle":0,"angle2":22.5},{"type":"block","time":202,"angle":270},{"duration":0.5,"type":"hold","time":202.5,"angle":225,"angle2":202.5},{"duration":0.5,"type":"hold","time":203,"angle":202.5,"angle2":157.5},{"type":"block","time":204,"angle":22.5},{"duration":0.5,"type":"hold","time":204.5,"angle":337.5,"angle2":315},{"duration":0.5,"type":"hold","time":205.5,"angle":0,"angle2":22.5},{"duration":0.5,"type":"hold","time":206,"angle":22.5,"angle2":112.5},{"duration":0.5,"type":"hold","time":207,"angle":180,"angle2":202.5},{"type":"block","time":209.5,"angle":360},{"type":"block","time":210,"angle":270},{"type":"block","angle":90,"time":210.5},{"type":"block","angle":180,"time":211},{"type":"block","time":211.5,"angle":360},{"type":"block","time":213.5,"angle":0},{"duration":0.5,"type":"hold","time":214,"angle":180,"angle2":180},{"type":"block","angle":270,"time":218},{"type":"block","time":218.5,"angle":360},{"type":"block","angle":90,"time":219},{"angle":180,"type":"block","time":219.5,"tap":true},{"angle":180,"type":"block","time":220,"tap":true},{"duration":0.5,"angle":180,"startTap":true,"type":"hold","endTap":true,"time":220.5,"angle2":180},{"duration":0.5,"angle":0,"startTap":true,"type":"hold","endTap":true,"time":221.5,"angle2":0},{"angle":270,"type":"side","time":223,"tap":true},{"angle":90,"type":"side","time":222.5,"tap":true},{"angle":90,"type":"side","time":223.5,"tap":true},{"type":"block","time":173.5,"angle":7},{"duration":1,"angle":22.5,"startTap":true,"type":"hold","time":224,"endTap":true,"angle2":22.5},{"angle":270,"type":"block","time":225.5,"tap":true},{"angle":180,"type":"block","time":226,"tap":true},{"duration":0.5,"angle":0,"startTap":true,"type":"hold","endTap":true,"time":227,"angle2":0},{"duration":0.5,"angle":270,"startTap":true,"type":"hold","time":229.5,"endTap":true,"angle2":292.5},{"type":"side","angle":180,"time":228},{"type":"side","angle":90,"time":228.5},{"type":"side","time":229,"angle":180},{"type":"block","time":231,"angle":360},{"type":"block","angle":22.5,"time":231.5},{"type":"block","angle":22.5,"time":232.5},{"type":"block","angle":180,"time":233},{"type":"block","time":233.5,"angle":270},{"type":"block","time":234,"angle":90},{"type":"side","angle":90,"time":235},{"type":"side","time":235.5,"angle":22.5},{"type":"side","time":236,"angle":292.5},{"duration":0.5,"type":"hold","time":236.5,"angle":90,"angle2":90},{"duration":0.5,"type":"hold","time":237.5,"angle":270,"angle2":270},{"type":"block","time":239,"angle":270},{"duration":0.5,"type":"hold","time":239.5,"angle":90,"angle2":67.5},{"duration":1,"type":"hold","time":240,"angle":67.5,"angle2":90},{"type":"block","time":241.5,"angle":180},{"type":"block","angle":180,"time":242},{"type":"block","angle":0,"time":243},{"type":"block","angle":0,"time":243.5},{"type":"block","angle":270,"time":244},{"type":"block","time":244.5,"angle":270},{"type":"block","angle":90,"time":245},{"type":"block","time":245.5,"angle":90},{"type":"extraTap","time":246,"angle":90},{"angle":270,"type":"block","time":246,"tap":true},{"type":"block","time":247,"angle":360},{"duration":1,"type":"hold","time":247.5,"angle":180,"angle2":180},{"duration":0.5,"type":"hold","time":248.5,"angle":180,"angle2":157.5},{"duration":0.5,"type":"hold","time":249.5,"angle":247.5,"angle2":180},{"type":"block","angle":360,"time":251},{"type":"block","angle":360,"time":251.5},{"duration":0.5,"type":"hold","time":252,"angle":180,"angle2":180},{"type":"block","time":253,"angle":135},{"type":"block","time":253.5,"angle":315},{"duration":1,"type":"hold","time":254,"angle":45,"angle2":45},{"type":"extraTap","time":255.5,"angle":45},{"angle":315,"type":"block","time":255.5,"tap":true},{"duration":1,"type":"hold","time":263,"angle":270,"angle2":292.5},{"duration":1,"type":"hold","time":267,"angle":90,"angle2":67.5},{"type":"block","angle":180,"time":271.5},{"type":"block","time":272,"angle":157.5},{"type":"block","time":272.5,"angle":135},{"type":"block","angle":112.5,"time":273},{"type":"block","angle":135,"time":273.5},{"type":"block","time":274,"angle":157.5},{"type":"block","time":274.5,"angle":180},{"type":"extraTap","angle":292.5,"time":275},{"type":"extraTap","angle":270,"time":276},{"type":"extraTap","angle":270,"time":277},{"type":"extraTap","angle":270,"time":278},{"angle":270,"type":"block","time":275,"tap":true},{"angle":315,"type":"block","time":276,"tap":true},{"angle":22.5,"type":"block","time":277,"tap":true},{"angle":112.5,"type":"block","time":278,"tap":true},{"duration":1,"type":"hold","time":279,"angle":270,"angle2":247.5},{"duration":1,"type":"hold","time":281,"angle":90,"angle2":67.5},{"duration":1,"type":"hold","time":283,"angle":247.5,"angle2":225},{"duration":1,"type":"hold","time":285,"angle":45,"angle2":22.5},{"angle":360,"type":"block","time":287.5,"tap":true},{"duration":0.5,"angle":337.5,"startTap":true,"type":"hold","time":288,"endTap":true,"angle2":360},{"duration":0.5,"angle":22.5,"startTap":true,"type":"hold","time":289,"endTap":true,"angle2":0},{"type":"block","time":290,"angle":337.5},{"duration":0.5,"type":"hold","time":290.5,"angle":90,"angle2":90},{"type":"block","time":291.5,"angle":22.5},{"type":"block","time":292,"angle":22.5},{"angle":292.5,"type":"block","time":293,"tap":true},{"angle":135,"type":"block","time":294,"tap":true},{"angle":225,"type":"block","time":295,"tap":true},{"type":"extraTap","angle":270,"time":293},{"type":"extraTap","angle":112.5,"time":294},{"type":"extraTap","angle":202.5,"time":295},{"duration":0.5,"type":"hold","time":296,"angle":292.5,"angle2":315},{"duration":0.5,"type":"hold","time":297,"angle":22.5,"angle2":45},{"type":"block","angle":135,"time":298},{"type":"block","angle":225,"time":298.5},{"duration":1,"type":"hold","time":299,"angle":315,"angle2":337.5},{"type":"block","angle":327,"time":299.5},{"duration":0.5,"type":"hold","time":304,"angle":22.5,"angle2":45},{"type":"block","time":305,"angle":135},{"duration":0.5,"angle":225,"startTap":true,"type":"hold","endTap":true,"time":306,"angle2":247.5},{"angle":270,"type":"block","time":307,"tap":true},{"type":"block","time":308,"angle":22.5},{"type":"block","time":308.5,"angle":67.5},{"type":"block","time":309,"angle":135},{"duration":0.5,"angle":202.5,"startTap":true,"type":"hold","endTap":true,"time":309.5,"angle2":225},{"duration":0.5,"angle":247.5,"startTap":true,"type":"hold","endTap":true,"time":310.5,"angle2":292.5},{"duration":0.5,"type":"hold","time":312,"angle":337.5,"angle2":337.5},{"type":"block","time":313,"angle":22.5},{"type":"block","angle":90,"time":313.5},{"type":"block","time":314,"angle":135},{"type":"block","angle":157.5,"time":314.5},{"type":"block","time":315,"angle":202.5},{"type":"block","angle":247.5,"time":315.5},{"type":"block","time":316,"angle":292.5},{"type":"block","time":316.5,"angle":337.5},{"type":"block","time":317,"angle":292.5},{"type":"block","angle":225,"time":317.5},{"duration":1,"type":"hold","time":318,"angle":202.5,"angle2":180},{"type":"block","time":320,"angle":90},{"type":"block","angle":67.5,"time":320.5},{"type":"block","angle":112.5,"time":321},{"type":"block","angle":135,"time":321.5},{"type":"extraTap","time":322,"angle":112.5},{"type":"extraTap","time":323,"angle":112.5},{"angle":67.5,"type":"block","time":322,"tap":true},{"angle":247.5,"type":"block","time":323,"tap":true},{"type":"block","angle":315,"time":324},{"type":"block","time":324.5,"angle":22.5},{"type":"block","angle":67.5,"time":325},{"type":"block","angle":22.5,"time":325.5},{"angle":337.5,"type":"block","time":326,"tap":true},{"type":"extraTap","time":326,"angle":315},{"angle":337.5,"type":"block","time":327,"tap":true},{"type":"extraTap","time":327,"angle":315},{"type":"side","time":326.5,"angle":22.5},{"type":"block","angle":337.5,"time":328},{"type":"block","angle":337.5,"time":328.5},{"type":"block","angle":22.5,"time":329},{"type":"block","time":330,"angle":45},{"angle":135,"type":"block","time":331,"tap":true},{"type":"extraTap","time":331,"angle":157.5},{"angle":67.5,"type":"block","time":331.5,"tap":true},{"duration":0.5,"angle":337.5,"startTap":true,"type":"hold","endTap":true,"time":332,"angle2":315},{"angle":270,"type":"block","time":333,"tap":true},{"duration":1.5,"angle":225,"startTap":true,"type":"hold","time":333.5,"endTap":true,"angle2":180},{"type":"block","angle":157.5,"time":336},{"type":"block","angle":135,"time":336.25},{"type":"block","angle":67.5,"time":336.5},{"type":"block","angle":45,"time":337},{"type":"block","time":337.5,"angle":270},{"duration":0.5,"type":"hold","time":338,"angle":315,"angle2":337.5},{"duration":0.5,"type":"hold","time":338.5,"angle":337.5,"angle2":315},{"duration":0.5,"type":"hold","time":339,"angle":315,"angle2":337.5},{"type":"block","angle":90,"time":340},{"type":"block","time":340.5,"angle":135},{"type":"block","angle":135,"time":340.55999755859},{"type":"block","time":341,"angle":135},{"type":"block","angle":135,"time":341.05999755859},{"type":"block","angle":247.5,"time":341.5},{"duration":0.5,"type":"hold","time":342,"angle":292.5,"angle2":315},{"duration":0.5,"type":"hold","time":342.5,"angle":315,"angle2":292.5},{"duration":0.5,"type":"hold","time":343,"angle":292.5,"angle2":315},{"angle":360,"type":"block","time":344},{"time":344.19000244141,"type":"block","angle":22.5},{"angle":45,"type":"block","time":344.29998779297},{"time":344.60000610352,"type":"block","angle":67.5},{"duration":0.5,"type":"hold","time":345,"angle":90,"angle2":67.5},{"duration":0.5,"type":"hold","time":346,"angle":45,"angle2":22.5},{"angle":0,"type":"block","time":346.5},{"time":346.79998779297,"type":"block","angle":337.5},{"time":347,"type":"block","angle":337.5},{"angle":337.5,"type":"block","time":347.20001220703},{"angle":270,"type":"block","time":348},{"angle":260,"type":"block","time":348.10000610352},{"angle":255,"type":"block","time":348.29998779297},{"angle":247.5,"time":348.5,"type":"block"},{"angle":225,"time":348.79998779297,"type":"block"},{"time":348.79998779297,"angle":225,"type":"block"},{"angle":225,"time":349,"type":"block"},{"time":349.20001220703,"angle":202.5,"type":"block"},{"angle":202.5,"time":349.5,"type":"block"},{"angle":180,"time":349.70001220703,"type":"block"},{"time":349.89999389648,"angle":157.5,"type":"block"},{"time":350,"angle":135,"type":"block"},{"angle":112.5,"time":350.20001220703,"type":"block"},{"angle":112.5,"time":350.5,"type":"block"},{"time":350.79998779297,"angle":112.5,"type":"block"},{"time":351,"angle":90,"type":"block"},{"angle":67.5,"time":351.20001220703,"type":"block"},{"time":351.39999389648,"angle":45,"type":"block"},{"angle":360,"time":352,"type":"block"},{"angle":22.5,"time":352.20001220703,"type":"block"},{"angle":45,"time":352.39999389648,"type":"block"},{"time":352.60000610352,"angle":67.5,"type":"block"},{"time":352.79998779297,"angle":90,"type":"block"},{"angle":112.5,"time":353,"type":"block"},{"angle":135,"time":353.20001220703,"type":"block"},{"time":353.39999389648,"angle":157.5,"type":"block"},{"time":354,"angle":157.5,"type":"block"},{"time":354.5,"type":"hold","duration":0.5,"angle":135,"angle2":180},{"type":"block","angle":270,"time":355.5},{"type":"block","angle":292.5,"time":355.70001220703},{"type":"block","time":355.89999389648,"angle":315},{"type":"block","time":356,"angle":337.5},{"duration":0.25,"type":"hold","time":356.5,"angle":337.5,"angle2":360},{"type":"block","angle":0,"time":357},{"type":"block","time":357.5,"angle":22.5},{"type":"block","angle":360,"time":357.70001220703},{"duration":1,"type":"hold","time":358,"angle":337.5,"angle2":315},{"type":"block","angle":325,"time":358.5},{"type":"block","angle":90,"time":359.5},{"type":"block","angle":112.5,"time":360},{"type":"block","time":360.5,"angle":90},{"duration":1,"type":"hold","time":361,"angle":112.5,"angle2":67.5},{"type":"block","time":361.5,"angle":90},{"type":"block","angle":45,"time":362.5},{"type":"block","time":363,"angle":337.5},{"duration":0.5,"type":"hold","time":363.5,"angle":225,"angle2":270},{"angle":292.5,"type":"block","time":366.5,"tap":true},{"angle":315,"type":"block","time":367,"tap":true},{"time":367.75,"angle":337.5,"startTap":true,"type":"hold","duration":1,"endTap":true,"angle2":360},{"duration":0.5,"angle":22.5,"startTap":true,"type":"hold","endTap":true,"time":369.5,"angle2":0},{"duration":1,"type":"hold","time":371,"angle":247.5,"angle2":225},{"type":"block","time":371.5,"angle":225},{"type":"block","angle":210,"time":372.5},{"type":"block","angle":240,"time":373},{"duration":0.5,"type":"hold","time":373.5,"angle":270,"angle2":300},{"type":"block","time":375,"angle":240},{"type":"block","angle":210,"time":375.5},{"duration":1,"type":"hold","time":376.5,"angle":180,"angle2":150},{"duration":1,"type":"hold","time":378.5,"angle":30,"angle2":0},{"time":379.5,"type":"hold","duration":3,"angle":360,"angle2":450},{"time":383,"type":"hold","duration":0.5,"angle":120,"angle2":150},{"time":384,"angle":210,"type":"block"},{"time":385,"type":"hold","duration":1,"angle":240,"angle2":210},{"time":386.5,"type":"hold","duration":1,"angle":270,"angle2":300},{"time":387.5,"type":"hold","duration":2,"angle":300,"angle2":300},{"time":391,"type":"hold","duration":0.5,"angle":90,"angle2":60},{"time":392,"angle":90,"type":"block"},{"time":393,"type":"hold","duration":1,"angle":30,"angle2":0},{"time":394.5,"type":"hold","duration":1.5,"angle":30,"angle2":60},{"angle":60,"time":395,"type":"side"},{"angle":30,"time":395.5,"type":"side"},{"time":396,"angle":90,"type":"side"},{"angle":30,"time":396.5,"type":"side"},{"angle":90,"time":397,"type":"side"},{"angle":30,"time":397.5,"type":"side"},{"angle":90,"time":398,"type":"side"},{"time":398.5,"angle":30,"type":"side"},{"time":399.5,"angle":60,"type":"extraTap"},{"type":"block","time":215,"angle":270},{"type":"block","time":215.5,"angle":292.5}]