{"properties":{"speed":70,"startBeat":0,"formatversion":12,"offset":8},"events":[{"bpm":120,"file":"Music.ogg","type":"play","volume":1,"time":0,"angle":0},{"time":404.5,"angle":360,"type":"showResults"},{"time":0,"type":"outline","color":1,"enable":true,"angle":315},{"time":0,"type":"setColor","color":1,"angle":45}],"metadata":{"bgData":{"redChannel":{"b":0,"g":0,"r":255},"blueChannel":{"b":255,"g":0,"r":0},"greenChannel":{"b":255,"g":255,"r":255},"yellowChannel":{"b":255,"g":255,"r":255},"magentaChannel":{"b":255,"g":255,"r":255},"cyanChannel":{"b":255,"g":255,"r":255},"image":""},"artist":"JF Voice","bg":true,"charter":"PurpleeeGuyyy","songName":"There are flowers behind you","description":"Graze the roof remix + text","difficulty":3,"artistLink":""}}