{"events":[{"type":"play","file":"Bloody_stream_TV.wav","bpm":132,"angle":90,"time":0,"volume":1},{"paddle":2,"time":49,"duration":0,"type":"paddles","angle":315,"enabled":true,"newAngle":180,"ease":"linear"},{"paddle":2,"ease":"linear","time":51,"type":"paddles","enabled":false,"angle":67.5,"duration":0},{"tag":"tag1","angle":0,"time":118.75,"angleOffset":false,"type":"tag"},{"tag":"tag1","angle":180,"time":122.75,"angleOffset":true,"type":"tag"},{"paddle":1,"ease":"linear","time":126,"type":"paddles","newWidth":40,"angle":270,"duration":0},{"paddle":1,"ease":"linear","time":133,"type":"paddles","newWidth":70,"angle":270,"duration":0},{"tag":"tag1","angle":112.5,"time":134.75,"angleOffset":false,"type":"tag"},{"tag":"tag1","angle":270,"time":150.75,"angleOffset":true,"type":"tag"},{"tag":"tag1","angle":90,"time":154.75,"angleOffset":true,"type":"tag"},{"paddle":2,"ease":"linear","time":166,"type":"paddles","enabled":true,"angle":360,"duration":0},{"paddle":2,"ease":"linear","time":180,"type":"paddles","enabled":false,"angle":90,"duration":0},{"type":"showResults","angle":0,"time":201},{"type":"setBgColor","angle":45,"time":-1.0833333730698,"color":0},{"color":1,"g":29,"r":140,"time":-1.0833332538605,"b":99,"angle":67.5,"type":"setColor"},{"type":"outline","enable":true,"time":-1.0833333333333,"angle":112.5,"color":2},{"color":0,"g":0,"r":0,"time":-1.0833332538605,"b":0,"angle":90,"type":"setColor"},{"color":2,"g":245,"r":90,"time":-1.0833332538605,"b":255,"angle":135,"type":"setColor"},{"color":0,"g":0,"r":0,"time":-1.0833333730698,"b":0,"angle":180,"type":"setColor"},{"type":"setColor","angle":225,"time":-1.0833333333333,"color":0},{"color":0,"angle":202.5,"time":-1.0833333730698,"type":"setColor"},{"color":1,"g":255,"r":255,"time":120,"b":255,"angle":180,"type":"setColor"},{"time":120.0625,"r":140,"duration":0.0625,"type":"setColor","g":29,"angle":180,"b":99,"color":1,"ease":"inSine"},{"color":1,"g":255,"r":255,"time":120.125,"b":255,"angle":180,"type":"setColor"},{"time":120.1875,"r":140,"duration":0.125,"type":"setColor","g":29,"angle":180,"b":99,"color":1,"ease":"linear"},{"color":1,"g":255,"r":255,"time":120.75,"b":255,"angle":180,"type":"setColor"},{"time":120.875,"r":140,"duration":0.0625,"type":"setColor","g":29,"angle":180,"b":99,"color":2,"ease":"linear"},{"color":1,"g":255,"r":255,"time":124,"b":255,"angle":202.5,"type":"setColor"},{"time":124.0625,"r":90,"duration":0.0625,"type":"setColor","g":245,"angle":202.5,"b":255,"color":1,"ease":"linear"},{"color":1,"g":255,"r":255,"time":124.125,"b":255,"angle":202.5,"type":"setColor"},{"time":124.1875,"r":90,"duration":0.125,"type":"setColor","g":245,"angle":202.5,"b":255,"color":1,"ease":"linear"},{"color":1,"g":255,"r":255,"time":124.75,"b":255,"angle":202.5,"type":"setColor"},{"time":124.875,"r":140,"duration":0.125,"type":"setColor","g":29,"angle":202.5,"b":99,"color":1,"ease":"linear"},{"color":1,"g":255,"r":255,"time":136,"b":255,"angle":180,"type":"setColor"},{"time":136.0625,"r":140,"duration":0.0625,"type":"setColor","g":29,"angle":180,"b":99,"color":1,"ease":"linear"},{"color":1,"g":255,"r":255,"time":136.125,"b":255,"angle":180,"type":"setColor"},{"time":136.1875,"r":140,"duration":0.125,"type":"setColor","g":29,"angle":180,"b":99,"color":1,"ease":"linear"},{"color":1,"g":255,"r":255,"time":136.75,"b":255,"angle":180,"type":"setColor"},{"time":136.875,"r":140,"duration":0.125,"type":"setColor","g":29,"angle":180,"b":99,"color":2,"ease":"linear"},{"color":1,"g":255,"r":255,"time":140,"b":255,"angle":180,"type":"setColor"},{"time":140.0625,"r":90,"duration":0.0625,"type":"setColor","g":245,"angle":180,"b":255,"color":1,"ease":"linear"},{"color":1,"g":255,"r":255,"time":140.125,"b":255,"angle":180,"type":"setColor"},{"time":140.1875,"r":90,"duration":0.125,"type":"setColor","g":245,"angle":180,"b":255,"color":1,"ease":"linear"},{"color":1,"g":255,"r":255,"time":140.75,"b":255,"angle":180,"type":"setColor"},{"time":140.875,"r":140,"duration":0.125,"type":"setColor","g":29,"angle":180,"b":99,"color":1,"ease":"linear"},{"time":149.375,"r":255,"duration":0.0625,"type":"setColor","g":255,"angle":180,"b":255,"color":1,"ease":"inSine"},{"time":150,"r":140,"duration":0.5,"type":"setColor","g":29,"angle":180,"b":99,"color":1,"ease":"linear"},{"color":1,"g":255,"r":255,"time":156,"b":255,"angle":67.5,"type":"setColor"},{"time":156.0625,"r":90,"duration":0.0625,"type":"setColor","g":245,"angle":67.5,"b":255,"color":1,"ease":"linear"},{"color":1,"g":255,"r":255,"time":156.125,"b":255,"angle":67.5,"type":"setColor"},{"time":156.1875,"r":90,"duration":0.125,"type":"setColor","g":245,"angle":67.5,"b":255,"color":1,"ease":"linear"},{"color":1,"g":255,"r":255,"time":156.75,"b":255,"angle":67.5,"type":"setColor"},{"time":156.875,"r":140,"duration":0.125,"type":"setColor","g":29,"angle":67.5,"b":99,"color":1,"ease":"linear"},{"color":1,"g":245,"r":90,"time":120.875,"b":255,"angle":202.5,"type":"setColor"},{"color":2,"g":245,"r":90,"time":124.875,"b":255,"angle":180,"type":"setColor"},{"color":1,"g":245,"r":90,"time":136.875,"b":255,"angle":157.5,"type":"setColor"},{"color":2,"g":245,"r":90,"time":140.875,"b":255,"angle":157.5,"type":"setColor"},{"color":1,"g":255,"r":255,"time":152,"b":255,"angle":135,"type":"setColor"},{"time":152.0625,"r":140,"duration":0.0625,"type":"setColor","g":29,"angle":135,"b":99,"color":1,"ease":"inSine"},{"color":1,"g":255,"r":255,"time":152.125,"b":255,"angle":135,"type":"setColor"},{"time":152.1875,"r":140,"duration":0.125,"type":"setColor","g":29,"angle":135,"b":99,"color":1,"ease":"linear"},{"color":1,"g":255,"r":255,"time":152.75,"b":255,"angle":135,"type":"setColor"},{"time":152.875,"r":140,"duration":0.0625,"type":"setColor","g":29,"angle":135,"b":99,"color":2,"ease":"linear"},{"color":1,"g":245,"r":90,"time":152.875,"b":255,"angle":157.5,"type":"setColor"},{"color":2,"g":245,"r":90,"time":156.875,"b":255,"angle":90,"type":"setColor"},{"color":0,"g":157,"r":96,"time":107,"b":74,"angle":315,"type":"setColor"},{"time":107.33333587646,"r":0,"duration":1,"type":"setColor","g":0,"angle":315,"b":0,"color":0,"ease":"linear"},{"color":0,"g":67,"r":152,"time":108,"b":67,"angle":315,"type":"setColor"},{"time":108.33333587646,"r":0,"duration":1,"type":"setColor","g":0,"angle":315,"b":0,"color":0,"ease":"linear"},{"color":0,"g":197,"r":197,"time":109,"b":61,"angle":315,"type":"setColor"},{"time":109.33333587646,"r":0,"duration":1,"type":"setColor","g":0,"angle":315,"b":0,"color":0,"ease":"linear"},{"color":0,"g":0,"r":210,"time":110,"b":255,"angle":315,"type":"setColor"},{"time":110.33333587646,"r":0,"duration":1,"type":"setColor","g":0,"angle":315,"b":0,"color":0,"ease":"linear"},{"color":0,"g":142,"r":70,"time":110.66666412354,"b":146,"angle":315,"type":"setColor"},{"time":111.00000254313,"r":0,"duration":1,"type":"setColor","g":0,"angle":315,"b":0,"color":0,"ease":"linear"},{"color":0,"g":103,"r":140,"time":3,"b":0,"angle":112.5,"type":"setColor"},{"time":3.25,"r":0,"duration":1,"type":"setColor","g":0,"angle":112.5,"b":0,"color":0,"ease":"inOutSine"},{"color":0,"g":0,"r":131,"time":7,"b":93,"angle":112.5,"type":"setColor"},{"time":7.5,"r":0,"duration":1,"type":"setColor","g":0,"angle":112.5,"b":0,"color":0,"ease":"inOutSine"},{"time":11,"r":232,"duration":0,"type":"setColor","g":255,"angle":45,"b":34,"color":0,"ease":"inOutSine"},{"time":9,"r":64,"duration":0,"type":"setColor","g":190,"angle":45,"b":43,"color":0,"ease":"inOutSine"},{"time":14.5,"r":250,"duration":2.5,"type":"setColor","g":90,"angle":292.5,"b":255,"color":0,"ease":"outElastic"},{"color":0,"g":0,"r":0,"time":19,"b":0,"angle":202.5,"type":"setColor"},{"type":"hom","enable":true,"time":27,"angle":337.5},{"time":25,"r":116,"duration":1.5,"type":"setColor","g":0,"angle":360,"b":152,"color":0,"ease":"inOutSine"},{"time":27,"r":169,"duration":2,"type":"setColor","g":0,"angle":360,"b":86,"color":0,"ease":"inOutSine"},{"color":1,"angle":315,"time":27,"chance":0.8999999165535,"type":"noise"},{"time":31,"r":0,"duration":4,"type":"setColor","g":107,"angle":360,"b":137,"color":0,"ease":"inOutSine"},{"start":0.89999997615814,"time":29,"var":"vfx.bgNoise","duration":3,"type":"ease","value":0,"angle":270,"ease":"inOutQuad"},{"type":"hom","enable":false,"time":31,"angle":225},{"color":1,"g":207,"r":114,"time":39,"b":100,"angle":315,"type":"setColor"},{"color":0,"g":0,"r":60,"time":39,"b":0,"angle":337.5,"type":"setColor"},{"color":1,"angle":247.5,"time":31,"chance":0,"type":"noise"},{"time":44,"r":165,"duration":1,"type":"setColor","g":0,"angle":45,"b":123,"color":1,"ease":"inOutSine"},{"time":44,"r":0,"duration":1,"type":"setColor","g":0,"angle":67.5,"b":0,"color":0,"ease":"inOutSine"},{"time":47,"r":106,"duration":0.0625,"type":"setColor","g":106,"angle":157.5,"b":106,"color":0,"ease":"inQuad"},{"time":47.25,"r":0,"duration":0.25,"type":"setColor","g":0,"angle":157.5,"b":0,"color":0,"ease":"inOutSine"},{"time":47.75,"r":117,"duration":0.0625,"type":"setColor","g":57,"angle":157.5,"b":162,"color":0,"ease":"inQuad"},{"time":48,"r":0,"duration":0.25,"type":"setColor","g":0,"angle":157.5,"b":0,"color":0,"ease":"inOutSine"},{"time":48.5,"r":56,"duration":1.25,"type":"setColor","g":155,"angle":157.5,"b":185,"color":0,"ease":"inQuad"},{"time":49.75,"r":192,"duration":1,"type":"setColor","g":129,"angle":157.5,"b":232,"color":0,"ease":"inOutSine"},{"time":56.75,"r":69,"duration":1,"type":"setColor","g":157,"angle":315,"b":197,"color":1,"ease":"inOutCubic"},{"time":56.75,"r":234,"duration":1,"type":"setColor","g":234,"angle":292.5,"b":101,"color":0,"ease":"inOutCubic"},{"time":56.75,"r":94,"duration":1,"type":"setColor","g":93,"angle":337.5,"b":24,"color":2,"ease":"inOutCubic"},{"time":59,"r":0,"duration":1,"type":"setColor","g":59,"angle":315,"b":13,"color":0,"ease":"inOutCubic"},{"time":59,"r":0,"duration":1,"type":"setColor","g":124,"angle":292.5,"b":47,"color":2,"ease":"inOutCubic"},{"time":59,"r":217,"duration":1,"type":"setColor","g":134,"angle":337.5,"b":231,"color":1,"ease":"inOutCubic"},{"time":79,"r":210,"duration":1,"type":"setColor","g":103,"angle":315,"b":255,"color":1,"ease":"inOutCubic"},{"time":79,"r":89,"duration":1,"type":"setColor","g":0,"angle":292.5,"b":99,"color":0,"ease":"inOutCubic"},{"time":79,"r":109,"duration":1,"type":"setColor","g":0,"angle":337.5,"b":206,"color":2,"ease":"inOutCubic"},{"time":91,"r":20,"duration":3,"type":"setColor","g":0,"angle":337.5,"b":41,"color":0,"ease":"outQuart"},{"time":94.75,"r":206,"duration":0.25,"type":"setColor","g":51,"angle":315,"b":51,"color":2,"ease":"inOutSine"},{"time":99,"r":0,"duration":1,"type":"setColor","g":0,"angle":135,"b":0,"color":0,"ease":"linear"},{"time":126,"r":8,"duration":0.5,"type":"setColor","g":255,"angle":247.5,"b":120,"color":0,"ease":"inSine"},{"time":126,"r":0,"duration":0.5,"type":"setColor","g":96,"angle":225,"b":41,"color":1,"ease":"inQuad"},{"time":126,"r":192,"duration":1,"type":"setColor","g":104,"angle":202.5,"b":25,"color":0,"ease":"inOutSine"},{"color":1,"g":29,"r":140,"time":132.91666674614,"b":99,"angle":67.5,"type":"setColor"},{"color":0,"g":0,"r":0,"time":132.91666666667,"b":0,"angle":90,"type":"setColor"},{"color":2,"g":245,"r":90,"time":133,"b":255,"angle":135,"type":"setColor"},{"time":147,"r":134,"duration":0.5,"type":"setColor","g":12,"angle":112.5,"b":12,"color":0,"ease":"outCirc"},{"time":147.5,"r":0,"duration":0.25,"type":"setColor","g":0,"angle":112.5,"b":0,"color":0,"ease":"outSine"},{"time":147.75,"r":164,"duration":0.5,"type":"setColor","g":30,"angle":112.5,"b":65,"color":0,"ease":"outCirc"},{"time":148.25,"r":0,"duration":0.25,"type":"setColor","g":0,"angle":112.5,"b":0,"color":0,"ease":"outSine"},{"time":148.75,"r":160,"duration":0.5,"type":"setColor","g":26,"angle":112.5,"b":86,"color":0,"ease":"outCirc"},{"time":149.25,"r":0,"duration":0.25,"type":"setColor","g":0,"angle":112.5,"b":0,"color":0,"ease":"outSine"},{"type":"ease","value":120,"ease":"inOutSine","time":46.5,"angle":202.5,"var":"p.y","duration":0.75},{"type":"ease","value":240,"ease":"inOutSine","time":47.25,"angle":202.5,"var":"p.y","duration":0.75},{"type":"ease","value":180,"ease":"inOutSine","time":47.75,"angle":202.5,"var":"p.y","duration":0.75},{"type":"ease","value":240,"angle":180,"time":48,"ease":"inOutSine","var":"p.x","duration":0.75},{"type":"ease","value":300,"ease":"inOutSine","time":48.75,"angle":180,"var":"p.x","duration":1},{"drawLayer":"bg","id":"1","sx":3,"time":10,"type":"deco","sprite":"BallSheet@fps","angle":22.5,"sy":3,"x":0,"recolor":7,"y":0,"order":0},{"type":"deco","sprite":"BallSheet@fps","angle":22.5,"time":12,"hide":true,"id":"1","order":0},{"type":"setColor","g":159,"r":157,"time":11,"b":61,"angle":67.5,"color":7},{"type":"setColor","g":154,"r":56,"time":-1,"b":54,"angle":157.5,"color":7},{"type":"hom","enable":true,"time":167,"angle":135},{"type":"noise","angle":112.5,"time":167,"chance":0.40000000596046,"color":0},{"type":"forcePlayerSprite","angle":337.5,"time":174,"spriteName":""}],"properties":{"speed":75,"startBeat":0,"loadBeat":-1,"formatversion":12,"offset":8},"metadata":{"artist":"Coda","charter":"RedBread","artistLink":"https://open.spotify.com/artist/2xcKG6XtsW4NV5zMXWuL6n","bg":true,"songName":"Bloody Stream","description":"JoJo part 2 OP","bgData":{"blueChannel":{"b":105,"g":36,"r":34},"greenChannel":{"b":39,"g":79,"r":54},"yellowChannel":{"b":137,"g":218,"r":255},"magentaChannel":{"b":22,"g":47,"r":79},"cyanChannel":{"b":202,"g":121,"r":104},"image":"jojoBS.png","redChannel":{"b":31,"g":36,"r":184}},"difficulty":0}}