[{"type":"deco","sprite":"battlefight.png","time":0,"angle":315,"id":"bg"},{"type":"setColor","color":3,"b":0,"r":255,"angle":292.5,"g":0,"time":0},{"type":"deco","id":"dmg","time":1.5,"x":300,"ox":6,"oy":5,"y":180,"sx":3,"sy":3,"angle":292.5,"sprite":"dmg2.png"},{"type":"deco","duration":1,"hide":false,"id":"dmg","y":160,"ease":"outSine","order":1,"angle":315,"time":1.5},{"type":"deco","y":180,"duration":1,"ease":"inSine","angle":315,"id":"dmg","time":2.5},{"type":"deco","time":4.5,"hide":true,"id":"dmg","angle":315},{"type":"deco","sprite":"battle2.png","angle":292.5,"id":"bg","time":4.5},{"type":"setColor","color":3,"b":0,"angle":270,"r":255,"g":255,"time":4.5},{"type":"tag","tag":"tap","time":1.5,"angle":337.5,"angleOffset":false},{"type":"tag","tag":"shake","time":1.5,"angle":0,"angleOffset":false}]