[{"angle":90,"time":0.25,"type":"block"},{"angle":90,"time":0.75,"type":"block"},{"angle":90,"time":1.25,"type":"block"},{"angle":90,"time":1.5,"type":"block"},{"angle":67.5,"time":0.25,"type":"block"},{"angle":67.5,"time":0.75,"type":"block"},{"angle":67.5,"time":1.25,"type":"block"},{"angle":67.5,"time":1.5,"type":"block"},{"angle":112.5,"time":0.25,"type":"block"},{"angle":112.5,"time":0.75,"type":"block"},{"angle":112.5,"time":1.25,"type":"block"},{"angle":112.5,"time":1.5,"type":"block"},{"type":"extraTap","angle":135,"time":1.25,"speedMult":3},{"type":"extraTap","angle":135,"time":1.5,"speedMult":3},{"type":"mine","angle":270,"time":0.25,"speedMult":2},{"type":"mine","angle":225,"time":0.25,"speedMult":2},{"type":"mine","angle":315,"time":0.25,"speedMult":2},{"type":"mine","angle":315,"time":0.75,"speedMult":2},{"type":"mine","angle":292.5,"time":0.75,"speedMult":2},{"type":"mine","angle":270,"time":0.75,"speedMult":2},{"type":"mine","angle":247.5,"time":0.75,"speedMult":2},{"type":"mine","angle":225,"time":0.75,"speedMult":2},{"type":"mine","angle":225,"time":1.25,"speedMult":2},{"type":"mine","angle":247.5,"time":1.25,"speedMult":2},{"type":"mine","angle":270,"time":1.25,"speedMult":2},{"type":"mine","angle":292.5,"time":1.25,"speedMult":2},{"type":"mine","angle":315,"time":1.25,"speedMult":2},{"time":0.25,"angle":360,"type":"mine","speedMult":2},{"type":"mine","angle":292.5,"time":0.25,"speedMult":2},{"type":"mine","angle":247.5,"time":0.25,"speedMult":2},{"type":"mine","angle":0,"time":1.25,"speedMult":2},{"type":"mine","angle":0,"time":0.75,"speedMult":2},{"type":"mine","angle":337.5,"time":0.25,"speedMult":2},{"type":"mine","angle":337.5,"time":0.75,"speedMult":2},{"type":"mine","angle":337.5,"time":1.25,"speedMult":2},{"type":"mine","angle":22.5,"time":0.75,"speedMult":2},{"type":"mine","angle":22.5,"time":1.25,"speedMult":2},{"type":"mine","angle":202.5,"time":0.25,"speedMult":2},{"type":"mine","angle":202.5,"time":0.75,"speedMult":2},{"type":"mine","angle":202.5,"time":1.25,"speedMult":2},{"type":"mine","angle":180,"time":1.25,"speedMult":2},{"type":"mine","angle":180,"time":0.75,"speedMult":2},{"type":"mine","angle":180,"time":0.25,"speedMult":2},{"type":"mine","angle":157.5,"time":0.25,"speedMult":2},{"type":"mine","angle":157.5,"time":1.25,"speedMult":2},{"type":"mine","angle":157.5,"time":0.75,"speedMult":2},{"time":0.25,"angle":22.5,"type":"mine","speedMult":2}]