[{"time":30.5,"endTap":true,"angle2":360,"angle":0,"type":"hold","duration":1.5},{"time":36,"tap":true,"angle":45,"type":"block"},{"time":38,"tap":true,"angle":202.5,"type":"block"},{"duration":1.5,"time":30.5,"angle":180,"type":"mineHold","angle2":540},{"time":40,"tap":true,"angle":315,"type":"block"},{"duration":1,"time":41,"angle":360,"type":"hold","angle2":427.5},{"duration":1,"time":42,"angle":67.5,"type":"hold","angle2":0},{"duration":1,"time":43,"angle":0,"type":"hold","angle2":-45},{"duration":1,"time":44,"angle":315,"type":"hold","angle2":360},{"duration":1,"time":45,"angle":0,"type":"hold","angle2":45},{"duration":1,"time":46,"angle":45,"type":"hold","angle2":0},{"time":48,"type":"extraTap","angle":0},{"time":52,"type":"extraTap","angle":360},{"time":56,"type":"extraTap","angle":360},{"time":64,"angle":360,"speedMult":2,"type":"block"},{"time":68,"tap":true,"angle":360,"speedMult":1,"type":"block"},{"time":70,"angle":90,"speedMult":5,"type":"block"},{"time":73,"angle":157.5,"speedMult":5,"type":"block"},{"time":74,"angle":180,"speedMult":5,"type":"block"},{"time":75,"type":"side","angle":247.5},{"time":76,"type":"side","angle":67.5},{"time":77,"type":"side","angle":337.5},{"time":78,"type":"side","angle":202.5},{"time":79,"type":"side","angle":90},{"duration":1,"time":80,"angle":0,"type":"hold","angle2":0},{"duration":1,"time":81,"angle":0,"type":"hold","angle2":-45},{"duration":1,"time":81.5,"angle":315,"type":"hold","angle2":337.5},{"duration":1,"time":82,"angle":337.5,"type":"hold","angle2":315},{"duration":1,"time":82.5,"angle":303.75,"type":"hold","angle2":337.5},{"time":85,"tap":true,"angle":180,"speedMult":0.5,"type":"block"},{"time":72,"type":"extraTap","angle":180},{"duration":6,"time":88,"angle":270,"type":"mineHold","angle2":270},{"duration":6,"time":88,"angle":292.5,"type":"mineHold","angle2":292.5},{"duration":6,"time":88,"angle":337.5,"type":"mineHold","angle2":337.5},{"duration":6,"time":88,"angle":360,"type":"mineHold","angle2":360},{"duration":6,"time":88,"angle":22.5,"type":"mineHold","angle2":22.5},{"duration":6,"time":88,"angle":67.5,"type":"mineHold","angle2":67.5},{"time":86,"type":"block","angle":225},{"time":87,"type":"block","angle":157.5},{"time":88,"type":"extraTap","angle":180},{"time":89,"angle":202.5,"speedMult":1.2999999523163,"type":"side"},{"time":90,"angle":157.5,"speedMult":1.2999999523163,"type":"side"},{"time":91,"type":"side","angle":202.5},{"time":92,"type":"side","angle":157.5},{"time":93,"type":"side","angle":202.5},{"time":95,"type":"side","angle":202.5},{"time":94,"type":"side","angle":157.5},{"time":96,"type":"extraTap","angle":180},{"duration":6,"time":96,"angle":337.5,"type":"mineHold","angle2":517.5},{"duration":6,"time":96,"angle":0,"type":"mineHold","angle2":180},{"duration":6,"time":96,"angle":22.5,"type":"mineHold","angle2":202.5},{"duration":6,"time":96,"angle":67.5,"type":"mineHold","angle2":247.5},{"duration":6,"time":96,"angle":90,"type":"mineHold","angle2":270},{"duration":6,"time":96,"angle":292.5,"type":"mineHold","angle2":472.5},{"duration":6,"time":96,"angle":270,"type":"mineHold","angle2":450},{"duration":6,"time":88,"angle":90,"type":"mineHold","angle2":90},{"duration":6,"time":96,"angle":247.5,"type":"mineHold","angle2":427.5},{"duration":6,"time":96,"angle":112.5,"type":"mineHold","angle2":292.5},{"time":103,"type":"block","angle":337.5},{"time":104,"type":"block","angle":22.5},{"time":102,"type":"extraTap","angle":360},{"time":106,"angle":225,"speedMult":5,"type":"block"},{"time":109,"angle":270,"speedMult":3,"type":"block"},{"time":110,"angle":360,"speedMult":3,"type":"block"},{"time":111,"angle":90,"speedMult":3,"type":"block"},{"time":109.5,"angle":315,"speedMult":1.5,"type":"inverse"},{"time":110.5,"angle":45,"speedMult":1.5,"type":"inverse"},{"time":114,"angle":270,"speedMult":5,"type":"block"},{"time":114,"type":"extraTap","angle":180},{"time":35,"angle":0,"speedMult":2,"type":"inverse"},{"time":42.5,"type":"inverse","angle":22.5},{"time":35.333332061768,"angle":22.5,"speedMult":2,"type":"inverse"},{"time":35.666667938232,"angle":45,"speedMult":2,"type":"inverse"},{"time":45.5,"type":"inverse","angle":22.5},{"time":37,"type":"side","angle":135},{"time":117,"type":"side","angle":360},{"time":118,"type":"side","angle":225},{"time":119,"angle":112.5,"speedMult":1.5,"type":"side"},{"time":117.5,"type":"inverse","angle":67.5},{"duration":2,"time":120,"angle":180,"type":"hold","angle2":67.5},{"time":124,"type":"extraTap","angle":180},{"duration":2,"time":122,"angle":-292.5,"type":"hold","angle2":0},{"time":121,"type":"extraTap","angle":180},{"time":122,"type":"extraTap","angle":180},{"time":129,"angle":360,"speedMult":0.30000001192093,"type":"block"},{"time":128,"angle":180,"speedMult":5,"type":"block"},{"time":130,"type":"block","angle":270},{"time":131,"type":"block","angle":90},{"time":132,"type":"block","angle":225},{"time":133,"type":"block","angle":45},{"time":134,"type":"block","angle":135},{"time":135,"type":"block","angle":315},{"time":136,"tap":true,"angle":180,"speedMult":0.30000001192093,"type":"block"},{"time":140,"angle":337.5,"speedMult":1.1799999475479,"type":"side"},{"time":140,"angle":0,"speedMult":1.1799999475479,"type":"side"},{"time":140,"angle":22.5,"speedMult":1.1799999475479,"type":"side"},{"time":140,"type":"extraTap","angle":180},{"time":127,"type":"extraTap","angle":67.5},{"duration":2,"time":144,"angle":337.5,"type":"hold","angle2":427.5},{"duration":2,"time":144,"angle":22.5,"type":"hold","angle2":112.5},{"time":144,"type":"mine","angle":315},{"time":144,"type":"mine","angle":270},{"time":144,"type":"mine","angle":225},{"time":144,"type":"mine","angle":180},{"time":144,"type":"mine","angle":135},{"time":144,"type":"mine","angle":90},{"time":144,"type":"mine","angle":45},{"time":146,"type":"mine","angle":0},{"time":146,"type":"mine","angle":225},{"time":146,"type":"mine","angle":270},{"time":146,"type":"mine","angle":315},{"time":146,"type":"mine","angle":180},{"time":146,"type":"mine","angle":135},{"time":146,"type":"mine","angle":45},{"time":148,"type":"inverse","angle":270},{"time":150,"type":"inverse","angle":45},{"time":152,"tap":true,"angle":180,"type":"inverse"},{"time":149,"type":"side","angle":112.5},{"time":154,"type":"extraTap","angle":180},{"time":155,"type":"extraTap","angle":180},{"time":156,"type":"extraTap","angle":180},{"time":178,"angle":247.5,"speedMult":2,"type":"mine"},{"time":178,"angle":270,"speedMult":2,"type":"mine"},{"time":178,"angle":292.5,"speedMult":2,"type":"mine"},{"time":178,"angle":67.5,"speedMult":2,"type":"mine"},{"time":178,"angle":90,"speedMult":2,"type":"mine"},{"time":178,"angle":112.5,"speedMult":2,"type":"mine"},{"time":179,"angle":135,"speedMult":0.5,"type":"mine"},{"time":179,"angle":157.5,"speedMult":0.5,"type":"mine"},{"time":179,"angle":180,"speedMult":0.5,"type":"mine"},{"time":179,"angle":202.5,"speedMult":0.5,"type":"mine"},{"time":179,"angle":225,"speedMult":0.5,"type":"mine"},{"time":179,"angle":315,"speedMult":0.5,"type":"mine"},{"time":179,"angle":337.5,"speedMult":0.5,"type":"mine"},{"time":179,"angle":0,"speedMult":0.5,"type":"mine"},{"time":179,"angle":22.5,"speedMult":0.5,"type":"mine"},{"time":179,"angle":45,"speedMult":0.5,"type":"mine"},{"duration":4,"time":180,"angle":292.5,"type":"mineHold","angle2":112},{"duration":4,"time":180,"angle":315,"type":"mineHold","angle2":135},{"duration":4,"time":180,"angle":337.5,"type":"mineHold","angle2":157.5},{"duration":4,"time":180,"angle":360,"type":"mineHold","angle2":180},{"duration":4,"time":180,"angle":22.5,"type":"mineHold","angle2":-157.5},{"duration":4,"time":180,"angle":45,"type":"mineHold","angle2":-135},{"duration":4,"time":180,"angle":67.5,"type":"mineHold","angle2":-112.5},{"duration":4,"time":180,"angle":90,"type":"mineHold","angle2":-90},{"duration":4,"time":180,"angle":112.5,"type":"mineHold","angle2":-67.5},{"duration":4,"time":180,"angle":135,"type":"mineHold","angle2":-45},{"duration":4,"time":180,"angle":157.5,"type":"mineHold","angle2":-22.5},{"duration":4,"time":180,"angle":180,"type":"mineHold","angle2":0},{"duration":4,"time":180,"angle":202.5,"type":"mineHold","angle2":22},{"duration":4,"time":180,"angle":225,"type":"mineHold","angle2":45},{"duration":4,"time":180,"angle":247.5,"type":"mineHold","angle2":67},{"time":180.5,"type":"block","angle":247.5},{"time":181.5,"tap":true,"angle":202.5,"type":"block"},{"time":182,"type":"block","angle":180},{"time":181,"type":"block","angle":225},{"time":181.25,"type":"block","angle":213.75},{"time":180.75,"type":"block","angle":236.25},{"time":181.75,"type":"block","angle":191.25},{"time":182.25,"type":"block","angle":168.75},{"time":182.5,"tap":true,"angle":157.5,"type":"block"},{"time":182.75,"type":"block","angle":146.25},{"time":183,"type":"block","angle":135},{"time":183.25,"type":"block","angle":123.75},{"time":183.5,"type":"block","angle":112.5},{"time":183.75,"type":"block","angle":101.25},{"time":184,"tap":true,"angle":90,"type":"block"},{"time":180.25,"type":"block","angle":258.75},{"time":180,"tap":true,"angle":270,"type":"block"},{"time":176,"type":"extraTap","angle":360},{"time":177.5,"type":"extraTap","angle":0},{"time":179,"type":"extraTap","angle":0},{"time":185.5,"type":"extraTap","angle":0},{"time":187,"type":"extraTap","angle":360},{"time":188,"type":"extraTap","angle":0},{"time":185.5,"type":"mine","angle":270},{"time":185.5,"type":"mine","angle":90},{"time":185.5,"type":"mine","angle":45},{"time":185.5,"type":"mine","angle":225},{"time":185.5,"type":"mine","angle":315},{"time":185.5,"type":"mine","angle":0},{"time":185.5,"type":"mine","angle":135},{"time":187,"type":"mine","angle":202.5},{"time":187,"type":"mine","angle":292.5},{"time":187,"type":"mine","angle":337.5},{"time":187,"type":"mine","angle":22.5},{"time":187,"type":"mine","angle":67.5},{"time":187,"type":"mine","angle":112.5},{"time":187,"type":"mine","angle":157.5},{"time":188,"type":"mine","angle":78.75},{"time":188,"type":"mine","angle":348.75},{"time":188,"type":"mine","angle":123.75},{"time":188,"type":"mine","angle":168.75},{"time":188,"type":"mine","angle":213.75},{"time":188,"type":"mine","angle":258.75},{"time":188,"type":"mine","angle":303.75},{"time":185.5,"type":"block","angle":180},{"time":187,"type":"block","angle":247.5},{"time":188,"type":"block","angle":33.75},{"time":190,"type":"inverse","angle":11.25},{"time":190.5,"type":"inverse","angle":360},{"time":191,"type":"inverse","angle":348.75},{"time":191.5,"type":"inverse","angle":337.5},{"time":193.5,"type":"mine","angle":210},{"time":193.5,"type":"mine","angle":165},{"time":193.5,"type":"mine","angle":75},{"time":193.5,"type":"mine","angle":30},{"time":192,"type":"extraTap","angle":15},{"time":193.5,"type":"extraTap","angle":15},{"time":193.5,"type":"mine","angle":120},{"time":192,"type":"mine","angle":30},{"time":192,"type":"mine","angle":60},{"time":192,"type":"mine","angle":90},{"time":192,"type":"mine","angle":120},{"time":192,"type":"mine","angle":150},{"time":192,"type":"mine","angle":180},{"time":192,"type":"mine","angle":210},{"time":192,"type":"mine","angle":240},{"time":192,"type":"mine","angle":270},{"time":192,"type":"mine","angle":300},{"time":195,"type":"extraTap","angle":15},{"time":196,"type":"extraTap","angle":15},{"time":195,"type":"mine","angle":202.5},{"time":195,"type":"mine","angle":292.5},{"time":195,"type":"mine","angle":168.75},{"time":195,"type":"mine","angle":101.25},{"time":195,"type":"mine","angle":67.5},{"time":195,"type":"mine","angle":33.75},{"time":195,"type":"mine","angle":0},{"time":195,"type":"mine","angle":326.25},{"time":195,"type":"mine","angle":135},{"time":195,"type":"mine","angle":258.75},{"time":196,"type":"mine","angle":67.5},{"time":196,"type":"mine","angle":90},{"time":196,"type":"mine","angle":45},{"time":196,"type":"mine","angle":22.5},{"time":196,"type":"mine","angle":360},{"time":196,"type":"mine","angle":337.5},{"time":196,"type":"mine","angle":315},{"time":196,"type":"mine","angle":292.5},{"time":196,"type":"mine","angle":270},{"time":196,"type":"mine","angle":247.5},{"time":196,"type":"mine","angle":225},{"time":196,"type":"mine","angle":202.5},{"time":196,"type":"mine","angle":180},{"time":196,"type":"mine","angle":157.5},{"time":196,"type":"mine","angle":135},{"time":197.5,"angle":360,"speedMult":0.5,"type":"side"},{"time":198.5,"type":"block","angle":270},{"time":200,"type":"block","angle":90},{"time":208,"angle":315,"speedMult":5,"type":"block"},{"time":210,"angle":90,"speedMult":5,"type":"block"},{"time":212,"angle":202.5,"speedMult":5,"type":"block"},{"time":214,"angle":67.5,"speedMult":5,"type":"block"},{"time":220,"type":"side","angle":270},{"time":221,"type":"side","angle":90},{"time":222,"type":"side","angle":270},{"time":223,"type":"side","angle":90},{"time":220.5,"type":"side","angle":180},{"time":221.5,"type":"side","angle":360},{"time":222.5,"type":"side","angle":180},{"time":224,"tap":true,"angle":337.5,"speedMult":2,"type":"block"},{"time":224,"angle":315,"speedMult":2,"type":"block"},{"time":224,"tap":true,"angle":292.5,"speedMult":2,"type":"block"},{"time":225.5,"angle":360,"speedMult":2,"type":"block"},{"time":225.5,"tap":true,"angle":337.5,"speedMult":2,"type":"block"},{"time":225.5,"tap":true,"angle":22.5,"speedMult":2,"type":"block"},{"time":227,"angle":112.5,"speedMult":2,"type":"block"},{"time":227,"tap":true,"angle":90,"speedMult":2,"type":"block"},{"time":227,"tap":true,"angle":135,"speedMult":2,"type":"block"},{"time":228,"tap":true,"angle":270,"speedMult":2,"type":"block"},{"time":228,"angle":247.5,"speedMult":2,"type":"block"},{"time":228,"tap":true,"angle":225,"speedMult":2,"type":"block"},{"time":229.5,"tap":true,"angle":135,"speedMult":1.5,"type":"side"},{"time":230.5,"angle":135,"speedMult":1.5,"type":"side"},{"time":232,"type":"extraTap","angle":180},{"time":236,"type":"inverse","angle":360},{"time":236.5,"type":"inverse","angle":22.5},{"time":237,"type":"inverse","angle":45},{"time":237.5,"type":"inverse","angle":67.5},{"time":238,"type":"inverse","angle":90},{"time":238.5,"type":"inverse","angle":112.5},{"time":239,"type":"inverse","angle":135},{"time":239.5,"type":"inverse","angle":157.5},{"time":235.5,"type":"inverse","angle":337.5},{"time":235,"type":"inverse","angle":315},{"time":234.5,"type":"inverse","angle":292.5},{"time":234,"type":"inverse","angle":270},{"duration":1,"time":240,"angle":180,"type":"hold","angle2":270},{"duration":1,"time":241,"angle":270,"type":"hold","angle2":135},{"time":242,"endTap":true,"angle2":315,"angle":135,"type":"hold","duration":1},{"duration":1,"time":243,"angle":675,"type":"hold","angle2":450},{"time":244,"duration":1,"angle":90,"angle2":157.5,"type":"hold","startTap":true},{"time":245,"endTap":true,"angle2":90,"angle":157.5,"type":"hold","duration":1},{"time":246,"endTap":true,"angle2":180,"angle":90,"type":"hold","duration":1},{"time":247,"endTap":true,"angle2":315,"angle":180,"type":"hold","duration":1},{"duration":0.5,"time":248,"angle":315,"type":"hold","angle2":270},{"duration":0.5,"time":248.5,"angle":270,"type":"hold","angle2":315},{"time":249,"duration":0.5,"angle":315,"angle2":292.5,"type":"hold","startTap":true},{"duration":0.5,"time":249.5,"angle":292.5,"type":"hold","angle2":360},{"time":250,"duration":0.5,"angle":360,"angle2":337.5,"type":"hold","startTap":true},{"duration":0.5,"time":250.5,"angle":337.5,"type":"hold","angle2":427.5},{"time":251,"duration":0.5,"angle":67.5,"angle2":22.5,"type":"hold","startTap":true},{"duration":0.5,"time":251.5,"angle":22.5,"type":"hold","angle2":90},{"time":252,"duration":0.5,"angle":90,"angle2":67.5,"type":"hold","startTap":true},{"duration":0.5,"time":252.5,"angle":67.5,"type":"hold","angle2":157.5},{"time":254,"angle":180,"speedMult":2,"type":"block"},{"time":254.5,"angle":202.5,"speedMult":2,"type":"block"},{"time":255,"angle":225,"speedMult":2,"type":"block"},{"time":255.5,"tap":true,"angle":247.5,"speedMult":2,"type":"block"},{"time":256.5,"angle":180,"speedMult":2,"type":"extraTap"},{"time":259,"angle":45,"speedMult":2,"type":"block"},{"time":260.5,"tap":true,"angle":45,"speedMult":2,"type":"block"},{"time":259.5,"angle":315,"speedMult":2,"type":"block"},{"time":263,"type":"extraTap","angle":202.5},{"time":263.5,"angle":270,"speedMult":2,"type":"side"},{"time":265,"type":"extraTap","angle":360},{"time":267,"type":"extraTap","angle":0},{"time":269,"type":"extraTap","angle":360},{"time":271,"type":"extraTap","angle":360},{"time":274,"type":"block","angle":315},{"time":274.5,"angle":315,"speedMult":2,"type":"inverse"},{"time":275,"type":"block","angle":45},{"time":275.5,"angle":45,"speedMult":2,"type":"inverse"},{"time":278,"type":"block","angle":180},{"time":278.5,"angle":225,"speedMult":2,"type":"inverse"},{"time":279.5,"angle":0,"speedMult":2,"type":"side"},{"time":281,"type":"extraTap","angle":360},{"time":279,"type":"block","angle":270},{"time":286,"angle":315,"speedMult":2,"type":"block"},{"time":286.5,"angle":45,"speedMult":2,"type":"block"},{"time":287.5,"angle":225,"speedMult":2,"type":"block"},{"time":287,"angle":135,"speedMult":2,"type":"block"},{"time":290.5,"type":"mine","angle":315},{"time":290.5,"type":"mine","angle":360},{"time":290.5,"type":"mine","angle":45},{"time":290.5,"type":"mine","angle":90},{"time":290.5,"type":"mine","angle":135},{"time":290.5,"type":"mine","angle":180},{"time":290.5,"type":"mine","angle":225},{"time":290,"angle":270,"speedMult":2,"type":"block"},{"time":290.5,"type":"extraTap","angle":270},{"time":291.5,"type":"side","angle":90},{"time":293.5,"angle":180,"speedMult":1.5,"type":"block"},{"time":294,"angle":135,"speedMult":1.5,"type":"block"},{"time":294.5,"angle":90,"speedMult":1.5,"type":"block"},{"time":295,"angle":45,"speedMult":1.5,"type":"block"},{"time":295.5,"speedMult":2.5,"angle":0,"angle2":0,"type":"hold","duration":8.5},{"time":302,"type":"extraTap","angle":22.5},{"time":302.5,"type":"extraTap","angle":22.5},{"time":303,"type":"extraTap","angle":22.5},{"time":303.5,"type":"extraTap","angle":22.5},{"time":304,"speedMult":2.5,"angle":360,"angle2":427.5,"type":"hold","duration":2},{"time":306,"speedMult":2.5,"angle":67.5,"angle2":-67.5,"type":"hold","duration":2},{"time":308,"speedMult":2.5,"angle":292.5,"angle2":90,"type":"hold","duration":2},{"time":310,"speedMult":2.5,"angle":90,"angle2":315,"type":"hold","duration":2},{"time":312,"speedMult":2.5,"angle":315,"angle2":495,"type":"hold","duration":2},{"time":314,"speedMult":2.5,"angle":135,"angle2":22.5,"type":"hold","duration":2},{"time":316,"speedMult":2.5,"angle":22.5,"angle2":-202.5,"type":"hold","duration":2},{"time":318,"speedMult":2.5,"angle":157.5,"angle2":247.5,"type":"hold","duration":2},{"time":320,"speedMult":2.5,"angle":247.5,"angle2":180,"type":"hold","duration":5},{"time":325,"speedMult":2.5,"angle":180,"angle2":270,"type":"hold","duration":1},{"time":326,"speedMult":2.5,"angle":270,"angle2":157.5,"type":"hold","duration":1},{"time":327,"speedMult":2.5,"angle":157.5,"angle2":45,"type":"hold","duration":1},{"time":328,"speedMult":2.5,"angle":45,"angle2":-22.5,"type":"hold","duration":3},{"time":331,"speedMult":2.5,"angle":337.5,"angle2":427.5,"type":"hold","duration":1},{"time":332,"speedMult":2.5,"angle":67.5,"angle2":-45,"type":"hold","duration":2},{"time":334,"speedMult":2.5,"angle":315,"angle2":180,"type":"hold","duration":2},{"time":336,"speedMult":2.5,"angle":180,"angle2":135,"type":"hold","duration":2},{"time":338,"speedMult":2.5,"angle":135,"angle2":247.5,"type":"hold","duration":2},{"time":340,"speedMult":2.5,"angle":247.5,"angle2":405,"type":"hold","duration":2},{"time":342,"speedMult":2.5,"angle":45,"angle2":-67.5,"type":"hold","duration":2},{"time":344,"speedMult":2.5,"angle":292.5,"angle2":405,"type":"hold","duration":2},{"time":346,"speedMult":2.5,"angle":45,"angle2":45,"type":"hold","duration":2},{"time":348,"speedMult":2.5,"angle":45,"angle2":247.5,"type":"hold","duration":2},{"time":350,"speedMult":2.5,"angle":247.5,"angle2":315,"type":"hold","duration":2},{"time":352,"speedMult":2.5,"angle":315,"angle2":270,"type":"hold","duration":2},{"time":354,"speedMult":2.5,"angle":270,"angle2":405,"type":"hold","duration":2},{"time":356,"speedMult":2.5,"angle":45,"angle2":-112.5,"type":"hold","duration":2},{"time":358,"speedMult":2.5,"angle":247.5,"angle2":472.5,"type":"hold","duration":2},{"time":360,"speedMult":2.5,"angle":112.5,"angle2":360,"type":"hold","duration":2},{"time":364,"type":"extraTap","angle":360},{"time":368,"speedMult":3,"angle":45,"angle2":45,"type":"hold","duration":3},{"time":368,"speedMult":3,"angle":315,"angle2":315,"type":"hold","duration":3},{"time":371,"speedMult":3,"angle":315,"angle2":292.5,"type":"hold","duration":0.5},{"time":371,"speedMult":3,"angle":45,"angle2":22.5,"type":"hold","duration":0.5},{"time":371.5,"speedMult":3,"angle":22.5,"angle2":67.5,"type":"hold","duration":0.5},{"time":371.5,"speedMult":3,"angle":292.5,"angle2":337.5,"type":"hold","duration":0.5},{"time":372,"speedMult":3,"angle":337.5,"angle2":495,"type":"hold","duration":2},{"time":372,"speedMult":3,"angle":67.5,"angle2":225,"type":"hold","duration":2},{"time":374,"speedMult":3,"angle":225,"angle2":202.5,"type":"hold","duration":1},{"time":374,"speedMult":3,"angle":135,"angle2":112.5,"type":"hold","duration":1},{"time":375,"speedMult":3,"angle":112.5,"angle2":202.5,"type":"hold","duration":1},{"time":375,"speedMult":3,"angle":202.5,"angle2":270,"type":"hold","duration":1},{"time":376,"speedMult":3,"angle":202.5,"angle2":315,"type":"hold","duration":1.5},{"time":376,"speedMult":3,"angle":270,"angle2":405,"type":"hold","duration":1.5},{"time":377.5,"speedMult":3,"angle":315,"angle2":292.5,"type":"hold","duration":1.5},{"time":377.5,"speedMult":3,"angle":45,"angle2":22.5,"type":"hold","duration":1.5},{"time":379,"speedMult":3,"angle":22.5,"angle2":22.5,"type":"hold","duration":1},{"time":380,"speedMult":3,"angle":22.5,"angle2":202.5,"type":"hold","duration":2},{"time":379,"speedMult":3,"angle":292.5,"angle2":292.5,"type":"hold","duration":1},{"time":380,"speedMult":3,"angle":292.5,"angle2":472.5,"type":"hold","duration":2},{"time":382,"speedMult":3,"angle":202.5,"angle2":157.5,"type":"hold","duration":1},{"time":382,"speedMult":3,"angle":112.5,"angle2":67.5,"type":"hold","duration":1},{"time":383,"speedMult":3,"angle":67.5,"angle2":135,"type":"hold","duration":1},{"time":383,"speedMult":3,"angle":157.5,"angle2":225,"type":"hold","duration":1},{"time":384,"speedMult":3,"angle":225,"angle2":360,"type":"hold","duration":3},{"time":384,"speedMult":3,"angle":135,"angle2":292.5,"type":"hold","duration":3},{"time":387,"speedMult":3,"angle":0,"angle2":-67.5,"type":"hold","duration":0.5},{"time":387,"speedMult":3,"angle":292.5,"angle2":225,"type":"hold","duration":0.5},{"time":387.5,"speedMult":3,"angle":292.5,"angle2":292.5,"type":"hold","duration":0.5},{"time":387.5,"speedMult":3,"angle":225,"angle2":225,"type":"hold","duration":0.5},{"time":388,"speedMult":3,"angle":292.5,"angle2":450,"type":"hold","duration":3},{"time":388,"speedMult":3,"angle":225,"angle2":360,"type":"hold","duration":3},{"time":391,"speedMult":3,"angle":0,"angle2":-67.5,"type":"hold","duration":1},{"time":391,"speedMult":3,"angle":90,"angle2":22.5,"type":"hold","duration":1},{"time":392,"speedMult":3,"angle":22.5,"angle2":45,"type":"hold","duration":3},{"time":392,"speedMult":3,"angle":292.5,"angle2":315,"type":"hold","duration":3},{"time":395,"speedMult":3,"angle":45,"angle2":90,"type":"hold","duration":0.5},{"time":395,"speedMult":3,"angle":315,"angle2":360,"type":"hold","duration":0.5},{"time":395.5,"speedMult":3,"angle":360,"angle2":337.5,"type":"hold","duration":0.5},{"time":396,"speedMult":3,"angle":337.5,"angle2":405,"type":"hold","duration":2},{"time":395.5,"speedMult":3,"angle":90,"angle2":67.5,"type":"hold","duration":0.5},{"time":396,"speedMult":3,"angle":67.5,"angle2":135,"type":"hold","duration":2},{"time":398,"speedMult":3,"angle":45,"angle2":0,"type":"hold","duration":2},{"time":398,"speedMult":3,"angle":135,"angle2":0,"type":"hold","duration":2},{"time":400,"speedMult":3,"angle":0,"angle2":0,"type":"hold","duration":4},{"time":404,"type":"extraTap","angle":360},{"time":408,"type":"extraTap","angle":0},{"time":412,"type":"extraTap","angle":0},{"time":416,"type":"extraTap","angle":0},{"time":336,"angle":0,"speedMult":2.5,"type":"extraTap"},{"time":344,"angle":0,"speedMult":2.5,"type":"extraTap"},{"time":346,"angle":360,"speedMult":2.5,"type":"extraTap"},{"time":348,"angle":0,"speedMult":2.5,"type":"extraTap"},{"time":340,"angle":0,"speedMult":2.5,"type":"extraTap"},{"time":350,"angle":0,"speedMult":2.5,"type":"extraTap"},{"time":352,"angle":0,"speedMult":2.5,"type":"extraTap"},{"time":354,"angle":0,"speedMult":2.5,"type":"extraTap"},{"time":356,"angle":360,"speedMult":2.5,"type":"extraTap"},{"time":358,"angle":0,"speedMult":2.5,"type":"extraTap"},{"time":360,"angle":360,"speedMult":2.5,"type":"extraTap"},{"time":361,"angle":360,"speedMult":2.5,"type":"extraTap"},{"time":362,"angle":0,"speedMult":2.5,"type":"extraTap"},{"time":363,"angle":0,"speedMult":2.5,"type":"extraTap"},{"time":528,"angle":360,"speedMult":0.64999997615814,"type":"block"},{"time":530,"type":"side","angle":135},{"time":532,"type":"mine","angle":225},{"time":544,"type":"extraTap","angle":360},{"time":546,"type":"extraTap","angle":0},{"time":548,"type":"extraTap","angle":0},{"time":550,"type":"extraTap","angle":0},{"time":552,"type":"extraTap","angle":360},{"time":556,"angle":180,"speedMult":1,"type":"side"},{"time":557,"angle":270,"speedMult":2,"type":"side"},{"time":556.5,"angle":225,"speedMult":2,"type":"side"},{"time":557.5,"angle":315,"speedMult":2,"type":"side"},{"time":558,"angle":0,"speedMult":2,"type":"side"},{"time":560,"type":"extraTap","angle":0},{"time":560.5,"type":"extraTap","angle":360},{"time":561,"type":"extraTap","angle":0},{"time":562,"angle":360,"speedMult":3.5,"type":"block"},{"time":564,"angle":45,"speedMult":3.5,"type":"block"},{"time":566,"angle":180,"speedMult":2,"type":"side"},{"time":567,"angle":270,"speedMult":1.5,"type":"mine"},{"time":568.5,"angle":22.5,"speedMult":2,"type":"mine"},{"time":570,"angle":315,"speedMult":3,"type":"mine"},{"time":568,"angle":225,"speedMult":3.5,"type":"block"},{"time":568.5,"angle":90,"speedMult":2.2999999523163,"type":"side"},{"time":570.5,"angle":180,"speedMult":3,"type":"side"},{"time":571.5,"angle":292.5,"speedMult":3.5,"type":"block"},{"time":573,"angle":0,"speedMult":4,"type":"block"},{"time":574,"angle":180,"speedMult":1.5,"type":"side"},{"time":573.66668701172,"angle":90,"speedMult":2.5,"type":"mine"},{"time":575,"tap":true,"angle":360,"speedMult":0.80000001192093,"type":"block"},{"time":576,"speedMult":1.5,"angle":292.5,"angle2":292.5,"type":"mineHold","duration":8},{"time":576,"speedMult":1.5,"angle":67.5,"angle2":67.5,"type":"mineHold","duration":8},{"time":576,"speedMult":1.5,"angle":180,"angle2":180,"type":"mineHold","duration":8},{"time":576,"speedMult":2,"angle":0,"angle2":-18.25,"type":"hold","duration":1.9999997615814},{"time":578,"speedMult":2,"angle":341.5,"angle2":382.5,"type":"hold","duration":1.9999997615814},{"time":580,"speedMult":2,"angle":22.5,"angle2":0,"type":"hold","duration":1.9999997615814},{"time":577,"angle":236.25,"speedMult":2.5,"type":"side"},{"time":579,"angle":236.25,"speedMult":2.5,"type":"side"},{"time":578,"angle":146.25,"speedMult":2,"type":"mine"},{"time":580,"angle":101.25,"speedMult":3,"type":"mine"},{"time":582,"angle":33.75,"speedMult":1,"type":"extraTap"},{"time":584,"tap":true,"angle":0,"speedMult":0.5,"type":"block"},{"time":582,"angle":146.25,"speedMult":2,"type":"mine"},{"time":584,"tap":true,"angle":236.25,"speedMult":1,"type":"side"},{"time":600,"type":"extraTap","angle":360},{"time":601,"angle":270,"speedMult":3,"type":"mine"},{"time":601,"angle":135,"speedMult":3,"type":"mine"},{"time":601,"angle":90,"speedMult":3,"type":"mine"},{"time":601,"angle":180,"speedMult":3,"type":"mine"},{"time":601,"angle":225,"speedMult":3,"type":"mine"},{"time":602,"angle":360,"speedMult":3,"type":"mine"},{"time":602,"angle":45,"speedMult":3,"type":"mine"},{"time":602,"angle":90,"speedMult":3,"type":"mine"},{"time":602,"angle":135,"speedMult":3,"type":"mine"},{"time":602,"angle":180,"speedMult":3,"type":"mine"},{"time":603,"angle":225,"speedMult":3,"type":"mine"},{"time":603,"angle":45,"speedMult":3,"type":"mine"},{"time":603,"angle":360,"speedMult":3,"type":"mine"},{"time":603,"angle":315,"speedMult":3,"type":"mine"},{"time":603,"angle":270,"speedMult":3,"type":"mine"},{"time":604,"angle":112.5,"speedMult":4,"type":"mine"},{"time":605,"angle":202.5,"speedMult":4,"type":"mine"},{"time":605.5,"angle":247.5,"speedMult":4,"type":"mine"},{"time":606,"angle":292.5,"speedMult":4,"type":"mine"},{"time":606.5,"angle":337.5,"speedMult":4,"type":"mine"},{"time":607,"angle":22.5,"speedMult":4,"type":"mine"},{"time":607.5,"angle":67.5,"speedMult":4,"type":"mine"},{"time":608,"angle":112.5,"speedMult":4,"type":"mine"},{"time":606.25,"angle":315,"speedMult":4,"type":"mine"},{"time":605.75,"angle":270,"speedMult":4,"type":"mine"},{"time":605.25,"angle":225,"speedMult":4,"type":"mine"},{"time":604.75,"angle":180,"speedMult":4,"type":"mine"},{"time":604.25,"angle":135,"speedMult":4,"type":"mine"},{"time":606.75,"angle":0,"speedMult":4,"type":"mine"},{"time":607.25,"angle":45,"speedMult":4,"type":"mine"},{"time":607.75,"angle":90,"speedMult":4,"type":"mine"},{"time":604,"angle":292.5,"speedMult":4,"type":"mine"},{"time":604.25,"angle":315,"speedMult":4,"type":"mine"},{"time":604.5,"angle":337.5,"speedMult":4,"type":"mine"},{"time":604.75,"angle":360,"speedMult":4,"type":"mine"},{"time":605,"angle":22.5,"speedMult":4,"type":"mine"},{"time":605.25,"angle":45,"speedMult":4,"type":"mine"},{"time":605.5,"angle":67.5,"speedMult":4,"type":"mine"},{"time":605.75,"angle":90,"speedMult":4,"type":"mine"},{"time":606,"angle":112.5,"speedMult":4,"type":"mine"},{"time":606.25,"angle":135,"speedMult":4,"type":"mine"},{"time":606.5,"angle":157.5,"speedMult":4,"type":"mine"},{"time":606.75,"angle":180,"speedMult":4,"type":"mine"},{"time":607,"angle":202.5,"speedMult":4,"type":"mine"},{"time":607.25,"angle":225,"speedMult":4,"type":"mine"},{"time":607.5,"angle":247.5,"speedMult":4,"type":"mine"},{"time":607.75,"angle":270,"speedMult":4,"type":"mine"},{"time":608,"angle":292.5,"speedMult":4,"type":"mine"},{"time":604.5,"angle":157.5,"speedMult":4,"type":"mine"},{"time":609,"speedMult":5,"angle":292.5,"angle2":472.5,"type":"mineHold","duration":2},{"time":609,"speedMult":5,"angle":67.5,"angle2":247.5,"type":"mineHold","duration":2},{"time":609,"speedMult":5,"angle":180,"angle2":360,"type":"mineHold","duration":2},{"time":609,"speedMult":5,"angle":247.5,"angle2":427.5,"type":"mineHold","duration":2},{"time":609,"speedMult":5,"angle":112.5,"angle2":292.5,"type":"mineHold","duration":2},{"time":609,"angle":360,"speedMult":0.5,"type":"block"},{"time":611,"speedMult":5,"angle":292.5,"angle2":157.5,"type":"mineHold","duration":1},{"time":611,"speedMult":5,"angle":0,"angle2":-135,"type":"mineHold","duration":1},{"time":611,"speedMult":5,"angle":67.5,"angle2":-67.5,"type":"mineHold","duration":1},{"time":611,"speedMult":5,"angle":112.5,"angle2":-22.5,"type":"mineHold","duration":1},{"time":611,"speedMult":5,"angle":247.5,"angle2":112.5,"type":"mineHold","duration":1},{"time":612,"speedMult":5,"angle":337.5,"angle2":562.5,"type":"mineHold","duration":2},{"time":612,"speedMult":5,"angle":292.5,"angle2":517.5,"type":"mineHold","duration":2},{"time":612,"speedMult":5,"angle":225,"angle2":450,"type":"mineHold","duration":2},{"time":612,"speedMult":5,"angle":157.5,"angle2":382.5,"type":"mineHold","duration":2},{"time":612,"speedMult":5,"angle":112.5,"angle2":337.5,"type":"mineHold","duration":2},{"time":615,"angle":292.5,"speedMult":3,"type":"mine"},{"time":615,"angle":247.5,"speedMult":3,"type":"mine"},{"time":615,"angle":202.5,"speedMult":3,"type":"mine"},{"time":615,"angle":157.5,"speedMult":3,"type":"mine"},{"time":615,"angle":112.5,"speedMult":3,"type":"mine"},{"time":615,"angle":67.5,"speedMult":3,"type":"mine"},{"time":616,"angle":360,"speedMult":0.80000001192093,"type":"mine"},{"time":617,"angle":247.5,"speedMult":4,"type":"mine"},{"time":617,"angle":67.5,"speedMult":4,"type":"mine"},{"time":618,"angle":292.5,"speedMult":4,"type":"mine"},{"time":618,"angle":112.5,"speedMult":4,"type":"mine"},{"time":619,"angle":270,"speedMult":4,"type":"mine"},{"time":619,"angle":90,"speedMult":4,"type":"mine"},{"time":620,"angle":45,"speedMult":4,"type":"mine"},{"time":620,"angle":225,"speedMult":4,"type":"mine"},{"time":621,"angle":315,"speedMult":4,"type":"mine"},{"time":621,"angle":135,"speedMult":4,"type":"mine"},{"time":622,"angle":112.5,"speedMult":4,"type":"mine"},{"time":622,"angle":292.5,"speedMult":4,"type":"mine"},{"time":623,"angle":67.5,"speedMult":4,"type":"mine"},{"time":623,"angle":247.5,"speedMult":4,"type":"mine"},{"time":625,"type":"extraTap","angle":0},{"time":626,"type":"extraTap","angle":0},{"time":627,"type":"extraTap","angle":360},{"time":641,"angle":270,"speedMult":2,"type":"side"},{"time":642,"tap":true,"angle":90,"speedMult":2,"type":"side"},{"time":643,"angle":315,"speedMult":2,"type":"side"},{"time":644,"tap":true,"angle":135,"speedMult":2,"type":"side"},{"time":645,"angle":270,"speedMult":2,"type":"side"},{"time":646,"angle":90,"speedMult":2,"type":"side"},{"time":647,"tap":true,"angle":225,"speedMult":2,"type":"side"},{"time":648,"angle":90,"speedMult":2.5,"type":"side"},{"time":648.16668701172,"angle":123.75,"speedMult":2.5,"type":"side"},{"time":648.33331298828,"angle":157.5,"speedMult":2.5,"type":"side"},{"time":648.5,"angle":191.25,"speedMult":2.5,"type":"side"},{"time":648.66668701172,"angle":225,"speedMult":2.5,"type":"side"},{"time":648.83331298828,"angle":258.75,"speedMult":2.5,"type":"side"},{"time":649,"angle":292.5,"speedMult":2.5,"type":"side"},{"time":649.16668701172,"angle":326.25,"speedMult":2.5,"type":"side"},{"time":649.33331298828,"angle":360,"speedMult":2.5,"type":"side"},{"time":649.5,"angle":33.75,"speedMult":2.5,"type":"side"},{"time":649.66668701172,"angle":67.5,"speedMult":2.5,"type":"side"},{"time":649.83331298828,"angle":101.25,"speedMult":2.5,"type":"side"},{"time":650,"angle":135,"speedMult":2.5,"type":"side"},{"time":650.16668701172,"angle":168.75,"speedMult":2.5,"type":"side"},{"time":650.33331298828,"angle":202.5,"speedMult":2.5,"type":"side"},{"time":650.5,"angle":236.25,"speedMult":2.5,"type":"side"},{"time":650.66668701172,"angle":270,"speedMult":2.5,"type":"side"},{"time":650.83331298828,"angle":303.75,"speedMult":2.5,"type":"side"},{"time":651,"angle":337.5,"speedMult":2.5,"type":"side"},{"time":651.16668701172,"angle":11.25,"speedMult":2.5,"type":"side"},{"time":651.33331298828,"angle":45,"speedMult":2.5,"type":"side"},{"time":651.5,"angle":78.75,"speedMult":2.5,"type":"side"},{"time":651.83331298828,"angle":112.5,"speedMult":2.5,"type":"side"},{"time":652,"angle":146.25,"speedMult":2.5,"type":"side"},{"time":652.16668701172,"angle":180,"speedMult":2.5,"type":"side"},{"time":652.33331298828,"angle":213.75,"speedMult":2.5,"type":"side"},{"time":652.5,"angle":247.5,"speedMult":2.5,"type":"side"},{"time":652.66668701172,"angle":281.25,"speedMult":2.5,"type":"side"},{"time":652.83331298828,"angle":315,"speedMult":2.5,"type":"side"},{"time":653,"angle":348.75,"speedMult":2.5,"type":"side"},{"time":653.16668701172,"angle":22.5,"speedMult":2.5,"type":"side"},{"time":653.33331298828,"angle":56.25,"speedMult":2.5,"type":"side"},{"time":653.5,"angle":90,"speedMult":2.5,"type":"side"},{"time":653.66668701172,"angle":123.75,"speedMult":2.5,"type":"side"},{"time":653.83331298828,"angle":157.5,"speedMult":2.5,"type":"side"},{"time":654,"angle":191.25,"speedMult":2.5,"type":"side"},{"time":654.16668701172,"angle":225,"speedMult":2.5,"type":"side"},{"time":654.33331298828,"angle":258.75,"speedMult":2.5,"type":"side"},{"time":654.5,"angle":292.5,"speedMult":2.5,"type":"side"},{"time":656,"type":"extraTap","angle":360},{"time":657,"type":"extraTap","angle":360},{"time":658,"type":"extraTap","angle":360},{"time":688,"type":"extraTap","angle":360},{"time":692,"type":"extraTap","angle":0},{"time":696,"type":"extraTap","angle":360},{"time":700,"type":"extraTap","angle":360},{"time":704,"type":"extraTap","angle":0},{"time":708,"type":"extraTap","angle":360},{"time":712,"type":"extraTap","angle":360},{"time":716,"type":"extraTap","angle":0},{"time":659,"type":"extraTap","angle":0},{"time":590.5,"angle":180,"speedMult":1.5,"type":"side"},{"time":590,"angle":180,"speedMult":1.5,"type":"side"},{"time":589.5,"angle":270,"speedMult":1.5,"type":"side"},{"time":589,"angle":270,"speedMult":1.5,"type":"side"},{"time":591,"angle":90,"speedMult":1.5,"type":"side"},{"time":591.5,"angle":90,"speedMult":1.5,"type":"side"},{"time":593,"angle":315,"speedMult":1.5,"type":"block"},{"time":592,"angle":45,"speedMult":1.5,"type":"block"},{"time":670,"tap":true,"angle":315,"speedMult":3,"type":"block"},{"time":671,"tap":true,"angle":45,"speedMult":3,"type":"block"},{"time":670.25,"angle":315,"speedMult":3,"type":"block"},{"time":671.25,"angle":45,"speedMult":3,"type":"block"},{"time":672,"type":"extraTap","angle":180},{"time":672,"angle":45,"speedMult":0.80000001192093,"type":"side"},{"time":672,"angle":22.5,"speedMult":0.80000001192093,"type":"side"},{"time":672,"angle":337.5,"speedMult":0.80000001192093,"type":"side"},{"time":672,"angle":360,"speedMult":0.80000001192093,"type":"side"},{"time":672,"angle":315,"speedMult":0.80000001192093,"type":"side"},{"time":673.08331298828,"angle":320.625,"speedMult":3,"type":"block"},{"time":673.08331298828,"angle":309.375,"speedMult":3,"type":"block"},{"time":673.16668701172,"angle":315,"speedMult":3,"type":"block"},{"time":673.33331298828,"angle":315,"speedMult":3,"type":"block"},{"time":673.16668701172,"angle":320.625,"speedMult":3,"type":"block"},{"time":673.16668701172,"angle":309.375,"speedMult":3,"type":"block"},{"time":673.25,"angle":315,"speedMult":3,"type":"block"},{"time":673.5,"angle":315,"speedMult":3,"type":"block"},{"time":676,"type":"extraTap","angle":180},{"time":674,"type":"extraTap","angle":180},{"time":675.08331298828,"angle":50.625,"speedMult":3,"type":"block"},{"time":675.16668701172,"angle":50.625,"speedMult":3,"type":"block"},{"time":675.08331298828,"angle":39.375,"speedMult":3,"type":"block"},{"time":675.16668701172,"angle":39.375,"speedMult":3,"type":"block"},{"time":675.16668701172,"angle":45,"speedMult":3,"type":"block"},{"time":675.5,"angle":45,"speedMult":3,"type":"block"},{"time":675,"angle":45,"speedMult":3,"type":"block"},{"time":673,"angle":315,"speedMult":3,"type":"block"},{"time":675.33331298828,"angle":45,"speedMult":3,"type":"block"},{"time":675.25,"angle":45,"speedMult":3,"type":"block"},{"time":674,"type":"side","angle":45},{"time":676,"type":"side","angle":315},{"time":680,"angle":292.5,"speedMult":2,"type":"block"},{"time":680.16668701172,"angle":315,"speedMult":2,"type":"block"},{"time":680.33331298828,"angle":337.5,"speedMult":2,"type":"block"},{"time":680.5,"angle":360,"speedMult":2,"type":"block"},{"time":680.66668701172,"angle":22.5,"speedMult":2,"type":"block"},{"time":680.83331298828,"angle":45,"speedMult":2,"type":"block"},{"time":681,"angle":67.5,"speedMult":2,"type":"block"},{"time":681.16668701172,"angle":45,"speedMult":2,"type":"block"},{"time":681.33331298828,"angle":22.5,"speedMult":2,"type":"block"},{"time":681.5,"angle":0,"speedMult":2,"type":"block"},{"time":681.66668701172,"angle":337.5,"speedMult":2,"type":"block"},{"time":681.83331298828,"angle":315,"speedMult":2,"type":"block"},{"time":682,"angle":292.5,"speedMult":2,"type":"block"},{"time":682.16668701172,"angle":315,"speedMult":2,"type":"block"},{"time":682.33331298828,"angle":337.5,"speedMult":2,"type":"block"},{"time":682.5,"angle":360,"speedMult":2,"type":"block"},{"time":682.66668701172,"angle":22.5,"speedMult":2,"type":"block"},{"time":682.83331298828,"angle":45,"speedMult":2,"type":"block"},{"time":683,"angle":67.5,"speedMult":2,"type":"block"},{"time":683.16668701172,"angle":45,"speedMult":2,"type":"block"},{"time":683.33331298828,"angle":22.5,"speedMult":2,"type":"block"},{"time":683.5,"angle":360,"speedMult":2,"type":"block"},{"time":683.66668701172,"angle":337.5,"speedMult":2,"type":"block"},{"time":683.83331298828,"angle":315,"speedMult":2,"type":"block"},{"time":684,"angle":292.5,"speedMult":2,"type":"block"},{"time":684.16668701172,"angle":315,"speedMult":2,"type":"block"},{"time":684.33331298828,"angle":337.5,"speedMult":2,"type":"block"},{"time":684.5,"angle":0,"speedMult":2,"type":"block"},{"time":684.66668701172,"angle":22.5,"speedMult":2,"type":"block"},{"time":684.83331298828,"angle":45,"speedMult":2,"type":"block"},{"time":685,"angle":67.5,"speedMult":2,"type":"block"},{"time":685.16668701172,"angle":45,"speedMult":2,"type":"block"},{"time":685.33331298828,"angle":22.5,"speedMult":2,"type":"block"},{"time":685.5,"angle":0,"speedMult":2,"type":"block"},{"time":685.66668701172,"angle":337.5,"speedMult":2,"type":"block"},{"time":685.83331298828,"angle":315,"speedMult":2,"type":"block"},{"time":686,"angle":292.5,"speedMult":2,"type":"block"},{"time":686.16668701172,"angle":315,"speedMult":2,"type":"block"},{"time":686.33331298828,"angle":337.5,"speedMult":2,"type":"block"},{"time":686.5,"angle":0,"speedMult":2,"type":"block"},{"time":686.66668701172,"angle":22.5,"speedMult":2,"type":"block"},{"time":686.83331298828,"angle":45,"speedMult":2,"type":"block"},{"time":687,"angle":67.5,"speedMult":2,"type":"block"},{"time":687.16668701172,"angle":45,"speedMult":2,"type":"block"},{"time":687.33331298828,"angle":22.5,"speedMult":2,"type":"block"},{"time":687.5,"angle":0,"speedMult":2,"type":"block"}]