{"properties":{"startBeat":0,"formatversion":12,"offset":8,"speed":70},"events":[{"time":-0,"bpm":174,"angle":180,"volume":1,"type":"play","file":"Raw, Unfiltered Calamity.wav"},{"time":-0,"angle":202.5,"type":"setBPM","bpm":174},{"duration":1.5,"b":0,"color":2,"type":"setColor","angle":135,"time":-3,"r":0,"g":0,"ease":"inOutSine"},{"time":0,"r":150,"angle":157.5,"color":1,"type":"setColor","g":1,"b":22},{"duration":1.5,"b":0,"color":0,"type":"setColor","angle":180,"time":-3,"r":0,"g":0,"ease":"inOutSine"},{"duration":1.5,"b":20,"color":3,"type":"setColor","angle":112.5,"time":-3,"r":84,"g":0,"ease":"inOutSine"},{"time":0,"id":"1","recolor":1,"outline":true,"sprite":"eyeofdesolation.png","angle":315,"x":285,"y":50,"type":"deco"},{"duration":15,"ease":"outSine","type":"deco","id":"1","angle":315,"x":285,"y":40,"time":1},{"duration":13,"ease":"inOutSine","type":"deco","id":"1","angle":315,"x":285,"y":60,"time":8},{"duration":10,"ease":"inOutSine","type":"deco","id":"1","angle":315,"x":285,"y":40,"time":14},{"duration":13,"ease":"inOutSine","type":"deco","id":"1","angle":315,"x":285,"y":60,"time":20},{"duration":15,"ease":"inOutSine","type":"deco","id":"1","angle":315,"x":285,"y":40,"time":28},{"duration":8,"ease":"inOutSine","type":"deco","id":"1","angle":315,"x":285,"y":50,"time":39},{"duration":0.20000000298023,"ease":"inBack","type":"deco","id":"1","angle":315,"x":284,"y":49,"time":48},{"duration":0.03999999910593,"ease":"inOutQuart","type":"deco","id":"1","angle":315,"x":283,"y":51,"time":48.0625},{"duration":0.40000000596046,"ease":"inOutQuad","type":"deco","id":"1","angle":315,"x":285,"y":50,"time":48.125},{"duration":0.5,"ease":"outElastic","type":"deco","id":"1","angle":315,"x":290,"y":56,"time":48.25},{"duration":0.019999999552965,"ease":"linear","type":"deco","id":"1","angle":315,"x":285,"y":50,"time":48.3125},{"duration":0.03999999910593,"ease":"linear","type":"deco","id":"1","angle":315,"x":284,"y":46,"time":48.375},{"duration":0.10000000149012,"ease":"linear","type":"deco","id":"1","angle":315,"x":294,"y":52,"time":48.4375},{"duration":0.10000000149012,"ease":"linear","type":"deco","id":"1","angle":315,"x":270,"y":45,"time":48.5},{"duration":0.019999999552965,"ease":"inOutElastic","type":"deco","id":"1","angle":315,"x":284,"y":51,"time":52},{"duration":0.10000000149012,"ease":"inOutSine","type":"deco","id":"1","angle":315,"x":285,"y":52,"time":52.0625},{"duration":0.03999999910593,"ease":"inOutCubic","type":"deco","id":"1","angle":315,"x":287,"y":48,"time":52.125},{"duration":0.20000000298023,"ease":"linear","type":"deco","id":"1","angle":315,"x":285,"y":50,"time":52.1875},{"duration":0.019999999552965,"ease":"inOutElastic","type":"deco","id":"1","angle":315,"x":284,"y":49,"time":57},{"duration":0.019999999552965,"ease":"inOutExpo","type":"deco","id":"1","angle":315,"x":286,"y":48,"time":57.0625},{"duration":0.10000000149012,"ease":"outCubic","type":"deco","id":"1","angle":315,"x":287,"y":51,"time":57.125},{"duration":0.050000000745058,"ease":"linear","type":"deco","id":"1","angle":315,"x":283,"y":48,"time":57.25},{"duration":0.10000000149012,"ease":"inOutSine","type":"deco","id":"1","angle":315,"x":289,"y":51,"time":57.3125},{"duration":0.019999999552965,"ease":"inOutSine","type":"deco","id":"1","angle":315,"x":289,"y":46,"time":57.375},{"duration":0.20000000298023,"ease":"outSine","type":"deco","id":"1","angle":315,"x":285,"y":55,"time":57.4375},{"duration":0.019999999552965,"ease":"outQuad","type":"deco","id":"1","angle":315,"x":270,"y":43,"time":57.5625},{"duration":0,"ease":"linear","type":"deco","id":"1","angle":315,"x":285,"y":50,"time":48.625},{"time":57.625,"id":"1","angle":315,"x":286,"type":"deco","y":43},{"duration":0.15000000596046,"ease":"linear","type":"deco","id":"1","angle":315,"x":285,"y":50,"time":57.6875},{"duration":0.019999999552965,"ease":"outQuad","type":"deco","id":"1","angle":315,"x":294,"y":42,"time":57.875},{"time":57.9375,"id":"1","angle":315,"x":273,"type":"deco","y":58},{"time":58,"id":"1","angle":315,"x":269,"type":"deco","y":55},{"duration":0.019999999552965,"ease":"outCubic","type":"deco","id":"1","angle":315,"x":279,"y":49,"time":58.0625},{"duration":0.10000000149012,"ease":"linear","type":"deco","id":"1","angle":315,"x":285,"y":50,"time":58.125},{"duration":0.012000000104308,"ease":"inOutElastic","type":"deco","id":"1","angle":315,"x":300,"y":43,"time":58.3125},{"duration":0.20000000298023,"ease":"inOutSine","type":"deco","id":"1","angle":315,"x":250,"y":52,"time":58.375},{"duration":0.019999999552965,"ease":"inQuad","type":"deco","id":"1","angle":315,"x":296,"y":51,"time":58.4375},{"time":58.5,"id":"1","angle":315,"x":272,"type":"deco","y":41},{"duration":0.15000000596046,"ease":"inOutElastic","type":"deco","id":"1","angle":315,"x":285,"y":50,"time":58.625},{"duration":0.019999999552965,"ease":"inOutSine","type":"deco","id":"1","angle":315,"x":266,"y":51,"time":58.6875},{"duration":0.10000000149012,"ease":"outElastic","type":"deco","id":"1","angle":315,"x":285,"y":50,"time":58.75},{"duration":0.15000000596046,"ease":"inSine","type":"deco","id":"1","angle":315,"x":280,"y":40,"time":58.8125},{"duration":0.050000000745058,"ease":"linear","type":"deco","id":"1","angle":315,"x":285,"y":50,"time":58.875},{"time":60,"r":0,"angle":270,"color":1,"type":"setColor","g":0,"b":0},{"duration":0.019999999552965,"ease":"linear","type":"deco","id":"1","angle":315,"x":260,"y":52,"time":59},{"duration":0.10000000149012,"ease":"inElastic","type":"deco","id":"1","angle":315,"x":270,"y":40,"time":59.125},{"duration":0.0099999997764826,"ease":"inQuad","type":"deco","id":"1","angle":315,"x":290,"y":50,"time":59.1875},{"time":59.3125,"id":"1","angle":315,"x":259,"type":"deco","y":52},{"duration":0.059999998658895,"ease":"linear","type":"deco","id":"1","angle":315,"x":285,"y":50,"time":59.375},{"duration":0.025000000372529,"ease":"inOutSine","type":"deco","id":"1","angle":315,"x":285,"y":45,"time":59.4375},{"duration":0.15000000596046,"ease":"inOutQuad","type":"deco","id":"1","angle":315,"x":295,"y":55,"time":59.5},{"duration":0.019999999552965,"ease":"inOutSine","type":"deco","id":"1","angle":315,"x":275,"y":52,"time":59.625},{"duration":0.089000001549721,"ease":"inOutSine","type":"deco","id":"1","angle":315,"x":289,"y":54,"time":59.6875},{"duration":0.10000000149012,"ease":"inOutSine","type":"deco","id":"1","angle":315,"x":250,"y":42,"time":59.75},{"time":59.8125,"id":"1","angle":315,"x":294,"type":"deco","y":47},{"duration":0.15000000596046,"ease":"inSine","type":"deco","id":"1","angle":315,"x":285,"y":50,"time":59.875},{"time":62,"r":150,"angle":270,"color":0,"type":"setColor","g":1,"b":22},{"time":60.5,"type":"deco","angle":315,"hide":true,"id":"1"},{"time":60.5,"sy":0.30000001192093,"type":"deco","recolor":1,"sprite":"calamitasclone@10","sx":0.30000001192093,"angle":337.5,"x":262.5,"y":-400,"id":"2"},{"duration":4.75,"id":"2","angle":337.5,"ease":"inOutBack","y":-30,"type":"deco","time":61.5},{"duration":0,"ease":"inQuad","type":"deco","id":"1","angle":315,"x":283,"y":49,"time":56},{"duration":0.019999999552965,"ease":"inQuad","type":"deco","id":"1","angle":315,"x":287,"y":51,"time":56.0625},{"duration":0.10000000149012,"ease":"inOutSine","type":"deco","id":"1","angle":315,"x":285,"y":48,"time":56.125},{"duration":0.10000000149012,"ease":"linear","type":"deco","id":"1","angle":315,"x":285,"y":50,"time":56.1875},{"duration":4,"time":68,"type":"deco","r":90,"id":"2","ease":"outElastic","x":600,"y":145,"angle":337.5},{"duration":3,"time":72,"type":"deco","r":160,"id":"2","angle":337.5,"x":424,"y":390,"ease":"outElastic"},{"duration":1.8999999761581,"time":73.5,"type":"deco","r":180,"id":"2","ease":"outElastic","x":338,"y":400,"angle":337.5},{"time":88,"var":"p.y","value":70,"ease":"outBack","angle":247.5,"type":"ease","duration":2},{"duration":2,"id":"2","angle":225,"ease":"outBack","y":350,"type":"deco","time":88},{"time":96,"var":"p.y","value":180,"ease":"outBack","angle":202.5,"type":"ease","duration":2},{"duration":2,"id":"2","angle":157.5,"ease":"outBack","y":500,"type":"deco","time":96},{"time":101,"id":"2","y":700,"r":225,"x":-100,"type":"deco","angle":315},{"duration":6,"ease":"inOutElastic","type":"deco","id":"2","angle":315,"x":135,"y":400,"time":101.5},{"duration":2,"ease":"inBack","type":"deco","id":"2","angle":337.5,"x":-100,"y":700,"time":107},{"time":110,"id":"2","y":217,"r":270,"x":-400,"type":"deco","angle":337.5},{"duration":6,"id":"2","ease":"outElastic","angle":337.5,"x":0,"type":"deco","time":111},{"time":0,"value":10,"angle":45,"type":"ease","var":"vfx.hwaves.period"},{"time":0,"value":4,"angle":22.5,"type":"ease","var":"vfx.hwaves.strength"},{"time":0,"value":300,"angle":67.5,"type":"ease","var":"vfx.hwaves.offsetDelta"},{"time":0.125,"var":"vfx.hwaves.offsetDelta","value":20,"ease":"linear","angle":67.5,"type":"ease","duration":2.5},{"time":0.125,"var":"vfx.hwaves.strength","value":0.75,"angle":22.5,"ease":"linear","type":"ease","duration":2.5},{"time":27,"var":"vfx.hwaves.strength","value":0.75,"ease":"linear","angle":22.5,"type":"ease","duration":1},{"time":27,"var":"vfx.hwaves.offsetDelta","value":10,"ease":"linear","angle":67.5,"type":"ease","duration":1},{"time":87.5,"value":0,"angle":22.5,"var":"vfx.hwaves.strength","type":"ease"},{"time":87.5,"value":16,"angle":45,"type":"ease","var":"vfx.hwaves.period"},{"time":87.5,"value":0,"angle":67.5,"type":"ease","var":"vfx.hwaves.offsetDelta"},{"time":-0,"sy":5,"id":"fire","recolor":1,"outline":true,"sprite":"fire@8","sx":5,"angle":292.5,"x":0,"y":200,"type":"deco"},{"time":-0,"sy":5,"id":"fire1","recolor":1,"outline":true,"sprite":"fire@8","sx":5,"angle":270,"x":480,"y":200,"type":"deco"},{"duration":2,"id":"fire1","ease":"outBack","angle":135,"y":400,"type":"deco","time":88},{"duration":2,"id":"fire","ease":"outBack","angle":112.5,"y":400,"type":"deco","time":88},{"duration":2.5,"id":"2","angle":337.5,"ease":"inQuad","x":-200,"type":"deco","time":115},{"duration":3,"id":"2","ease":"outElastic","angle":315,"y":400,"type":"deco","time":126},{"time":125,"id":"2","y":550,"r":180,"x":338,"type":"deco","angle":315},{"duration":2,"id":"2","ease":"inBack","angle":337.5,"y":550,"type":"deco","time":141},{"time":158,"oy":180,"id":"2","x":300,"type":"deco","angle":337.5,"ox":123.5,"y":-150,"r":0},{"duration":4,"ease":"outBack","type":"deco","id":"2","angle":337.5,"x":300,"y":50,"time":158.5},{"duration":14,"r":2880,"time":164,"angle":337.5,"id":"2","type":"deco","ease":"inOutQuint"},{"duration":0.5,"b":0,"color":0,"type":"setColor","angle":247.5,"time":176,"r":0,"g":0,"ease":"linear"},{"duration":0.5,"b":22,"color":1,"type":"setColor","angle":225,"time":176,"r":150,"g":1,"ease":"linear"},{"duration":0.5,"b":0,"color":2,"type":"setColor","angle":202.5,"time":176,"r":0,"g":0,"ease":"linear"},{"duration":0.5,"b":0,"color":3,"type":"setColor","angle":180,"time":176,"r":0,"g":0,"ease":"linear"},{"duration":1,"ease":"outBack","type":"deco","id":"fire1","angle":157.5,"x":480,"y":200,"time":176},{"duration":1,"ease":"outBack","type":"deco","id":"fire","angle":135,"x":0,"y":200,"time":176},{"duration":1,"time":179,"newWidth":10,"ease":"linear","paddle":1,"type":"paddles","angle":270},{"duration":0.5,"time":192,"newWidth":100,"ease":"linear","paddle":1,"type":"paddles","angle":0},{"duration":0.5,"time":193.5,"newWidth":35,"ease":"linear","paddle":1,"type":"paddles","angle":360},{"duration":0.25,"time":195,"newWidth":15,"angle":348.75,"paddle":1,"type":"paddles","ease":"linear"},{"duration":0.5,"time":196,"newWidth":70,"ease":"linear","paddle":1,"type":"paddles","angle":112.5},{"duration":5,"angle":360,"type":"deco","id":"2","ease":"inQuint","r":2700,"y":500,"time":199},{"duration":1,"ease":"outBack","type":"deco","id":"2","angle":337.5,"x":144,"y":0,"time":206.75},{"time":205,"id":"2","y":-300,"r":314,"x":0,"type":"deco","angle":337.5},{"duration":1,"angle":337.5,"type":"deco","id":"2","ease":"inBack","x":0,"y":-300,"time":208},{"duration":0.89999997615814,"id":"2","angle":337.5,"ease":"outBack","x":580,"type":"deco","time":209},{"time":208.75,"id":"2","y":182,"r":90,"x":800,"type":"deco","angle":337.5},{"duration":1,"id":"2","ease":"inBack","angle":337.5,"x":700,"type":"deco","time":210},{"duration":1,"ease":"outBack","type":"deco","id":"2","angle":337.5,"x":240,"y":320,"time":211},{"time":210.75,"id":"2","y":500,"r":200,"x":180,"type":"deco","angle":337.5},{"duration":0.80000001192093,"ease":"inBack","type":"deco","id":"2","angle":337.5,"x":180,"y":500,"time":212},{"duration":1,"ease":"outBack","type":"deco","id":"2","angle":337.5,"x":550,"y":70,"time":213},{"time":212.75,"id":"2","y":0,"r":65,"x":700,"type":"deco","angle":337.5},{"duration":1,"ease":"inBack","type":"deco","id":"2","angle":337.5,"x":700,"y":0,"time":214},{"time":215,"id":"2","y":-150,"r":0,"x":300,"type":"deco","angle":337.5},{"duration":4,"id":"2","ease":"outBack","angle":337.5,"y":50,"type":"deco","time":215.5},{"duration":5,"id":"2","angle":337.5,"ease":"inBack","y":-100,"type":"deco","time":271.5},{"duration":8.5,"time":295.5,"newWidth":30,"ease":"linear","paddle":1,"type":"paddles","angle":22.5},{"time":364,"newAngle":40,"paddle":2,"type":"paddles","order":1,"angle":22.5,"duration":2,"newWidth":30,"ease":"linear","enabled":true},{"time":364,"newAngle":-40,"paddle":3,"type":"paddles","order":1,"angle":45,"duration":2,"newWidth":30,"ease":"linear","enabled":true},{"duration":0,"paddle":2,"type":"paddles","order":0,"angle":337.5,"newWidth":30,"ease":"linear","time":364},{"duration":0,"angle":315,"time":364,"ease":"linear","paddle":1,"type":"paddles","enabled":false},{"duration":0,"time":364,"newWidth":30,"ease":"linear","paddle":3,"type":"paddles","angle":292.5},{"time":398,"duration":2,"newAngle":0,"angle":67.5,"paddle":2,"type":"paddles","ease":"linear"},{"time":398,"duration":2,"newAngle":0,"ease":"linear","paddle":3,"type":"paddles","angle":90},{"duration":0,"ease":"linear","time":400,"angle":337.5,"paddle":3,"type":"paddles","enabled":false},{"duration":10,"ease":"outBack","type":"deco","id":"2","angle":337.5,"x":300,"y":120,"time":427},{"time":427.5,"var":"p.y","value":450,"angle":0,"ease":"outBack","type":"ease","duration":14},{"duration":18,"id":"fire1","angle":45,"ease":"outBack","y":500,"type":"deco","time":427.5},{"duration":18,"id":"fire","angle":22.5,"ease":"outBack","y":500,"type":"deco","time":427.5},{"time":438,"sy":4,"type":"deco","recolor":1,"sprite":"enough.png","sx":4,"angle":0,"x":237,"y":260,"id":"text"},{"time":443,"type":"deco","angle":360,"hide":true,"id":"text"},{"time":448,"sy":4,"type":"deco","sprite":"impressivejack.png","sx":4,"angle":360,"x":100,"y":260,"id":"text1"},{"time":455,"sy":4,"type":"deco","sprite":"period.png","sx":4,"angle":0,"x":380,"y":288,"id":"period"},{"time":457,"sy":4,"type":"deco","sprite":"period.png","sx":4,"angle":0,"x":390,"y":288,"id":"period1"},{"time":459,"sy":4,"type":"deco","sprite":"period.png","sx":4,"angle":360,"x":400,"y":288,"id":"period2"},{"time":462,"type":"deco","angle":0,"hide":true,"id":"period1"},{"time":462,"type":"deco","angle":22.5,"hide":true,"id":"period2"},{"time":462,"type":"deco","angle":45,"hide":true,"id":"period"},{"time":462,"type":"deco","angle":337.5,"hide":true,"id":"text1"},{"time":469,"sy":4,"type":"deco","sprite":"end.png","sx":4,"angle":360,"x":120,"y":260,"id":"text2"},{"time":477,"type":"deco","angle":0,"hide":true,"id":"text2"},{"duration":25,"r":5760,"time":479,"ease":"inOutQuint","id":"2","type":"deco","angle":337.5},{"time":496,"ox":58,"angle":22.5,"type":"deco","sy":0.80000001192093,"recolor":5,"oy":85,"sprite":"Catastrophe@10","sx":0.80000001192093,"r":-360,"x":300,"y":110,"id":"3"},{"duration":10,"r":55,"time":496.125,"ease":"outExpo","id":"3","type":"deco","angle":22.5},{"duration":10,"type":"deco","id":"3","order":1,"time":496.125,"ease":"outBack","x":450,"y":200,"angle":45},{"time":496,"ox":66,"angle":90,"type":"deco","sy":0.80000001192093,"recolor":4,"oy":100,"sprite":"cataclysm@9","sx":0.80000001192093,"r":360,"x":309,"y":115,"id":"4"},{"duration":10,"r":-45,"time":496.08334350586,"ease":"outExpo","id":"4","type":"deco","angle":90},{"duration":10,"type":"deco","id":"4","order":1,"time":496.08334350586,"ease":"outBack","x":170,"y":200,"angle":112.5},{"time":509,"var":"p.y","value":300,"angle":180,"ease":"outExpo","type":"ease","duration":20},{"duration":0,"time":509,"newWidth":70,"angle":157.5,"paddle":2,"type":"paddles","ease":"linear"},{"time":522,"var":"p.y","value":180,"ease":"outBack","angle":180,"type":"ease","duration":5},{"duration":9,"id":"2","ease":"outElastic","angle":337.5,"y":20,"type":"deco","time":522},{"duration":9,"angle":22.5,"type":"deco","id":"3","ease":"outElastic","x":470,"y":350,"time":522},{"duration":9,"ease":"outElastic","type":"deco","id":"4","angle":90,"x":125,"y":350,"time":522},{"duration":4,"r":135,"time":522,"ease":"outExpo","id":"3","type":"deco","angle":45},{"duration":4,"r":-135,"time":522,"ease":"outExpo","id":"4","type":"deco","angle":112.5},{"duration":5,"id":"2","ease":"inBack","angle":337.5,"y":-200,"type":"deco","time":535},{"duration":5,"angle":22.5,"type":"deco","id":"3","ease":"inBack","x":600,"y":500,"time":535},{"duration":5,"ease":"inBack","type":"deco","id":"4","angle":90,"x":0,"y":500,"time":535},{"time":-0,"angle":360,"color":3,"type":"outline","enable":true},{"time":60,"angle":315,"color":0,"type":"outline","enable":false},{"time":62,"angle":315,"color":3,"type":"outline","enable":true},{"duration":3,"id":"2","ease":"outElastic","angle":337.5,"y":0,"type":"deco","time":560},{"duration":1,"time":575,"newWidth":50,"ease":"linear","paddle":2,"type":"paddles","angle":135},{"duration":1,"newAngle":-125,"paddle":3,"type":"paddles","enabled":true,"time":575,"newWidth":15,"ease":"linear","angle":90},{"duration":1,"newAngle":125,"paddle":4,"type":"paddles","enabled":true,"time":575,"newWidth":15,"angle":112.5,"ease":"linear"},{"duration":1,"newAngle":0,"paddle":4,"type":"paddles","time":584.16668701172,"newWidth":70,"angle":146.25,"ease":"linear"},{"duration":1,"newAngle":0,"paddle":3,"type":"paddles","time":584.16668701172,"newWidth":70,"ease":"linear","angle":123.75},{"duration":0,"time":584.16668701172,"newWidth":70,"angle":101.25,"paddle":2,"type":"paddles","ease":"linear"},{"duration":0,"ease":"linear","time":585,"angle":123.75,"paddle":3,"type":"paddles","enabled":false},{"duration":0,"ease":"linear","time":585,"angle":146.25,"paddle":4,"type":"paddles","enabled":false},{"duration":3,"type":"deco","ease":"outElastic","angle":337.5,"id":"2","r":45,"x":500,"time":562.33331298828},{"time":559.66668701172,"angle":337.5,"r":0,"type":"deco","id":"2"},{"duration":1,"ease":"inBack","type":"deco","id":"2","angle":326.25,"x":700,"y":-200,"time":564},{"time":566.33331298828,"id":"2","y":500,"r":-125,"x":0,"type":"deco","angle":326.25},{"duration":3,"angle":326.25,"type":"deco","id":"2","ease":"outElastic","x":120,"y":340,"time":566.5},{"duration":3,"angle":326.25,"type":"deco","id":"2","ease":"outBack","x":0,"y":500,"time":568},{"time":569,"id":"2","y":-55,"r":-75,"x":-250,"type":"deco","angle":326.25},{"duration":3,"ease":"outElastic","type":"deco","id":"2","angle":326.25,"x":0,"y":65,"time":569.33331298828},{"duration":2,"time":571.5,"type":"deco","r":0,"id":"2","angle":326.25,"x":300,"y":20,"ease":"outElastic"},{"duration":2,"type":"deco","ease":"inSine","angle":326.25,"id":"2","r":-35,"x":234,"time":575.33331298828},{"duration":1.9999998807907,"type":"deco","angle":326.25,"ease":"linear","id":"2","r":50,"x":379,"time":577.33331298828},{"duration":2.4666666984558,"type":"deco","angle":326.25,"ease":"inSine","id":"2","r":0,"x":300,"time":579.16668701172},{"time":563.66668701172,"id":"3","y":500,"r":180,"x":300,"type":"deco","angle":90},{"duration":3,"id":"3","angle":90,"ease":"outElastic","y":380,"type":"deco","time":564},{"duration":0.80000001192093,"id":"3","angle":90,"ease":"inBack","y":500,"type":"deco","time":564.66668701172},{"time":566.33331298828,"id":"3","y":180,"r":90,"x":800,"type":"deco","angle":90},{"duration":4,"id":"3","angle":90,"ease":"outElastic","x":600,"type":"deco","time":566.83331298828},{"duration":0.5,"id":"3","angle":78.75,"ease":"inBack","x":800,"type":"deco","time":568.33331298828},{"time":569,"id":"3","y":500,"r":180,"x":300,"type":"deco","angle":90},{"duration":2,"id":"3","ease":"outElastic","angle":90,"y":380,"type":"deco","time":569.16668701172},{"duration":0.63300001621246,"id":"3","angle":90,"ease":"inBack","y":500,"type":"deco","time":570.5},{"duration":2,"id":"3","ease":"outElastic","angle":90,"y":380,"type":"deco","time":572},{"duration":0.63333332538605,"id":"3","angle":247.5,"ease":"inBack","y":500,"type":"deco","time":573.66668701172},{"time":563.33331298828,"id":"4","y":180,"r":-90,"x":-100,"type":"deco","angle":270},{"duration":1,"id":"4","angle":270,"ease":"outBack","x":30,"type":"deco","time":563.5},{"duration":1,"id":"4","angle":270,"ease":"inBack","x":-100,"type":"deco","time":565.16668701172},{"time":495.5,"r":75,"angle":90,"color":4,"type":"setColor","g":0,"b":21},{"time":495.5,"r":229,"angle":22.5,"color":5,"type":"setColor","g":0,"b":27},{"duration":2,"angle":247.5,"type":"deco","id":"3","ease":"outBack","x":50,"y":350,"time":574.66668701172},{"time":574.5,"id":"3","y":500,"r":-125,"x":-100,"type":"deco","angle":247.5},{"duration":1,"time":566.16668701172,"type":"deco","r":20,"id":"4","angle":270,"x":370,"y":30,"ease":"outBack"},{"time":566,"id":"4","y":-55,"r":20,"x":410,"type":"deco","angle":270},{"duration":1,"ease":"inBack","type":"deco","id":"4","angle":270,"x":410,"y":-55,"time":567.16668701172},{"duration":1,"angle":270,"type":"deco","id":"4","ease":"outBack","x":150,"y":20,"time":568.66668701172},{"time":568.5,"id":"4","y":-70,"r":-50,"x":50,"type":"deco","angle":270},{"duration":1,"angle":270,"type":"deco","id":"4","ease":"inBack","x":50,"y":-70,"time":569.66668701172},{"time":571.33331298828,"id":"4","y":190,"r":90,"x":700,"type":"deco","angle":270},{"duration":1,"id":"4","ease":"outBack","angle":270,"x":580,"type":"deco","time":571.5},{"duration":1,"id":"4","ease":"inBack","angle":270,"x":700,"type":"deco","time":572.5},{"time":575.83331298828,"id":"4","y":450,"r":145,"x":500,"type":"deco","angle":90},{"duration":1,"angle":90,"type":"deco","id":"4","ease":"outBack","x":400,"y":350,"time":576},{"duration":1,"time":578,"type":"deco","r":100,"id":"4","angle":90,"x":550,"y":235,"ease":"inOutBack"},{"duration":1,"time":580,"type":"deco","r":145,"id":"4","ease":"inOutBack","x":400,"y":350,"angle":90},{"duration":1,"time":581.66668701172,"type":"deco","r":125,"id":"4","angle":90,"x":530,"y":340,"ease":"inOutBack"},{"duration":4,"id":"2","angle":0,"ease":"inBack","y":-200,"type":"deco","time":584.5},{"duration":4,"angle":247.5,"type":"deco","id":"3","ease":"inBack","x":-300,"y":550,"time":584.5},{"duration":4,"angle":112.5,"type":"deco","id":"4","ease":"inBack","x":800,"y":550,"time":584.5},{"duration":4,"ease":"outBack","type":"deco","id":"4","angle":360,"r":0,"y":30,"time":591},{"time":590.5,"id":"4","y":-200,"r":0,"x":309,"type":"deco","angle":0},{"time":600,"r":75,"angle":22.5,"color":0,"type":"setColor","g":0,"b":21},{"outline":true,"time":600,"angle":337.5,"type":"deco","id":"4"},{"time":600,"r":150,"angle":45,"color":1,"type":"setColor","g":1,"b":22},{"duration":4,"id":"fire","ease":"outExpo","angle":315,"y":200,"type":"deco","time":591},{"duration":4,"id":"fire1","ease":"outExpo","angle":45,"y":200,"type":"deco","time":591},{"time":600,"angle":315,"color":1,"type":"outline","enable":true},{"time":600,"drawOrder":0,"y":-100,"id":"square","recolor":7,"sy":2,"sprite":"square.png","sx":4,"angle":180,"x":0,"drawLayer":"bg","type":"deco"},{"time":599,"r":53,"angle":180,"color":7,"type":"setColor","g":0,"b":0},{"time":599,"r":66,"angle":157.5,"color":6,"type":"setColor","g":3,"b":21},{"time":600,"drawOrder":1,"y":211,"id":"square1","recolor":6,"sy":0.5,"sprite":"square.png","sx":4,"angle":157.5,"x":0,"drawLayer":"bg","type":"deco"},{"time":600,"drawOrder":2,"y":180,"id":"square2","recolor":3,"sy":0.25,"sprite":"square.png","sx":4,"angle":135,"x":0,"drawLayer":"bg","type":"deco"},{"time":599,"r":55,"angle":135,"color":3,"type":"setColor","g":1,"b":16},{"duration":0.5,"r":-30,"time":625,"angle":22.5,"id":"4","type":"deco","ease":"inOutElastic"},{"duration":0.5,"r":0,"time":625.375,"angle":22.5,"id":"4","type":"deco","ease":"inOutBack"},{"duration":0.5,"r":45,"time":626,"angle":22.5,"id":"4","type":"deco","ease":"inOutElastic"},{"duration":0.5,"r":0,"time":626.5,"angle":22.5,"id":"4","type":"deco","ease":"linear"},{"duration":0.5,"r":-60,"time":627,"angle":22.5,"id":"4","type":"deco","ease":"inOutElastic"},{"duration":0.5,"r":0,"time":627.5,"angle":22.5,"id":"4","type":"deco","ease":"linear"},{"time":628,"var":"p.y","value":450,"ease":"inBack","angle":0,"type":"ease","duration":3},{"duration":3,"id":"fire","ease":"inExpo","angle":22.5,"y":500,"type":"deco","time":628},{"duration":3,"id":"fire1","angle":337.5,"ease":"inExpo","y":500,"type":"deco","time":628},{"duration":6,"id":"4","angle":67.5,"ease":"inOutBack","y":180,"type":"deco","time":628},{"duration":7,"r":-8000,"time":628.875,"angle":67.5,"id":"4","type":"deco","ease":"inOutQuint"},{"time":634,"type":"deco","angle":45,"hide":true,"id":"4"},{"time":634.375,"id":"3","type":"deco","outline":true,"r":-50,"x":-200,"y":-200,"angle":90},{"duration":2,"angle":90,"type":"deco","id":"3","ease":"linear","x":800,"y":600,"time":635},{"time":636.75,"id":"3","y":-200,"r":0,"x":300,"type":"deco","angle":90},{"duration":4,"id":"3","ease":"outBack","angle":90,"y":15,"type":"deco","time":637.375},{"time":637.5,"var":"p.y","value":180,"angle":360,"ease":"outExpo","type":"ease","duration":4},{"duration":4,"id":"fire1","ease":"outExpo","angle":337.5,"y":200,"type":"deco","time":637.5},{"duration":4,"id":"fire","ease":"outExpo","angle":22.5,"y":200,"type":"deco","time":637.5},{"time":749,"type":"showResults","angle":0},{"duration":0.5,"r":-15,"time":656,"angle":22.5,"id":"3","type":"deco","ease":"inOutElastic"},{"duration":0.5,"r":0,"time":656.5,"angle":22.5,"id":"3","type":"deco","ease":"linear"},{"duration":0.5,"r":30,"time":657,"angle":22.5,"id":"3","type":"deco","ease":"inOutElastic"},{"duration":0.5,"r":0,"time":657.5,"angle":22.5,"id":"3","type":"deco","ease":"linear"},{"duration":0.5,"r":-45,"time":658,"angle":22.5,"id":"3","type":"deco","ease":"inOutElastic"},{"duration":0.5,"r":0,"time":658.5,"angle":22.5,"id":"3","type":"deco","ease":"linear"},{"duration":0.5,"r":70,"time":659,"angle":22.5,"id":"3","type":"deco","ease":"inOutElastic"},{"duration":0.5,"r":0,"time":659.5,"ease":"linear","id":"3","type":"deco","angle":22.5},{"duration":8,"r":-8000,"time":660,"angle":22.5,"id":"3","type":"deco","ease":"inOutQuad"},{"time":664,"type":"deco","angle":33.75,"hide":true,"id":"3"},{"duration":15,"id":"2","ease":"outBack","angle":0,"y":100,"type":"deco","time":665},{"time":665,"var":"p.y","value":270,"ease":"outBack","angle":11.25,"type":"ease","duration":15},{"duration":15,"sy":4,"type":"deco","angle":337.5,"id":"square2","ease":"linear","y":800,"time":665},{"duration":15,"sy":4,"type":"deco","ease":"linear","id":"square1","angle":303.75,"y":900,"time":665},{"duration":15,"ease":"linear","angle":270,"sy":6,"id":"square","type":"deco","time":665},{"duration":0.5,"r":15,"time":688,"angle":22.5,"id":"2","type":"deco","ease":"inOutElastic"},{"duration":1.5,"r":0,"time":688.5,"angle":22.5,"id":"2","type":"deco","ease":"linear"},{"duration":0.5,"r":-25,"time":692,"angle":22.5,"id":"2","type":"deco","ease":"inOutElastic"},{"duration":1.5,"r":0,"time":692.5,"angle":22.5,"id":"2","type":"deco","ease":"linear"},{"duration":0.5,"r":40,"time":696,"angle":22.5,"id":"2","type":"deco","ease":"inOutElastic"},{"duration":1.5,"r":0,"time":696.5,"ease":"linear","id":"2","type":"deco","angle":22.5},{"duration":0.5,"r":-55,"time":700,"angle":22.5,"id":"2","type":"deco","ease":"inOutElastic"},{"time":700.5,"r":0,"duration":1.5,"angle":22.5,"id":"2","type":"deco","ease":"linear"},{"duration":0.5,"r":65,"time":704,"angle":22.5,"id":"2","type":"deco","ease":"inOutElastic"},{"duration":1.5,"r":0,"time":704.5,"angle":22.5,"id":"2","type":"deco","ease":"linear"},{"duration":0.5,"r":-70,"time":708,"angle":22.5,"id":"2","type":"deco","ease":"inOutElastic"},{"duration":1.5,"r":0,"time":708.5,"angle":22.5,"id":"2","type":"deco","ease":"linear"},{"duration":0.5,"r":75,"time":712,"angle":22.5,"id":"2","type":"deco","ease":"inOutElastic"},{"duration":1.5,"r":0,"time":712.5,"angle":22.5,"id":"2","type":"deco","ease":"linear"},{"duration":0.5,"r":-85,"time":716,"angle":22.5,"id":"2","type":"deco","ease":"inOutElastic"},{"duration":1.5,"r":0,"time":716.5,"angle":22.5,"id":"2","type":"deco","ease":"linear"},{"duration":8,"r":8000,"time":717.33331298828,"angle":0,"id":"2","type":"deco","ease":"inOutQuad"},{"time":720,"hide":true,"angle":0,"type":"deco","id":"2"},{"duration":2,"time":676.5,"newWidth":25,"angle":0,"paddle":2,"type":"paddles","ease":"linear"},{"time":48,"value":3,"angle":22.5,"var":"vfx.hglitch.strength","type":"ease"},{"time":48.333332061768,"var":"vfx.hglitch.strength","value":0,"ease":"linear","angle":22.5,"type":"ease","duration":1.5},{"time":52,"value":6,"angle":22.5,"var":"vfx.hglitch.strength","type":"ease"},{"time":52.333332061768,"var":"vfx.hglitch.strength","value":0,"angle":22.5,"ease":"linear","type":"ease","duration":1.5},{"time":56,"value":3,"angle":22.5,"type":"ease","var":"vfx.hglitch.strength"},{"time":56.333332061768,"var":"vfx.hglitch.strength","value":0,"angle":22.5,"ease":"linear","type":"ease","duration":0.5},{"time":57,"var":"vfx.hglitch.strength","value":20,"angle":22.5,"ease":"linear","type":"ease","duration":4},{"time":60.5,"value":0,"angle":90,"type":"ease","var":"vfx.hglitch.strength"},{"time":176,"var":"vfx.hwaves.strength","value":1.5,"angle":22.5,"ease":"linear","type":"ease","duration":1},{"time":176,"value":100,"angle":45,"type":"ease","var":"vfx.hwaves.period"},{"time":176,"var":"vfx.hwaves.offsetDelta","value":50,"angle":67.5,"ease":"linear","type":"ease","duration":1},{"time":367.5,"var":"vfx.hwaves.strength","value":2.5,"ease":"linear","angle":337.5,"type":"ease","duration":1},{"time":367.5,"var":"vfx.hwaves.period","value":70,"ease":"linear","angle":0,"type":"ease","duration":1},{"time":367.5,"var":"vfx.hwaves.offsetDelta","value":70,"ease":"linear","angle":22.5,"type":"ease","duration":1},{"time":367.5,"duration":1,"id":"fire1","type":"deco","order":1,"outline":true,"ease":"inOutExpo","sx":6.5,"sy":6.5,"x":460,"y":160,"angle":270},{"time":367.5,"duration":1,"id":"fire","type":"deco","order":1,"outline":true,"angle":292.5,"sx":6.5,"ease":"inOutExpo","x":-20,"y":160,"sy":6.5},{"time":344,"var":"vfx.canvPos.sx","value":1.7999999523163,"angle":67.5,"ease":"inQuad","type":"ease","duration":25},{"time":344,"var":"vfx.canvPos.sy","value":1.7999999523163,"angle":90,"ease":"inQuad","type":"ease","duration":25},{"time":367.5,"var":"vfx.canvPos.sx","value":1,"angle":67.5,"ease":"linear","type":"ease","duration":0.5},{"time":367.5,"var":"vfx.canvPos.sy","value":1,"ease":"linear","angle":90,"type":"ease","duration":0.5},{"time":368,"angle":180,"type":"hom","enable":true},{"time":368,"angle":202.5,"color":0,"type":"noise","chance":0.079999998211861},{"time":404,"angle":22.5,"color":0,"type":"noise","chance":0},{"time":404,"angle":45,"type":"hom","enable":false},{"time":404,"value":1.5,"angle":67.5,"var":"vfx.hwaves.strength","type":"ease"},{"time":404,"value":100,"angle":90,"var":"vfx.hwaves.period","type":"ease"},{"time":404,"value":50,"angle":112.5,"var":"vfx.hwaves.offsetDelta","type":"ease"},{"time":429,"value":0,"angle":22.5,"type":"ease","var":"vfx.hwaves.strength"},{"time":429,"value":16,"angle":45,"var":"vfx.hwaves.period","type":"ease"},{"time":429,"value":0,"angle":67.5,"var":"vfx.hwaves.offsetDelta","type":"ease"},{"time":431,"type":"deco","sx":5,"sy":5,"x":0,"id":"fire","angle":360},{"time":431,"type":"deco","sx":5,"sy":5,"x":480,"id":"fire1","angle":22.5},{"time":688,"value":3,"angle":45,"var":"vfx.hglitch.strength","type":"ease"},{"time":688.5,"var":"vfx.hglitch.strength","value":0,"ease":"linear","angle":45,"type":"ease","duration":1},{"time":692,"value":5,"angle":45,"var":"vfx.hglitch.strength","type":"ease"},{"time":692.5,"var":"vfx.hglitch.strength","value":0,"ease":"linear","angle":45,"type":"ease","duration":1},{"time":696,"value":8,"angle":45,"type":"ease","var":"vfx.hglitch.strength"},{"time":696.5,"var":"vfx.hglitch.strength","value":0,"ease":"linear","angle":45,"type":"ease","duration":1},{"time":700,"value":10,"angle":45,"type":"ease","var":"vfx.hglitch.strength"},{"time":700.5,"var":"vfx.hglitch.strength","value":3,"angle":45,"ease":"linear","type":"ease","duration":1},{"time":704,"value":10,"angle":45,"var":"vfx.hglitch.strength","type":"ease"},{"time":704.5,"var":"vfx.hglitch.strength","value":4,"ease":"linear","angle":45,"type":"ease","duration":1},{"time":708,"value":12,"angle":45,"var":"vfx.hglitch.strength","type":"ease"},{"time":708.5,"var":"vfx.hglitch.strength","value":5,"ease":"linear","angle":45,"type":"ease","duration":1},{"time":712,"value":12,"angle":45,"type":"ease","var":"vfx.hglitch.strength"},{"time":712.5,"var":"vfx.hglitch.strength","value":6,"angle":45,"ease":"linear","type":"ease","duration":1},{"time":716,"value":15,"angle":45,"var":"vfx.hglitch.strength","type":"ease"},{"time":716.5,"var":"vfx.hglitch.strength","value":7,"ease":"linear","angle":45,"type":"ease","duration":1},{"time":717.33331298828,"var":"vfx.hglitch.strength","value":25,"angle":45,"ease":"linear","type":"ease","duration":3.25},{"time":720,"var":"vfx.hglitch.strength","value":0,"ease":"inOutBack","angle":45,"type":"ease","duration":2},{"duration":2,"time":688,"newWidth":70,"angle":180,"paddle":2,"type":"paddles","ease":"linear"},{"time":688,"var":"vfx.canvPos.y","value":250,"angle":90,"ease":"linear","type":"ease","duration":45},{"time":688,"var":"vfx.canvPos.sy","value":2,"ease":"linear","angle":112.5,"type":"ease","duration":100},{"time":688,"var":"vfx.canvPos.sx","value":2,"angle":135,"ease":"linear","type":"ease","duration":100},{"time":720,"type":"ease","value":180,"angle":90,"duration":1,"var":"vfx.canvPos.y","ease":"inOutSine"},{"time":720,"var":"vfx.canvPos.sx","value":1,"ease":"inOutSine","angle":112.5,"type":"ease","duration":1},{"time":720,"var":"vfx.canvPos.sy","value":1,"ease":"inOutSine","angle":135,"type":"ease","duration":1},{"time":634,"y":173,"sy":4,"id":"exp","x":295,"recolor":4,"outline":true,"sprite":"cataclysmexp@12","sx":4,"angle":0,"ox":20,"oy":20,"type":"deco"},{"time":635.5,"id":"exp","angle":0,"type":"deco","hide":true},{"time":664,"oy":24,"type":"deco","id":"exp1","ox":24,"recolor":5,"outline":true,"sprite":"catastropheexp@16","sx":4,"angle":67.5,"x":312,"y":18,"sy":4},{"time":665.375,"hide":true,"angle":67.5,"type":"deco","id":"exp1"},{"time":720,"y":74,"id":"exp2","type":"deco","x":300,"recolor":6,"outline":true,"sprite":"calamitasexp@10","sx":1.5,"sy":1.5,"ox":64,"oy":64,"angle":337.5},{"time":723.33331298828,"id":"exp2","angle":337.5,"hide":true,"type":"deco"},{"time":731,"b":11,"color":0,"type":"setColor","r":30,"angle":360,"ease":"linear","g":0,"duration":10},{"time":731,"b":11,"color":1,"type":"setColor","angle":67.5,"ease":"linear","r":30,"g":0,"duration":10},{"time":731,"b":11,"color":2,"type":"setColor","angle":45,"ease":"linear","r":30,"g":0,"duration":10},{"time":731,"b":11,"color":3,"type":"setColor","angle":22.5,"ease":"linear","r":30,"g":0,"duration":10},{"time":731,"b":11,"color":5,"type":"setColor","r":30,"duration":10,"angle":90,"g":0,"ease":"linear"},{"time":731,"b":11,"color":7,"type":"setColor","angle":112.5,"duration":10,"r":30,"g":0,"ease":"linear"}],"metadata":{"bgData":{"redChannel":{"b":9,"g":9,"r":159},"image":"bg.png","greenChannel":{"b":23,"g":23,"r":199},"blueChannel":{"b":37,"g":6,"r":94},"yellowChannel":{"b":8,"g":1,"r":54},"magentaChannel":{"b":3,"g":3,"r":23},"cyanChannel":{"b":4,"g":4,"r":29}},"difficulty":12,"bg":true,"songName":"Raw, Unfiltered Calamity","artistLink":"","description":"\"Do you enjoy going through hell?\"\n\n- Calamitas","artist":"DM Dokuro","charter":"TSkillet"}}