{"properties":{"offset":8,"formatversion":13,"speed":70},"events":[{"volume":1,"angle":0,"file":"orchids.ogg","offset":1,"bpm":220,"time":0,"type":"play"},{"order":0,"g":0,"duration":0,"r":0,"time":192.5,"b":0,"color":0,"angle":157.5,"type":"setColor"},{"order":0,"time":192.5,"angle":90,"color":0,"type":"setBgColor"},{"color":1,"time":192.5,"order":1,"enable":true,"angle":135,"type":"outline"},{"color":1,"time":192.5,"b":255,"angle":112.5,"g":255,"r":255,"type":"setColor"},{"angle":157.5,"bpm":440,"time":196.5,"type":"setBPM"},{"angle":202.5,"chance":0.9990000128746,"time":196.5,"color":1,"type":"noise"},{"angle":180,"time":496.5,"type":"showResults"},{"color":0,"time":0,"b":210,"r":164,"g":185,"angle":90,"type":"setColor"},{"angle":180,"time":0,"type":"paddles","paddle":1,"ease":"linear","newWidth":60,"duration":0}],"metadata":{"songName":"orchids","difficulty":0,"artistLink":"","artist":"glass beach","charter":"Cygnus","bg":false,"description":"blooming through the city streets"}}