{"metadata":{"artistLink":"","artist":"","bg":true,"charter":"Something","bgData":{"yellowChannel":{"g":255,"r":255,"b":255},"magentaChannel":{"g":255,"r":255,"b":255},"cyanChannel":{"g":255,"r":255,"b":255},"redChannel":{"g":0,"r":255,"b":0},"image":"","blueChannel":{"g":0,"r":0,"b":255},"greenChannel":{"g":255,"r":255,"b":255}},"description":"Someone approaches, covered in dust.\n\nSuddenly, you realise why it's been so quiet.","songName":"Enemy Retreating","difficulty":10},"properties":{"startBeat":0,"speed":70,"offset":8,"formatversion":12},"events":[{"type":"play","file":"clover.ogg","time":-0.375,"angle":270,"offset":0,"bpm":126,"volume":1},{"tag":"tap","time":8,"angle":0,"angleOffset":false,"type":"tag"},{"tag":"tap","time":9,"angle":0,"angleOffset":false,"type":"tag"},{"tag":"tap","time":9.75,"angle":360,"angleOffset":false,"type":"tag"},{"tag":"tap","time":10.25,"angle":360,"angleOffset":false,"type":"tag"},{"tag":"tap","time":11,"angle":0,"angleOffset":false,"type":"tag"},{"tag":"tap","time":10.75,"angle":0,"angleOffset":false,"type":"tag"},{"duration":1,"time":16,"ease":"outSine","value":2,"type":"ease","angle":0,"var":"scrollSpeed"},{"tag":"tap","time":12,"angle":0,"angleOffset":false,"type":"tag"},{"tag":"tap","time":13,"angle":0,"angleOffset":false,"type":"tag"},{"tag":"tap","time":14,"angle":0,"angleOffset":false,"type":"tag"},{"tag":"tap","time":14.5,"angle":0,"angleOffset":false,"type":"tag"},{"type":"forcePlayerSprite","spriteName":"idle","angle":225,"time":-0.125},{"type":"forcePlayerSprite","spriteName":"miss","angle":337.5,"time":16},{"type":"outline","time":-8,"angle":360,"enable":true,"color":0},{"type":"setBgColor","time":-8,"angle":337.5,"color":1},{"g":229,"time":-8,"angle":315,"color":2,"b":6,"r":249,"type":"setColor"},{"x":0,"id":"bg","type":"deco","sprite":"battleleft.png","time":-8,"sy":2,"y":-20,"sx":2,"angle":292.5,"drawLayer":"bg"},{"g":255,"time":-2,"angle":270,"color":3,"b":0,"r":255,"type":"setColor"},{"type":"deco","sprite":"battle2.png","time":16,"angle":315,"id":"bg"},{"type":"deco","sprite":"battle.png","time":-2,"angle":292.5,"id":"bg"},{"g":0,"time":-8,"angle":270,"color":3,"b":0,"r":255,"type":"setColor"},{"tag":"gethit1","time":52.75,"angle":315,"angleOffset":false,"type":"tag"},{"g":0,"b":0,"r":0,"type":"bookmark","time":16,"angle":292.5,"name":"he knows","description":""},{"g":0,"b":0,"r":0,"type":"bookmark","time":52.25,"angle":292.5,"name":"and for his neutral special...","description":""},{"tag":"gethit3","time":77.75,"angle":135,"angleOffset":false,"type":"tag"},{"tag":"gethit","time":95.375,"angle":180,"angleOffset":false,"type":"tag"},{"g":0,"b":0,"r":0,"type":"bookmark","time":80,"angle":67.5,"name":"this is fast","description":""},{"tag":"gethit3","time":107.5,"angle":112.5,"angleOffset":false,"type":"tag"},{"g":231.8181887269,"b":0,"r":255,"type":"bookmark","time":114.75,"angle":292.5,"name":"pause","description":""},{"x":300,"y":180,"hide":false,"r":90,"sx":2,"type":"deco","sprite":"shot.png","time":124,"sy":2,"ox":350,"oy":4,"id":"shot1","angle":11.25},{"duration":5,"time":124,"angle":360,"id":"shot1","ox":30,"type":"deco","order":1},{"type":"deco","time":129,"angle":11.25,"id":"shot1","hide":true},{"x":300,"y":180,"hide":false,"r":180,"sx":2,"type":"deco","sprite":"shot.png","time":125,"sy":2,"ox":350,"oy":4,"id":"shot2","angle":101.25},{"duration":5,"time":125,"angle":90,"id":"shot2","ox":30,"type":"deco","order":1},{"type":"deco","time":130,"angle":101.25,"id":"shot2","hide":true},{"x":300,"y":180,"hide":false,"r":0,"sx":2,"type":"deco","sprite":"shot.png","time":126,"sy":2,"ox":350,"oy":4,"id":"shot3","angle":281.25},{"duration":5,"time":126,"angle":270,"id":"shot3","ox":30,"type":"deco","order":1},{"type":"deco","time":131,"angle":-78.75,"id":"shot3","hide":true},{"x":300,"y":180,"hide":false,"r":270,"sx":2,"type":"deco","sprite":"shot.png","time":127,"sy":2,"ox":350,"oy":4,"id":"shot4","angle":191.25},{"duration":5,"time":127,"angle":180,"id":"shot4","ox":30,"type":"deco","order":1},{"type":"deco","time":132,"angle":-168.75,"id":"shot4","hide":true},{"x":300,"y":180,"hide":false,"r":45,"sx":2,"type":"deco","sprite":"shot.png","time":128,"sy":2,"ox":350,"oy":4,"id":"shot5","angle":-56.25},{"duration":5,"time":128,"angle":-405,"id":"shot5","ox":30,"type":"deco","order":1},{"type":"deco","time":133,"angle":-56.25,"id":"shot5","hide":true},{"x":300,"y":180,"hide":false,"r":-45,"sx":2,"type":"deco","sprite":"shot.png","time":129,"sy":2,"ox":350,"oy":4,"id":"shot6","angle":-146.25},{"duration":5,"time":129,"angle":-135,"id":"shot6","ox":30,"type":"deco","order":1},{"type":"deco","time":134,"angle":-146.25,"id":"shot6","hide":true},{"x":300,"y":180,"hide":false,"r":135,"sx":2,"type":"deco","sprite":"shot.png","time":130,"sy":2,"ox":350,"oy":4,"id":"shot7","angle":-326.25},{"duration":5,"time":130,"angle":-315,"id":"shot7","ox":30,"type":"deco","order":1},{"type":"deco","time":135,"angle":33.75,"id":"shot7","hide":true},{"x":300,"y":180,"hide":false,"r":225,"sx":2,"type":"deco","sprite":"shot.png","time":131,"sy":2,"ox":350,"oy":4,"id":"shot8","angle":-236.25},{"duration":5,"time":131,"angle":-225,"id":"shot8","ox":30,"type":"deco","order":1},{"type":"deco","time":136,"angle":123.75,"id":"shot8","hide":true},{"x":300,"y":180,"hide":false,"r":90,"sx":2,"type":"deco","sprite":"shot.png","time":132,"sy":2,"ox":350,"oy":4,"id":"shot1","angle":-11.25},{"duration":5,"time":132,"angle":-360,"id":"shot1","ox":30,"type":"deco","order":1},{"type":"deco","time":137,"angle":-11.25,"id":"shot1","hide":true},{"x":300,"y":180,"hide":false,"r":0,"sx":2,"type":"deco","sprite":"shot.png","time":133,"sy":2,"ox":350,"oy":4,"id":"shot2","angle":247.5},{"duration":5,"time":133,"angle":270,"id":"shot2","ox":30,"type":"deco","order":1},{"type":"deco","time":138,"angle":-101.25,"id":"shot2","hide":true},{"x":300,"y":180,"hide":false,"r":180,"sx":2,"type":"deco","sprite":"shot.png","time":134,"sy":2,"ox":350,"oy":4,"id":"shot3","angle":-281.25},{"duration":5,"time":134,"angle":-270,"id":"shot3","ox":30,"type":"deco","order":1},{"type":"deco","time":139,"angle":78.75,"id":"shot3","hide":true},{"x":300,"y":180,"hide":false,"r":270,"sx":2,"type":"deco","sprite":"shot.png","time":135,"sy":2,"ox":350,"oy":4,"id":"shot4","angle":-191.25},{"duration":5,"time":135,"angle":-180,"id":"shot4","ox":30,"type":"deco","order":1},{"type":"deco","time":140,"angle":168.75,"id":"shot4","hide":true},{"x":300,"y":180,"hide":false,"r":135,"sx":2,"type":"deco","sprite":"shot.png","time":136,"sy":2,"ox":350,"oy":4,"id":"shot5","angle":56.25},{"duration":5,"time":136,"angle":405,"id":"shot5","ox":30,"type":"deco","order":1},{"type":"deco","time":141,"angle":56.25,"id":"shot5","hide":true},{"x":300,"y":180,"hide":false,"r":-135,"sx":2,"type":"deco","sprite":"shot.png","time":137,"sy":2,"ox":350,"oy":4,"id":"shot6","angle":146.25},{"duration":5,"time":137,"angle":135,"id":"shot6","ox":30,"type":"deco","order":1},{"type":"deco","time":142,"angle":146.25,"id":"shot6","hide":true},{"x":300,"y":180,"hide":false,"r":45,"id":"shot7","type":"deco","sprite":"shot.png","time":137.875,"sy":2,"ox":350,"oy":4,"sx":2,"angle":337.5},{"duration":5,"time":137.875,"angle":315,"ox":30,"id":"shot7","type":"deco","order":1},{"type":"deco","time":142.875,"angle":337.5,"id":"shot7","hide":true},{"x":300,"y":180,"hide":false,"r":-45,"id":"shot8","type":"deco","sprite":"shot.png","time":139.125,"sy":2,"ox":350,"oy":4,"sx":2,"angle":247.5},{"duration":5,"time":139.125,"angle":225,"ox":30,"id":"shot8","type":"deco","order":1},{"type":"deco","time":144.125,"angle":247.5,"id":"shot8","hide":true},{"tag":"gethit","time":135.5,"angle":-112.5,"angleOffset":false,"type":"tag"},{"tag":"gethit2","time":147.375,"angle":67.5,"angleOffset":false,"type":"tag"},{"tag":"gethit2","time":159.125,"angle":67.5,"angleOffset":false,"type":"tag"},{"g":0,"b":0,"r":0,"type":"bookmark","time":129,"angle":56.25,"name":"HEY!! ! GET [shot.]","description":""},{"tag":"gethit1","time":167.25,"angle":191.25,"angleOffset":false,"type":"tag"},{"tag":"tap","time":173.25,"angle":90,"angleOffset":false,"type":"tag"},{"tag":"tap","time":173.75,"angle":90,"angleOffset":false,"type":"tag"},{"tag":"tap","time":174.25,"angle":90,"angleOffset":false,"type":"tag"},{"tag":"tap","time":174.5,"angle":90,"angleOffset":false,"type":"tag"},{"tag":"gethit2","time":173.5,"angle":123.75,"angleOffset":false,"type":"tag"},{"duration":0.5,"time":177.375,"ease":"outSine","value":2,"type":"ease","angle":315,"var":"scrollSpeed"},{"tag":"gethit2","time":178.875,"angle":90,"angleOffset":false,"type":"tag"},{"tag":"gethit","time":183.875,"angle":225,"angleOffset":false,"type":"tag"},{"g":248.75000417233,"b":248.75000417233,"r":255,"type":"bookmark","time":177.375,"angle":337.5,"name":"repeat","description":""},{"x":300,"y":180,"hide":false,"r":0,"sx":2,"type":"deco","sprite":"shot.png","time":182.625,"sy":2,"ox":350,"oy":4,"id":"shot2","angle":247.5},{"duration":5,"time":182.625,"angle":270,"id":"shot2","ox":30,"type":"deco","order":1},{"type":"deco","time":187.625,"angle":-101.25,"id":"shot2","hide":true},{"x":300,"y":180,"hide":false,"r":45,"sx":2,"type":"deco","sprite":"shot.png","time":183.125,"sy":2,"ox":350,"oy":4,"id":"shot1","angle":292.5},{"duration":5,"time":183.125,"angle":315,"id":"shot1","ox":30,"type":"deco","order":1},{"type":"deco","time":188.125,"angle":303.75,"id":"shot1","hide":true},{"x":300,"y":180,"hide":false,"r":-45,"sx":2,"type":"deco","sprite":"shot.png","time":183.375,"sy":2,"ox":350,"oy":4,"id":"shot3","angle":202.5},{"duration":5,"time":183.375,"angle":225,"id":"shot3","ox":30,"type":"deco","order":1},{"type":"deco","time":188.375,"angle":-146.25,"id":"shot3","hide":true},{"tag":"gethit1","time":189,"angle":90,"angleOffset":false,"type":"tag"},{"tag":"gethit2","time":195,"angle":90,"angleOffset":false,"type":"tag"},{"tag":"shake","time":54.25,"angle":315,"angleOffset":false,"type":"tag"},{"tag":"shake","time":79.25,"angle":135,"angleOffset":false,"type":"tag"},{"tag":"shake","time":96.875,"angle":180,"angleOffset":false,"type":"tag"},{"tag":"shake","time":109,"angle":135,"angleOffset":false,"type":"tag"},{"tag":"shake","time":137,"angle":247.5,"angleOffset":false,"type":"tag"},{"tag":"shake","time":148.875,"angle":67.5,"angleOffset":false,"type":"tag"},{"tag":"shake","time":160.625,"angle":67.5,"angleOffset":false,"type":"tag"},{"tag":"shake","time":168.75,"angle":180,"angleOffset":false,"type":"tag"},{"tag":"shake","time":175,"angle":135,"angleOffset":false,"type":"tag"},{"tag":"shake","time":180.375,"angle":112.5,"angleOffset":false,"type":"tag"},{"tag":"shake","time":185.375,"angle":213.75,"angleOffset":false,"type":"tag"},{"tag":"shake","time":190.5,"angle":90,"angleOffset":false,"type":"tag"},{"tag":"shake","time":196.5,"angle":90,"angleOffset":false,"type":"tag"},{"var":"vfx.notesFollowPlayer","time":-8,"enable":false,"type":"setBoolean","angle":236.25},{"x":300,"y":360,"angle":0,"id":"warn","type":"deco","sprite":"warning.png","time":115,"sy":2,"ox":25,"oy":0,"sx":2,"drawLayer":"fg"},{"duration":1,"time":118,"ease":"outSine","y":260,"id":"warn","type":"deco","angle":360},{"duration":1,"time":122,"ease":"inSine","y":360,"id":"warn","type":"deco","angle":360},{"tag":"gethit2","time":200,"angle":112.5,"angleOffset":false,"type":"tag"},{"tag":"shake","time":201.5,"angle":112.5,"angleOffset":false,"type":"tag"},{"tag":"gethit","time":205.75,"angle":0,"angleOffset":false,"type":"tag"},{"tag":"shake","time":207.25,"angle":22.5,"angleOffset":false,"type":"tag"},{"type":"paddles","time":207.25,"ease":"outQuad","duration":0.5,"angle":45,"newWidth":60,"paddle":1},{"tag":"gethit1","time":215,"angle":90,"angleOffset":false,"type":"tag"},{"tag":"shake","time":216.5,"angle":67.5,"angleOffset":false,"type":"tag"},{"tag":"tap","time":221.625,"angle":191.25,"angleOffset":false,"type":"tag"},{"tag":"tap","time":222.125,"angle":236.25,"angleOffset":false,"type":"tag"},{"tag":"tap","time":222.625,"angle":191.25,"angleOffset":false,"type":"tag"},{"tag":"tap","time":222.875,"angle":146.25,"angleOffset":false,"type":"tag"},{"tag":"shake","time":223.375,"angle":101.25,"angleOffset":false,"type":"tag"},{"tag":"tap","time":223.875,"angle":56.25,"angleOffset":false,"type":"tag"},{"tag":"tap","time":224.375,"angle":101.25,"angleOffset":false,"type":"tag"},{"tag":"gethit2","time":229.25,"angle":33.75,"angleOffset":false,"type":"tag"},{"tag":"shake","time":230.75,"angle":56.25,"angleOffset":false,"type":"tag"},{"tag":"gethit1","time":221.875,"angle":90,"angleOffset":false,"type":"tag"},{"g":0,"b":0,"r":255,"type":"bookmark","time":207.25,"angle":78.75,"name":"paddle weakened","description":""},{"tag":"gethit2","time":234.75,"angle":123.75,"angleOffset":false,"type":"tag"},{"tag":"shake","time":236.25,"angle":112.5,"angleOffset":false,"type":"tag"},{"tag":"gethit1","time":241.25,"angle":0,"angleOffset":false,"type":"tag"},{"tag":"shake","time":242.625,"angle":101.25,"angleOffset":false,"type":"tag"},{"tag":"gethit","time":252.625,"angle":67.5,"angleOffset":false,"type":"tag"},{"tag":"shake","time":254.125,"angle":90,"angleOffset":false,"type":"tag"},{"duration":0.5,"time":261.625,"ease":"outSine","value":4,"type":"ease","angle":45,"var":"scrollSpeed"},{"duration":1,"time":262.75,"ease":"inSine","value":2,"type":"ease","angle":0,"var":"scrollSpeed"},{"tag":"gethit2","time":272.5,"angle":146.25,"angleOffset":false,"type":"tag"},{"tag":"shake","time":273.875,"angle":168.75,"angleOffset":false,"type":"tag"},{"g":72.745090126991,"b":72.745090126991,"r":132.49999970198,"type":"bookmark","time":273.875,"angle":67.5,"name":"pause 2: electric boogaloo","description":"265 dmg"},{"tag":"tap","time":275.875,"angle":270,"angleOffset":false,"type":"tag"},{"tag":"tap","time":275,"angle":270,"angleOffset":false,"type":"tag"},{"tag":"tap","time":276.375,"angle":270,"angleOffset":false,"type":"tag"},{"tag":"tap","time":276.875,"angle":270,"angleOffset":false,"type":"tag"},{"tag":"tap","time":277.125,"angle":270,"angleOffset":false,"type":"tag"},{"tag":"tap","time":278.125,"angle":270,"angleOffset":false,"type":"tag"},{"tag":"tap","time":279.125,"angle":270,"angleOffset":false,"type":"tag"},{"tag":"tap","time":279.875,"angle":270,"angleOffset":false,"type":"tag"},{"tag":"tap","time":280.375,"angle":270,"angleOffset":false,"type":"tag"},{"tag":"tap","time":280.875,"angle":270,"angleOffset":false,"type":"tag"},{"tag":"tap","time":281.125,"angle":270,"angleOffset":false,"type":"tag"},{"tag":"tap","time":281.625,"angle":270,"angleOffset":false,"type":"tag"},{"tag":"tap","time":282.125,"angle":270,"angleOffset":false,"type":"tag"},{"tag":"tap","time":283.125,"angle":270,"angleOffset":false,"type":"tag"},{"tag":"tap","time":283.875,"angle":270,"angleOffset":false,"type":"tag"},{"tag":"tap","time":284.375,"angle":270,"angleOffset":false,"type":"tag"},{"tag":"tap","time":284.875,"angle":270,"angleOffset":false,"type":"tag"},{"tag":"tap","time":285.125,"angle":270,"angleOffset":false,"type":"tag"},{"tag":"gethit2","time":285.625,"angle":337.5,"angleOffset":false,"type":"tag"},{"tag":"shake","time":287.125,"angle":337.5,"angleOffset":false,"type":"tag"},{"tag":"gethit1","time":290.625,"angle":247.5,"angleOffset":false,"type":"tag"},{"tag":"shake","time":292.125,"angle":247.5,"angleOffset":false,"type":"tag"},{"tag":"gethit2","time":295.875,"angle":135,"angleOffset":false,"type":"tag"},{"tag":"shake","time":297.375,"angle":135,"angleOffset":false,"type":"tag"},{"tag":"gethit2","time":300.875,"angle":225,"angleOffset":false,"type":"tag"},{"tag":"shake","time":302.375,"angle":157.5,"angleOffset":false,"type":"tag"},{"type":"paddles","time":302.375,"ease":"linear","duration":0,"angle":180,"newWidth":30,"paddle":1},{"tag":"gethit2","time":305.875,"angle":225,"angleOffset":false,"type":"tag"},{"tag":"shake","time":326,"angle":225,"angleOffset":false,"type":"tag"},{"type":"paddles","time":326.01000976563,"angle":180,"duration":0,"enabled":false,"ease":"linear","paddle":1},{"g":158.50039333105,"b":223.75000566244,"r":54.840690270066,"type":"bookmark","time":326,"angle":157.5,"name":"no paddle?","description":""},{"tag":"tap","time":326.75,"angle":135,"angleOffset":false,"type":"tag"},{"tag":"tap","time":327.5,"angle":135,"angleOffset":false,"type":"tag"},{"duration":2,"time":326,"ease":"outSine","value":1,"type":"ease","angle":135,"var":"scrollSpeed"},{"tag":"tap","time":328.25,"angle":135,"angleOffset":false,"type":"tag"},{"tag":"tap","time":328.75,"angle":135,"angleOffset":false,"type":"tag"},{"tag":"tap","time":329.25,"angle":135,"angleOffset":false,"type":"tag"},{"tag":"tap","time":329.5,"angle":135,"angleOffset":false,"type":"tag"},{"tag":"tap","time":330,"angle":135,"angleOffset":false,"type":"tag"},{"tag":"shake","time":331.5,"angle":157.5,"angleOffset":false,"type":"tag"},{"tag":"tap","time":330.5,"angle":135,"angleOffset":false,"type":"tag"},{"tag":"gethit5","time":330,"angle":157.5,"angleOffset":false,"type":"tag"},{"tag":"shake","time":337.5,"angle":157.5,"angleOffset":false,"type":"tag"},{"tag":"gethit5","time":341.125,"angle":157.5,"angleOffset":false,"type":"tag"},{"g":0,"b":0,"r":0,"color":0,"time":346.375,"angle":135,"duration":0.5,"type":"setColor","order":0},{"tag":"shake","time":342.625,"angle":157.5,"angleOffset":false,"type":"tag"},{"type":"deco","sprite":"battlewin#0","time":346.375,"angle":157.5,"id":"bg"},{"type":"deco","sprite":"battlewin@10","time":348.875,"angle":157.5,"id":"bg"},{"g":255,"b":255,"r":255,"type":"setColor","time":346.375,"angle":180,"color":3,"order":2},{"type":"deco","sprite":"battlewin#35","time":356.875,"angle":157.5,"id":"bg"},{"type":"tag","time":332.75,"angle":135,"angleOffset":false,"tag":"tap"},{"type":"tag","time":332.25,"angle":135,"angleOffset":false,"tag":"tap"},{"type":"tag","time":333.25,"angle":135,"angleOffset":false,"tag":"tap"},{"type":"tag","time":333.5,"angle":135,"angleOffset":false,"tag":"tap"},{"type":"tag","time":336,"angle":157.5,"angleOffset":false,"tag":"gethit5"},{"type":"tag","time":307.375,"angle":225,"angleOffset":false,"tag":"shake"},{"type":"tag","time":314.375,"angle":180,"angleOffset":false,"tag":"shake"},{"type":"tag","time":312.875,"angle":180,"angleOffset":false,"tag":"gethit1"},{"type":"tag","time":320.25,"angle":202.5,"angleOffset":false,"tag":"shake"},{"type":"tag","time":318.75,"angle":202.5,"angleOffset":false,"tag":"gethit2"},{"type":"tag","time":324.5,"angle":225,"angleOffset":false,"tag":"gethit2"},{"type":"showResults","time":357.375,"angle":180},{"type":"ease","value":15,"angle":270,"time":326,"duration":0.5,"ease":"outSine","var":"vfx.difficultyY"},{"type":"ease","time":336,"ease":"outSine","value":-30,"angle":247.5,"var":"vfx.accuracyY","duration":0.5},{"type":"ease","time":331,"ease":"outSine","angle":225,"duration":0.5,"value":15,"var":"vfx.songNameY"},{"type":"ease","value":-45,"angle":247.5,"var":"vfx.comboY","ease":"outSine","time":341,"duration":1}]}