{"properties":{"formatversion":12,"startBeat":113,"speed":70,"offset":8},"metadata":{"description":"know that this is a troll level","difficulty":777,"artistLink":"","bg":true,"artist":"Anya Nami","charter":"DaFlamango","bgData":{"redChannel":{"r":158,"g":158,"b":158},"blueChannel":{"r":0,"g":0,"b":255},"image":"troll.png"},"songName":"Bread but something different"},"events":[{"offset":85,"bpm":113,"volume":1,"angle":0,"time":0,"type":"play","file":"trollsong.wav"},{"x":150,"y":40,"time":0,"id":"","drawLayer":"bg","sprite":"pixil-frame-0.png","type":"deco","angle":315}]}