[{"time":3,"type":"hold","angle2":0,"angle":0,"duration":5},{"time":4,"angle":292.5,"type":"block"},{"time":4.25,"angle":292.5,"type":"block"},{"time":4.5,"angle":292.5,"type":"block"},{"time":4.75,"angle":292.5,"type":"block"},{"time":4.25,"angle":67.5,"type":"block"},{"time":4,"angle":67.5,"type":"block"},{"time":4.5,"angle":67.5,"type":"block"},{"time":4.75,"angle":67.5,"type":"block"},{"time":5,"angle":90,"type":"block"},{"time":5.25,"angle":90,"type":"block"},{"time":5.5,"angle":112.5,"type":"block"},{"time":5.75,"angle":112.5,"type":"block"},{"time":5,"angle":270,"type":"block"},{"time":5.25,"angle":270,"type":"block"},{"time":5.5,"angle":247.5,"type":"block"},{"time":5.75,"angle":247.5,"type":"block"},{"time":6,"angle":135,"type":"block"},{"time":6.25,"angle":135,"type":"block"},{"time":6.5,"angle":135,"type":"block"},{"time":6.75,"angle":135,"type":"block"},{"time":6,"angle":225,"type":"block"},{"time":6.25,"angle":225,"type":"block"},{"time":6.5,"angle":225,"type":"block"},{"time":6.75,"angle":225,"type":"block"},{"time":7,"angle":202.5,"type":"block"},{"time":7.25,"angle":180,"type":"block"},{"time":7.5,"angle":180,"type":"block"},{"time":7.75,"angle":180,"type":"block"},{"time":7,"angle":157.5,"type":"block"},{"time":8,"type":"hold","angle2":135,"angle":360,"duration":2},{"time":10,"type":"hold","angle2":180,"angle":135,"duration":1},{"time":11,"type":"hold","angle2":180,"angle":180,"duration":5},{"time":12,"angle":472.5,"type":"block"},{"time":12.25,"angle":472.5,"type":"block"},{"time":12.5,"angle":472.5,"type":"block"},{"time":12.75,"angle":472.5,"type":"block"},{"time":12.25,"angle":247.5,"type":"block"},{"time":12,"angle":247.5,"type":"block"},{"time":12.5,"angle":247.5,"type":"block"},{"time":12.75,"angle":247.5,"type":"block"},{"time":13,"angle":270,"type":"block"},{"time":13.25,"angle":270,"type":"block"},{"time":13.5,"angle":292.5,"type":"block"},{"time":13.75,"angle":292.5,"type":"block"},{"time":13,"angle":450,"type":"block"},{"time":13.25,"angle":450,"type":"block"},{"time":13.5,"angle":427.5,"type":"block"},{"time":13.75,"angle":427.5,"type":"block"},{"time":14,"angle":315,"type":"block"},{"time":14.25,"angle":315,"type":"block"},{"time":14.5,"angle":315,"type":"block"},{"time":14.75,"angle":315,"type":"block"},{"time":14,"angle":405,"type":"block"},{"time":14.25,"angle":405,"type":"block"},{"time":14.5,"angle":405,"type":"block"},{"time":14.75,"angle":405,"type":"block"},{"time":15,"angle":382.5,"type":"block"},{"time":15.25,"angle":360,"type":"block"},{"time":15.5,"angle":360,"type":"block"},{"time":15.75,"angle":360,"type":"block"},{"time":15,"angle":337.5,"type":"block"},{"time":16,"type":"hold","angle2":-45,"angle":180,"duration":2},{"time":18,"type":"hold","angle2":360,"angle":315,"duration":1},{"time":19,"type":"hold","angle2":270,"angle":180,"duration":7},{"time":19,"angle":22.5,"type":"block"},{"time":19.25,"type":"hold","angle2":45,"angle":45,"duration":0.25},{"time":20.75,"angle":67.5,"type":"block"},{"time":20.25,"angle":45,"type":"block"},{"time":22,"angle":67.5,"type":"block"},{"time":22.25,"angle":22.5,"type":"block"},{"time":22.5,"angle":67.5,"type":"block"},{"time":22.75,"angle":90,"type":"block"},{"time":26,"type":"hold","angle2":315,"angle":270,"duration":1},{"time":27,"type":"hold","angle2":202.5,"angle":315,"duration":5},{"time":20,"angle":0,"type":"extraTap"},{"time":22,"angle":0,"type":"extraTap"},{"time":24,"angle":0,"type":"extraTap"},{"time":25.25,"angle":360,"type":"extraTap"},{"time":26,"angle":0,"type":"extraTap"},{"time":27,"angle":157.5,"type":"block"},{"time":27.25,"type":"hold","angle2":90,"angle":112.5,"duration":0.25},{"time":28.25,"angle":67.5,"type":"block"},{"time":28.75,"angle":112.5,"type":"block"},{"time":28,"angle":360,"type":"extraTap"},{"time":30,"angle":360,"type":"extraTap"},{"time":32,"angle":360,"type":"extraTap"},{"time":34,"angle":360,"type":"extraTap"},{"time":33.25,"angle":0,"type":"extraTap"},{"time":30,"angle":22.5,"type":"block"},{"time":30.5,"angle":45,"type":"block"},{"time":30.25,"angle":90,"type":"block"},{"time":30.75,"angle":67.5,"type":"block"},{"time":32,"type":"hold","angle2":382.5,"angle":202.5,"duration":2},{"time":34,"type":"hold","angle2":0,"angle":22.5,"duration":1},{"time":35,"type":"hold","angle2":247.5,"angle":0,"duration":7},{"time":35,"type":"hold","angle2":180,"angle":180,"duration":0},{"time":35.25,"type":"hold","angle2":225,"angle":225,"duration":0},{"time":35.5,"type":"hold","angle2":202.5,"angle":202.5,"duration":0},{"time":36,"angle":0,"type":"extraTap"},{"time":38,"angle":0,"type":"extraTap"},{"time":40,"angle":360,"type":"extraTap"},{"time":41.25,"angle":360,"type":"extraTap"},{"time":42,"angle":360,"type":"extraTap"},{"time":36.25,"type":"hold","angle2":270,"angle":270,"duration":0},{"time":36.75,"type":"hold","angle2":225,"angle":225,"duration":0},{"time":38,"type":"hold","angle2":247.5,"angle":247.5,"duration":0},{"time":38.25,"type":"hold","angle2":292.5,"angle":292.5,"duration":0},{"time":38.5,"type":"hold","angle2":315,"angle":315,"duration":0},{"time":38.75,"type":"hold","angle2":292.5,"angle":292.5,"duration":0},{"time":42,"type":"hold","angle2":337.5,"angle":247.5,"duration":1},{"time":43,"type":"hold","angle2":270,"angle":337.5,"duration":5},{"time":48,"type":"hold","angle2":135,"angle":270,"duration":2},{"time":50,"type":"hold","angle2":180,"angle":135,"duration":1},{"time":43,"type":"hold","angle2":135,"angle":135,"duration":0},{"time":43.25,"type":"hold","angle2":112.5,"angle":112.5,"duration":0},{"time":43.5,"type":"hold","angle2":157.5,"angle":157.5,"duration":0},{"time":44,"angle":0,"type":"extraTap"},{"time":44.25,"type":"hold","angle2":157.5,"angle":157.5,"duration":0},{"time":44.75,"type":"hold","angle2":90,"angle":90,"duration":0},{"time":46,"type":"hold","angle2":90,"angle":90,"duration":0},{"time":46.25,"type":"hold","angle2":112.5,"angle":112.5,"duration":0},{"time":46.5,"type":"hold","angle2":90,"angle":90,"duration":0},{"time":46.75,"type":"hold","angle2":112.5,"angle":112.5,"duration":0},{"time":46,"angle":360,"type":"extraTap"},{"time":48,"angle":360,"type":"extraTap"},{"time":49.25,"angle":360,"type":"extraTap"},{"time":50,"angle":360,"type":"extraTap"},{"time":51,"type":"hold","angle2":405,"angle":315,"duration":0.5},{"time":52,"angle":45,"type":"block"},{"time":52.75,"angle":202.5,"type":"block"},{"time":52.333332061768,"angle":292.5,"type":"block"},{"time":53,"angle":135,"type":"block"},{"time":53.25,"angle":135,"type":"block"},{"time":53.5,"type":"hold","angle2":90,"angle":90,"duration":0},{"time":54,"angle":45,"type":"block"},{"time":54.25,"angle":22.5,"type":"block"},{"time":54.5,"angle":315,"type":"block"},{"time":54.75,"angle":337.5,"type":"block"},{"time":55,"type":"hold","angle2":180,"angle":0,"duration":0.5},{"time":55.75,"angle":270,"type":"block"},{"time":56,"type":"hold","angle2":450,"angle":270,"duration":0.625},{"duration":0.41666665673256,"time":56.625,"holdEase":"outExpo","angle2":270,"angle":90,"type":"hold"},{"time":57.333332061768,"angle":270,"type":"block"},{"time":57.75,"angle":337.5,"type":"block"},{"time":58,"type":"hold","angle2":360,"angle":292.5,"duration":0.25000008940697},{"time":58.5,"type":"hold","angle2":0,"angle":67.5,"duration":0.25000008940697},{"time":59,"angle":0,"type":"block"},{"time":59.25,"angle":0,"type":"block"},{"time":59.5,"type":"hold","angle2":-180,"angle":0,"duration":0.50000011920929},{"time":60.416667938232,"angle":180,"type":"block"},{"time":60.75,"angle":180,"type":"block"},{"time":61,"angle":135,"type":"block"},{"time":61.25,"angle":112.5,"type":"block"},{"time":61.5,"type":"hold","angle2":0,"angle":90,"duration":0.50000011920929},{"time":62.000003814697,"type":"hold","angle2":315,"angle":360,"duration":0.33333343267441},{"time":62.333332061768,"type":"hold","angle2":405,"angle":315,"duration":0.25000008940697},{"time":62.583332061768,"type":"hold","angle2":-45,"angle":45,"duration":0.25000008940697},{"time":62.833332061768,"type":"hold","angle2":360,"angle":315,"duration":0.25000008940697},{"time":63.5,"angle":360,"type":"block"},{"time":63.833332061768,"angle":315,"type":"block"},{"time":64.083335876465,"angle":292.5,"type":"block"},{"duration":0.5,"time":64.583335876465,"holdEase":"outExpo","angle2":180,"angle":270,"type":"hold"},{"time":65.41667175293,"type":"hold","angle2":180,"angle":180,"duration":0},{"time":65.833335876465,"angle":135,"type":"block"},{"time":66.083335876465,"angle":112.5,"type":"block"},{"time":66.25,"angle":90,"type":"block"},{"time":66.5,"angle":67.5,"type":"block"},{"time":66.75,"angle":45,"type":"block"},{"duration":1,"time":67.083335876465,"holdEase":"inExpo","angle2":-90,"angle":0,"type":"hold"},{"time":68.416664123535,"angle":247.5,"type":"block"},{"time":68.75,"angle":202.5,"type":"block"},{"time":69.083335876465,"type":"hold","angle2":202.5,"angle":135,"duration":0.25000008940697},{"time":69.583335876465,"type":"hold","angle2":270,"angle":270,"duration":0.50000011920929},{"time":70.25,"angle":292.5,"type":"block"},{"time":70.5,"angle":315,"type":"block"},{"time":70.75,"angle":0,"type":"block"},{"duration":0.50000011920929,"time":71,"holdEase":"outExpo","angle2":472.5,"angle":360,"type":"hold"},{"time":71.75,"angle":67.5,"type":"block"},{"duration":0.50000011920929,"time":72,"holdEase":"outBack","angle2":270,"angle":157.5,"type":"hold"},{"duration":0.50000011920929,"time":72.5,"holdEase":"outCubic","angle2":360,"angle":270,"type":"hold"},{"time":73.416664123535,"type":"hold","angle2":337.5,"angle":337.5,"duration":0},{"time":73.833335876465,"type":"hold","angle2":22.5,"angle":22.5,"duration":0},{"time":74,"type":"hold","angle2":-67.5,"angle":0,"duration":0.25000008940697},{"time":74.500007629395,"type":"hold","angle2":225,"angle":180,"duration":0.25000008940697},{"time":75,"type":"hold","angle2":270,"angle":270,"duration":0},{"time":75.333335876465,"angle":270,"type":"block"},{"duration":0.50000011920929,"time":75.58332824707,"holdEase":"inCubic","angle2":360,"angle":270,"type":"hold"},{"time":76.416664123535,"type":"hold","angle2":405,"angle":405,"duration":0},{"time":76.750007629395,"type":"hold","angle2":337.5,"angle":337.5,"duration":0},{"time":77.083335876465,"angle":0,"type":"block"},{"time":77.333335876465,"angle":337.5,"type":"block"},{"time":77.583335876465,"angle":22.5,"type":"block"},{"time":78.083335876465,"angle":292.5,"type":"block"},{"time":78.333335876465,"angle":315,"type":"block"},{"time":78.583335876465,"angle":337.5,"type":"block"},{"duration":3.1666665077209,"time":78.833335876465,"holdEase":"inOutCubic","angle2":180,"angle":360,"type":"hold"},{"time":82.333335876465,"type":"hold","angle2":180,"angle":180,"duration":0},{"time":82.583335876465,"angle":135,"type":"block"},{"time":82.833335876465,"type":"hold","angle2":180,"angle":180,"duration":0},{"time":83,"angle":180,"type":"block"},{"time":83.5,"angle":225,"type":"block"},{"time":83.25,"angle":135,"type":"block"},{"time":84,"angle":292.5,"type":"extraTap"},{"time":84.25,"angle":67.5,"type":"block"},{"time":84.75,"angle":0,"type":"block"},{"time":86.25,"angle":292.5,"type":"block"},{"time":86,"angle":270,"type":"block"},{"time":86.5,"angle":225,"type":"block"},{"time":86.75,"angle":270,"type":"block"},{"time":87.25,"angle":427.5,"type":"block"},{"time":87.75,"angle":105,"type":"block"},{"time":87.5,"angle":405,"type":"block"},{"time":88.25,"angle":45,"type":"block"},{"time":88.5,"angle":360,"type":"block"},{"time":88.75,"angle":22.5,"type":"block"},{"time":89.25,"angle":337.5,"type":"block"},{"time":89.5,"angle":315,"type":"block"},{"time":89.75,"angle":337.5,"type":"block"},{"time":90,"angle":292.5,"type":"block"},{"time":90.25,"angle":247.5,"type":"block"},{"time":90.5,"angle":270,"type":"block"},{"time":90.75,"angle":247.5,"type":"block"},{"time":91,"angle":180,"type":"block"},{"time":91.25,"type":"hold","angle2":180,"angle":135,"duration":0.25},{"time":86,"angle":360,"type":"extraTap"},{"time":88,"angle":360,"type":"extraTap"},{"time":89.25,"angle":360,"type":"extraTap"},{"time":90,"angle":360,"type":"extraTap"},{"time":92,"angle":360,"type":"extraTap"},{"time":92.25,"angle":315,"type":"block"},{"time":92.75,"angle":360,"type":"block"},{"time":94,"angle":360,"type":"extraTap"},{"time":94,"angle":22.5,"type":"block"},{"time":94.25,"angle":0,"type":"block"},{"time":94.5,"angle":315,"type":"block"},{"time":94.75,"angle":292.5,"type":"block"},{"time":95.25,"angle":360,"type":"block"},{"time":95.5,"angle":22.5,"type":"block"},{"time":95.75,"angle":0,"type":"block"},{"time":96,"angle":360,"type":"extraTap"},{"time":96.25,"angle":180,"type":"block"},{"time":96.5,"angle":202.5,"type":"block"},{"time":96.75,"angle":180,"type":"block"},{"time":97.25,"angle":360,"type":"extraTap"},{"time":98,"angle":360,"type":"extraTap"},{"time":97.25,"angle":90,"type":"block"},{"time":97.5,"angle":112.5,"type":"block"},{"time":97.75,"angle":135,"type":"block"},{"time":98,"angle":90,"type":"block"},{"time":98.5,"angle":67.5,"type":"block"},{"time":98.75,"angle":45,"type":"block"},{"time":99,"angle":0,"type":"block"},{"time":99.25,"type":"hold","angle2":225,"angle":337.5,"duration":0.25},{"time":100,"angle":360,"type":"extraTap"},{"time":100.25,"type":"hold","angle2":315,"angle":202.5,"duration":0.5},{"time":102,"angle":360,"type":"extraTap"},{"time":102,"type":"hold","angle2":337.5,"angle":337.5,"duration":0.25},{"time":102.5,"type":"hold","angle2":22.5,"angle":22.5,"duration":0.25},{"time":104,"angle":360,"type":"extraTap"},{"time":103.25,"angle":337.5,"type":"block"},{"time":103.5,"angle":315,"type":"block"},{"time":103.75,"angle":292.5,"type":"block"},{"time":104.25,"angle":157.5,"type":"block"},{"time":104.5,"angle":135,"type":"block"},{"time":104.75,"angle":112.5,"type":"block"},{"time":105.25,"angle":22.5,"type":"block"},{"time":105.5,"angle":0,"type":"block"},{"time":105.75,"angle":337.5,"type":"block"},{"time":106,"angle":22.5,"type":"block"},{"time":106.25,"angle":45,"type":"block"},{"time":106.5,"angle":67.5,"type":"block"},{"time":106.75,"angle":90,"type":"block"},{"time":105.25,"angle":360,"type":"extraTap"},{"time":106,"angle":360,"type":"extraTap"},{"time":107,"angle":157.5,"type":"block"},{"time":107.25,"type":"hold","angle2":270,"angle":180,"duration":0.25},{"time":108,"angle":360,"type":"extraTap"},{"time":108.25,"type":"hold","angle2":315,"angle":315,"duration":0},{"time":108.75,"type":"hold","angle2":45,"angle":45,"duration":0},{"time":110,"angle":360,"type":"extraTap"},{"time":110,"type":"hold","angle2":315,"angle":315,"duration":0},{"time":110.25,"type":"hold","angle2":270,"angle":270,"duration":0},{"time":110.5,"type":"hold","angle2":225,"angle":225,"duration":0},{"time":110.75,"type":"hold","angle2":180,"angle":180,"duration":0},{"time":112,"angle":360,"type":"extraTap"},{"time":111.25,"angle":90,"type":"block"},{"time":111.5,"angle":90,"type":"block"},{"time":111.75,"angle":90,"type":"block"},{"time":112.25,"angle":270,"type":"block"},{"time":112.5,"angle":270,"type":"block"},{"time":112.75,"angle":270,"type":"block"},{"time":113.75,"angle":360,"type":"block"},{"time":113.25,"angle":360,"type":"block"},{"time":113.5,"angle":0,"type":"block"},{"time":113.25,"angle":382.5,"type":"extraTap"},{"time":115,"type":"block","angle":345,"tap":true},{"time":115,"type":"block","angle":15,"tap":true},{"time":115.75,"type":"block","angle":255,"tap":true},{"time":115.75,"type":"block","angle":-75,"tap":true},{"time":116.5,"type":"block","angle":480,"tap":true},{"time":116.5,"type":"block","angle":150,"tap":true},{"time":117.25,"type":"block","angle":15,"tap":true},{"time":117.25,"type":"block","angle":45,"tap":true},{"time":117.75,"type":"block","angle":195,"tap":true},{"time":117.75,"type":"block","angle":225,"tap":true},{"time":118.5,"type":"block","angle":480,"tap":true},{"time":118.5,"type":"block","angle":150,"tap":true},{"time":119,"type":"block","angle":360,"tap":true},{"time":119,"type":"block","angle":30,"tap":true},{"time":119.75,"type":"block","angle":300,"tap":true},{"time":119.75,"type":"block","angle":-30,"tap":true},{"time":120.25,"type":"block","angle":187.5,"tap":true},{"time":120.25,"type":"block","angle":-142.5,"tap":true},{"time":121,"type":"block","angle":30,"tap":true},{"time":121,"type":"block","angle":-300,"tap":true},{"time":121.5,"type":"block","angle":255,"tap":true},{"time":121.5,"type":"block","angle":-75,"tap":true},{"time":122.25,"angle":270,"type":"block"},{"duration":0.25,"type":"hold","angle2":360,"angle":270,"time":122.5},{"time":123,"type":"block","angle":345,"tap":true},{"time":123,"type":"block","angle":15,"tap":true},{"time":123.75,"type":"block","angle":97.5,"tap":true},{"time":123.75,"type":"block","angle":-232.5,"tap":true},{"time":124.5,"type":"block","angle":300,"tap":true},{"time":124.5,"type":"block","angle":-30,"tap":true},{"time":125.25,"type":"block","angle":97.5,"tap":true},{"time":125.25,"type":"block","angle":-232.5,"tap":true},{"time":125.75,"type":"block","angle":232.5,"tap":true},{"time":125.75,"type":"block","angle":-97.5,"tap":true},{"time":126.5,"type":"block","angle":390,"tap":true},{"time":126.5,"type":"block","angle":60,"tap":true},{"time":127,"type":"block","angle":300,"tap":true},{"time":127,"type":"block","angle":-30,"tap":true},{"time":127.75,"type":"block","angle":165,"tap":true},{"time":127.75,"type":"block","angle":-165,"tap":true},{"time":128.25,"type":"block","angle":75,"tap":true},{"time":128.25,"type":"block","angle":-255,"tap":true},{"time":129,"type":"block","angle":277.5,"tap":true},{"time":129,"type":"block","angle":-52.5,"tap":true},{"time":129.5,"type":"block","angle":7.5,"tap":true},{"time":129.5,"type":"block","angle":-322.5,"tap":true},{"time":130.25,"angle":22.5,"type":"block"},{"time":130.5,"type":"hold","angle2":-67.5,"angle":22.5,"duration":0.25},{"time":131,"type":"block","angle":277.5,"tap":true},{"time":131,"type":"block","angle":-52.5,"tap":true},{"time":131.75,"type":"block","angle":345,"tap":true},{"time":131.75,"type":"block","angle":15,"tap":true},{"time":132.5,"type":"block","angle":187.5,"tap":true},{"time":132.5,"type":"block","angle":-142.5,"tap":true},{"time":133.25,"type":"block","angle":390,"tap":true},{"time":133.25,"type":"block","angle":60,"tap":true},{"time":133.75,"type":"block","angle":120,"tap":true},{"time":133.75,"type":"block","angle":-210,"tap":true},{"time":134.5,"type":"block","angle":300,"tap":true},{"time":134.5,"type":"block","angle":-30,"tap":true},{"time":135,"type":"block","angle":30,"tap":true},{"time":135,"type":"block","angle":-300,"tap":true},{"time":135.75,"type":"block","angle":277.5,"tap":true},{"time":135.75,"type":"block","angle":-52.5,"tap":true},{"time":136.25,"type":"block","angle":120,"tap":true},{"time":136.25,"type":"block","angle":-210,"tap":true},{"time":137,"type":"block","angle":30,"tap":true},{"time":137,"type":"block","angle":-300,"tap":true},{"time":137.5,"type":"block","angle":300,"tap":true},{"time":137.5,"type":"block","angle":-30,"tap":true},{"time":138.25,"angle":315,"type":"block"},{"duration":0.25,"type":"hold","angle2":202.5,"angle":315,"time":138.5},{"time":139,"type":"block","angle":187.5,"tap":true},{"time":139,"type":"block","angle":-142.5,"tap":true},{"time":139.75,"type":"block","angle":75,"tap":true},{"time":139.75,"type":"block","angle":-255,"tap":true},{"time":140.5,"type":"block","angle":300,"tap":true},{"time":140.5,"type":"block","angle":-30,"tap":true},{"time":141.25,"type":"block","angle":120,"tap":true},{"time":141.25,"type":"block","angle":-210,"tap":true},{"time":141.75,"type":"block","angle":30,"tap":true},{"time":141.75,"type":"block","angle":-300,"tap":true},{"time":142.5,"type":"block","angle":255,"tap":true},{"time":142.5,"type":"block","angle":-75,"tap":true},{"time":143,"type":"block","angle":367.5,"tap":true},{"time":143,"type":"block","angle":37.5,"tap":true},{"time":143.75,"type":"block","angle":277.5,"tap":true},{"time":143.75,"type":"block","angle":-52.5,"tap":true},{"time":144.25,"type":"block","angle":7.5,"tap":true},{"time":144.25,"type":"block","angle":-322.5,"tap":true},{"time":145,"type":"block","angle":75,"tap":true},{"time":145,"type":"block","angle":-255,"tap":true},{"time":145.5,"type":"block","angle":345,"tap":true},{"time":145.5,"type":"block","angle":15,"tap":true},{"time":146.25,"angle":0,"type":"block"},{"time":146.5,"type":"hold","angle2":360,"angle":360,"duration":0.25},{"duration":1,"time":147,"holdEase":"inExpo","angle2":292.5,"angle":360,"type":"hold"},{"time":148.41667175293,"angle":315,"type":"block"},{"time":148.83332824707,"angle":337.5,"type":"block"},{"time":149,"angle":0,"type":"block"},{"time":149.25,"angle":360,"type":"block"},{"time":149.58332824707,"angle":45,"type":"block"},{"time":150,"angle":45,"type":"block"},{"time":150.25001525879,"angle":22.5,"type":"block"},{"time":150.5,"angle":22.5,"type":"block"},{"time":150.83332824707,"angle":0,"type":"block"},{"time":154.08333333333,"angle":180,"type":"block"},{"time":154.33333333333,"angle":180,"type":"block"},{"time":154.58333333333,"angle":180,"type":"block"},{"time":154.83333333333,"angle":180,"type":"block"},{"time":155.08332824707,"angle":180,"type":"block"},{"time":155.5,"angle":202.5,"type":"block"},{"time":156,"angle":247.5,"type":"block"},{"time":156.66667175293,"angle":247.5,"type":"block"},{"time":156.33332824707,"angle":247.5,"type":"block"},{"time":157,"angle":292.5,"type":"block"},{"time":157.25,"angle":315,"type":"block"},{"time":157.5,"angle":360,"type":"block"},{"time":157.99999491374,"angle":22.5,"type":"block"},{"time":158.24999491374,"angle":22.5,"type":"block"},{"time":158.5,"angle":45,"type":"block"},{"time":158.75,"angle":45,"type":"block"},{"time":159,"type":"hold","angle2":112.5,"angle":67.5,"duration":0.50000011920929},{"time":159.75,"angle":112.5,"type":"block"},{"duration":0.50000011920929,"type":"hold","angle2":67.5,"angle":112.5,"time":160},{"time":161,"angle":22.5,"type":"block"},{"time":161.33332824707,"angle":360,"type":"block"},{"time":161.66667175293,"angle":337.5,"type":"block"},{"duration":0.25000008940697,"type":"hold","angle2":360,"angle":315,"time":162},{"time":162.5,"type":"hold","angle2":315,"angle":360,"duration":0.25000008940697},{"time":163,"type":"hold","angle2":292.5,"angle":292.5,"duration":0.50000011920929},{"time":164,"angle":270,"type":"block"},{"time":164.33332824707,"angle":270,"type":"block"},{"time":164.66667175293,"angle":270,"type":"block"},{"time":164.91667175293,"angle":247.5,"type":"block"},{"time":165.25,"angle":225,"type":"block"},{"time":165.5,"angle":202.5,"type":"block"},{"time":166,"angle":180,"type":"block"},{"time":166.25,"angle":157.5,"type":"block"},{"time":166.5,"angle":180,"type":"block"},{"time":166.75,"angle":202.5,"type":"block"},{"duration":0.5,"type":"hold","angle2":202.5,"angle":157.5,"time":167},{"time":167.75,"angle":202.5,"type":"block"},{"duration":0.5,"type":"hold","angle2":157.5,"angle":202.5,"time":168},{"time":169,"angle":135,"type":"block"},{"time":169.33332824707,"angle":112.5,"type":"block"},{"time":169.66667175293,"angle":90,"type":"block"},{"time":170,"angle":67.5,"type":"block"},{"time":170.25,"angle":67.5,"type":"block"},{"time":170.5,"angle":45,"type":"block"},{"time":170.83332824707,"angle":45,"type":"block"},{"time":171.08332824707,"angle":-315,"type":"block"},{"time":171.5,"angle":-337.5,"type":"block"},{"time":172,"angle":-382.5,"type":"block"},{"time":172.66667175293,"angle":-382.5,"type":"block"},{"time":172.33332824707,"angle":-382.5,"type":"block"},{"time":173,"angle":-427.5,"type":"block"},{"time":173.25,"angle":-450,"type":"block"},{"time":173.5,"angle":-495,"type":"block"},{"time":173.99999491374,"angle":-157.5,"type":"block"},{"time":174.24999491374,"angle":-157.5,"type":"block"},{"time":174.5,"angle":-180,"type":"block"},{"time":174.75,"angle":-180,"type":"block"},{"time":175,"type":"hold","angle2":-247.5,"angle":-202.5,"duration":0.50000011920929},{"time":175.75,"angle":-247.5,"type":"block"},{"duration":0.50000011920929,"type":"hold","angle2":-202.5,"angle":-247.5,"time":176},{"time":177,"angle":-157.5,"type":"block"},{"time":177.33332824707,"angle":-495,"type":"block"},{"time":177.66667175293,"angle":-472.5,"type":"block"},{"duration":0.25000008940697,"type":"hold","angle2":-495,"angle":-450,"time":178},{"time":178.5,"type":"hold","angle2":-450,"angle":-495,"duration":0.25000008940697},{"time":179,"angle":270,"type":"block"},{"time":179.5,"angle":270,"type":"block"},{"time":179.25,"angle":270,"type":"block"},{"time":180.25,"angle":270,"type":"block"},{"time":180.75,"angle":270,"type":"block"},{"time":182,"angle":292.5,"type":"block"},{"time":182.25,"angle":270,"type":"block"},{"time":182.5,"angle":247.5,"type":"block"},{"time":182.75,"angle":270,"type":"block"},{"time":187,"angle":360,"type":"block"},{"time":187.5,"angle":360,"type":"block"},{"time":187.25,"angle":360,"type":"block"},{"time":188.25,"angle":360,"type":"block"},{"time":188.75,"angle":360,"type":"block"},{"time":190,"angle":382.5,"type":"block"},{"time":190.25,"angle":360,"type":"block"},{"time":190.5,"angle":337.5,"type":"block"},{"time":190.75,"angle":360,"type":"block"},{"time":195,"angle":-270,"type":"block"},{"time":195.5,"angle":-270,"type":"block"},{"time":195.25,"angle":-270,"type":"block"},{"time":196.25,"angle":-270,"type":"block"},{"time":196.75,"angle":-270,"type":"block"},{"time":198,"angle":-292.5,"type":"block"},{"time":198.25,"angle":-270,"type":"block"},{"time":198.5,"angle":-247.5,"type":"block"},{"time":198.75,"angle":-270,"type":"block"},{"time":203,"angle":180,"type":"block"},{"time":203.5,"angle":180,"type":"block"},{"time":203.25,"angle":180,"type":"block"},{"time":204.25,"angle":180,"type":"block"},{"time":204.75,"angle":180,"type":"block"},{"time":206,"angle":202.5,"type":"block"},{"time":206.25,"angle":180,"type":"block"},{"time":206.5,"angle":157.5,"type":"block"},{"time":206.75,"angle":180,"type":"block"},{"time":207,"angle":0,"type":"extraTap"},{"time":207.75,"angle":0,"type":"extraTap"},{"time":208.5,"angle":0,"type":"extraTap"},{"time":209.25,"angle":0,"type":"extraTap"},{"time":210,"angle":0,"type":"extraTap"},{"time":210.25,"angle":0,"type":"extraTap"},{"time":210.5,"angle":0,"type":"extraTap"},{"time":210.75,"angle":0,"type":"extraTap"},{"time":214,"angle":0,"type":"extraTap"},{"time":214.25,"angle":0,"type":"extraTap"},{"time":214.5,"angle":0,"type":"extraTap"},{"time":214.75,"angle":0,"type":"extraTap"},{"time":215,"angle":337.5,"type":"block"},{"time":215.25,"angle":292.5,"type":"block"},{"time":215.5,"angle":315,"type":"block"},{"time":216.25,"angle":45,"type":"block"},{"time":216.75,"angle":292.5,"type":"block"},{"time":217.5,"angle":0,"type":"block"},{"time":217.75,"angle":315,"type":"block"},{"time":218,"angle":270,"type":"block"},{"time":218.25,"angle":225,"type":"block"},{"time":218.5,"angle":180,"type":"block"},{"time":218.75,"angle":135,"type":"block"},{"time":219,"duration":1,"holdEase":"outBack","angle2":0,"angle":90,"type":"hold"},{"duration":1,"time":222,"holdEase":"inExpo","angle2":315,"angle":427.5,"type":"hold"},{"time":216,"angle":0,"type":"extraTap"},{"time":218,"angle":0,"type":"extraTap"},{"time":220,"angle":0,"type":"extraTap"},{"time":221.25,"angle":0,"type":"extraTap"},{"time":222,"angle":0,"type":"extraTap"},{"time":223.25,"angle":292.5,"type":"block"},{"time":223.5,"angle":202.5,"type":"block"},{"time":224,"angle":0,"type":"extraTap"},{"time":224.25,"angle":45,"type":"block"},{"time":224.75,"angle":292.5,"type":"block"},{"time":226,"angle":0,"type":"extraTap"},{"time":226,"angle":67.5,"type":"block"},{"time":226.25,"angle":157.5,"type":"block"},{"time":226.5,"angle":202.5,"type":"block"},{"time":226.75,"angle":337.5,"type":"block"},{"time":227.25,"angle":22.5,"type":"block"},{"time":227.5,"angle":360,"type":"block"},{"time":227.75,"angle":337.5,"type":"block"},{"time":228,"angle":315,"type":"block"},{"time":228.25,"angle":270,"type":"block"},{"time":228.5,"angle":247.5,"type":"block"},{"time":228.75,"angle":225,"type":"block"},{"time":229,"angle":202.5,"type":"block"},{"time":229.25,"angle":157.5,"type":"block"},{"time":229.5,"angle":135,"type":"block"},{"time":229.75,"angle":112.5,"type":"block"},{"time":230,"angle":90,"type":"block"},{"time":230.25,"angle":45,"type":"block"},{"time":230.5,"angle":22.5,"type":"block"},{"time":230.75,"angle":360,"type":"block"},{"time":231,"angle":315,"type":"block"},{"time":231.25,"angle":22.5,"type":"block"},{"time":231.5,"angle":135,"type":"block"},{"time":232,"angle":0,"type":"extraTap"},{"time":232.25,"angle":90,"type":"block"},{"time":232.75,"angle":337.5,"type":"block"},{"time":233.5,"angle":225,"type":"block"},{"time":233.75,"angle":247.5,"type":"block"},{"time":234,"angle":270,"type":"block"},{"time":234.25,"angle":292.5,"type":"block"},{"time":234.5,"angle":315,"type":"block"},{"time":234.75,"angle":337.5,"type":"block"},{"time":234,"angle":0,"type":"extraTap"},{"time":228,"angle":0,"type":"extraTap"},{"time":229.5,"angle":0,"type":"extraTap"},{"duration":1,"time":235,"holdEase":"outBack","angle2":157.5,"angle":0,"type":"hold"},{"time":236,"angle":0,"type":"extraTap"},{"time":237.25,"angle":0,"type":"extraTap"},{"time":238,"angle":0,"type":"extraTap"},{"duration":1,"time":238,"holdEase":"inExpo","angle2":180,"angle":337.5,"type":"hold"},{"time":239.25,"angle":157.5,"type":"block"},{"time":239.5,"angle":225,"type":"block"},{"time":240,"angle":0,"type":"extraTap"},{"time":240.25,"angle":315,"type":"block"},{"time":240.75,"angle":90,"type":"block"},{"time":242,"angle":0,"type":"extraTap"},{"time":242,"angle":315,"type":"block"},{"time":242.25,"angle":202.5,"type":"block"},{"time":242.5,"angle":90,"type":"block"},{"time":242.75,"angle":157.5,"type":"block"},{"time":243.25,"angle":67.5,"type":"block"},{"time":243.5,"angle":22.5,"type":"block"},{"time":243.75,"angle":337.5,"type":"block"},{"time":244,"angle":292.5,"type":"block"},{"time":244.25,"angle":247.5,"type":"block"},{"time":244.5,"angle":315,"type":"block"},{"time":244.75,"angle":22.5,"type":"block"},{"time":245,"angle":90,"type":"block"},{"time":245.25,"angle":157.5,"type":"block"},{"time":245.5,"angle":225,"type":"block"},{"time":245.75,"angle":292.5,"type":"block"},{"time":246,"angle":0,"type":"block"},{"time":246.25,"angle":0,"type":"block"},{"time":246.5,"angle":0,"type":"block"},{"time":246.75,"angle":0,"type":"block"},{"time":244,"angle":0,"type":"extraTap"},{"time":245.5,"angle":0,"type":"extraTap"},{"time":247.25,"angle":315,"type":"block"},{"time":247.5,"angle":247.5,"type":"block"},{"duration":0.25,"time":248.5,"holdEase":"inExpo","angle2":157.5,"angle":67.5,"type":"hold"},{"time":249,"angle":225,"type":"block"},{"duration":0.75,"time":249.5,"holdEase":"inExpo","angle2":495,"angle":292.5,"type":"hold"},{"time":250.75,"angle":67.5,"type":"block"},{"time":251.25,"angle":292.5,"type":"block"},{"time":251.5,"angle":22.5,"type":"block"},{"time":252.5,"angle":337.5,"type":"block"},{"time":252.75,"angle":270,"type":"block"},{"time":253,"duration":0.5,"holdEase":"outBack","angle2":135,"angle":22.5,"type":"hold"},{"time":254.25,"angle":225,"type":"block"},{"time":254.75,"angle":0,"type":"inverse"},{"time":255,"angle":337.5,"type":"inverse"},{"time":255.25,"angle":315,"type":"block"},{"time":255.5,"angle":247.5,"type":"block"},{"time":256.5,"angle":112.5,"type":"block"},{"time":256.75,"angle":247.5,"type":"block"},{"time":257,"duration":0.5,"holdEase":"outCirc","angle2":135,"angle":292.5,"type":"hold"},{"time":258.25,"angle":45,"type":"block"},{"time":258.75,"angle":225,"type":"block"},{"time":259.25,"angle":337.5,"type":"block"},{"time":259.5,"angle":45,"type":"block"},{"time":260.5,"angle":270,"type":"block"},{"time":260.75,"angle":202.5,"type":"block"},{"duration":0.5,"time":261,"holdEase":"inCirc","angle2":-45,"angle":157.5,"type":"hold"},{"time":262.25,"angle":157.5,"type":"block"},{"time":262.75,"angle":90,"type":"block"},{"time":263,"angle":45,"type":"block"},{"time":263.25,"angle":0,"type":"block"},{"time":263.5,"angle":292.5,"type":"block"},{"time":264.5,"angle":135,"type":"block"},{"time":264.75,"angle":202.5,"type":"block"},{"time":265,"duration":0.5,"holdEase":"inExpo","angle2":382.5,"angle":247.5,"type":"hold"},{"time":266.25,"angle":337.5,"type":"block"},{"time":266.75,"angle":202.5,"type":"block"},{"time":267,"angle":157.5,"type":"block"},{"time":267.25,"angle":112.5,"type":"block"},{"time":267.5,"angle":157.5,"type":"block"},{"time":268.5,"angle":292.5,"type":"block"},{"time":268.75,"angle":22.5,"type":"block"},{"time":269,"duration":0.5,"holdEase":"inQuint","angle2":202.5,"angle":337.5,"type":"hold"},{"time":270.25,"angle":45,"type":"block"},{"time":270.75,"angle":67.5,"type":"inverse"},{"time":271,"angle":112.5,"type":"inverse"},{"time":271.25,"angle":157.5,"type":"block"},{"time":271.5,"angle":202.5,"type":"block"},{"time":272.5,"angle":337.5,"type":"block"},{"time":272.75,"angle":292.5,"type":"block"},{"duration":0.5,"time":273,"holdEase":"outQuart","angle2":45,"angle":247.5,"type":"hold"},{"time":274.25,"angle":315,"type":"block"},{"time":274.75,"angle":247.5,"type":"block"},{"time":275.25,"angle":135,"type":"block"},{"time":275.5,"angle":180,"type":"block"},{"time":276.5,"angle":247.5,"type":"block"},{"time":276.75,"angle":292.5,"type":"block"},{"duration":0.5,"time":277,"holdEase":"outBack","angle2":517.5,"angle":360,"type":"hold"},{"time":278.25,"angle":292.5,"type":"block"},{"time":278.75,"angle":360,"type":"block"},{"duration":1,"type":"hold","angle2":360,"angle":360,"time":279},{"duration":1,"type":"hold","angle2":0,"angle":0,"time":280},{"duration":1,"type":"hold","angle2":360,"angle":360,"time":281},{"time":282,"type":"hold","angle2":360,"angle":360,"duration":1},{"time":283.5,"angle":360,"type":"block"},{"time":284,"angle":270,"type":"block"},{"time":284.5,"angle":270,"type":"block"},{"time":285,"angle":90,"type":"block"},{"time":285.5,"angle":90,"type":"block"},{"time":286,"angle":180,"type":"block"},{"time":286.5,"angle":180,"type":"block"},{"duration":1,"type":"hold","angle2":0,"angle":90,"time":287},{"time":288,"type":"hold","angle2":-90,"angle":0,"duration":1},{"time":289,"type":"hold","angle2":180,"angle":270,"duration":1},{"duration":1,"type":"hold","angle2":90,"angle":180,"time":290},{"time":291.5,"angle":90,"type":"block"},{"time":292,"angle":360,"type":"block"},{"time":292.58334350586,"angle":0,"type":"block"},{"time":293,"angle":270,"type":"block"},{"time":293.41665649414,"angle":225,"type":"block"},{"time":293.83334350586,"angle":180,"type":"block"},{"time":294.08334350586,"angle":90,"type":"block"},{"time":294.41665649414,"angle":45,"type":"block"},{"time":294.83334350586,"angle":0,"type":"block"},{"time":295,"type":"hold","angle2":0,"angle":0,"duration":1},{"time":296,"type":"hold","angle2":22.5,"angle":22.5,"duration":1},{"time":297,"type":"hold","angle2":45,"angle":45,"duration":1},{"time":298,"type":"hold","angle2":67.5,"angle":67.5,"duration":1},{"time":299,"type":"hold","angle2":157.5,"angle":90,"duration":0.5},{"time":300,"type":"hold","angle2":270,"angle":225,"duration":0.5},{"time":301,"type":"hold","angle2":382.5,"angle":337.5,"duration":0.5},{"time":302,"type":"hold","angle2":112.5,"angle":67.5,"duration":0.5},{"duration":1,"type":"hold","angle2":360,"angle":180,"time":303},{"duration":1,"type":"hold","angle2":540,"angle":360,"time":304},{"duration":1,"type":"hold","angle2":0,"angle":180,"time":305},{"time":306,"type":"hold","angle2":-180,"angle":0,"duration":1},{"time":307.375,"angle":180,"type":"block"},{"time":307.75,"angle":157.5,"type":"block"},{"time":308,"angle":135,"type":"block"},{"time":308.375,"angle":112.5,"type":"block"},{"time":308.625,"angle":90,"type":"block"},{"time":309,"angle":67.5,"type":"block"},{"time":309.375,"angle":45,"type":"block"},{"time":309.625,"angle":22.5,"type":"block"},{"time":310,"angle":0,"type":"block"},{"time":310.375,"angle":337.5,"type":"block"},{"time":310.75,"angle":315,"type":"block"},{"time":311,"duration":1,"holdEase":"outBack","angle2":202.5,"angle":270,"type":"hold"},{"time":312,"duration":1,"holdEase":"outBack","angle2":135,"angle":202.5,"type":"hold"},{"time":313,"duration":1,"holdEase":"outBack","angle2":90,"angle":135,"type":"hold"},{"time":314,"duration":1,"holdEase":"outBack","angle2":45,"angle":90,"type":"hold"},{"time":315.5,"angle":330,"type":"block"},{"time":316,"angle":240,"type":"block"},{"time":316.5,"angle":120,"type":"block"},{"time":317,"angle":30,"type":"block"},{"time":317.5,"angle":120,"type":"block"},{"time":318,"angle":210,"type":"block"},{"time":318.5,"angle":330,"type":"block"},{"time":319,"angle":330,"type":"block"},{"time":319.1875,"angle":315,"type":"block"},{"time":319.3125,"angle":300,"type":"block"},{"time":319.4375,"angle":285,"type":"block"},{"time":320,"angle":180,"type":"block"},{"time":320.1875,"angle":165,"type":"block"},{"time":320.3125,"angle":150,"type":"block"},{"time":320.4375,"angle":135,"type":"block"},{"time":321,"angle":-360,"type":"block"},{"time":321.1875,"angle":-345,"type":"block"},{"time":321.3125,"angle":-330,"type":"block"},{"time":321.4375,"angle":-315,"type":"block"},{"time":322,"angle":-255,"type":"block"},{"time":322.1875,"angle":-240,"type":"block"},{"time":322.3125,"angle":-225,"type":"block"},{"time":322.4375,"angle":-210,"type":"block"},{"time":323,"type":"hold","angle2":345,"angle":345,"duration":0.5},{"time":324,"type":"hold","angle2":315,"angle":315,"duration":0.5},{"time":325,"angle":150,"type":"block"},{"time":325.41665649414,"angle":105,"type":"block"},{"time":325.83334350586,"angle":60,"type":"block"},{"time":326.08334350586,"angle":-30,"type":"block"},{"time":326.41665649414,"angle":-75,"type":"block"},{"time":326.83334350586,"angle":-120,"type":"block"},{"time":327,"duration":1,"holdEase":"inExpo","angle2":135,"angle":225,"type":"hold"},{"time":328,"duration":1,"holdEase":"inExpo","angle2":45,"angle":135,"type":"hold"},{"time":329,"duration":1,"holdEase":"inExpo","angle2":-45,"angle":45,"type":"hold"},{"time":330,"duration":1,"holdEase":"inExpo","angle2":225,"angle":315,"type":"hold"},{"time":331.5,"angle":120,"type":"block"},{"time":332,"angle":45,"type":"block"},{"time":332.5,"angle":315,"type":"block"},{"time":333,"angle":225,"type":"block"},{"time":333.5,"angle":345,"type":"block"},{"time":334,"angle":75,"type":"block"},{"time":334.5,"angle":165,"type":"block"},{"time":335,"angle":-90,"type":"block"},{"time":335.1875,"angle":-75,"type":"block"},{"time":335.3125,"angle":-60,"type":"block"},{"time":335.4375,"angle":-45,"type":"block"},{"time":336,"angle":60,"type":"block"},{"time":336.1875,"angle":75,"type":"block"},{"time":336.3125,"angle":90,"type":"block"},{"time":336.4375,"angle":105,"type":"block"},{"time":337,"angle":600,"type":"block"},{"time":337.1875,"angle":585,"type":"block"},{"time":337.3125,"angle":570,"type":"block"},{"time":337.4375,"angle":555,"type":"block"},{"time":338,"angle":495,"type":"block"},{"time":338.1875,"angle":480,"type":"block"},{"time":338.3125,"angle":465,"type":"block"},{"time":338.4375,"angle":450,"type":"block"},{"time":339,"angle":60,"type":"block"},{"time":339.25,"angle":45,"type":"block"},{"time":339.5,"angle":30,"type":"block"},{"time":340,"angle":300,"type":"block"},{"time":340.25,"angle":315,"type":"block"},{"time":339.75,"angle":15,"type":"block"},{"time":340.5,"angle":330,"type":"block"},{"time":341.25,"angle":45,"type":"block"},{"time":341.5,"angle":30,"type":"block"},{"time":341.75,"angle":15,"type":"block"},{"time":341,"angle":60,"type":"block"},{"time":340.75,"angle":345,"type":"block"},{"time":342,"angle":300,"type":"block"},{"time":342.25,"angle":315,"type":"block"},{"time":342.5,"angle":330,"type":"block"},{"time":342.75,"angle":345,"type":"block"},{"time":344,"angle":360,"type":"extraTap"},{"time":343,"type":"hold","angle2":0,"angle":180,"duration":7},{"time":343,"angle":0,"type":"block"},{"time":343.25,"angle":15,"type":"block"},{"time":343.5,"angle":345,"type":"block"},{"time":344.25,"angle":315,"type":"block"},{"time":344.75,"angle":345,"type":"block"},{"time":346,"angle":360,"type":"extraTap"},{"time":346,"angle":315,"type":"block"},{"time":346.25,"angle":285,"type":"block"},{"time":346.5,"angle":255,"type":"block"},{"time":346.75,"angle":300,"type":"block"},{"time":348,"angle":360,"type":"extraTap"},{"time":349.25,"angle":360,"type":"extraTap"},{"time":350,"angle":15,"type":"extraTap"},{"time":350,"type":"hold","angle2":420,"angle":360,"duration":1},{"time":351,"type":"hold","angle2":120,"angle":60,"duration":5},{"time":351,"angle":255,"type":"block"},{"time":351.25,"angle":285,"type":"block"},{"time":351.5,"angle":255,"type":"block"},{"time":352,"angle":360,"type":"extraTap"},{"time":352.25,"angle":240,"type":"block"},{"time":352.75,"angle":300,"type":"block"},{"time":354,"angle":360,"type":"extraTap"},{"time":354,"angle":315,"type":"block"},{"time":354.5,"angle":330,"type":"block"},{"time":354.25,"angle":300,"type":"block"},{"time":354.75,"angle":300,"type":"block"},{"time":356,"type":"hold","angle2":225,"angle":120,"duration":2},{"time":358,"type":"hold","angle2":150,"angle":225,"duration":1},{"time":359,"type":"hold","angle2":75,"angle":150,"duration":7},{"time":356,"angle":360,"type":"extraTap"},{"time":357.25,"angle":360,"type":"extraTap"},{"time":358,"angle":360,"type":"extraTap"},{"time":359,"type":"hold","angle2":345,"angle":345,"duration":0},{"time":359.25,"type":"hold","angle2":315,"angle":315,"duration":0},{"time":359.5,"type":"hold","angle2":-15,"angle":-15,"duration":0},{"time":360,"angle":360,"type":"extraTap"},{"time":360.25,"type":"hold","angle2":330,"angle":330,"duration":0},{"time":360.75,"type":"hold","angle2":300,"angle":300,"duration":0},{"time":362,"angle":360,"type":"extraTap"},{"time":362,"type":"hold","angle2":300,"angle":300,"duration":0},{"time":362.25,"type":"hold","angle2":315,"angle":315,"duration":0},{"time":362.5,"type":"hold","angle2":285,"angle":285,"duration":0},{"time":362.75,"type":"hold","angle2":315,"angle":315,"duration":0},{"time":364,"angle":360,"type":"extraTap"},{"time":365.25,"angle":360,"type":"extraTap"},{"time":366,"angle":360,"type":"extraTap"},{"time":366,"type":"hold","angle2":15,"angle":75,"duration":1},{"time":367,"type":"hold","angle2":135,"angle":15,"duration":5},{"time":372,"type":"hold","angle2":240,"angle":135,"duration":2},{"time":374,"type":"hold","angle2":180,"angle":240,"duration":1},{"time":367,"type":"hold","angle2":225,"angle":225,"duration":0},{"time":367.25,"type":"hold","angle2":180,"angle":180,"duration":0},{"time":367.5,"type":"hold","angle2":225,"angle":225,"duration":0},{"time":368,"angle":360,"type":"extraTap"},{"time":368.25,"type":"hold","angle2":270,"angle":270,"duration":0},{"time":368.75,"type":"hold","angle2":225,"angle":225,"duration":0},{"time":370,"angle":360,"type":"extraTap"},{"time":370,"type":"hold","angle2":315,"angle":315,"duration":0},{"time":370.25,"type":"hold","angle2":315,"angle":315,"duration":0},{"time":370.5,"type":"hold","angle2":330,"angle":330,"duration":0},{"time":370.75,"type":"hold","angle2":315,"angle":315,"duration":0},{"time":372,"angle":360,"type":"extraTap"},{"time":373.25,"angle":360,"type":"extraTap"},{"time":374,"angle":360,"type":"extraTap"},{"time":375,"type":"hold","angle2":0,"angle":0,"duration":8},{"time":383,"segments":3,"type":"hold","angle2":0,"angle":360,"duration":0}]