{"metadata":{"difficulty":7,"bgData":{"image":"Pillars.png","redChannel":{"r":146,"g":177,"b":102},"blueChannel":{"r":146,"g":177,"b":102},"greenChannel":{"r":255,"g":255,"b":255},"yellowChannel":{"r":146,"g":177,"b":102},"magentaChannel":{"r":255,"g":255,"b":255},"cyanChannel":{"r":146,"g":177,"b":102}},"charter":"Someone named Kevin","description":"guys i think i like Kubbi a bit too much\n\nMechanics: Taps, paddle modification and 4 inverses.\n","artistLink":"https://open.spotify.com/intl-fr/artist/38dW24ZxoRfXGe1lJXXFNg?si=gBFeHqTnSlqmpUYHhYKWtw","songName":"Damage","artist":"Kubbi","bg":true},"properties":{"formatversion":12,"offset":8,"startBeat":0,"speed":70},"events":[{"time":2.6666667461395,"file":"Damage (Bonus).ogg","bpm":120,"type":"play","volume":1,"angle":337.5},{"duration":5,"newWidth":70,"ease":"linear","time":3,"newAngle":180,"type":"paddles","paddle":3,"enabled":true,"angle":337.5},{"duration":5,"newWidth":70,"ease":"linear","time":3,"newAngle":-180,"type":"paddles","paddle":2,"enabled":true,"angle":22.5},{"duration":1,"newWidth":-1,"ease":"linear","time":8,"type":"paddles","paddle":2,"angle":22.5,"enabled":true},{"duration":1,"newWidth":-1,"ease":"linear","time":8,"type":"paddles","paddle":3,"angle":337.5,"enabled":true},{"duration":0,"newWidth":70,"ease":"linear","time":9,"newAngle":0,"type":"paddles","paddle":2,"enabled":true,"angle":337.5},{"duration":0,"newWidth":70,"ease":"linear","time":9,"newAngle":0,"type":"paddles","paddle":3,"enabled":true,"angle":22.5},{"duration":1,"newWidth":-1,"ease":"linear","time":16,"type":"paddles","paddle":2,"angle":202.5,"enabled":true},{"duration":1,"newWidth":-1,"ease":"linear","time":16,"type":"paddles","paddle":3,"angle":517.5,"enabled":true},{"duration":0,"newWidth":70,"ease":"linear","time":17,"newAngle":360,"type":"paddles","paddle":2,"enabled":true,"angle":337.5},{"duration":0,"newWidth":70,"ease":"linear","time":17,"newAngle":360,"type":"paddles","paddle":3,"enabled":true,"angle":22.5},{"enabled":true,"angle":202.5,"time":11,"newAngle":-180,"type":"paddles","paddle":2,"duration":5,"ease":"linear"},{"enabled":true,"angle":157.5,"time":11,"newAngle":180,"type":"paddles","paddle":3,"duration":5,"ease":"linear"},{"duration":1,"newWidth":70,"angle":0,"time":18,"newAngle":180,"type":"paddles","paddle":2,"ease":"linear"},{"time":18,"duration":1,"type":"ease","var":"scrollSpeed","angle":22.5,"value":2},{"id":"bg","x":0,"y":0,"angle":360,"time":0,"type":"deco","drawLayer":"bg","sprite":"bg1.png"},{"time":0,"r":146,"type":"setColor","color":2,"angle":22.5,"g":177,"b":102},{"time":0,"color":0,"type":"outline","angle":45,"enable":true},{"duration":0.5,"r":255,"b":255,"angle":67.5,"g":255,"time":0,"type":"setColor","color":0},{"time":20,"angleOffset":false,"type":"tag","angle":-22.5,"tag":"GlitchEffect"},{"time":22,"angleOffset":false,"type":"tag","angle":337.5,"tag":"GlitchEffect"},{"time":24,"angleOffset":false,"type":"tag","angle":337.5,"tag":"GlitchEffect"},{"time":25.25,"angleOffset":false,"type":"tag","angle":337.5,"tag":"GlitchEffect"},{"time":26,"angleOffset":false,"type":"tag","angle":337.5,"tag":"GlitchEffect"},{"time":51,"newWidth":0,"angle":157.5,"type":"paddles","paddle":2,"ease":"linear","duration":0.5},{"duration":0,"newWidth":70,"ease":"linear","time":51.5,"newAngle":0,"type":"paddles","paddle":2,"angle":135},{"time":28,"angleOffset":false,"type":"tag","angle":337.5,"tag":"GlitchEffect"},{"time":30,"angleOffset":false,"type":"tag","angle":337.5,"tag":"GlitchEffect"},{"time":32,"angleOffset":false,"type":"tag","angle":337.5,"tag":"GlitchEffect"},{"time":33.25,"angleOffset":false,"type":"tag","angle":337.5,"tag":"GlitchEffect"},{"time":34,"angleOffset":false,"type":"tag","angle":337.5,"tag":"GlitchEffect"},{"time":36,"angleOffset":false,"type":"tag","angle":337.5,"tag":"GlitchEffect"},{"time":38,"angleOffset":false,"type":"tag","angle":337.5,"tag":"GlitchEffect"},{"time":40,"angleOffset":false,"type":"tag","angle":337.5,"tag":"GlitchEffect"},{"time":41.25,"angleOffset":false,"type":"tag","angle":337.5,"tag":"GlitchEffect"},{"time":42,"angleOffset":false,"type":"tag","angle":337.5,"tag":"GlitchEffect"},{"time":44,"angleOffset":false,"type":"tag","angle":337.5,"tag":"GlitchEffect"},{"time":46,"angleOffset":false,"type":"tag","angle":337.5,"tag":"GlitchEffect"},{"time":48,"angleOffset":false,"type":"tag","angle":337.5,"tag":"GlitchEffect"},{"time":49.25,"angleOffset":false,"type":"tag","angle":337.5,"tag":"GlitchEffect"},{"time":50,"angleOffset":false,"type":"tag","angle":337.5,"tag":"GlitchEffect"},{"duration":1,"r":0,"b":0,"angle":90,"g":0,"time":51,"type":"setColor","color":2},{"duration":0.25,"r":146,"b":102,"angle":135,"g":177,"time":83,"type":"setColor","color":2},{"time":84,"angleOffset":false,"type":"tag","angle":337.5,"tag":"GlitchEffect"},{"time":86,"angleOffset":false,"type":"tag","angle":405,"tag":"GlitchEffect"},{"time":88,"angleOffset":false,"type":"tag","angle":405,"tag":"GlitchEffect"},{"time":89.25,"angleOffset":false,"type":"tag","angle":405,"tag":"GlitchEffect"},{"time":90,"angleOffset":false,"type":"tag","angle":405,"tag":"GlitchEffect"},{"time":92,"angleOffset":false,"type":"tag","angle":405,"tag":"GlitchEffect"},{"time":94,"angleOffset":false,"type":"tag","angle":405,"tag":"GlitchEffect"},{"time":96,"angleOffset":false,"type":"tag","angle":405,"tag":"GlitchEffect"},{"time":97.25,"angleOffset":false,"type":"tag","angle":405,"tag":"GlitchEffect"},{"time":98,"angleOffset":false,"type":"tag","angle":405,"tag":"GlitchEffect"},{"time":100,"angleOffset":false,"type":"tag","angle":405,"tag":"GlitchEffect"},{"time":102,"angleOffset":false,"type":"tag","angle":405,"tag":"GlitchEffect"},{"time":104,"angleOffset":false,"type":"tag","angle":405,"tag":"GlitchEffect"},{"time":105.25,"angleOffset":false,"type":"tag","angle":405,"tag":"GlitchEffect"},{"time":106,"angleOffset":false,"type":"tag","angle":405,"tag":"GlitchEffect"},{"time":108,"angleOffset":false,"type":"tag","angle":405,"tag":"GlitchEffect"},{"time":110,"angleOffset":false,"type":"tag","angle":405,"tag":"GlitchEffect"},{"time":112,"angleOffset":false,"type":"tag","angle":405,"tag":"GlitchEffect"},{"time":113.25,"angleOffset":false,"type":"tag","angle":427.5,"tag":"GlitchEffect"},{"time":114,"angleOffset":false,"type":"tag","angle":405,"tag":"GlitchEffect"},{"time":114.25,"angleOffset":false,"type":"tag","angle":405,"tag":"GlitchEffect"},{"time":114.5,"angleOffset":false,"type":"tag","angle":405,"tag":"GlitchEffect"},{"time":114.75,"angleOffset":false,"type":"tag","angle":405,"tag":"GlitchEffect"},{"time":115,"angleOffset":false,"type":"tag","angle":405,"tag":"GlitchEffect"},{"time":115.75,"angleOffset":false,"type":"tag","angle":315,"tag":"GlitchEffect"},{"time":116.5,"angleOffset":false,"type":"tag","angle":540,"tag":"GlitchEffect"},{"time":117.25,"angleOffset":false,"type":"tag","angle":75,"tag":"GlitchEffect"},{"time":117.75,"angleOffset":false,"type":"tag","angle":255,"tag":"GlitchEffect"},{"time":113,"duration":1,"type":"ease","var":"scrollSpeed","angle":345,"value":1},{"time":114,"duration":1,"type":"ease","var":"scrollSpeed","angle":0,"value":2},{"time":118.5,"angleOffset":false,"type":"tag","angle":540,"tag":"GlitchEffect"},{"time":119,"angleOffset":false,"type":"tag","angle":420,"tag":"GlitchEffect"},{"time":119.75,"angleOffset":false,"type":"tag","angle":360,"tag":"GlitchEffect"},{"time":120.25,"angleOffset":false,"type":"tag","angle":247.5,"tag":"GlitchEffect"},{"time":121,"angleOffset":false,"type":"tag","angle":90,"tag":"GlitchEffect"},{"time":121.5,"angleOffset":false,"type":"tag","angle":315,"tag":"GlitchEffect"},{"time":123,"angleOffset":false,"type":"tag","angle":405,"tag":"GlitchEffect"},{"time":123.75,"angleOffset":false,"type":"tag","angle":157.5,"tag":"GlitchEffect"},{"time":124.5,"angleOffset":false,"type":"tag","angle":360,"tag":"GlitchEffect"},{"time":125.25,"angleOffset":false,"type":"tag","angle":157.5,"tag":"GlitchEffect"},{"time":125.75,"angleOffset":false,"type":"tag","angle":292.5,"tag":"GlitchEffect"},{"time":126.5,"angleOffset":false,"type":"tag","angle":450,"tag":"GlitchEffect"},{"time":127,"angleOffset":false,"type":"tag","angle":360,"tag":"GlitchEffect"},{"time":127.75,"angleOffset":false,"type":"tag","angle":225,"tag":"GlitchEffect"},{"time":128.25,"angleOffset":false,"type":"tag","angle":135,"tag":"GlitchEffect"},{"time":129,"angleOffset":false,"type":"tag","angle":337.5,"tag":"GlitchEffect"},{"time":129.5,"angleOffset":false,"type":"tag","angle":67.5,"tag":"GlitchEffect"},{"time":131,"angleOffset":false,"type":"tag","angle":337.5,"tag":"GlitchEffect"},{"time":131.75,"angleOffset":false,"type":"tag","angle":405,"tag":"GlitchEffect"},{"time":132.5,"angleOffset":false,"type":"tag","angle":247.5,"tag":"GlitchEffect"},{"time":133.25,"angleOffset":false,"type":"tag","angle":450,"tag":"GlitchEffect"},{"time":133.75,"angleOffset":false,"type":"tag","angle":180,"tag":"GlitchEffect"},{"time":134.5,"angleOffset":false,"type":"tag","angle":360,"tag":"GlitchEffect"},{"time":135,"angleOffset":false,"type":"tag","angle":90,"tag":"GlitchEffect"},{"time":135.75,"angleOffset":false,"type":"tag","angle":337.5,"tag":"GlitchEffect"},{"time":136.25,"angleOffset":false,"type":"tag","angle":180,"tag":"GlitchEffect"},{"time":137,"angleOffset":false,"type":"tag","angle":90,"tag":"GlitchEffect"},{"time":137.5,"angleOffset":false,"type":"tag","angle":360,"tag":"GlitchEffect"},{"time":139,"angleOffset":false,"type":"tag","angle":247.5,"tag":"GlitchEffect"},{"time":139.75,"angleOffset":false,"type":"tag","angle":135,"tag":"GlitchEffect"},{"time":140.5,"angleOffset":false,"type":"tag","angle":360,"tag":"GlitchEffect"},{"time":141.25,"angleOffset":false,"type":"tag","angle":180,"tag":"GlitchEffect"},{"time":141.75,"angleOffset":false,"type":"tag","angle":90,"tag":"GlitchEffect"},{"time":142.5,"angleOffset":false,"type":"tag","angle":315,"tag":"GlitchEffect"},{"time":143,"angleOffset":false,"type":"tag","angle":427.5,"tag":"GlitchEffect"},{"time":143.75,"angleOffset":false,"type":"tag","angle":337.5,"tag":"GlitchEffect"},{"time":144.25,"angleOffset":false,"type":"tag","angle":67.5,"tag":"GlitchEffect"},{"time":145,"angleOffset":false,"type":"tag","angle":135,"tag":"GlitchEffect"},{"time":145.5,"angleOffset":false,"type":"tag","angle":405,"tag":"GlitchEffect"},{"duration":0.25,"r":0,"b":0,"angle":22.5,"g":0,"time":147,"type":"setColor","color":2},{"time":150.83332824707,"newAngle":180,"ease":"inOutBack","type":"paddles","paddle":2,"angle":45,"duration":3.1666665077209},{"time":150.83332824707,"newAngle":540,"duration":3.1666665077209,"type":"paddles","paddle":3,"ease":"inOutBack","angle":-540},{"time":150.83332824707,"newAngle":180,"angle":22.5,"type":"paddles","paddle":1,"ease":"inOutBack","duration":3.1666665077209},{"duration":0.25,"r":146,"b":102,"angle":157.5,"g":177,"time":155,"type":"setColor","color":2},{"duration":0.25,"r":0,"b":0,"angle":292.5,"g":0,"time":179,"type":"setColor","color":2},{"time":179,"duration":0.25,"type":"ease","var":"scrollSpeed","angle":315,"value":1},{"time":207,"angleOffset":false,"type":"tag","angle":22.5,"tag":"GlitchEffect"},{"time":207.75,"angleOffset":false,"type":"tag","angle":22.5,"tag":"GlitchEffect"},{"time":208.5,"angleOffset":false,"type":"tag","angle":22.5,"tag":"GlitchEffect"},{"time":209.25,"angleOffset":false,"type":"tag","angle":22.5,"tag":"GlitchEffect"},{"time":210,"angleOffset":false,"type":"tag","angle":22.5,"tag":"GlitchEffect"},{"time":210.25,"angleOffset":false,"type":"tag","angle":22.5,"tag":"GlitchEffect"},{"time":210.5,"angleOffset":false,"type":"tag","angle":22.5,"tag":"GlitchEffect"},{"time":210.75,"angleOffset":false,"type":"tag","angle":22.5,"tag":"GlitchEffect"},{"time":214,"angleOffset":false,"type":"tag","angle":22.5,"tag":"GlitchEffect"},{"time":214.25,"angleOffset":false,"type":"tag","angle":22.5,"tag":"GlitchEffect"},{"time":214.5,"angleOffset":false,"type":"tag","angle":22.5,"tag":"GlitchEffect"},{"time":214.75,"angleOffset":false,"type":"tag","angle":22.5,"tag":"GlitchEffect"},{"time":206.75,"newAngle":0,"ease":"inOutBack","type":"paddles","paddle":3,"angle":157.5,"duration":1},{"duration":1,"newAngle":0,"ease":"inOutBack","type":"paddles","paddle":2,"angle":135,"time":206.75},{"time":206.75,"newAngle":0,"ease":"inOutBack","type":"paddles","paddle":1,"angle":112.5,"duration":1},{"time":211,"duration":4,"type":"ease","var":"scrollSpeed","angle":45,"value":2},{"duration":0.25,"r":146,"b":102,"angle":45,"g":177,"time":215,"type":"setColor","color":2},{"time":216,"angleOffset":false,"type":"tag","angle":22.5,"tag":"GlitchEffect"},{"time":218,"angleOffset":false,"type":"tag","angle":22.5,"tag":"GlitchEffect"},{"time":220,"angleOffset":false,"type":"tag","angle":22.5,"tag":"GlitchEffect"},{"time":221.25,"angleOffset":false,"type":"tag","angle":22.5,"tag":"GlitchEffect"},{"time":222,"angleOffset":false,"type":"tag","angle":22.5,"tag":"GlitchEffect"},{"time":224,"angleOffset":false,"type":"tag","angle":22.5,"tag":"GlitchEffect"},{"time":219,"duration":1,"type":"ease","var":"scrollSpeed","angle":360,"value":1},{"time":222,"duration":1,"type":"ease","var":"scrollSpeed","angle":337.5,"value":2},{"time":226,"angleOffset":false,"type":"tag","angle":22.5,"tag":"GlitchEffect"},{"time":232,"angleOffset":false,"type":"tag","angle":22.5,"tag":"GlitchEffect"},{"time":234,"angleOffset":false,"type":"tag","angle":22.5,"tag":"GlitchEffect"},{"time":228,"angleOffset":false,"type":"tag","angle":22.5,"tag":"GlitchEffect"},{"time":229.5,"angleOffset":false,"type":"tag","angle":22.5,"tag":"GlitchEffect"},{"time":235,"duration":1,"type":"ease","var":"scrollSpeed","angle":337.5,"value":1},{"time":236,"angleOffset":false,"type":"tag","angle":22.5,"tag":"GlitchEffect"},{"time":237.25,"angleOffset":false,"type":"tag","angle":22.5,"tag":"GlitchEffect"},{"time":238,"angleOffset":false,"type":"tag","angle":22.5,"tag":"GlitchEffect"},{"time":238,"duration":1,"type":"ease","var":"scrollSpeed","angle":45,"value":2},{"time":240,"angleOffset":false,"type":"tag","angle":22.5,"tag":"GlitchEffect"},{"time":242,"angleOffset":false,"type":"tag","angle":22.5,"tag":"GlitchEffect"},{"time":246,"angleOffset":false,"type":"tag","angle":22.5,"tag":"GlitchEffect"},{"time":246.25,"angleOffset":false,"type":"tag","angle":45,"tag":"GlitchEffect"},{"time":246.5,"angleOffset":false,"type":"tag","angle":45,"tag":"GlitchEffect"},{"time":246.75,"angleOffset":false,"type":"tag","angle":45,"tag":"GlitchEffect"},{"time":247,"angleOffset":false,"type":"tag","angle":45,"tag":"glitcheffect"},{"time":247,"r":0,"type":"setColor","angle":360,"color":2,"g":0,"b":0},{"time":247.25,"id":"bg","type":"deco","angle":337.5,"hide":true},{"id":"pillars","x":0,"y":0,"angle":0,"time":247.25,"type":"deco","drawLayer":"bg","sprite":"Pillars.png"},{"time":247.25,"r":0,"type":"setColor","angle":22.5,"color":3,"g":0,"b":0},{"time":244,"angleOffset":false,"type":"tag","angle":22.5,"tag":"GlitchEffect"},{"time":245.5,"angleOffset":false,"type":"tag","angle":22.5,"tag":"GlitchEffect"},{"duration":0.25,"r":255,"b":255,"angle":337.5,"g":255,"time":279,"type":"setColor","color":2},{"duration":0.25,"r":0,"b":0,"angle":337.5,"g":0,"time":280,"type":"setColor","color":2},{"duration":0.25,"r":255,"b":255,"angle":22.5,"g":255,"time":280,"type":"setColor","color":3},{"duration":0.25,"r":0,"b":0,"angle":22.5,"g":0,"time":281,"type":"setColor","color":3},{"duration":0.25,"r":255,"b":255,"angle":337.5,"g":255,"time":281,"type":"setColor","color":5},{"duration":0.25,"r":0,"b":0,"angle":337.5,"g":0,"time":282,"type":"setColor","color":5},{"duration":0.25,"r":255,"b":255,"angle":22.5,"g":255,"time":282,"type":"setColor","color":7},{"duration":0.25,"r":0,"b":0,"angle":22.5,"g":0,"time":283,"type":"setColor","color":7},{"duration":0.25,"r":255,"b":255,"angle":337.5,"g":255,"time":283,"type":"setColor","color":2},{"time":283.33334350586,"r":0,"type":"setColor","angle":337.5,"color":2,"g":0,"b":0},{"time":283.66665649414,"r":255,"type":"setColor","angle":337.5,"color":2,"g":255,"b":255},{"duration":0.25,"r":0,"b":0,"angle":337.5,"g":0,"time":284,"type":"setColor","color":2},{"duration":0.25,"r":255,"b":255,"angle":22.5,"g":255,"time":284,"type":"setColor","color":3},{"time":284.33334350586,"r":0,"type":"setColor","angle":22.5,"color":3,"g":0,"b":0},{"time":284.66665649414,"r":255,"type":"setColor","angle":22.5,"color":3,"g":255,"b":255},{"duration":0.25,"r":0,"b":0,"angle":22.5,"g":0,"time":285,"type":"setColor","color":3},{"duration":0.25,"r":255,"b":255,"angle":337.5,"g":255,"time":285,"type":"setColor","color":5},{"time":285.33334350586,"r":0,"type":"setColor","angle":337.5,"color":5,"g":0,"b":0},{"time":285.66665649414,"r":255,"type":"setColor","angle":337.5,"color":5,"g":255,"b":255},{"duration":0.25,"r":0,"b":0,"angle":337.5,"g":0,"time":286,"type":"setColor","color":5},{"duration":0.25,"r":255,"b":255,"angle":22.5,"g":255,"time":286,"type":"setColor","color":7},{"time":286.33334350586,"r":0,"type":"setColor","angle":22.5,"color":7,"g":0,"b":0},{"time":286.66665649414,"r":255,"type":"setColor","angle":22.5,"color":7,"g":255,"b":255},{"duration":0.25,"r":0,"b":0,"angle":22.5,"g":0,"time":286.83334350586,"type":"setColor","color":7},{"duration":0.25,"r":255,"b":255,"angle":22.5,"g":255,"time":287,"type":"setColor","color":7},{"duration":0.25,"r":0,"b":0,"angle":22.5,"g":0,"time":288,"type":"setColor","color":7},{"duration":0.25,"r":255,"b":255,"angle":337.5,"g":255,"time":288,"type":"setColor","color":5},{"duration":0.25,"r":0,"b":0,"angle":337.5,"g":0,"time":289,"type":"setColor","color":5},{"duration":0.25,"r":255,"b":255,"angle":22.5,"g":255,"time":289,"type":"setColor","color":3},{"duration":0.25,"r":0,"b":0,"angle":22.5,"g":0,"time":290,"type":"setColor","color":3},{"duration":0.25,"r":255,"b":255,"angle":337.5,"g":255,"time":290,"type":"setColor","color":2},{"duration":0.25,"r":0,"b":0,"angle":337.5,"g":0,"time":291,"type":"setColor","color":2},{"duration":0.25,"r":255,"b":255,"angle":22.5,"g":255,"time":291,"type":"setColor","color":7},{"time":291.33334350586,"r":0,"type":"setColor","angle":22.5,"color":7,"g":0,"b":0},{"time":291.66665649414,"r":255,"type":"setColor","angle":22.5,"color":7,"g":255,"b":255},{"duration":0.25,"r":0,"b":0,"angle":22.5,"g":0,"time":292,"type":"setColor","color":7},{"duration":0.25,"r":255,"b":255,"angle":337.5,"g":255,"time":292,"type":"setColor","color":5},{"time":292.33334350586,"r":0,"type":"setColor","angle":337.5,"color":5,"g":0,"b":0},{"time":292.66665649414,"r":255,"type":"setColor","angle":337.5,"color":5,"g":255,"b":255},{"duration":0.25,"r":0,"b":0,"angle":337.5,"g":0,"time":293,"type":"setColor","color":5},{"duration":0.16666667163372,"r":255,"b":255,"angle":22.5,"g":255,"time":293,"type":"setColor","color":3},{"duration":0.16666667163372,"r":0,"b":0,"angle":22.5,"g":0,"time":293.33334350586,"type":"setColor","color":3},{"duration":0.16666667163372,"r":255,"b":255,"angle":337.5,"g":255,"time":293.33334350586,"type":"setColor","color":2},{"duration":0.16666667163372,"r":0,"b":0,"angle":337.5,"g":0,"time":293.66665649414,"type":"setColor","color":2},{"duration":0.16666667163372,"r":255,"b":255,"angle":22.5,"g":255,"time":293.66665649414,"type":"setColor","color":7},{"duration":0.16666667163372,"r":0,"b":0,"angle":22.5,"g":0,"time":294,"type":"setColor","color":7},{"duration":0.16666667163372,"r":255,"b":255,"angle":337.5,"g":255,"time":294,"type":"setColor","color":5},{"duration":0.16666667163372,"r":0,"b":0,"angle":337.5,"g":0,"time":294.33334350586,"type":"setColor","color":5},{"duration":0.16666667163372,"r":255,"b":255,"angle":22.5,"g":255,"time":294.33334350586,"type":"setColor","color":3},{"duration":0.16666667163372,"r":0,"b":0,"angle":22.5,"g":0,"time":294.66665649414,"type":"setColor","color":3},{"duration":0.16666667163372,"r":255,"b":255,"angle":337.5,"g":255,"time":294.66665649414,"type":"setColor","color":2},{"duration":0.16666667163372,"r":0,"b":0,"angle":337.5,"g":0,"time":294.83334350586,"type":"setColor","color":2},{"duration":0.25,"r":255,"b":255,"angle":337.5,"g":255,"time":295,"type":"setColor","color":2},{"duration":0.25,"r":0,"b":0,"angle":337.5,"g":0,"time":296,"type":"setColor","color":2},{"duration":0.25,"r":255,"b":255,"angle":45,"g":255,"time":296,"type":"setColor","color":5},{"duration":0.25,"r":0,"b":0,"angle":22.5,"g":0,"time":297,"type":"setColor","color":5},{"duration":0.25,"r":255,"b":255,"angle":337.5,"g":255,"time":297,"type":"setColor","color":3},{"duration":0.25,"r":0,"b":0,"angle":337.5,"g":0,"time":298,"type":"setColor","color":3},{"duration":0.25,"r":255,"b":255,"angle":22.5,"g":255,"time":298,"type":"setColor","color":7},{"duration":0.25,"r":0,"b":0,"angle":22.5,"g":0,"time":299,"type":"setColor","color":7},{"duration":0.25,"r":255,"b":255,"angle":337.5,"g":255,"time":299,"type":"setColor","color":2},{"time":299.33334350586,"r":0,"type":"setColor","angle":337.5,"color":2,"g":0,"b":0},{"time":299.66665649414,"r":255,"type":"setColor","angle":337.5,"color":2,"g":255,"b":255},{"duration":0.25,"r":0,"b":0,"angle":337.5,"g":0,"time":300,"type":"setColor","color":2},{"duration":0.25,"r":255,"b":255,"angle":22.5,"g":255,"time":300,"type":"setColor","color":5},{"time":300.33334350586,"r":0,"type":"setColor","angle":22.5,"color":5,"g":0,"b":0},{"time":300.66665649414,"r":255,"type":"setColor","angle":22.5,"color":5,"g":255,"b":255},{"duration":0.25,"r":0,"b":0,"angle":22.5,"g":0,"time":301,"type":"setColor","color":5},{"duration":0.25,"r":255,"b":255,"angle":337.5,"g":255,"time":301,"type":"setColor","color":3},{"time":301.33334350586,"r":0,"type":"setColor","angle":337.5,"color":3,"g":0,"b":0},{"time":301.66665649414,"r":255,"type":"setColor","angle":337.5,"color":3,"g":255,"b":255},{"duration":0.25,"r":0,"b":0,"angle":337.5,"g":0,"time":302,"type":"setColor","color":3},{"duration":0.25,"r":255,"b":255,"angle":22.5,"g":255,"time":302,"type":"setColor","color":7},{"time":302.33334350586,"r":0,"type":"setColor","angle":22.5,"color":7,"g":0,"b":0},{"time":302.66665649414,"r":255,"type":"setColor","angle":22.5,"color":7,"g":255,"b":255},{"duration":0.25,"r":0,"b":0,"angle":22.5,"g":0,"time":302.83334350586,"type":"setColor","color":7},{"duration":0.25,"r":255,"b":255,"angle":22.5,"g":255,"time":303,"type":"setColor","color":7},{"duration":0.25,"r":0,"b":0,"angle":22.5,"g":0,"time":304,"type":"setColor","color":7},{"duration":0.25,"r":255,"b":255,"angle":337.5,"g":255,"time":304,"type":"setColor","color":3},{"duration":0.25,"r":0,"b":0,"angle":337.5,"g":0,"time":305,"type":"setColor","color":3},{"duration":0.25,"r":255,"b":255,"angle":22.5,"g":255,"time":305,"type":"setColor","color":5},{"duration":0.25,"r":0,"b":0,"angle":22.5,"g":0,"time":306,"type":"setColor","color":5},{"duration":0.25,"r":255,"b":255,"angle":337.5,"g":255,"time":306,"type":"setColor","color":2},{"duration":0.25,"r":0,"b":0,"angle":337.5,"g":0,"time":307,"type":"setColor","color":2},{"duration":0.125,"r":255,"b":255,"angle":22.5,"g":255,"time":307,"type":"setColor","color":7},{"duration":0.125,"r":0,"b":0,"angle":22.5,"g":0,"time":307.375,"type":"setColor","color":7},{"duration":0.125,"r":255,"b":255,"angle":337.5,"g":255,"time":307.375,"type":"setColor","color":5},{"duration":0.125,"r":0,"b":0,"angle":337.5,"g":0,"time":307.75,"type":"setColor","color":5},{"duration":0.125,"r":255,"b":255,"angle":22.5,"g":255,"time":307.75,"type":"setColor","color":3},{"duration":0.125,"r":0,"b":0,"angle":22.5,"g":0,"time":308,"type":"setColor","color":3},{"duration":0.125,"r":255,"b":255,"angle":337.5,"g":255,"time":308,"type":"setColor","color":2},{"duration":0.125,"r":255,"b":255,"angle":337.5,"g":255,"time":308.375,"type":"setColor","color":7},{"duration":0.125,"r":0,"b":0,"angle":22.5,"g":0,"time":308.375,"type":"setColor","color":2},{"duration":0.125,"r":0,"b":0,"angle":22.5,"g":0,"time":308.75,"type":"setColor","color":7},{"duration":0,"r":255,"b":255,"angle":337.5,"g":255,"time":308.75,"type":"setColor","color":5},{"duration":0.125,"r":0,"b":0,"angle":337.5,"g":0,"time":309.125,"type":"setColor","color":5},{"duration":0.125,"r":255,"b":255,"angle":22.5,"g":255,"time":309.125,"type":"setColor","color":3},{"duration":0.125,"r":0,"b":0,"angle":22.5,"g":0,"time":309.5,"type":"setColor","color":3},{"duration":0.125,"r":255,"b":255,"angle":337.5,"g":255,"time":309.5,"type":"setColor","color":2},{"duration":0.125,"r":0,"b":0,"angle":337.5,"g":0,"time":309.875,"type":"setColor","color":2},{"duration":0.125,"r":255,"b":255,"angle":22.5,"g":255,"time":309.875,"type":"setColor","color":7},{"duration":0.125,"r":0,"b":0,"angle":22.5,"g":0,"time":310.25,"type":"setColor","color":7},{"duration":0.125,"r":255,"b":255,"angle":337.5,"g":255,"time":310.25,"type":"setColor","color":5},{"time":310.625,"r":255,"type":"setColor","angle":337.5,"color":3,"g":255,"b":255},{"duration":0.125,"r":0,"b":0,"angle":22.5,"g":0,"time":310.625,"type":"setColor","color":5},{"duration":0.25,"r":239,"b":154,"angle":337.5,"g":154,"time":311,"type":"setColor","color":2},{"duration":0.25,"r":0,"b":0,"angle":337.5,"g":0,"time":312,"type":"setColor","color":2},{"duration":0.125,"r":0,"b":0,"angle":22.5,"g":0,"time":311,"type":"setColor","color":3},{"duration":0.25,"r":126,"b":240,"angle":22.5,"g":234,"time":312,"type":"setColor","color":3},{"duration":0.25,"r":0,"b":0,"angle":22.5,"g":0,"time":313,"type":"setColor","color":3},{"duration":0.25,"r":166,"b":124,"angle":337.5,"g":235,"time":313,"type":"setColor","color":5},{"duration":0.25,"r":0,"b":0,"angle":337.5,"g":0,"time":314,"type":"setColor","color":5},{"duration":0.25,"r":245,"b":160,"angle":22.5,"g":255,"time":314,"type":"setColor","color":7},{"duration":0.25,"r":0,"b":0,"angle":22.5,"g":0,"time":315,"type":"setColor","color":7},{"duration":0.25,"r":239,"b":154,"angle":330,"g":154,"time":315,"type":"setColor","color":2},{"time":315.33334350586,"r":0,"type":"setColor","angle":330,"color":2,"g":0,"b":0},{"time":315.66665649414,"r":239,"type":"setColor","angle":330,"color":2,"g":154,"b":154},{"duration":0.25,"r":0,"b":0,"angle":330,"g":0,"time":316,"type":"setColor","color":2},{"duration":0.25,"r":126,"b":240,"angle":30,"g":234,"time":316,"type":"setColor","color":3},{"time":316.33334350586,"r":0,"type":"setColor","angle":30,"color":3,"g":0,"b":0},{"time":316.66665649414,"r":126,"b":240,"angle":30,"color":3,"g":234,"type":"setColor"},{"duration":0.25,"r":0,"b":0,"angle":30,"g":0,"time":317,"type":"setColor","color":3},{"duration":0.25,"r":166,"b":124,"angle":330,"g":235,"time":317,"type":"setColor","color":5},{"time":317.33334350586,"r":0,"b":0,"angle":330,"color":5,"g":0,"type":"setColor"},{"time":317.66665649414,"r":166,"type":"setColor","angle":330,"color":5,"g":235,"b":124},{"duration":0.25,"r":0,"b":0,"angle":330,"g":0,"time":318,"type":"setColor","color":5},{"duration":0.25,"r":245,"b":160,"angle":30,"g":255,"time":318,"type":"setColor","color":7},{"time":318.33334350586,"r":0,"type":"setColor","angle":30,"color":7,"g":0,"b":0},{"time":318.66665649414,"r":245,"b":160,"angle":30,"color":7,"g":255,"type":"setColor"},{"duration":0.25,"r":0,"b":0,"angle":30,"g":0,"time":319,"type":"setColor","color":7},{"duration":0.25,"r":255,"b":232,"angle":360,"g":232,"time":319,"type":"setColor","color":2},{"duration":0.25,"r":0,"b":0,"angle":0,"g":0,"time":319.52084350586,"type":"setColor","color":2},{"duration":0.25,"r":255,"b":174,"angle":375,"g":174,"time":319.1875,"type":"setColor","color":3},{"duration":0.25,"r":0,"b":0,"angle":15,"g":0,"time":319.6875,"type":"setColor","color":3},{"duration":0.25,"r":255,"b":86,"angle":30,"g":86,"time":319.375,"type":"setColor","color":5},{"duration":0.25,"r":0,"b":0,"angle":30,"g":0,"time":319.875,"type":"setColor","color":5},{"duration":0.25,"r":255,"b":30,"angle":45,"g":30,"time":319.5625,"type":"setColor","color":7},{"duration":0.16666665673256,"r":0,"b":0,"angle":45,"g":0,"time":320,"type":"setColor","color":7},{"duration":0.25,"r":195,"b":255,"angle":360,"g":252,"time":320,"type":"setColor","color":7},{"duration":0.25,"r":0,"b":0,"angle":360,"g":0,"time":320.5,"type":"setColor","color":7},{"duration":0.25,"r":155,"b":255,"angle":15,"g":254,"time":320.16665649414,"type":"setColor","color":5},{"duration":0.25,"r":0,"b":0,"angle":15,"g":0,"time":320.625,"type":"setColor","color":5},{"duration":0.25,"r":93,"b":252,"angle":30,"g":254,"time":320.3125,"type":"setColor","color":3},{"duration":0.25,"r":0,"b":0,"angle":30,"g":0,"time":320.75,"type":"setColor","color":3},{"duration":0.25,"r":0,"b":255,"angle":45,"g":250,"time":320.4375,"type":"setColor","color":2},{"duration":0.125,"r":0,"b":0,"angle":45,"g":0,"time":320.875,"type":"setColor","color":2},{"duration":0.25,"r":237,"b":232,"angle":315,"g":255,"time":321,"type":"setColor","color":2},{"duration":0.25,"r":0,"b":0,"angle":-45,"g":0,"time":321.52084350586,"type":"setColor","color":2},{"duration":0.25,"r":191,"b":174,"angle":330,"g":255,"time":321.1875,"type":"setColor","color":3},{"duration":0.25,"r":0,"b":0,"angle":-30,"g":0,"time":321.6875,"type":"setColor","color":3},{"duration":0.25,"r":121,"b":86,"angle":-15,"g":255,"time":321.375,"type":"setColor","color":5},{"duration":0.25,"r":0,"b":0,"angle":-15,"g":0,"time":321.875,"type":"setColor","color":5},{"duration":0.25,"r":109,"b":30,"angle":0,"g":255,"time":321.5625,"type":"setColor","color":7},{"duration":0.16666665673256,"r":0,"b":0,"angle":0,"g":0,"time":322,"type":"setColor","color":7},{"duration":0.25,"r":255,"b":195,"angle":315,"g":253,"time":322,"type":"setColor","color":7},{"duration":0.25,"r":0,"b":0,"angle":315,"g":0,"time":322.5,"type":"setColor","color":7},{"duration":0.25,"r":255,"b":155,"angle":-30,"g":252,"time":322.16665649414,"type":"setColor","color":5},{"duration":0.25,"r":0,"b":0,"angle":-30,"g":0,"time":322.625,"type":"setColor","color":5},{"duration":0.25,"r":254,"b":93,"angle":-15,"g":249,"time":322.3125,"type":"setColor","color":3},{"duration":0.25,"r":0,"b":0,"angle":-15,"g":0,"time":322.75,"type":"setColor","color":3},{"duration":0.25,"r":255,"b":0,"angle":0,"g":255,"time":322.4375,"type":"setColor","color":2},{"duration":0.25,"r":0,"b":0,"angle":0,"g":0,"time":322.875,"type":"setColor","color":2},{"duration":0.25,"r":239,"b":154,"angle":330,"g":154,"time":323,"type":"setColor","color":2},{"time":323.33334350586,"r":0,"b":0,"angle":330,"color":2,"g":0,"type":"setColor"},{"time":323.66665649414,"r":239,"b":154,"angle":330,"color":2,"g":154,"type":"setColor"},{"duration":0.25,"r":0,"b":0,"angle":330,"g":0,"time":324,"type":"setColor","color":2},{"duration":0.25,"r":126,"b":240,"angle":30,"g":234,"time":324,"type":"setColor","color":3},{"time":324.33334350586,"r":0,"type":"setColor","color":3,"angle":30,"g":0,"b":0},{"time":324.66665649414,"r":126,"type":"setColor","angle":30,"color":3,"g":234,"b":240},{"duration":0.25,"r":0,"b":0,"angle":30,"g":0,"time":325,"type":"setColor","color":3},{"duration":0.25,"r":166,"b":124,"angle":330,"g":235,"time":325,"type":"setColor","color":5},{"duration":0.16666667163372,"r":0,"b":0,"angle":330,"g":0,"time":325.33334350586,"type":"setColor","color":5},{"duration":0.16666667163372,"r":255,"b":137,"angle":30,"g":251,"time":325.33334350586,"type":"setColor","color":7},{"duration":0.16666667163372,"r":0,"b":0,"angle":30,"g":0,"time":325.66665649414,"type":"setColor","color":7},{"duration":0.16666667163372,"r":239,"b":154,"angle":330,"g":154,"time":325.66665649414,"type":"setColor","color":2},{"duration":0.16666667163372,"r":0,"b":0,"angle":330,"g":0,"time":326,"type":"setColor","color":2},{"duration":0.16666667163372,"r":164,"b":255,"angle":30,"g":240,"time":326,"type":"setColor","color":3},{"duration":0.16666667163372,"r":0,"b":0,"angle":30,"g":0,"time":326.33334350586,"type":"setColor","color":3},{"duration":0.16666667163372,"r":218,"b":146,"angle":330,"g":255,"time":326.33334350586,"type":"setColor","color":5},{"duration":0.16666667163372,"r":0,"b":0,"angle":330,"g":0,"time":326.66665649414,"type":"setColor","color":5},{"duration":0.16666667163372,"r":255,"b":159,"angle":30,"g":255,"time":326.66665649414,"type":"setColor","color":7},{"duration":0.16666667163372,"r":0,"b":0,"angle":30,"g":0,"time":327,"type":"setColor","color":7},{"duration":0.25,"r":134,"b":255,"angle":330,"g":138,"time":327,"type":"setColor","color":2},{"duration":0.25,"r":0,"b":0,"angle":330,"g":0,"time":328,"type":"setColor","color":2},{"duration":0.25,"r":254,"b":129,"angle":30,"g":225,"time":328,"type":"setColor","color":3},{"duration":0.25,"r":0,"b":0,"angle":30,"g":0,"time":329,"type":"setColor","color":3},{"duration":0.25,"r":132,"b":179,"angle":330,"g":255,"time":329,"type":"setColor","color":5},{"duration":0.25,"r":0,"b":0,"angle":330,"g":0,"time":330,"type":"setColor","color":5},{"duration":0.25,"r":255,"b":233,"angle":30,"g":54,"time":330,"type":"setColor","color":7},{"duration":0.25,"r":0,"b":0,"angle":30,"g":0,"time":331,"type":"setColor","color":7},{"duration":0.25,"r":134,"b":255,"angle":330,"g":138,"time":331,"type":"setColor","color":2},{"time":331.33334350586,"r":0,"type":"setColor","color":2,"angle":330,"g":0,"b":0},{"time":331.66665649414,"r":134,"type":"setColor","color":2,"angle":330,"g":138,"b":255},{"duration":0.25,"r":0,"b":0,"angle":330,"g":0,"time":332,"type":"setColor","color":2},{"duration":0.25,"r":254,"b":129,"angle":30,"g":225,"time":332,"type":"setColor","color":3},{"time":332.33334350586,"r":0,"b":0,"angle":30,"color":3,"g":0,"type":"setColor"},{"time":332.66665649414,"r":254,"type":"setColor","angle":30,"color":3,"g":225,"b":129},{"duration":0.25,"r":0,"b":0,"angle":30,"g":0,"time":333,"type":"setColor","color":3},{"duration":0.25,"r":132,"b":179,"angle":330,"g":255,"time":333,"type":"setColor","color":5},{"time":333.33334350586,"r":0,"type":"setColor","angle":330,"color":5,"g":0,"b":0},{"time":333.66665649414,"r":132,"type":"setColor","angle":330,"color":5,"g":255,"b":179},{"duration":0.25,"r":0,"b":0,"angle":330,"g":0,"time":334,"type":"setColor","color":5},{"duration":0.25,"r":255,"b":233,"angle":30,"g":54,"time":334,"type":"setColor","color":7},{"time":334.33334350586,"r":0,"b":0,"angle":30,"color":7,"g":0,"type":"setColor"},{"time":334.66665649414,"r":255,"b":233,"color":7,"angle":30,"g":54,"type":"setColor"},{"duration":0.25,"r":0,"b":0,"angle":30,"g":0,"time":335,"type":"setColor","color":7},{"duration":0.25,"r":204,"b":255,"angle":360,"g":202,"time":335,"type":"setColor","color":2},{"duration":0.25,"r":0,"b":0,"angle":0,"g":0,"time":335.52084350586,"type":"setColor","color":2},{"duration":0.25,"r":184,"b":255,"angle":375,"g":174,"time":335.1875,"type":"setColor","color":3},{"duration":0.25,"r":0,"b":0,"angle":15,"g":0,"time":335.6875,"type":"setColor","color":3},{"duration":0.25,"r":86,"b":255,"angle":30,"g":86,"time":335.375,"type":"setColor","color":5},{"duration":0.25,"r":0,"b":0,"angle":30,"g":0,"time":335.875,"type":"setColor","color":5},{"duration":0.25,"r":63,"b":255,"angle":45,"g":30,"time":335.5625,"type":"setColor","color":7},{"duration":0.16666665673256,"r":0,"b":0,"angle":45,"g":0,"time":336,"type":"setColor","color":7},{"duration":0.25,"r":255,"b":195,"angle":360,"g":232,"time":336,"type":"setColor","color":7},{"duration":0.25,"r":0,"b":0,"angle":360,"g":0,"time":336.5,"type":"setColor","color":7},{"duration":0.25,"r":255,"b":155,"angle":15,"g":229,"time":336.16665649414,"type":"setColor","color":5},{"duration":0.25,"r":0,"b":0,"angle":15,"g":0,"time":336.625,"type":"setColor","color":5},{"duration":0.25,"r":254,"b":93,"angle":30,"g":211,"time":336.3125,"type":"setColor","color":3},{"duration":0.25,"r":0,"b":0,"angle":30,"g":0,"time":336.75,"type":"setColor","color":3},{"duration":0.25,"r":255,"b":0,"angle":45,"g":187,"time":336.4375,"type":"setColor","color":2},{"duration":0.125,"r":0,"b":0,"angle":45,"g":0,"time":336.875,"type":"setColor","color":2},{"duration":0.25,"r":196,"b":230,"angle":315,"g":255,"time":337,"type":"setColor","color":2},{"duration":0.25,"r":0,"b":0,"angle":-45,"g":0,"time":337.52084350586,"type":"setColor","color":2},{"duration":0.25,"r":174,"b":212,"angle":330,"g":255,"time":337.1875,"type":"setColor","color":3},{"duration":0.25,"r":0,"b":0,"angle":-30,"g":0,"time":337.6875,"type":"setColor","color":3},{"duration":0.25,"r":86,"b":175,"angle":-15,"g":255,"time":337.375,"type":"setColor","color":5},{"duration":0.25,"r":0,"b":0,"angle":-15,"g":0,"time":337.875,"type":"setColor","color":5},{"duration":0.25,"r":30,"b":123,"angle":0,"g":255,"time":337.5625,"type":"setColor","color":7},{"duration":0.16666665673256,"r":0,"b":0,"angle":0,"g":0,"time":338,"type":"setColor","color":7},{"duration":0.25,"r":255,"b":244,"angle":315,"g":195,"time":338,"type":"setColor","color":7},{"duration":0.25,"r":0,"b":0,"angle":315,"g":0,"time":338.5,"type":"setColor","color":7},{"duration":0.25,"r":249,"b":255,"angle":-30,"g":155,"time":338.16665649414,"type":"setColor","color":5},{"duration":0.25,"r":0,"b":0,"angle":-30,"g":0,"time":338.625,"type":"setColor","color":5},{"duration":0.25,"r":254,"b":245,"angle":-15,"g":93,"time":338.3125,"type":"setColor","color":3},{"duration":0.25,"r":0,"b":0,"angle":-15,"g":0,"time":338.75,"type":"setColor","color":3},{"duration":0.25,"r":255,"b":255,"angle":0,"g":0,"time":338.4375,"type":"setColor","color":2},{"duration":0.25,"r":0,"b":0,"angle":0,"g":0,"time":338.875,"type":"setColor","color":2},{"duration":0.17499999701977,"r":255,"b":255,"angle":330,"g":255,"time":339,"type":"setColor","color":2},{"duration":0.17499999701977,"r":0,"b":0,"angle":330,"g":0,"time":339.25,"type":"setColor","color":2},{"duration":0.17499999701977,"r":255,"b":255,"angle":15,"g":255,"time":339.25,"type":"setColor","color":3},{"duration":0.17499999701977,"r":0,"b":0,"angle":15,"g":0,"time":339.5,"type":"setColor","color":3},{"duration":0.17499999701977,"r":255,"b":255,"angle":330,"g":255,"time":339.5,"type":"setColor","color":5},{"duration":0.17499999701977,"r":0,"b":0,"angle":330,"g":0,"time":339.75,"type":"setColor","color":5},{"duration":0.17499999701977,"r":255,"b":255,"angle":15,"g":255,"time":339.75,"type":"setColor","color":7},{"duration":0.17499999701977,"r":0,"b":0,"angle":15,"g":0,"time":340,"type":"setColor","color":7},{"duration":0.17499999701977,"r":255,"b":255,"angle":330,"g":255,"time":340,"type":"setColor","color":2},{"duration":0.17499999701977,"r":0,"b":0,"angle":330,"g":0,"time":340.25,"type":"setColor","color":2},{"duration":0.17499999701977,"r":255,"b":255,"angle":15,"g":255,"time":340.25,"type":"setColor","color":3},{"duration":0.17499999701977,"r":0,"b":0,"angle":15,"g":0,"time":340.5,"type":"setColor","color":3},{"duration":0.17499999701977,"r":255,"b":255,"angle":330,"g":255,"time":340.5,"type":"setColor","color":5},{"duration":0.17499999701977,"r":0,"b":0,"angle":330,"g":0,"time":340.75,"type":"setColor","color":5},{"duration":0.17499999701977,"r":255,"b":255,"angle":15,"g":255,"time":340.75,"type":"setColor","color":7},{"duration":0.17499999701977,"r":0,"b":0,"angle":15,"g":0,"time":341,"type":"setColor","color":7},{"duration":0.17499999701977,"r":255,"b":255,"angle":330,"g":255,"time":341,"type":"setColor","color":2},{"duration":0.17499999701977,"r":0,"b":0,"angle":330,"g":0,"time":341.25,"type":"setColor","color":2},{"duration":0.17499999701977,"r":255,"b":255,"angle":15,"g":255,"time":341.25,"type":"setColor","color":3},{"duration":0.17499999701977,"r":0,"b":0,"angle":15,"g":0,"time":341.5,"type":"setColor","color":3},{"duration":0.17499999701977,"r":255,"b":255,"angle":330,"g":255,"time":341.5,"type":"setColor","color":5},{"duration":0.17499999701977,"r":0,"b":0,"angle":330,"g":0,"time":341.75,"type":"setColor","color":5},{"duration":0.17499999701977,"r":255,"b":255,"angle":15,"g":255,"time":341.75,"type":"setColor","color":7},{"duration":0.17499999701977,"r":0,"b":0,"angle":15,"g":0,"time":342,"type":"setColor","color":7},{"duration":0.17499999701977,"r":255,"b":255,"angle":330,"g":255,"time":342,"type":"setColor","color":2},{"duration":0.17499999701977,"r":0,"b":0,"angle":330,"g":0,"time":342.25,"type":"setColor","color":2},{"duration":0.17499999701977,"r":255,"b":255,"angle":15,"g":255,"time":342.25,"type":"setColor","color":3},{"duration":0.17499999701977,"r":0,"b":0,"angle":15,"g":0,"time":342.5,"type":"setColor","color":3},{"duration":0.17499999701977,"r":255,"b":255,"angle":330,"g":255,"time":342.5,"type":"setColor","color":5},{"duration":0.17499999701977,"r":0,"b":0,"angle":330,"g":0,"time":342.75,"type":"setColor","color":5},{"duration":0.17499999701977,"r":255,"b":255,"angle":15,"g":255,"time":342.75,"type":"setColor","color":7},{"duration":0.25,"r":146,"b":102,"angle":330,"g":177,"time":343,"type":"setColor","color":2},{"duration":0.25,"r":146,"b":102,"angle":345,"g":177,"time":343,"type":"setColor","color":3},{"duration":0.25,"r":146,"b":102,"angle":45,"g":177,"time":343,"type":"setColor","color":5},{"duration":0.25,"r":146,"b":102,"angle":30,"g":177,"time":343,"type":"setColor","color":7},{"time":344,"angleOffset":false,"type":"tag","angle":405,"tag":"GlitchEffect"},{"enabled":true,"angle":0,"time":341,"newAngle":180,"type":"paddles","paddle":2,"ease":"linear","duration":2},{"time":346,"angleOffset":false,"type":"tag","angle":405,"tag":"GlitchEffect"},{"time":348,"angleOffset":false,"type":"tag","angle":405,"tag":"GlitchEffect"},{"time":349.25,"angleOffset":false,"type":"tag","angle":405,"tag":"GlitchEffect"},{"time":350,"angleOffset":false,"type":"tag","angle":405,"tag":"GlitchEffect"},{"time":352,"angleOffset":false,"type":"tag","angle":405,"tag":"GlitchEffect"},{"time":354,"angleOffset":false,"type":"tag","angle":405,"tag":"GlitchEffect"},{"time":356,"angleOffset":false,"type":"tag","angle":405,"tag":"GlitchEffect"},{"time":357.25,"angleOffset":false,"type":"tag","angle":405,"tag":"GlitchEffect"},{"time":358,"angleOffset":false,"type":"tag","angle":405,"tag":"GlitchEffect"},{"time":360,"angleOffset":false,"type":"tag","angle":405,"tag":"GlitchEffect"},{"time":362,"angleOffset":false,"type":"tag","angle":405,"tag":"GlitchEffect"},{"time":364,"angleOffset":false,"type":"tag","angle":405,"tag":"GlitchEffect"},{"time":365.25,"angleOffset":false,"type":"tag","angle":405,"tag":"GlitchEffect"},{"time":366,"angleOffset":false,"type":"tag","angle":405,"tag":"GlitchEffect"},{"time":368,"angleOffset":false,"type":"tag","angle":405,"tag":"GlitchEffect"},{"time":370,"angleOffset":false,"type":"tag","angle":405,"tag":"GlitchEffect"},{"time":372,"angleOffset":false,"type":"tag","angle":405,"tag":"GlitchEffect"},{"time":373.25,"angleOffset":false,"type":"tag","angle":45,"tag":"GlitchEffect"},{"time":374,"angleOffset":false,"type":"tag","angle":405,"tag":"GlitchEffect"},{"time":375,"newAngle":0,"ease":"outBack","type":"paddles","paddle":2,"angle":105,"duration":1},{"time":391,"angle":360,"type":"showResults"}]}