[{"angle":0,"time":2.5,"type":"block"},{"angle":67.5,"time":3.25,"type":"block"},{"angle":270,"time":4,"type":"block"},{"angle":0,"time":4.75,"type":"block"},{"angle":90,"time":6.5,"type":"block"},{"angle":315,"time":7.25,"type":"block"},{"angle":360,"time":8,"type":"block"},{"angle":180,"time":5.5,"type":"side"},{"angle":135,"time":8.75,"type":"side"},{"angle":45,"time":2,"type":"extraTap"},{"angle":22.5,"time":6,"type":"extraTap"},{"angle":292.5,"time":9.5,"type":"block"},{"angle":315,"time":10,"type":"extraTap"},{"angle":45,"time":10.5,"type":"block"},{"angle":270,"time":11.25,"type":"block"},{"angle":360,"time":12,"type":"block"},{"angle":180,"time":12.75,"type":"side"},{"angle":112.5,"time":13.5,"type":"block"},{"angle":90,"time":14,"type":"extraTap"},{"angle":315,"time":14.5,"type":"side"},{"angle":112.5,"time":15.25,"type":"side"},{"angle":0,"time":16,"type":"block"},{"angle":247.5,"time":16.75,"type":"block"},{"angle":112.5,"time":17.5,"type":"block"},{"angle":0,"time":18.5,"type":"block"},{"angle":-67.5,"time":19.25,"type":"block"},{"angle":-270,"time":20,"type":"block"},{"angle":0,"time":20.75,"type":"block"},{"angle":-90,"time":22.5,"type":"block"},{"angle":-315,"time":23.25,"type":"block"},{"angle":-360,"time":24,"type":"block"},{"angle":-180,"time":21.5,"type":"side"},{"angle":-135,"time":24.75,"type":"side"},{"angle":-45,"time":18,"type":"extraTap"},{"angle":-22.5,"time":22,"type":"extraTap"},{"angle":-292.5,"time":25.5,"type":"block"},{"angle":-315,"time":26,"type":"extraTap"},{"angle":-45,"time":26.5,"type":"block"},{"angle":-270,"time":27.25,"type":"block"},{"angle":-360,"time":28,"type":"block"},{"angle":-180,"time":28.75,"type":"side"},{"angle":-112.5,"time":29.5,"type":"block"},{"angle":-90,"time":30,"type":"extraTap"},{"angle":-315,"time":30.5,"type":"side"},{"angle":-112.5,"time":31.25,"type":"side"},{"angle":0,"time":32,"type":"block"},{"angle":-247.5,"time":32.75,"type":"block"},{"angle":337.5,"time":33.5,"type":"side"},{"duration":0,"startTap":true,"type":"hold","time":34,"endTap":true,"angle2":360,"angle":315},{"duration":0,"startTap":true,"type":"hold","time":34.75,"endTap":true,"angle2":112.5,"angle":67.5},{"duration":0,"startTap":true,"type":"hold","time":35.5,"endTap":true,"angle2":191.25,"angle":236.25},{"angle":191.25,"time":36,"type":"block"},{"angle":180,"time":36.25,"type":"block"},{"angle":225,"time":36.5,"type":"block"},{"angle":247.5,"time":36.75,"type":"block"},{"angle":90,"time":34.5,"type":"side"},{"angle":213.75,"time":35.25,"type":"side"},{"time":37,"angle":258.75,"order":0,"startTap":true,"duration":0,"type":"hold","endTap":true,"angle2":303.75},{"order":1,"type":"hold","duration":1,"angle2":360,"holdEase":"inOutSine","time":37,"angle":281.25},{"duration":0,"startTap":true,"type":"hold","time":38,"endTap":true,"angle2":382.5,"angle":337.5},{"angle":292.5,"time":38.5,"type":"side"},{"duration":0,"startTap":true,"type":"hold","time":38.75,"endTap":true,"angle2":315,"angle":270},{"angle":135,"time":39.25,"type":"side"},{"duration":0,"startTap":true,"type":"hold","time":39.5,"endTap":true,"angle2":157.5,"angle":112.5},{"angle":90,"time":40,"type":"block"},{"angle":78.75,"time":40.25,"type":"block"},{"angle":45,"time":40.5,"type":"block"},{"angle":22.5,"time":40.75,"type":"block"},{"time":41,"angle":315,"order":0,"startTap":true,"duration":0,"type":"hold","endTap":true,"angle2":360},{"order":1,"type":"hold","duration":1,"angle2":416.25,"holdEase":"inOutSine","time":41,"angle":337.5},{"duration":0,"startTap":true,"type":"hold","time":42,"endTap":true,"angle2":78.75,"angle":33.75},{"angle":180,"time":42.5,"type":"side"},{"duration":0,"startTap":true,"type":"hold","time":42.75,"endTap":true,"angle2":202.5,"angle":157.5},{"angle":22.5,"time":43.25,"type":"side"},{"duration":0,"startTap":true,"type":"hold","time":43.5,"endTap":true,"angle2":45,"angle":0},{"angle":67.5,"time":44,"type":"block"},{"angle":56.25,"time":44.25,"type":"block"},{"angle":112.5,"time":44.5,"type":"block"},{"angle":135,"time":44.75,"type":"block"},{"time":45,"angle":157.5,"order":0,"startTap":true,"duration":0,"type":"hold","endTap":true,"angle2":202.5},{"order":1,"type":"hold","duration":1,"angle2":112.5,"holdEase":"inOutSine","time":45,"angle":180},{"duration":0,"startTap":true,"type":"hold","time":46,"endTap":true,"angle2":90,"angle":135},{"angle":11.25,"time":46.5,"type":"side"},{"duration":0,"startTap":true,"type":"hold","time":46.75,"endTap":true,"angle2":393.75,"angle":348.75},{"angle":281.25,"time":47.25,"type":"side"},{"duration":0,"startTap":true,"type":"hold","time":47.5,"endTap":true,"angle2":303.75,"angle":258.75},{"angle":315,"time":48,"type":"block"},{"angle":337.5,"time":48.25,"type":"block"},{"angle":337.5,"time":49,"type":"side"},{"angle":22.5,"time":49.75,"type":"side"},{"angle":337.5,"time":49.5,"type":"side"},{"angle":22.5,"time":49.25,"type":"side"},{"angle":22.5,"time":48.5,"type":"side"},{"duration":0,"startTap":true,"type":"hold","time":50,"endTap":true,"angle2":-360,"angle":-315},{"duration":0,"startTap":true,"type":"hold","time":50.75,"endTap":true,"angle2":-112.5,"angle":-67.5},{"duration":0,"startTap":true,"type":"hold","time":51.5,"endTap":true,"angle2":-191.25,"angle":-236.25},{"angle":-191.25,"time":52,"type":"block"},{"angle":-180,"time":52.25,"type":"block"},{"angle":-225,"time":52.5,"type":"block"},{"angle":-247.5,"time":52.75,"type":"block"},{"angle":-90,"time":50.5,"type":"side"},{"angle":-213.75,"time":51.25,"type":"side"},{"time":53,"angle":-258.75,"order":0,"startTap":true,"duration":0,"type":"hold","endTap":true,"angle2":-303.75},{"order":1,"type":"hold","duration":1,"angle2":-360,"holdEase":"inOutSine","time":53,"angle":-281.25},{"duration":0,"startTap":true,"type":"hold","time":54,"endTap":true,"angle2":-382.5,"angle":-337.5},{"angle":-292.5,"time":54.5,"type":"side"},{"duration":0,"startTap":true,"type":"hold","time":54.75,"endTap":true,"angle2":-315,"angle":-270},{"angle":-135,"time":55.25,"type":"side"},{"duration":0,"startTap":true,"type":"hold","time":55.5,"endTap":true,"angle2":-157.5,"angle":-112.5},{"angle":-90,"time":56,"type":"block"},{"angle":-78.75,"time":56.25,"type":"block"},{"angle":-45,"time":56.5,"type":"block"},{"angle":-22.5,"time":56.75,"type":"block"},{"time":57,"angle":-315,"order":0,"startTap":true,"duration":0,"type":"hold","endTap":true,"angle2":-360},{"order":1,"type":"hold","duration":1,"angle2":-416.25,"holdEase":"inOutSine","time":57,"angle":-337.5},{"duration":0,"startTap":true,"type":"hold","time":58,"endTap":true,"angle2":-78.75,"angle":-33.75},{"angle":-180,"time":58.5,"type":"side"},{"duration":0,"startTap":true,"type":"hold","time":58.75,"endTap":true,"angle2":-202.5,"angle":-157.5},{"angle":-22.5,"time":59.25,"type":"side"},{"duration":0,"startTap":true,"type":"hold","time":59.5,"endTap":true,"angle2":-45,"angle":0},{"angle":-67.5,"time":60,"type":"block"},{"angle":-56.25,"time":60.25,"type":"block"},{"angle":-112.5,"time":60.5,"type":"block"},{"angle":-135,"time":60.75,"type":"block"},{"time":61,"angle":-157.5,"order":0,"startTap":true,"duration":0,"type":"hold","endTap":true,"angle2":-202.5},{"order":1,"type":"hold","duration":1,"angle2":-112.5,"holdEase":"inOutSine","time":61,"angle":-180},{"duration":0,"startTap":true,"type":"hold","time":62,"endTap":true,"angle2":-90,"angle":-135},{"angle":-11.25,"time":62.5,"type":"side"},{"duration":0,"startTap":true,"type":"hold","time":62.75,"endTap":true,"angle2":-393.75,"angle":-348.75},{"angle":-281.25,"time":63.25,"type":"side"},{"duration":0,"startTap":true,"type":"hold","time":63.5,"endTap":true,"angle2":-303.75,"angle":-258.75},{"angle":-315,"time":64,"type":"block"},{"angle":-337.5,"time":64.25,"type":"block"},{"angle":-337.5,"time":65,"type":"side"},{"angle":-22.5,"time":65.75,"type":"side"},{"angle":-337.5,"time":65.5,"type":"side"},{"angle":-22.5,"time":65.25,"type":"side"},{"angle":-22.5,"time":64.5,"type":"side"},{"tap":true,"type":"block","time":66.5,"angle":337.5},{"tap":true,"type":"block","time":66.5,"angle":22.5},{"angle":360,"time":66.5,"type":"block"},{"tap":true,"type":"block","time":67.25,"angle":247.5},{"tap":true,"type":"block","time":67.25,"angle":202.5},{"angle":225,"time":67.25,"type":"block"},{"tap":true,"type":"block","time":68,"angle":315},{"angle":337.5,"time":68,"type":"block"},{"tap":true,"type":"block","time":68,"angle":360},{"tap":true,"type":"block","time":68.75,"angle":90},{"angle":112.5,"time":68.75,"type":"block"},{"tap":true,"type":"block","time":68.75,"angle":135},{"angle":0,"time":69.5,"type":"block"},{"tap":true,"type":"block","time":69.5,"angle":22.5},{"tap":true,"type":"block","time":69.5,"angle":337.5},{"tap":true,"type":"block","time":70.5,"angle":337.5},{"angle":0,"time":70.5,"type":"block"},{"tap":true,"type":"block","time":70.5,"angle":22.5},{"angle":337.5,"time":70,"type":"mine"},{"angle":360,"time":70,"type":"mine"},{"angle":22.5,"time":70,"type":"mine"},{"tap":true,"type":"block","time":71.25,"angle":90},{"angle":112.5,"time":71.25,"type":"block"},{"tap":true,"type":"block","time":71.25,"angle":135},{"tap":true,"type":"block","time":72,"angle":225},{"angle":247.5,"time":72,"type":"block"},{"tap":true,"type":"block","time":72,"angle":270},{"tap":true,"type":"block","time":72.75,"angle":67.5},{"angle":90,"time":72.75,"type":"block"},{"tap":true,"type":"block","time":72.75,"angle":112.5},{"tap":true,"type":"block","time":73.5,"angle":337.5},{"angle":315,"time":73.5,"type":"block"},{"tap":true,"type":"block","time":73.5,"angle":292.5},{"angle":292.5,"time":74,"type":"mine"},{"angle":315,"time":74,"type":"mine"},{"angle":337.5,"time":74,"type":"mine"},{"tap":true,"type":"block","time":74.5,"angle":292.5},{"angle":315,"time":74.5,"type":"block"},{"tap":true,"type":"block","time":74.5,"angle":337.5},{"tap":true,"type":"block","time":75.25,"angle":67.5},{"angle":90,"time":75.25,"type":"block"},{"tap":true,"type":"block","time":75.25,"angle":112.5},{"tap":true,"type":"block","time":76,"angle":292.5},{"angle":270,"time":76,"type":"block"},{"tap":true,"type":"block","time":76,"angle":247.5},{"tap":true,"type":"block","time":76.75,"angle":22.5},{"angle":45,"time":76.75,"type":"block"},{"tap":true,"type":"block","time":76.75,"angle":67.5},{"tap":true,"type":"block","time":77.5,"angle":292.5},{"tap":true,"type":"block","time":77.5,"angle":247.5},{"angle":270,"time":77.5,"type":"block"},{"angle":292.5,"time":78,"type":"mine"},{"angle":270,"time":78,"type":"mine"},{"angle":247.5,"time":78,"type":"mine"},{"tap":true,"type":"block","time":78.5,"angle":292.5},{"angle":270,"time":78.5,"type":"block"},{"tap":true,"type":"block","time":78.5,"angle":247.5},{"tap":true,"type":"block","time":79.25,"angle":157.5},{"angle":135,"time":79.25,"type":"block"},{"tap":true,"type":"block","time":79.25,"angle":112.5},{"tap":true,"type":"block","time":80,"angle":360},{"tap":true,"type":"block","time":80,"angle":315},{"angle":337.5,"time":80,"type":"block"},{"tap":true,"type":"block","time":80.75,"angle":45},{"angle":67.5,"time":80.75,"type":"block"},{"tap":true,"type":"block","time":80.75,"angle":90},{"tap":true,"type":"block","time":82.5,"angle":562.5},{"tap":true,"type":"block","time":82.5,"angle":247.5},{"angle":585,"time":82.5,"type":"block"},{"tap":true,"type":"block","time":83.25,"angle":427.5},{"tap":true,"type":"block","time":83.25,"angle":382.5},{"angle":405,"time":83.25,"type":"block"},{"tap":true,"type":"block","time":84,"angle":495},{"angle":517.5,"time":84,"type":"block"},{"tap":true,"type":"block","time":84,"angle":540},{"tap":true,"type":"block","time":84.75,"angle":270},{"angle":292.5,"time":84.75,"type":"block"},{"tap":true,"type":"block","time":84.75,"angle":315},{"angle":180,"time":85.5,"type":"block"},{"tap":true,"type":"block","time":85.5,"angle":202.5},{"tap":true,"type":"block","time":85.5,"angle":517.5},{"tap":true,"type":"block","time":86.5,"angle":517.5},{"angle":180,"time":86.5,"type":"block"},{"tap":true,"type":"block","time":86.5,"angle":202.5},{"angle":517.5,"time":86,"type":"mine"},{"angle":540,"time":86,"type":"mine"},{"angle":202.5,"time":86,"type":"mine"},{"tap":true,"type":"block","time":87.25,"angle":270},{"angle":292.5,"time":87.25,"type":"block"},{"tap":true,"type":"block","time":87.25,"angle":315},{"tap":true,"type":"block","time":88,"angle":405},{"angle":427.5,"time":88,"type":"block"},{"tap":true,"type":"block","time":88,"angle":450},{"tap":true,"type":"block","time":88.75,"angle":247.5},{"angle":270,"time":88.75,"type":"block"},{"tap":true,"type":"block","time":88.75,"angle":292.5},{"tap":true,"type":"block","time":89.5,"angle":517.5},{"angle":495,"time":89.5,"type":"block"},{"tap":true,"type":"block","time":89.5,"angle":472.5},{"angle":472.5,"time":90,"type":"mine"},{"angle":495,"time":90,"type":"mine"},{"angle":517.5,"time":90,"type":"mine"},{"tap":true,"type":"block","time":90.5,"angle":472.5},{"angle":495,"time":90.5,"type":"block"},{"tap":true,"type":"block","time":90.5,"angle":517.5},{"tap":true,"type":"block","time":91.25,"angle":247.5},{"angle":270,"time":91.25,"type":"block"},{"tap":true,"type":"block","time":91.25,"angle":292.5},{"tap":true,"type":"block","time":92,"angle":472.5},{"angle":450,"time":92,"type":"block"},{"tap":true,"type":"block","time":92,"angle":427.5},{"tap":true,"type":"block","time":92.75,"angle":202.5},{"angle":225,"time":92.75,"type":"block"},{"tap":true,"type":"block","time":92.75,"angle":247.5},{"tap":true,"type":"block","time":93.5,"angle":472.5},{"tap":true,"type":"block","time":93.5,"angle":427.5},{"angle":450,"time":93.5,"type":"block"},{"angle":472.5,"time":94,"type":"mine"},{"angle":450,"time":94,"type":"mine"},{"angle":427.5,"time":94,"type":"mine"},{"tap":true,"type":"block","time":94.5,"angle":472.5},{"angle":450,"time":94.5,"type":"block"},{"tap":true,"type":"block","time":94.5,"angle":427.5},{"tap":true,"type":"block","time":95.25,"angle":337.5},{"angle":315,"time":95.25,"type":"block"},{"tap":true,"type":"block","time":95.25,"angle":292.5},{"tap":true,"type":"block","time":96,"angle":540},{"tap":true,"type":"block","time":96,"angle":495},{"angle":517.5,"time":96,"type":"block"},{"tap":true,"type":"block","time":96.75,"angle":225},{"angle":247.5,"time":96.75,"type":"block"},{"tap":true,"type":"block","time":96.75,"angle":270},{"tap":true,"type":"block","time":81.5,"angle":247.5},{"angle":225,"time":81.5,"type":"block"},{"tap":true,"type":"block","time":81.5,"angle":202.5},{"angle":247.5,"time":82,"type":"mine"},{"angle":225,"time":82,"type":"mine"},{"angle":202.5,"time":82,"type":"mine"},{"tap":true,"type":"block","time":97.5,"angle":337.5},{"tap":true,"type":"block","time":97.5,"angle":22.5},{"angle":360,"time":97.5,"type":"block"},{"angle":45,"time":98,"type":"block"},{"angle":22.5,"time":98,"type":"block"},{"angle":90,"time":98.5,"type":"block"},{"angle":112.5,"time":98.5,"type":"block"},{"angle":0,"time":99,"type":"block"},{"angle":22.5,"time":99,"type":"block"},{"angle":135,"time":99.5,"type":"block"},{"angle":157.5,"time":99.5,"type":"block"},{"angle":90,"time":101,"type":"block"},{"angle":67.5,"time":101,"type":"block"},{"angle":112.5,"time":101.5,"type":"mine"},{"angle":90,"time":101.5,"type":"mine"},{"angle":67.5,"time":101.5,"type":"mine"},{"angle":45,"time":101.5,"type":"mine"},{"angle":22.5,"time":101.5,"type":"mine"},{"angle":360,"time":101.5,"type":"mine"},{"angle":135,"time":101.5,"type":"mine"},{"angle":157.5,"time":101.5,"type":"mine"},{"angle":180,"time":101.5,"type":"mine"},{"angle":270,"time":100,"type":"inverse"},{"angle":292.5,"time":100.25,"type":"inverse"},{"angle":315,"time":100.5,"type":"inverse"},{"angle":90,"time":102,"type":"block"},{"angle":67.5,"time":102.25,"type":"block"},{"angle":45,"time":102.5,"type":"block"},{"angle":22.5,"time":102.75,"type":"block"},{"angle":315,"time":103,"type":"inverse"},{"angle":292.5,"time":103.25,"type":"inverse"},{"angle":270,"time":103.5,"type":"inverse"},{"angle":135,"time":104,"type":"block"},{"angle":112.5,"time":104.25,"type":"block"},{"angle":90,"time":104.5,"type":"block"},{"angle":180,"time":105,"type":"block"},{"angle":157.5,"time":105,"type":"block"},{"angle":123.75,"time":104.125,"type":"block"},{"angle":101.25,"time":104.375,"type":"block"},{"angle":78.75,"time":104.625,"type":"block"},{"angle":180,"time":105.5,"type":"mine"},{"angle":157.5,"time":105.5,"type":"mine"},{"angle":135,"time":105.5,"type":"mine"},{"angle":112.5,"time":105.5,"type":"mine"},{"angle":90,"time":105.5,"type":"mine"},{"angle":67.5,"time":105.5,"type":"mine"},{"angle":45,"time":105.5,"type":"mine"},{"angle":22.5,"time":105.5,"type":"mine"},{"angle":360,"time":105.5,"type":"mine"},{"tap":true,"type":"block","time":106,"angle":45},{"tap":true,"type":"block","time":106,"angle":67.5},{"angle":90,"time":106.5,"type":"block"},{"angle":112.5,"time":106.75,"type":"block"},{"angle":135,"time":106.75,"type":"block"},{"tap":true,"type":"block","time":108,"angle":90},{"tap":true,"type":"block","time":108,"angle":112.5},{"angle":180,"time":107.5,"type":"mine"},{"angle":157.5,"time":107.5,"type":"mine"},{"angle":135,"time":107.5,"type":"mine"},{"angle":112.5,"time":107.5,"type":"mine"},{"angle":90,"time":107.5,"type":"mine"},{"angle":67.5,"time":107.5,"type":"mine"},{"angle":45,"time":107.5,"type":"mine"},{"angle":22.5,"time":107.5,"type":"mine"},{"angle":0,"time":107.5,"type":"mine"},{"angle":67.5,"time":108.5,"type":"block"},{"angle":45,"time":108.75,"type":"block"},{"angle":22.5,"time":108.75,"type":"block"},{"tap":true,"type":"block","time":110,"angle":67.5},{"tap":true,"type":"block","time":110,"angle":90},{"angle":0,"time":109.5,"type":"mine"},{"angle":22.5,"time":109.5,"type":"mine"},{"angle":45,"time":109.5,"type":"mine"},{"angle":67.5,"time":109.5,"type":"mine"},{"angle":90,"time":109.5,"type":"mine"},{"angle":112.5,"time":109.5,"type":"mine"},{"angle":135,"time":109.5,"type":"mine"},{"angle":157.5,"time":109.5,"type":"mine"},{"angle":180,"time":109.5,"type":"mine"},{"angle":112.5,"time":110.5,"type":"block"},{"angle":135,"time":110.75,"type":"block"},{"angle":157.5,"time":110.75,"type":"block"},{"angle":180,"time":111.5,"type":"mine"},{"angle":0,"time":111.5,"type":"mine"},{"angle":270,"time":111.5,"type":"inverse"},{"tap":true,"type":"inverse","time":112,"angle":315},{"tap":true,"type":"inverse","time":113,"angle":225},{"angle":157.5,"time":111.75,"type":"mine"},{"angle":22.5,"time":111.75,"type":"mine"},{"angle":135,"time":112,"type":"mine"},{"angle":45,"time":112,"type":"mine"},{"angle":67.5,"time":112.25,"type":"mine"},{"angle":112.5,"time":112.25,"type":"mine"},{"angle":90,"time":112.5,"type":"mine"},{"duration":1,"type":"mineHold","time":112,"angle2":112.5,"angle":180},{"duration":1,"type":"mineHold","time":112,"angle2":180,"angle":157.5},{"duration":1,"type":"mineHold","time":112,"angle2":67.5,"angle":0},{"duration":1,"type":"mineHold","time":112,"angle2":0,"angle":22.5},{"angle":-45,"time":114,"type":"block"},{"angle":-22.5,"time":114,"type":"block"},{"angle":-90,"time":114.5,"type":"block"},{"angle":-112.5,"time":114.5,"type":"block"},{"angle":0,"time":115,"type":"block"},{"angle":-22.5,"time":115,"type":"block"},{"angle":-135,"time":115.5,"type":"block"},{"angle":-157.5,"time":115.5,"type":"block"},{"angle":-90,"time":117,"type":"block"},{"angle":-67.5,"time":117,"type":"block"},{"angle":-112.5,"time":117.5,"type":"mine"},{"angle":-90,"time":117.5,"type":"mine"},{"angle":-67.5,"time":117.5,"type":"mine"},{"angle":-45,"time":117.5,"type":"mine"},{"angle":-22.5,"time":117.5,"type":"mine"},{"angle":-360,"time":117.5,"type":"mine"},{"angle":-135,"time":117.5,"type":"mine"},{"angle":-157.5,"time":117.5,"type":"mine"},{"angle":-180,"time":117.5,"type":"mine"},{"angle":-270,"time":116,"type":"inverse"},{"angle":-292.5,"time":116.25,"type":"inverse"},{"angle":-315,"time":116.5,"type":"inverse"},{"angle":-90,"time":118,"type":"block"},{"angle":-67.5,"time":118.25,"type":"block"},{"angle":-45,"time":118.5,"type":"block"},{"angle":-22.5,"time":118.75,"type":"block"},{"angle":-315,"time":119,"type":"inverse"},{"angle":-292.5,"time":119.25,"type":"inverse"},{"angle":-270,"time":119.5,"type":"inverse"},{"angle":-135,"time":120,"type":"block"},{"angle":-112.5,"time":120.25,"type":"block"},{"angle":-90,"time":120.5,"type":"block"},{"angle":-180,"time":121,"type":"block"},{"angle":-157.5,"time":121,"type":"block"},{"angle":-123.75,"time":120.125,"type":"block"},{"angle":-101.25,"time":120.375,"type":"block"},{"angle":-78.75,"time":120.625,"type":"block"},{"angle":-180,"time":121.5,"type":"mine"},{"angle":-157.5,"time":121.5,"type":"mine"},{"angle":-135,"time":121.5,"type":"mine"},{"angle":-112.5,"time":121.5,"type":"mine"},{"angle":-90,"time":121.5,"type":"mine"},{"angle":-67.5,"time":121.5,"type":"mine"},{"angle":-45,"time":121.5,"type":"mine"},{"angle":-22.5,"time":121.5,"type":"mine"},{"angle":-360,"time":121.5,"type":"mine"},{"tap":true,"type":"block","time":122,"angle":-45},{"tap":true,"type":"block","time":122,"angle":-67.5},{"angle":-90,"time":122.5,"type":"block"},{"angle":-112.5,"time":122.75,"type":"block"},{"angle":-135,"time":122.75,"type":"block"},{"tap":true,"type":"block","time":124,"angle":-90},{"tap":true,"type":"block","time":124,"angle":-112.5},{"angle":-180,"time":123.5,"type":"mine"},{"angle":-157.5,"time":123.5,"type":"mine"},{"angle":-135,"time":123.5,"type":"mine"},{"angle":-112.5,"time":123.5,"type":"mine"},{"angle":-90,"time":123.5,"type":"mine"},{"angle":-67.5,"time":123.5,"type":"mine"},{"angle":-45,"time":123.5,"type":"mine"},{"angle":-22.5,"time":123.5,"type":"mine"},{"angle":0,"time":123.5,"type":"mine"},{"angle":-67.5,"time":124.5,"type":"block"},{"angle":-45,"time":124.75,"type":"block"},{"angle":-22.5,"time":124.75,"type":"block"},{"tap":true,"type":"block","time":126,"angle":-67.5},{"tap":true,"type":"block","time":126,"angle":-90},{"angle":0,"time":125.5,"type":"mine"},{"angle":-22.5,"time":125.5,"type":"mine"},{"angle":-45,"time":125.5,"type":"mine"},{"angle":-67.5,"time":125.5,"type":"mine"},{"angle":-90,"time":125.5,"type":"mine"},{"angle":-112.5,"time":125.5,"type":"mine"},{"angle":-135,"time":125.5,"type":"mine"},{"angle":-157.5,"time":125.5,"type":"mine"},{"angle":-180,"time":125.5,"type":"mine"},{"angle":-112.5,"time":126.5,"type":"block"},{"angle":-135,"time":126.75,"type":"block"},{"angle":-157.5,"time":126.75,"type":"block"},{"angle":-180,"time":127.5,"type":"mine"},{"angle":0,"time":127.5,"type":"mine"},{"angle":-270,"time":127.5,"type":"inverse"},{"tap":true,"type":"inverse","time":128,"angle":-315},{"tap":true,"type":"inverse","time":129,"angle":-225},{"angle":-157.5,"time":127.75,"type":"mine"},{"angle":-22.5,"time":127.75,"type":"mine"},{"angle":-135,"time":128,"type":"mine"},{"angle":-45,"time":128,"type":"mine"},{"angle":-67.5,"time":128.25,"type":"mine"},{"angle":-112.5,"time":128.25,"type":"mine"},{"angle":-90,"time":128.5,"type":"mine"},{"duration":1,"type":"mineHold","time":128,"angle2":-112.5,"angle":-180},{"duration":1,"type":"mineHold","time":128,"angle2":-180,"angle":-157.5},{"duration":1,"type":"mineHold","time":128,"angle2":-67.5,"angle":0},{"duration":1,"type":"mineHold","time":128,"angle2":0,"angle":-22.5},{"duration":2,"type":"mineHold","time":130,"angle2":315,"angle":292.5},{"duration":2,"type":"mineHold","time":130,"angle2":45,"angle":67.5},{"duration":4.5,"type":"hold","time":130,"angle2":0,"angle":0},{"duration":2.5,"type":"mineHold","time":132,"angle2":315,"angle":315},{"duration":3.5,"type":"mineHold","time":132,"angle2":45,"angle":45},{"angle":315,"time":135,"type":"block"},{"angle":247.5,"time":135.5,"type":"block"},{"duration":1,"type":"hold","angle2":180,"holdEase":"linear","time":136,"angle":270},{"duration":0,"type":"mineHold","time":135.5,"angle2":-45,"angle":45},{"duration":2,"type":"mineHold","time":137.5,"angle2":495,"angle":472.5},{"duration":2,"type":"mineHold","time":137.5,"angle2":225,"angle":247.5},{"duration":4.5,"type":"hold","time":137.5,"angle2":180,"angle":180},{"duration":2.5,"type":"mineHold","time":139.5,"angle2":495,"angle":495},{"duration":2.5,"type":"mineHold","time":139.5,"angle2":225,"angle":225},{"angle":90,"time":142.5,"type":"block"},{"angle":67.5,"time":143,"type":"block"},{"angle":45,"time":143.5,"type":"block"},{"duration":1,"type":"hold","angle2":135,"holdEase":"outSine","time":144,"angle":22.5},{"duration":1,"type":"hold","angle2":45,"holdEase":"outSine","time":145,"angle":135},{"angle":270,"time":130.5,"type":"extraTap"},{"angle":270,"time":131.5,"type":"extraTap"},{"angle":270,"time":132.5,"type":"extraTap"},{"angle":270,"time":133.5,"type":"extraTap"},{"angle":270,"time":134.5,"type":"extraTap"},{"angle":270,"time":135.5,"type":"extraTap"},{"angle":270,"time":136.5,"type":"extraTap"},{"angle":270,"time":137.5,"type":"extraTap"},{"angle":270,"time":138.5,"type":"extraTap"},{"angle":270,"time":139.5,"type":"extraTap"},{"angle":270,"time":140.5,"type":"extraTap"},{"angle":270,"time":141.5,"type":"extraTap"},{"angle":270,"time":142.5,"type":"extraTap"},{"angle":270,"time":143.5,"type":"extraTap"},{"angle":270,"time":144.5,"type":"extraTap"},{"angle":270,"time":145.5,"type":"extraTap"},{"angle":67.5,"time":146.5,"type":"block"},{"angle":112.5,"time":147,"type":"block"},{"duration":2,"type":"hold","time":147.5,"angle2":90,"angle":90},{"angle":270,"time":146.5,"type":"extraTap"},{"angle":270,"time":147.5,"type":"extraTap"},{"angle":270,"time":148.5,"type":"extraTap"},{"duration":1,"type":"hold","angle2":67.5,"holdEase":"inSine","time":150,"angle":90},{"duration":1,"type":"hold","angle2":112.5,"holdEase":"inSine","time":151,"angle":67.5},{"duration":0.66666668653488,"type":"hold","angle2":45,"holdEase":"inSine","time":152,"angle":112.5},{"duration":0.66666668653488,"type":"hold","angle2":90,"holdEase":"inSine","time":152.66667175293,"angle":45},{"duration":3.6666667461395,"type":"hold","angle2":-450,"holdEase":"inOutSine","time":153.33332824707,"angle":90},{"duration":0.5,"type":"hold","time":149.5,"angle2":90,"angle":90},{"angle":270,"time":149.5,"type":"extraTap"},{"angle":270,"time":150.5,"type":"extraTap"},{"angle":270,"time":151.5,"type":"extraTap"},{"angle":270,"time":152.5,"type":"extraTap"},{"angle":270,"time":153.5,"type":"extraTap"},{"angle":270,"time":154.5,"type":"extraTap"},{"angle":270,"time":155.5,"type":"extraTap"},{"angle":270,"time":156.5,"type":"extraTap"},{"duration":2,"type":"mineHold","time":147.5,"angle2":405,"angle":382.5},{"duration":2,"type":"mineHold","time":147.5,"angle2":135,"angle":157.5},{"duration":0.5,"type":"mineHold","time":149.5,"angle2":405,"angle":405},{"duration":0.5,"type":"mineHold","time":149.5,"angle2":135,"angle":135},{"duration":3.6666662693024,"type":"mineHold","angle2":-270,"holdEase":"inOutSine","time":153.33332824707,"angle":270},{"duration":1,"type":"hold","time":157,"angle2":270,"angle":270},{"duration":2,"type":"hold","angle2":450,"holdEase":"inOutSine","time":158,"angle":270},{"duration":2,"type":"hold","angle2":0,"holdEase":"inBack","time":160,"angle":90},{"duration":1,"type":"mineHold","time":157,"angle2":90,"angle":90},{"duration":2,"type":"mineHold","angle2":270,"holdEase":"inOutSine","time":158,"angle":90},{"duration":2,"type":"mineHold","angle2":180,"holdEase":"inBack","time":160,"angle":270},{"angle":247.5,"time":157.5,"type":"extraTap"},{"angle":270,"time":158.5,"type":"extraTap"},{"angle":270,"time":160.5,"type":"extraTap"},{"angle":270,"time":159.5,"type":"extraTap"},{"angle":270,"time":161.5,"type":"extraTap"},{"duration":2,"type":"mineHold","time":162,"angle2":-315,"angle":-292.5},{"duration":2,"type":"mineHold","time":162,"angle2":-45,"angle":-67.5},{"duration":4.5,"type":"hold","time":162,"angle2":0,"angle":0},{"duration":2.5,"type":"mineHold","time":164,"angle2":-315,"angle":-315},{"duration":3.5,"type":"mineHold","time":164,"angle2":-45,"angle":-45},{"angle":-315,"time":167,"type":"block"},{"angle":-247.5,"time":167.5,"type":"block"},{"duration":1,"type":"hold","angle2":-180,"holdEase":"linear","time":168,"angle":-270},{"duration":0,"type":"mineHold","time":167.5,"angle2":45,"angle":-45},{"duration":2,"type":"mineHold","time":169.5,"angle2":-495,"angle":-472.5},{"duration":2,"type":"mineHold","time":169.5,"angle2":-225,"angle":-247.5},{"duration":4.5,"type":"hold","time":169.5,"angle2":-180,"angle":-180},{"duration":2.5,"type":"mineHold","time":171.5,"angle2":-495,"angle":-495},{"duration":2.5,"type":"mineHold","time":171.5,"angle2":-225,"angle":-225},{"angle":-90,"time":174.5,"type":"block"},{"angle":-67.5,"time":175,"type":"block"},{"angle":-45,"time":175.5,"type":"block"},{"duration":1,"type":"hold","angle2":-135,"holdEase":"outSine","time":176,"angle":-22.5},{"duration":1,"type":"hold","angle2":-45,"holdEase":"outSine","time":177,"angle":-135},{"angle":-270,"time":162.5,"type":"extraTap"},{"angle":-270,"time":163.5,"type":"extraTap"},{"angle":-270,"time":164.5,"type":"extraTap"},{"angle":-270,"time":165.5,"type":"extraTap"},{"angle":-270,"time":166.5,"type":"extraTap"},{"angle":-270,"time":167.5,"type":"extraTap"},{"angle":-270,"time":168.5,"type":"extraTap"},{"angle":-270,"time":169.5,"type":"extraTap"},{"angle":-270,"time":170.5,"type":"extraTap"},{"angle":-270,"time":171.5,"type":"extraTap"},{"angle":-270,"time":172.5,"type":"extraTap"},{"angle":-270,"time":173.5,"type":"extraTap"},{"angle":-270,"time":174.5,"type":"extraTap"},{"angle":-270,"time":175.5,"type":"extraTap"},{"angle":-270,"time":176.5,"type":"extraTap"},{"angle":-270,"time":177.5,"type":"extraTap"},{"angle":-67.5,"time":178.5,"type":"block"},{"angle":-112.5,"time":179,"type":"block"},{"duration":2,"type":"hold","time":179.5,"angle2":-90,"angle":-90},{"angle":-270,"time":178.5,"type":"extraTap"},{"angle":-270,"time":179.5,"type":"extraTap"},{"angle":-270,"time":180.5,"type":"extraTap"},{"duration":1,"type":"hold","angle2":-67.5,"holdEase":"inSine","time":182,"angle":-90},{"duration":1,"type":"hold","angle2":-112.5,"holdEase":"inSine","time":183,"angle":-67.5},{"duration":0.66666668653488,"type":"hold","angle2":-45,"holdEase":"inSine","time":184,"angle":-112.5},{"duration":0.66666668653488,"type":"hold","angle2":-90,"holdEase":"inSine","time":184.66667175293,"angle":-45},{"duration":3.6666667461395,"type":"hold","angle2":450,"holdEase":"inOutSine","time":185.33332824707,"angle":-90},{"duration":0.5,"type":"hold","time":181.5,"angle2":-90,"angle":-90},{"angle":-270,"time":181.5,"type":"extraTap"},{"angle":-270,"time":182.5,"type":"extraTap"},{"angle":-270,"time":183.5,"type":"extraTap"},{"angle":-270,"time":184.5,"type":"extraTap"},{"angle":-270,"time":185.5,"type":"extraTap"},{"angle":-270,"time":186.5,"type":"extraTap"},{"angle":-270,"time":187.5,"type":"extraTap"},{"angle":-270,"time":188.5,"type":"extraTap"},{"duration":2,"type":"mineHold","time":179.5,"angle2":-405,"angle":-382.5},{"duration":2,"type":"mineHold","time":179.5,"angle2":-135,"angle":-157.5},{"duration":0.5,"type":"mineHold","time":181.5,"angle2":-405,"angle":-405},{"duration":0.5,"type":"mineHold","time":181.5,"angle2":-135,"angle":-135},{"duration":3.6666662693024,"type":"mineHold","angle2":270,"holdEase":"inOutSine","time":185.33332824707,"angle":-270},{"duration":1,"type":"hold","time":189,"angle2":-270,"angle":-270},{"duration":2,"type":"hold","angle2":-450,"holdEase":"inOutSine","time":190,"angle":-270},{"duration":2,"type":"hold","angle2":0,"holdEase":"inBack","time":192,"angle":-90},{"duration":1,"type":"mineHold","time":189,"angle2":-90,"angle":-90},{"duration":2,"type":"mineHold","angle2":-270,"holdEase":"inOutSine","time":190,"angle":-90},{"angle":-247.5,"time":189.5,"type":"extraTap"},{"angle":-270,"time":190.5,"type":"extraTap"},{"angle":-270,"time":192.5,"type":"extraTap"},{"angle":-270,"time":191.5,"type":"extraTap"},{"angle":-270,"time":193.5,"type":"extraTap"},{"duration":2,"type":"mineHold","angle2":180,"holdEase":"inBack","time":192,"angle":90},{"duration":0,"startTap":true,"type":"hold","time":194,"endTap":true,"angle2":-22.5,"angle":22.5},{"duration":0,"startTap":true,"type":"hold","time":194.75,"endTap":true,"angle2":-112.5,"angle":-67.5},{"duration":0,"startTap":true,"type":"hold","time":195.5,"endTap":true,"angle2":-191.25,"angle":-236.25},{"angle":-191.25,"time":196,"type":"block"},{"angle":-180,"time":196.25,"type":"block"},{"angle":-225,"time":196.5,"type":"block"},{"angle":-247.5,"time":196.75,"type":"block"},{"angle":-90,"time":194.5,"type":"side"},{"angle":-213.75,"time":195.25,"type":"side"},{"time":197,"angle":-258.75,"order":0,"startTap":true,"duration":0,"type":"hold","endTap":true,"angle2":-303.75},{"order":1,"type":"hold","duration":1,"angle2":-360,"holdEase":"inOutSine","time":197,"angle":-281.25},{"duration":0,"startTap":true,"type":"hold","time":198,"endTap":true,"angle2":-382.5,"angle":-337.5},{"angle":-292.5,"time":198.5,"type":"side"},{"duration":0,"startTap":true,"type":"hold","time":198.75,"endTap":true,"angle2":-315,"angle":-270},{"angle":-135,"time":199.25,"type":"side"},{"duration":0,"startTap":true,"type":"hold","time":199.5,"endTap":true,"angle2":-157.5,"angle":-112.5},{"angle":-90,"time":200,"type":"block"},{"angle":-78.75,"time":200.25,"type":"block"},{"angle":-45,"time":200.5,"type":"block"},{"angle":-22.5,"time":200.75,"type":"block"},{"time":201,"angle":-315,"order":0,"startTap":true,"duration":0,"type":"hold","endTap":true,"angle2":-360},{"order":1,"type":"hold","duration":1,"angle2":-416.25,"holdEase":"inOutSine","time":201,"angle":-337.5},{"duration":0,"startTap":true,"type":"hold","time":202,"endTap":true,"angle2":-78.75,"angle":-33.75},{"angle":-180,"time":202.5,"type":"side"},{"duration":0,"startTap":true,"type":"hold","time":202.75,"endTap":true,"angle2":-202.5,"angle":-157.5},{"angle":-22.5,"time":203.25,"type":"side"},{"duration":0,"startTap":true,"type":"hold","time":203.5,"endTap":true,"angle2":-45,"angle":0},{"angle":-67.5,"time":204,"type":"block"},{"angle":-56.25,"time":204.25,"type":"block"},{"angle":-112.5,"time":204.5,"type":"block"},{"angle":-135,"time":204.75,"type":"block"},{"time":205,"angle":-157.5,"order":0,"startTap":true,"duration":0,"type":"hold","endTap":true,"angle2":-202.5},{"order":1,"type":"hold","duration":1,"angle2":-112.5,"holdEase":"inOutSine","time":205,"angle":-180},{"duration":0,"startTap":true,"type":"hold","time":206,"endTap":true,"angle2":-90,"angle":-135},{"angle":-11.25,"time":206.5,"type":"side"},{"duration":0,"startTap":true,"type":"hold","time":206.75,"endTap":true,"angle2":-393.75,"angle":-348.75},{"angle":-281.25,"time":207.25,"type":"side"},{"duration":0,"startTap":true,"type":"hold","time":207.5,"endTap":true,"angle2":-303.75,"angle":-258.75},{"angle":-315,"time":208,"type":"block"},{"angle":-337.5,"time":208.25,"type":"block"},{"angle":-337.5,"time":209,"type":"side"},{"angle":-22.5,"time":209.75,"type":"side"},{"angle":-337.5,"time":209.5,"type":"side"},{"angle":-22.5,"time":209.25,"type":"side"},{"angle":-22.5,"time":208.5,"type":"side"},{"duration":0,"startTap":true,"type":"hold","time":210,"endTap":true,"angle2":360,"angle":315},{"duration":0,"startTap":true,"type":"hold","time":210.75,"endTap":true,"angle2":112.5,"angle":67.5},{"duration":0,"startTap":true,"type":"hold","time":211.5,"endTap":true,"angle2":191.25,"angle":236.25},{"angle":191.25,"time":212,"type":"block"},{"angle":180,"time":212.25,"type":"block"},{"angle":225,"time":212.5,"type":"block"},{"angle":247.5,"time":212.75,"type":"block"},{"angle":213.75,"time":211.25,"type":"side"},{"time":213,"angle":258.75,"order":0,"startTap":true,"duration":0,"type":"hold","endTap":true,"angle2":303.75},{"order":1,"type":"hold","duration":1,"angle2":360,"holdEase":"inOutSine","time":213,"angle":281.25},{"duration":0,"startTap":true,"type":"hold","time":214,"endTap":true,"angle2":382.5,"angle":337.5},{"angle":292.5,"time":214.5,"type":"side"},{"duration":0,"startTap":true,"type":"hold","time":214.75,"endTap":true,"angle2":315,"angle":270},{"angle":135,"time":215.25,"type":"side"},{"duration":0,"startTap":true,"type":"hold","time":215.5,"endTap":true,"angle2":157.5,"angle":112.5},{"angle":90,"time":216,"type":"block"},{"angle":78.75,"time":216.25,"type":"block"},{"angle":45,"time":216.5,"type":"block"},{"angle":22.5,"time":216.75,"type":"block"},{"time":217,"angle":315,"order":0,"startTap":true,"duration":0,"type":"hold","endTap":true,"angle2":360},{"order":1,"type":"hold","duration":1,"angle2":416.25,"holdEase":"inOutSine","time":217,"angle":337.5},{"duration":0,"startTap":true,"type":"hold","time":218,"endTap":true,"angle2":78.75,"angle":33.75},{"angle":180,"time":218.5,"type":"side"},{"duration":0,"startTap":true,"type":"hold","time":218.75,"endTap":true,"angle2":202.5,"angle":157.5},{"angle":22.5,"time":219.25,"type":"side"},{"duration":0,"startTap":true,"type":"hold","time":219.5,"endTap":true,"angle2":45,"angle":0},{"angle":67.5,"time":220,"type":"block"},{"angle":56.25,"time":220.25,"type":"block"},{"angle":112.5,"time":220.5,"type":"block"},{"angle":135,"time":220.75,"type":"block"},{"time":221,"angle":157.5,"order":0,"startTap":true,"duration":0,"type":"hold","endTap":true,"angle2":202.5},{"order":1,"type":"hold","duration":1,"angle2":112.5,"holdEase":"inOutSine","time":221,"angle":180},{"duration":0,"startTap":true,"type":"hold","time":222,"endTap":true,"angle2":90,"angle":135},{"angle":11.25,"time":222.5,"type":"side"},{"duration":0,"startTap":true,"type":"hold","time":222.75,"endTap":true,"angle2":393.75,"angle":348.75},{"angle":281.25,"time":223.25,"type":"side"},{"duration":0,"startTap":true,"type":"hold","time":223.5,"endTap":true,"angle2":303.75,"angle":258.75},{"angle":315,"time":224,"type":"block"},{"angle":337.5,"time":224.25,"type":"block"},{"angle":337.5,"time":225,"type":"side"},{"angle":22.5,"time":225.75,"type":"side"},{"angle":337.5,"time":225.5,"type":"side"},{"angle":22.5,"time":225.25,"type":"side"},{"angle":22.5,"time":224.5,"type":"side"},{"duration":0.5,"type":"mineHold","time":226,"angle2":135,"angle":0},{"duration":0.5,"type":"mineHold","time":226,"angle2":-135,"angle":0},{"duration":0.5,"type":"mineHold","time":227,"angle2":315,"angle":180},{"duration":0.5,"type":"mineHold","time":227,"angle2":45,"angle":180},{"angle":0,"time":228,"type":"mine"},{"angle":337.5,"time":228.25,"type":"mine"},{"angle":22.5,"time":228.25,"type":"mine"},{"angle":90,"time":228.75,"type":"mine"},{"angle":270,"time":228.75,"type":"mine"},{"duration":0.5,"type":"mineHold","time":230,"angle2":-315,"angle":-180},{"duration":0.5,"type":"mineHold","time":230,"angle2":-45,"angle":-180},{"duration":0.5,"type":"mineHold","time":231,"angle2":-495,"angle":-360},{"duration":0.5,"type":"mineHold","time":231,"angle2":-225,"angle":-360},{"duration":0.5,"type":"mineHold","time":229.25,"angle2":360,"angle":360},{"duration":0.5,"type":"mineHold","time":229.25,"angle2":22.5,"angle":22.5},{"duration":0.5,"type":"mineHold","time":229.25,"angle2":337.5,"angle":337.5},{"angle":180,"time":229.25,"type":"mine"},{"angle":202.5,"time":229.5,"type":"mine"},{"angle":157.5,"time":229.5,"type":"mine"},{"angle":180,"time":229.75,"type":"mine"},{"angle":-180,"time":232,"type":"mine"},{"angle":-517.5,"time":232.25,"type":"mine"},{"angle":-202.5,"time":232.25,"type":"mine"},{"duration":0.5,"type":"mineHold","time":233.25,"angle2":-540,"angle":-540},{"duration":0.5,"type":"mineHold","time":233.25,"angle2":-202.5,"angle":-202.5},{"duration":0.5,"type":"mineHold","time":233.25,"angle2":-517.5,"angle":-517.5},{"angle":-382.5,"time":233.5,"type":"mine"},{"angle":-337.5,"time":233.5,"type":"mine"},{"duration":0.5,"type":"mineHold","time":232.75,"angle2":270,"angle":270},{"duration":0.5,"type":"mineHold","time":232.75,"angle2":90,"angle":90},{"duration":0.5,"type":"mineHold","time":232.75,"angle2":315,"angle":315},{"duration":0.5,"type":"mineHold","time":232.75,"angle2":360,"angle":360},{"duration":0.5,"type":"mineHold","time":232.75,"angle2":45,"angle":45},{"duration":0.5,"type":"mineHold","time":234,"angle2":135,"angle":0},{"duration":0.5,"type":"mineHold","time":234,"angle2":-135,"angle":0},{"duration":0.5,"type":"mineHold","time":235,"angle2":315,"angle":180},{"duration":0.5,"type":"mineHold","time":235,"angle2":45,"angle":180},{"angle":0,"time":236,"type":"mine"},{"angle":337.5,"time":236.25,"type":"mine"},{"angle":22.5,"time":236.25,"type":"mine"},{"angle":90,"time":236.75,"type":"mine"},{"angle":270,"time":236.75,"type":"mine"},{"duration":0.5,"type":"mineHold","time":237.25,"angle2":360,"angle":360},{"duration":0.5,"type":"mineHold","time":237.25,"angle2":22.5,"angle":22.5},{"duration":0.5,"type":"mineHold","time":237.25,"angle2":337.5,"angle":337.5},{"angle":180,"time":237.25,"type":"mine"},{"angle":202.5,"time":237.5,"type":"mine"},{"angle":157.5,"time":237.5,"type":"mine"},{"angle":180,"time":237.75,"type":"mine"},{"angle":360,"time":238.5,"type":"mine"},{"angle":360,"time":239,"type":"mine"},{"angle":360,"time":239.5,"type":"mine"},{"duration":2,"type":"mineHold","time":238,"angle2":90,"angle":180},{"duration":2,"type":"mineHold","time":238,"angle2":270,"angle":180},{"duration":1,"type":"mineHold","time":240,"angle2":270,"angle":360},{"duration":1,"type":"mineHold","time":240,"angle2":450,"angle":360},{"duration":0,"type":"mineHold","time":238,"angle2":405,"angle":315},{"duration":2,"type":"mineHold","time":238,"angle2":360,"angle":405},{"duration":2,"type":"mineHold","time":238,"angle2":360,"angle":315},{"duration":2,"type":"mineHold","time":238,"angle2":180,"angle":180},{"duration":0.5,"type":"mineHold","time":242,"angle2":-315,"angle":-180},{"duration":0.5,"type":"mineHold","time":242,"angle2":-45,"angle":-180},{"duration":0.5,"type":"mineHold","time":243,"angle2":-495,"angle":-360},{"duration":0.5,"type":"mineHold","time":243,"angle2":-225,"angle":-360},{"angle":-180,"time":244,"type":"mine"},{"angle":-517.5,"time":244.25,"type":"mine"},{"angle":-202.5,"time":244.25,"type":"mine"},{"angle":-270,"time":244.75,"type":"mine"},{"angle":-450,"time":244.75,"type":"mine"},{"duration":0.5,"type":"mineHold","time":246,"angle2":135,"angle":0},{"duration":0.5,"type":"mineHold","time":246,"angle2":-135,"angle":0},{"duration":0.5,"type":"mineHold","time":247,"angle2":315,"angle":180},{"duration":0.5,"type":"mineHold","time":247,"angle2":45,"angle":180},{"duration":0.5,"type":"mineHold","time":245.25,"angle2":-540,"angle":-540},{"duration":0.5,"type":"mineHold","time":245.25,"angle2":-202.5,"angle":-202.5},{"duration":0.5,"type":"mineHold","time":245.25,"angle2":-517.5,"angle":-517.5},{"angle":-360,"time":245.25,"type":"mine"},{"angle":-382.5,"time":245.5,"type":"mine"},{"angle":-337.5,"time":245.5,"type":"mine"},{"angle":-360,"time":245.75,"type":"mine"},{"angle":0,"time":248,"type":"mine"},{"angle":337.5,"time":248.25,"type":"mine"},{"angle":22.5,"time":248.25,"type":"mine"},{"duration":0.5,"type":"mineHold","time":249.25,"angle2":360,"angle":360},{"duration":0.5,"type":"mineHold","time":249.25,"angle2":22.5,"angle":22.5},{"duration":0.5,"type":"mineHold","time":249.25,"angle2":337.5,"angle":337.5},{"angle":202.5,"time":249.5,"type":"mine"},{"angle":157.5,"time":249.5,"type":"mine"},{"duration":0.5,"type":"mineHold","time":248.75,"angle2":-450,"angle":-450},{"duration":0.5,"type":"mineHold","time":248.75,"angle2":-270,"angle":-270},{"duration":0.5,"type":"mineHold","time":248.75,"angle2":-495,"angle":-495},{"duration":0.5,"type":"mineHold","time":248.75,"angle2":-540,"angle":-540},{"duration":0.5,"type":"mineHold","time":248.75,"angle2":-225,"angle":-225},{"duration":0.5,"type":"mineHold","time":250,"angle2":-315,"angle":-180},{"duration":0.5,"type":"mineHold","time":250,"angle2":-45,"angle":-180},{"duration":0.5,"type":"mineHold","time":251,"angle2":-495,"angle":-360},{"duration":0.5,"type":"mineHold","time":251,"angle2":-225,"angle":-360},{"angle":-180,"time":252,"type":"mine"},{"angle":-517.5,"time":252.25,"type":"mine"},{"angle":-202.5,"time":252.25,"type":"mine"},{"angle":-270,"time":252.75,"type":"mine"},{"angle":-450,"time":252.75,"type":"mine"},{"duration":0.5,"type":"mineHold","time":253.25,"angle2":-540,"angle":-540},{"duration":0.5,"type":"mineHold","time":253.25,"angle2":-202.5,"angle":-202.5},{"duration":0.5,"type":"mineHold","time":253.25,"angle2":-517.5,"angle":-517.5},{"angle":-360,"time":253.25,"type":"mine"},{"angle":-382.5,"time":253.5,"type":"mine"},{"angle":-337.5,"time":253.5,"type":"mine"},{"angle":180,"time":241,"type":"mine"},{"angle":0,"time":253.75,"type":"mine"},{"tap":true,"type":"block","time":258.5,"angle":-337.5},{"tap":true,"type":"block","time":258.5,"angle":-22.5},{"angle":-360,"time":258.5,"type":"block"},{"tap":true,"type":"block","time":259.25,"angle":-247.5},{"tap":true,"type":"block","time":259.25,"angle":-202.5},{"angle":-225,"time":259.25,"type":"block"},{"tap":true,"type":"block","time":260,"angle":-315},{"angle":-337.5,"time":260,"type":"block"},{"tap":true,"type":"block","time":260,"angle":-360},{"tap":true,"type":"block","time":260.75,"angle":-90},{"angle":-112.5,"time":260.75,"type":"block"},{"tap":true,"type":"block","time":260.75,"angle":-135},{"angle":0,"time":261.5,"type":"block"},{"tap":true,"type":"block","time":261.5,"angle":-22.5},{"tap":true,"type":"block","time":261.5,"angle":-337.5},{"tap":true,"type":"block","time":262.5,"angle":-337.5},{"angle":0,"time":262.5,"type":"block"},{"tap":true,"type":"block","time":262.5,"angle":-22.5},{"angle":-337.5,"time":262,"type":"mine"},{"angle":-360,"time":262,"type":"mine"},{"angle":-22.5,"time":262,"type":"mine"},{"tap":true,"type":"block","time":263.25,"angle":-90},{"angle":-112.5,"time":263.25,"type":"block"},{"tap":true,"type":"block","time":263.25,"angle":-135},{"tap":true,"type":"block","time":264,"angle":-225},{"angle":-247.5,"time":264,"type":"block"},{"tap":true,"type":"block","time":264,"angle":-270},{"tap":true,"type":"block","time":264.75,"angle":-67.5},{"angle":-90,"time":264.75,"type":"block"},{"tap":true,"type":"block","time":264.75,"angle":-112.5},{"tap":true,"type":"block","time":265.5,"angle":-337.5},{"angle":-315,"time":265.5,"type":"block"},{"tap":true,"type":"block","time":265.5,"angle":-292.5},{"angle":-292.5,"time":266,"type":"mine"},{"angle":-315,"time":266,"type":"mine"},{"angle":-337.5,"time":266,"type":"mine"},{"tap":true,"type":"block","time":266.5,"angle":-292.5},{"angle":-315,"time":266.5,"type":"block"},{"tap":true,"type":"block","time":266.5,"angle":-337.5},{"tap":true,"type":"block","time":267.25,"angle":-67.5},{"angle":-90,"time":267.25,"type":"block"},{"tap":true,"type":"block","time":267.25,"angle":-112.5},{"tap":true,"type":"block","time":268,"angle":-292.5},{"angle":-270,"time":268,"type":"block"},{"tap":true,"type":"block","time":268,"angle":-247.5},{"tap":true,"type":"block","time":268.75,"angle":-22.5},{"angle":-45,"time":268.75,"type":"block"},{"tap":true,"type":"block","time":268.75,"angle":-67.5},{"tap":true,"type":"block","time":269.5,"angle":-292.5},{"tap":true,"type":"block","time":269.5,"angle":-247.5},{"angle":-270,"time":269.5,"type":"block"},{"angle":-292.5,"time":270,"type":"mine"},{"angle":-270,"time":270,"type":"mine"},{"angle":-247.5,"time":270,"type":"mine"},{"tap":true,"type":"block","time":270.5,"angle":-292.5},{"angle":-270,"time":270.5,"type":"block"},{"tap":true,"type":"block","time":270.5,"angle":-247.5},{"tap":true,"type":"block","time":271.25,"angle":-157.5},{"angle":-135,"time":271.25,"type":"block"},{"tap":true,"type":"block","time":271.25,"angle":-112.5},{"tap":true,"type":"block","time":272,"angle":-360},{"tap":true,"type":"block","time":272,"angle":-315},{"angle":-337.5,"time":272,"type":"block"},{"tap":true,"type":"block","time":272.75,"angle":-45},{"angle":-67.5,"time":272.75,"type":"block"},{"tap":true,"type":"block","time":272.75,"angle":-90},{"tap":true,"type":"block","time":274.5,"angle":-562.5},{"tap":true,"type":"block","time":274.5,"angle":-247.5},{"angle":-585,"time":274.5,"type":"block"},{"tap":true,"type":"block","time":275.25,"angle":-427.5},{"tap":true,"type":"block","time":275.25,"angle":-382.5},{"angle":-405,"time":275.25,"type":"block"},{"tap":true,"type":"block","time":276,"angle":-495},{"angle":-517.5,"time":276,"type":"block"},{"tap":true,"type":"block","time":276,"angle":-540},{"tap":true,"type":"block","time":276.75,"angle":-270},{"angle":-292.5,"time":276.75,"type":"block"},{"tap":true,"type":"block","time":276.75,"angle":-315},{"angle":-180,"time":277.5,"type":"block"},{"tap":true,"type":"block","time":277.5,"angle":-202.5},{"tap":true,"type":"block","time":277.5,"angle":-517.5},{"tap":true,"type":"block","time":278.5,"angle":-517.5},{"angle":-180,"time":278.5,"type":"block"},{"tap":true,"type":"block","time":278.5,"angle":-202.5},{"angle":-517.5,"time":278,"type":"mine"},{"angle":-540,"time":278,"type":"mine"},{"angle":-202.5,"time":278,"type":"mine"},{"tap":true,"type":"block","time":279.25,"angle":-270},{"angle":-292.5,"time":279.25,"type":"block"},{"tap":true,"type":"block","time":279.25,"angle":-315},{"tap":true,"type":"block","time":280,"angle":-405},{"angle":-427.5,"time":280,"type":"block"},{"tap":true,"type":"block","time":280,"angle":-450},{"tap":true,"type":"block","time":280.75,"angle":-247.5},{"angle":-270,"time":280.75,"type":"block"},{"tap":true,"type":"block","time":280.75,"angle":-292.5},{"tap":true,"type":"block","time":281.5,"angle":-517.5},{"angle":-495,"time":281.5,"type":"block"},{"tap":true,"type":"block","time":281.5,"angle":-472.5},{"angle":-472.5,"time":282,"type":"mine"},{"angle":-495,"time":282,"type":"mine"},{"angle":-517.5,"time":282,"type":"mine"},{"tap":true,"type":"block","time":282.5,"angle":-472.5},{"angle":-495,"time":282.5,"type":"block"},{"tap":true,"type":"block","time":282.5,"angle":-517.5},{"tap":true,"type":"block","time":283.25,"angle":-247.5},{"angle":-270,"time":283.25,"type":"block"},{"tap":true,"type":"block","time":283.25,"angle":-292.5},{"tap":true,"type":"block","time":284,"angle":-472.5},{"angle":-450,"time":284,"type":"block"},{"tap":true,"type":"block","time":284,"angle":-427.5},{"tap":true,"type":"block","time":284.75,"angle":-202.5},{"angle":-225,"time":284.75,"type":"block"},{"tap":true,"type":"block","time":284.75,"angle":-247.5},{"tap":true,"type":"block","time":285.5,"angle":-472.5},{"tap":true,"type":"block","time":285.5,"angle":-427.5},{"angle":-450,"time":285.5,"type":"block"},{"angle":-472.5,"time":286,"type":"mine"},{"angle":-450,"time":286,"type":"mine"},{"angle":-427.5,"time":286,"type":"mine"},{"tap":true,"type":"block","time":286.5,"angle":-472.5},{"angle":-450,"time":286.5,"type":"block"},{"tap":true,"type":"block","time":286.5,"angle":-427.5},{"tap":true,"type":"block","time":287.25,"angle":-337.5},{"angle":-315,"time":287.25,"type":"block"},{"tap":true,"type":"block","time":287.25,"angle":-292.5},{"tap":true,"type":"block","time":288,"angle":-540},{"tap":true,"type":"block","time":288,"angle":-495},{"angle":-517.5,"time":288,"type":"block"},{"tap":true,"type":"block","time":288.75,"angle":-225},{"angle":-247.5,"time":288.75,"type":"block"},{"tap":true,"type":"block","time":288.75,"angle":-270},{"tap":true,"type":"block","time":273.5,"angle":-247.5},{"angle":-225,"time":273.5,"type":"block"},{"tap":true,"type":"block","time":273.5,"angle":-202.5},{"angle":-247.5,"time":274,"type":"mine"},{"angle":-225,"time":274,"type":"mine"},{"angle":-202.5,"time":274,"type":"mine"},{"tap":true,"type":"block","time":289.5,"angle":-337.5},{"tap":true,"type":"block","time":289.5,"angle":-22.5},{"angle":-360,"time":289.5,"type":"block"},{"tap":true,"type":"block","time":290.5,"angle":337.5},{"tap":true,"type":"block","time":290.5,"angle":22.5},{"angle":0,"time":290.75,"type":"block"},{"tap":true,"type":"block","time":291.25,"angle":157.5},{"tap":true,"type":"block","time":291.25,"angle":202.5},{"angle":180,"time":291.5,"type":"block"},{"tap":true,"type":"side","time":292,"angle":270},{"tap":true,"type":"side","time":292.75,"angle":0},{"tap":true,"type":"side","time":293.5,"angle":90},{"duration":0.25,"type":"mineHold","time":290.5,"angle2":67.5,"angle":67.5},{"duration":0.25,"type":"mineHold","time":290.5,"angle2":292.5,"angle":292.5},{"duration":0.25,"type":"mineHold","time":291.25,"angle2":247.5,"angle":247.5},{"duration":0.25,"type":"mineHold","time":291.25,"angle2":112.5,"angle":112.5},{"duration":0,"type":"mineHold","time":292,"angle2":450,"angle":292.5},{"duration":0,"type":"mineHold","time":292.75,"angle2":180,"angle":337.5},{"duration":0,"type":"mineHold","time":293.5,"angle2":270,"angle":112.5},{"tap":true,"type":"block","time":294.5,"angle":-517.5},{"tap":true,"type":"block","time":294.5,"angle":-202.5},{"angle":-180,"time":294.75,"type":"block"},{"tap":true,"type":"block","time":295.25,"angle":-337.5},{"tap":true,"type":"block","time":295.25,"angle":-382.5},{"angle":-360,"time":295.5,"type":"block"},{"tap":true,"type":"side","time":296,"angle":-450},{"tap":true,"type":"side","time":296.75,"angle":-180},{"tap":true,"type":"side","time":297.5,"angle":-270},{"duration":0.25,"type":"mineHold","time":294.5,"angle2":-247.5,"angle":-247.5},{"duration":0.25,"type":"mineHold","time":294.5,"angle2":-472.5,"angle":-472.5},{"duration":0.25,"type":"mineHold","time":295.25,"angle2":-427.5,"angle":-427.5},{"duration":0.25,"type":"mineHold","time":295.25,"angle2":-292.5,"angle":-292.5},{"duration":0,"type":"mineHold","time":296,"angle2":-630,"angle":-472.5},{"duration":0,"type":"mineHold","time":296.75,"angle2":-360,"angle":-517.5},{"duration":0,"type":"mineHold","time":297.5,"angle2":-450,"angle":-292.5},{"tap":true,"type":"block","time":298.5,"angle":-337.5},{"tap":true,"type":"block","time":298.5,"angle":-22.5},{"angle":0,"time":298.75,"type":"block"},{"tap":true,"type":"block","time":299.25,"angle":-157.5},{"tap":true,"type":"block","time":299.25,"angle":-202.5},{"angle":-180,"time":299.5,"type":"block"},{"tap":true,"type":"side","time":300,"angle":-270},{"tap":true,"type":"side","time":300.75,"angle":0},{"tap":true,"type":"side","time":301.5,"angle":-90},{"duration":0.25,"type":"mineHold","time":298.5,"angle2":-67.5,"angle":-67.5},{"duration":0.25,"type":"mineHold","time":298.5,"angle2":-292.5,"angle":-292.5},{"duration":0.25,"type":"mineHold","time":299.25,"angle2":112.5,"angle":112.5},{"duration":0.25,"type":"mineHold","time":299.25,"angle2":-112.5,"angle":-112.5},{"duration":0,"type":"mineHold","time":300,"angle2":-450,"angle":-292.5},{"duration":0,"type":"mineHold","time":300.75,"angle2":-180,"angle":-337.5},{"duration":0,"type":"mineHold","time":301.5,"angle2":-270,"angle":-112.5},{"angle":360,"time":302,"type":"block"},{"angle":247.5,"time":302.75,"type":"block"},{"angle":45,"time":303.5,"type":"block"},{"angle":67.5,"time":303.5,"type":"block"},{"angle":270,"time":304,"type":"block"},{"angle":247.5,"time":304,"type":"block"},{"angle":67.5,"time":302,"type":"mine"},{"angle":292.5,"time":302,"type":"mine"},{"angle":180,"time":302.75,"type":"mine"},{"angle":315,"time":302.75,"type":"mine"},{"angle":112.5,"time":303.5,"type":"mine"},{"angle":360,"time":303.5,"type":"mine"},{"angle":202.5,"time":304,"type":"mine"},{"angle":315,"time":304,"type":"mine"},{"angle":292.5,"time":304.5,"type":"block"},{"angle":292.5,"time":304.75,"type":"block"},{"angle":292.5,"time":305,"type":"block"},{"angle":315,"time":304.625,"type":"block"},{"angle":315,"time":304.875,"type":"block"},{"angle":135,"time":305.5,"type":"block"},{"angle":157.5,"time":305.5,"type":"block"},{"angle":202.5,"time":305.5,"type":"mine"},{"angle":90,"time":305.5,"type":"mine"},{"tap":true,"type":"block","time":306.5,"angle":-337.5},{"tap":true,"type":"block","time":306.5,"angle":-22.5},{"angle":0,"time":306.75,"type":"block"},{"tap":true,"type":"block","time":307.25,"angle":-157.5},{"tap":true,"type":"block","time":307.25,"angle":-202.5},{"angle":-180,"time":307.5,"type":"block"},{"tap":true,"type":"side","time":308,"angle":-270},{"tap":true,"type":"side","time":308.75,"angle":0},{"tap":true,"type":"side","time":309.5,"angle":-90},{"duration":0.25,"type":"mineHold","time":306.5,"angle2":-67.5,"angle":-67.5},{"duration":0.25,"type":"mineHold","time":306.5,"angle2":-292.5,"angle":-292.5},{"duration":0.25,"type":"mineHold","time":307.25,"angle2":-247.5,"angle":-247.5},{"duration":0.25,"type":"mineHold","time":307.25,"angle2":-112.5,"angle":-112.5},{"duration":0,"type":"mineHold","time":308,"angle2":-450,"angle":-292.5},{"duration":0,"type":"mineHold","time":308.75,"angle2":-180,"angle":-337.5},{"duration":0,"type":"mineHold","time":309.5,"angle2":-270,"angle":-112.5},{"tap":true,"type":"block","time":310.5,"angle":517.5},{"tap":true,"type":"block","time":310.5,"angle":202.5},{"angle":180,"time":310.75,"type":"block"},{"tap":true,"type":"block","time":311.25,"angle":337.5},{"tap":true,"type":"block","time":311.25,"angle":382.5},{"angle":360,"time":311.5,"type":"block"},{"tap":true,"type":"side","time":312,"angle":450},{"tap":true,"type":"side","time":312.75,"angle":180},{"tap":true,"type":"side","time":313.5,"angle":270},{"duration":0.25,"type":"mineHold","time":310.5,"angle2":247.5,"angle":247.5},{"duration":0.25,"type":"mineHold","time":310.5,"angle2":472.5,"angle":472.5},{"duration":0.25,"type":"mineHold","time":311.25,"angle2":427.5,"angle":427.5},{"duration":0.25,"type":"mineHold","time":311.25,"angle2":292.5,"angle":292.5},{"duration":0,"type":"mineHold","time":312,"angle2":630,"angle":472.5},{"duration":0,"type":"mineHold","time":312.75,"angle2":360,"angle":517.5},{"duration":0,"type":"mineHold","time":313.5,"angle2":450,"angle":292.5},{"tap":true,"type":"block","time":314.5,"angle":337.5},{"tap":true,"type":"block","time":314.5,"angle":22.5},{"angle":0,"time":314.75,"type":"block"},{"tap":true,"type":"block","time":315.25,"angle":157.5},{"tap":true,"type":"block","time":315.25,"angle":202.5},{"angle":180,"time":315.5,"type":"block"},{"tap":true,"type":"side","time":316,"angle":270},{"tap":true,"type":"side","time":316.75,"angle":0},{"tap":true,"type":"side","time":317.5,"angle":90},{"duration":0.25,"type":"mineHold","time":314.5,"angle2":67.5,"angle":67.5},{"duration":0.25,"type":"mineHold","time":314.5,"angle2":292.5,"angle":292.5},{"duration":0.25,"type":"mineHold","time":315.25,"angle2":247.5,"angle":247.5},{"duration":0.25,"type":"mineHold","time":315.25,"angle2":112.5,"angle":112.5},{"duration":0,"type":"mineHold","time":316,"angle2":450,"angle":292.5},{"duration":0,"type":"mineHold","time":316.75,"angle2":180,"angle":337.5},{"duration":0,"type":"mineHold","time":317.5,"angle2":270,"angle":112.5},{"angle":0,"time":318,"type":"extraTap"},{"angle":360,"time":318.5,"type":"extraTap"},{"angle":360,"time":319,"type":"extraTap"},{"angle":0,"time":319.5,"type":"extraTap"},{"angle":0,"time":320,"type":"extraTap"},{"angle":0,"time":320.5,"type":"extraTap"},{"angle":0,"time":321,"type":"extraTap"},{"angle":0,"time":321.5,"type":"extraTap"}]