{"events":[{"angle":360,"bpm":140,"file":"BIG-SHOT.ogg","type":"play","time":2,"volume":1},{"order":-999,"value":1.1000000238419,"type":"ease","var":"scrollSpeed","time":-1,"angle":0},{"name":"fun starts yippie","g":0,"r":0,"time":34,"description":"","type":"bookmark","b":0,"angle":45},{"type":"ease","value":1.5,"duration":3,"ease":"inOutSine","var":"scrollSpeed","time":31,"angle":337.5},{"name":"hard thingy","g":0,"r":0,"time":66,"description":"","type":"bookmark","b":0,"angle":45},{"angleOffset":false,"type":"tag","tag":"BAM","time":2,"angle":67.5},{"angleOffset":false,"type":"tag","tag":"BAM","time":6,"angle":45},{"angleOffset":false,"type":"tag","tag":"BAM","time":10,"angle":0},{"angleOffset":false,"type":"tag","tag":"BAM","time":14,"angle":67.5},{"angleOffset":false,"type":"tag","tag":"BAM","time":18,"angle":337.5},{"angleOffset":false,"type":"tag","tag":"BAM","time":22,"angle":22.5},{"angleOffset":false,"type":"tag","tag":"BAM","time":26,"angle":22.5},{"angleOffset":false,"type":"tag","tag":"BAM","time":30,"angle":315},{"type":"ease","value":0.89999997615814,"duration":3,"ease":"inOutBack","var":"vfx.canvPos.sx","time":31,"angle":0},{"type":"ease","value":0.89999997615814,"duration":3,"ease":"inOutBack","var":"vfx.canvPos.sy","time":31,"angle":22.5},{"value":170,"repeats":31,"repeatDelay":1,"time":34,"angle":157.5,"duration":0.5,"type":"ease","var":"vfx.canvPos.y","ease":"outSine"},{"value":190,"repeats":31,"repeatDelay":1,"time":34.5,"angle":157.5,"duration":0.5,"type":"ease","var":"vfx.canvPos.y","ease":"inSine"},{"value":2,"repeats":16,"repeatDelay":2,"time":34,"angle":135,"duration":1,"type":"ease","var":"vfx.canvPos.r","ease":"outElastic"},{"value":-2,"repeats":15,"repeatDelay":2,"time":35,"angle":135,"duration":1,"type":"ease","var":"vfx.canvPos.r","ease":"outElastic"},{"sprite":"border#0","ox":300,"oy":180,"time":-1,"angle":315,"id":"border","type":"deco","hide":true},{"id":"border","type":"deco","time":22,"hide":false,"angle":270},{"type":"ease","value":0.10000000149012,"duration":0.5,"ease":"outElastic","var":"vfx.canvPos.kx","time":49,"angle":67.5},{"type":"ease","value":-0.10000000149012,"duration":0.5,"ease":"outElastic","var":"vfx.canvPos.kx","time":49.25,"angle":67.5},{"type":"ease","value":0.10000000149012,"duration":0.5,"ease":"outElastic","var":"vfx.canvPos.kx","time":49.5,"angle":67.5},{"type":"ease","value":-0.10000000149012,"duration":0.5,"ease":"outElastic","var":"vfx.canvPos.kx","time":49.75,"angle":67.5},{"type":"ease","value":1,"duration":1,"ease":"outExpo","var":"vfx.canvPos.sx","time":48,"angle":90},{"type":"ease","value":1,"duration":1,"ease":"outExpo","var":"vfx.canvPos.sy","time":48,"angle":112.5},{"type":"ease","value":0.80000001192093,"duration":0.5,"ease":"outSine","var":"vfx.canvPos.sx","time":49,"angle":90},{"type":"ease","value":0.80000001192093,"duration":0.5,"ease":"outSine","var":"vfx.canvPos.sy","time":49,"angle":112.5},{"type":"ease","value":0.89999997615814,"duration":0.5,"ease":"inSine","var":"vfx.canvPos.sx","time":49.5,"angle":90},{"type":"ease","value":0.89999997615814,"duration":0.5,"ease":"inSine","var":"vfx.canvPos.sy","time":49.5,"angle":112.5},{"type":"ease","value":0,"duration":0.5,"ease":"outElastic","var":"vfx.canvPos.kx","time":50,"angle":67.5},{"type":"ease","value":0.10000000149012,"duration":0.5,"ease":"outElastic","var":"vfx.canvPos.kx","time":65,"angle":67.5},{"type":"ease","value":-0.10000000149012,"duration":0.5,"ease":"outElastic","var":"vfx.canvPos.kx","time":65.25,"angle":67.5},{"type":"ease","value":0.10000000149012,"duration":0.5,"ease":"outElastic","var":"vfx.canvPos.kx","time":65.5,"angle":67.5},{"type":"ease","value":-0.10000000149012,"duration":0.5,"ease":"outElastic","var":"vfx.canvPos.kx","time":65.75,"angle":67.5},{"type":"ease","value":0.80000001192093,"duration":0.5,"ease":"outSine","var":"vfx.canvPos.sx","time":65,"angle":90},{"type":"ease","value":0.80000001192093,"duration":0.5,"ease":"outSine","var":"vfx.canvPos.sy","time":65,"angle":112.5},{"type":"ease","value":0.89999997615814,"duration":0.5,"ease":"inSine","var":"vfx.canvPos.sx","time":65.5,"angle":90},{"type":"ease","value":0.89999997615814,"duration":0.5,"ease":"inSine","var":"vfx.canvPos.sy","time":65.5,"angle":112.5},{"type":"ease","value":0,"duration":0.5,"ease":"outElastic","var":"vfx.canvPos.kx","time":66,"angle":67.5},{"type":"ease","value":1,"duration":1,"ease":"outExpo","var":"vfx.canvPos.sx","time":64,"angle":90},{"type":"ease","value":1,"duration":1,"ease":"outExpo","var":"vfx.canvPos.sy","time":64,"angle":112.5},{"value":0.89999997615814,"ease":"outBack","var":"vfx.canvPos.sx","angle":247.5,"start":0.80000001192093,"type":"ease","duration":0.75,"time":73.5},{"value":0.89999997615814,"ease":"outBack","var":"vfx.canvPos.sy","angle":270,"start":1.1000000238419,"type":"ease","duration":0.75,"time":73.5},{"angleOffset":false,"type":"tag","tag":"bouncy","time":66.5,"angle":0},{"angleOffset":false,"type":"tag","tag":"bouncy","time":74.5,"angle":0},{"value":0.89999997615814,"ease":"outBack","var":"vfx.canvPos.sx","angle":270,"start":0.80000001192093,"type":"ease","duration":0.75,"time":81.5},{"value":0.89999997615814,"ease":"outBack","var":"vfx.canvPos.sy","angle":292.5,"start":1.1000000238419,"type":"ease","duration":0.75,"time":81.5},{"angleOffset":false,"type":"tag","tag":"bouncy","time":82.5,"angle":360},{"value":0.89999997615814,"ease":"outBack","var":"vfx.canvPos.sx","angle":247.5,"start":0.80000001192093,"type":"ease","duration":0.75,"time":89.5},{"value":0.89999997615814,"ease":"outBack","var":"vfx.canvPos.sy","angle":270,"start":1.1000000238419,"type":"ease","duration":0.75,"time":89.5},{"angleOffset":false,"type":"tag","tag":"bouncy","time":90.5,"angle":90},{"value":0.89999997615814,"ease":"outBack","var":"vfx.canvPos.sx","angle":247.5,"start":0.80000001192093,"type":"ease","duration":0.75,"time":97.5},{"value":0.89999997615814,"ease":"outBack","var":"vfx.canvPos.sy","angle":270,"start":1.1000000238419,"type":"ease","duration":0.75,"time":97.5},{"type":"ease","value":0,"duration":1,"ease":"outElastic","var":"vfx.canvPos.r","time":66.0625,"angle":315},{"type":"ease","value":180,"duration":3,"ease":"outBack","var":"vfx.canvPos.y","time":66,"angle":292.5},{"type":"ease","value":1.1699999570847,"duration":2,"ease":"outExpo","var":"vfx.canvPos.sx","time":18,"angle":45},{"type":"ease","value":1.1699999570847,"duration":2,"ease":"outExpo","var":"vfx.canvPos.sy","time":18,"angle":67.5},{"color":0,"b":0,"type":"setColor","g":0,"r":0,"time":-1,"angle":270},{"color":1,"b":255,"type":"setColor","g":255,"r":255,"time":-1,"angle":225},{"g":0,"r":0,"time":2,"angle":315,"order":1,"type":"setColor","duration":3,"b":0,"color":0},{"g":74,"r":74,"time":2,"b":74,"order":0,"type":"setColor","angle":292.5,"color":0},{"g":0,"r":0,"time":18,"angle":270,"order":1,"type":"setColor","duration":3,"b":0,"color":0},{"g":74,"r":74,"time":18,"b":74,"order":0,"type":"setColor","angle":247.5,"color":0},{"g":255,"r":255,"time":34,"b":255,"order":1,"type":"setColor","angle":292.5,"color":0},{"g":0,"r":0,"time":34,"angle":225,"order":1,"type":"setColor","duration":2,"b":0,"color":1},{"type":"setBgColor","color":3,"time":34,"angle":270},{"g":255,"r":255,"time":34,"b":255,"order":0,"type":"setColor","angle":202.5,"color":3},{"g":235,"r":255,"time":34,"angle":180,"order":1,"type":"setColor","duration":2,"b":121,"color":3},{"g":85,"r":85,"time":31,"b":85,"duration":3,"angle":45,"type":"setColor","color":1},{"color":1,"b":255,"type":"setColor","g":255,"r":255,"time":34,"angle":247.5},{"name":"nows ur chance","g":0,"r":0,"time":98,"description":"","type":"bookmark","b":0,"angle":292.5},{"type":"ease","value":3,"duration":0.75,"ease":"outElastic","var":"vfx.canvPos.r","time":106,"angle":0},{"type":"ease","value":1,"duration":0.75,"ease":"outElastic","var":"vfx.canvPos.sx","time":106,"angle":337.5},{"type":"ease","value":1,"duration":0.75,"ease":"outElastic","var":"vfx.canvPos.sy","time":106,"angle":315},{"type":"ease","value":0,"duration":0.75,"ease":"outElastic","var":"vfx.canvPos.r","time":106.75,"angle":0},{"type":"ease","value":0.89999997615814,"duration":0.75,"ease":"outElastic","var":"vfx.canvPos.sx","time":106.75,"angle":337.5},{"type":"ease","value":0.89999997615814,"duration":0.75,"ease":"outElastic","var":"vfx.canvPos.sy","time":106.75,"angle":315},{"type":"ease","value":-3,"duration":0.75,"ease":"outElastic","var":"vfx.canvPos.r","time":108,"angle":0},{"type":"ease","value":1,"duration":0.75,"ease":"outElastic","var":"vfx.canvPos.sx","time":108,"angle":337.5},{"type":"ease","value":1,"duration":0.75,"ease":"outElastic","var":"vfx.canvPos.sy","time":108,"angle":315},{"type":"ease","value":0,"duration":0.75,"ease":"outElastic","var":"vfx.canvPos.r","time":108.75,"angle":0},{"type":"ease","value":0.89999997615814,"duration":0.75,"ease":"outElastic","var":"vfx.canvPos.sx","time":108.75,"angle":337.5},{"type":"ease","value":0.89999997615814,"duration":0.75,"ease":"outElastic","var":"vfx.canvPos.sy","time":108.75,"angle":315},{"type":"ease","value":3,"duration":0.75,"ease":"outElastic","var":"vfx.canvPos.r","time":110,"angle":0},{"type":"ease","value":1,"duration":0.75,"ease":"outElastic","var":"vfx.canvPos.sx","time":110,"angle":337.5},{"type":"ease","value":1,"duration":0.75,"ease":"outElastic","var":"vfx.canvPos.sy","time":110,"angle":315},{"type":"ease","value":0,"duration":0.75,"ease":"outElastic","var":"vfx.canvPos.r","time":110.75,"angle":0},{"type":"ease","value":0.89999997615814,"duration":0.75,"ease":"outElastic","var":"vfx.canvPos.sx","time":110.75,"angle":337.5},{"type":"ease","value":0.89999997615814,"duration":0.75,"ease":"outElastic","var":"vfx.canvPos.sy","time":110.75,"angle":315},{"type":"ease","value":-3,"duration":0.75,"ease":"outElastic","var":"vfx.canvPos.r","time":112,"angle":-67.5},{"type":"ease","value":1,"duration":0.75,"ease":"outElastic","var":"vfx.canvPos.sx","time":112,"angle":270},{"type":"ease","value":1,"duration":0.75,"ease":"outElastic","var":"vfx.canvPos.sy","time":112,"angle":247.5},{"type":"ease","value":0,"duration":0.75,"ease":"outElastic","var":"vfx.canvPos.r","time":114,"angle":112.5},{"type":"ease","value":0.89999997615814,"duration":0.75,"ease":"outElastic","var":"vfx.canvPos.sx","time":114,"angle":450},{"type":"ease","value":0.89999997615814,"duration":0.75,"ease":"outElastic","var":"vfx.canvPos.sy","time":114,"angle":427.5},{"type":"ease","value":4,"duration":0.75,"ease":"outElastic","var":"vfx.canvPos.r","time":113,"angle":-67.5},{"type":"ease","value":1.1000000238419,"duration":0.75,"ease":"outElastic","var":"vfx.canvPos.sx","time":113,"angle":270},{"type":"ease","value":1.1000000238419,"duration":0.75,"ease":"outElastic","var":"vfx.canvPos.sy","time":113,"angle":247.5},{"type":"ease","value":-3,"duration":0.75,"ease":"outElastic","var":"vfx.canvPos.r","time":122,"angle":0},{"type":"ease","value":1,"duration":0.75,"ease":"outElastic","var":"vfx.canvPos.sx","time":122,"angle":-337.5},{"type":"ease","value":1,"duration":0.75,"ease":"outElastic","var":"vfx.canvPos.sy","time":122,"angle":-315},{"type":"ease","value":0,"duration":0.75,"ease":"outElastic","var":"vfx.canvPos.r","time":122.75,"angle":0},{"type":"ease","value":0.89999997615814,"duration":0.75,"ease":"outElastic","var":"vfx.canvPos.sx","time":122.75,"angle":-337.5},{"type":"ease","value":0.89999997615814,"duration":0.75,"ease":"outElastic","var":"vfx.canvPos.sy","time":122.75,"angle":-315},{"type":"ease","value":3,"duration":0.75,"ease":"outElastic","var":"vfx.canvPos.r","time":124,"angle":0},{"type":"ease","value":1,"duration":0.75,"ease":"outElastic","var":"vfx.canvPos.sx","time":124,"angle":-337.5},{"type":"ease","value":1,"duration":0.75,"ease":"outElastic","var":"vfx.canvPos.sy","time":124,"angle":-315},{"type":"ease","value":0,"duration":0.75,"ease":"outElastic","var":"vfx.canvPos.r","time":124.75,"angle":0},{"type":"ease","value":0.89999997615814,"duration":0.75,"ease":"outElastic","var":"vfx.canvPos.sx","time":124.75,"angle":-337.5},{"type":"ease","value":0.89999997615814,"duration":0.75,"ease":"outElastic","var":"vfx.canvPos.sy","time":124.75,"angle":-315},{"type":"ease","value":-3,"duration":0.75,"ease":"outElastic","var":"vfx.canvPos.r","time":126,"angle":0},{"type":"ease","value":1,"duration":0.75,"ease":"outElastic","var":"vfx.canvPos.sx","time":126,"angle":-337.5},{"type":"ease","value":1,"duration":0.75,"ease":"outElastic","var":"vfx.canvPos.sy","time":126,"angle":-315},{"type":"ease","value":0,"duration":0.75,"ease":"outElastic","var":"vfx.canvPos.r","time":126.75,"angle":0},{"type":"ease","value":0.89999997615814,"duration":0.75,"ease":"outElastic","var":"vfx.canvPos.sx","time":126.75,"angle":-337.5},{"type":"ease","value":0.89999997615814,"duration":0.75,"ease":"outElastic","var":"vfx.canvPos.sy","time":126.75,"angle":-315},{"type":"ease","value":3,"duration":0.75,"ease":"outElastic","var":"vfx.canvPos.r","time":128,"angle":67.5},{"type":"ease","value":1,"duration":0.75,"ease":"outElastic","var":"vfx.canvPos.sx","time":128,"angle":-270},{"type":"ease","value":1,"duration":0.75,"ease":"outElastic","var":"vfx.canvPos.sy","time":128,"angle":-247.5},{"type":"ease","value":0,"duration":0.75,"ease":"outElastic","var":"vfx.canvPos.r","time":130,"angle":45},{"type":"ease","value":0.89999997615814,"duration":0.75,"ease":"outElastic","var":"vfx.canvPos.sx","time":130,"angle":90},{"type":"ease","value":0.89999997615814,"duration":0.75,"ease":"outElastic","var":"vfx.canvPos.sy","time":130,"angle":112.5},{"type":"ease","value":-4,"duration":0.75,"ease":"outElastic","var":"vfx.canvPos.r","time":129,"angle":67.5},{"type":"ease","value":1.1000000238419,"duration":0.75,"ease":"outElastic","var":"vfx.canvPos.sx","time":129,"angle":-270},{"type":"ease","value":1.1000000238419,"duration":0.75,"ease":"outElastic","var":"vfx.canvPos.sy","time":129,"angle":-247.5},{"sprite":"spamton!idle","ox":64,"oy":83,"time":96.5,"x":140,"id":"spamton","sx":2,"type":"deco","sy":0,"angle":315},{"duration":1,"id":"spamton","type":"deco","ease":"outBack","sy":2,"time":97,"angle":315},{"id":"spamton","type":"deco","sprite":"spamton!now@12","time":98,"angle":337.5},{"id":"spamton","type":"deco","sprite":"spamton!chance@12","time":99,"angle":337.5},{"id":"spamton","type":"deco","sprite":"spamton!your@12","time":98.5,"angle":337.5},{"id":"spamton","type":"deco","sprite":"spamton!to@12","time":99.5,"angle":337.5},{"id":"spamton","type":"deco","sprite":"spamton!be@12","time":100,"angle":337.5},{"id":"spamton","type":"deco","sprite":"spamton!a@12","time":100.25,"angle":337.5},{"id":"spamton","type":"deco","sprite":"spamton!big@12","time":100.5,"angle":337.5},{"id":"spamton","type":"deco","sprite":"spamton!shot@12","time":101,"angle":337.5},{"id":"spamton","type":"deco","sprite":"spamton!be@12","time":102,"angle":337.5},{"id":"spamton","type":"deco","sprite":"spamton!a@12","time":102.25,"angle":337.5},{"id":"spamton","type":"deco","sprite":"spamton!big@12","time":102.5,"angle":337.5},{"id":"spamton","type":"deco","sprite":"spamton!big@12","time":102.75,"angle":337.5},{"id":"spamton","type":"deco","sprite":"spamton!be@12","time":103,"angle":337.5},{"id":"spamton","type":"deco","sprite":"spamton!a@12","time":103.25,"angle":337.5},{"id":"spamton","type":"deco","sprite":"spamton!big@12","time":103.5,"angle":337.5},{"id":"spamton","type":"deco","sprite":"spamton!be@12","time":104,"angle":337.5},{"id":"spamton","type":"deco","sprite":"spamton!a@12","time":104.125,"angle":337.5},{"id":"spamton","type":"deco","sprite":"spamton!big@12","time":104.25,"angle":337.5},{"id":"spamton","type":"deco","sprite":"spamton!a@12","time":104.375,"angle":337.5},{"id":"spamton","type":"deco","sprite":"spamton!be@12","time":104.5,"angle":337.5},{"id":"spamton","type":"deco","sprite":"spamton!big@12","time":104.625,"angle":337.5},{"id":"spamton","type":"deco","sprite":"spamton!shot@12","time":105,"angle":337.5},{"id":"spamton","type":"deco","sprite":"spamton!now@12","time":106,"angle":292.5},{"id":"spamton","type":"deco","sprite":"spamton!your@12","time":106.5,"angle":292.5},{"id":"spamton","type":"deco","sprite":"spamton!chance@12","time":106.75,"angle":292.5},{"id":"spamton","type":"deco","sprite":"spamton!now@12","time":108,"angle":292.5},{"id":"spamton","type":"deco","sprite":"spamton!your@12","time":108.5,"angle":292.5},{"id":"spamton","type":"deco","sprite":"spamton!chance@12","time":108.75,"angle":292.5},{"id":"spamton","type":"deco","sprite":"spamton!now@12","time":110,"angle":292.5},{"id":"spamton","type":"deco","sprite":"spamton!your@12","time":110.5,"angle":292.5},{"id":"spamton","type":"deco","sprite":"spamton!chance@12","time":110.75,"angle":292.5},{"id":"spamton","type":"deco","sprite":"spamton!be@12","time":112.5,"angle":337.5},{"id":"spamton","type":"deco","sprite":"spamton!a@12","time":112.125,"angle":337.5},{"id":"spamton","type":"deco","sprite":"spamton!big@12","time":112.25,"angle":337.5},{"id":"spamton","type":"deco","sprite":"spamton!a@12","time":112.375,"angle":337.5},{"id":"spamton","type":"deco","sprite":"spamton!be@12","time":112.5,"angle":337.5},{"id":"spamton","type":"deco","sprite":"spamton!big@12","time":112.625,"angle":337.5},{"id":"spamton","type":"deco","sprite":"spamton!shot@12","time":113,"angle":337.5},{"id":"spamton","type":"deco","sprite":"spamton!a@12","time":112,"angle":337.5},{"order":0,"id":"spamton","type":"deco","x":460,"time":112.5,"angle":225},{"ease":"outBack","time":112.5,"angle":202.5,"order":1,"id":"spamton","sy":2,"duration":1,"type":"deco"},{"duration":1,"id":"spamton","type":"deco","ease":"inBack","sy":0,"time":111.5,"angle":225},{"id":"spamton","type":"deco","sprite":"spamton!now@12","time":114,"angle":-337.5},{"id":"spamton","type":"deco","sprite":"spamton!chance@12","time":115,"angle":-337.5},{"id":"spamton","type":"deco","sprite":"spamton!your@12","time":114.5,"angle":-337.5},{"id":"spamton","type":"deco","sprite":"spamton!to@12","time":115.5,"angle":-337.5},{"id":"spamton","type":"deco","sprite":"spamton!be@12","time":116,"angle":-337.5},{"id":"spamton","type":"deco","sprite":"spamton!a@12","time":116.25,"angle":-337.5},{"id":"spamton","type":"deco","sprite":"spamton!big@12","time":116.5,"angle":-337.5},{"id":"spamton","type":"deco","sprite":"spamton!shot@12","time":117,"angle":-337.5},{"id":"spamton","type":"deco","sprite":"spamton!be@12","time":118,"angle":-337.5},{"id":"spamton","type":"deco","sprite":"spamton!a@12","time":118.25,"angle":-337.5},{"id":"spamton","type":"deco","sprite":"spamton!big@12","time":118.5,"angle":-337.5},{"id":"spamton","type":"deco","sprite":"spamton!big@12","time":118.75,"angle":-337.5},{"id":"spamton","type":"deco","sprite":"spamton!be@12","time":119,"angle":-337.5},{"id":"spamton","type":"deco","sprite":"spamton!a@12","time":119.25,"angle":-337.5},{"id":"spamton","type":"deco","sprite":"spamton!big@12","time":119.5,"angle":-337.5},{"id":"spamton","type":"deco","sprite":"spamton!be@12","time":120,"angle":-337.5},{"id":"spamton","type":"deco","sprite":"spamton!a@12","time":120.125,"angle":-337.5},{"id":"spamton","type":"deco","sprite":"spamton!big@12","time":120.25,"angle":-337.5},{"id":"spamton","type":"deco","sprite":"spamton!a@12","time":120.375,"angle":-337.5},{"id":"spamton","type":"deco","sprite":"spamton!be@12","time":120.5,"angle":-337.5},{"id":"spamton","type":"deco","sprite":"spamton!big@12","time":120.625,"angle":-337.5},{"id":"spamton","type":"deco","sprite":"spamton!shot@12","time":121,"angle":-337.5},{"id":"spamton","type":"deco","sprite":"spamton!now@12","time":122,"angle":-292.5},{"id":"spamton","type":"deco","sprite":"spamton!your@12","time":122.5,"angle":-292.5},{"id":"spamton","type":"deco","sprite":"spamton!chance@12","time":122.75,"angle":-292.5},{"id":"spamton","type":"deco","sprite":"spamton!now@12","time":124,"angle":-292.5},{"id":"spamton","type":"deco","sprite":"spamton!your@12","time":124.5,"angle":-292.5},{"id":"spamton","type":"deco","sprite":"spamton!chance@12","time":124.75,"angle":-292.5},{"id":"spamton","type":"deco","sprite":"spamton!now@12","time":126,"angle":-292.5},{"id":"spamton","type":"deco","sprite":"spamton!your@12","time":126.5,"angle":-292.5},{"id":"spamton","type":"deco","sprite":"spamton!chance@12","time":126.75,"angle":-292.5},{"id":"spamton","type":"deco","sprite":"spamton!be@12","time":128.5,"angle":-337.5},{"id":"spamton","type":"deco","sprite":"spamton!a@12","time":128.125,"angle":-337.5},{"id":"spamton","type":"deco","sprite":"spamton!big@12","time":128.25,"angle":-337.5},{"id":"spamton","type":"deco","sprite":"spamton!a@12","time":128.375,"angle":-337.5},{"id":"spamton","type":"deco","sprite":"spamton!be@12","time":128.5,"angle":-337.5},{"id":"spamton","type":"deco","sprite":"spamton!big@12","time":128.625,"angle":-337.5},{"id":"spamton","type":"deco","sprite":"spamton!shot@12","time":129,"angle":-337.5},{"id":"spamton","type":"deco","sprite":"spamton!a@12","time":128,"angle":-337.5},{"duration":1,"id":"spamton","type":"deco","ease":"inBack","sy":0,"time":128,"angle":157.5},{"g":242,"r":255,"time":98,"angle":270,"order":1,"type":"setColor","duration":1,"b":0,"color":3},{"g":174,"r":255,"time":98,"angle":225,"order":1,"type":"setColor","duration":1,"b":201,"color":2},{"order":1,"type":"setBgColor","color":0,"time":98,"angle":180},{"g":0,"r":0,"time":98,"angle":157.5,"order":1,"type":"setColor","duration":1,"b":0,"color":1},{"g":255,"r":255,"time":98,"b":255,"order":0,"type":"setColor","angle":247.5,"color":3},{"color":2,"b":255,"type":"setColor","g":255,"r":255,"time":98,"angle":202.5},{"color":1,"b":255,"type":"setColor","g":255,"r":255,"time":98,"angle":135},{"name":"evil clown","g":0,"r":0,"time":130,"description":"","type":"bookmark","b":0,"angle":11.25},{"g":0,"r":103,"time":130,"angle":270,"order":1,"type":"setColor","duration":1,"b":255,"color":3},{"g":89,"r":172,"time":130,"angle":225,"order":1,"type":"setColor","duration":1,"b":255,"color":2},{"g":0,"r":0,"time":130,"angle":157.5,"order":1,"type":"setColor","duration":1,"b":0,"color":1},{"g":255,"r":255,"time":130,"b":255,"order":0,"type":"setColor","angle":247.5,"color":3},{"color":2,"b":255,"type":"setColor","g":255,"r":255,"time":130,"angle":202.5},{"color":1,"b":255,"type":"setColor","g":255,"r":255,"time":130,"angle":135},{"type":"setBgColor","color":3,"time":130,"angle":315},{"sprite":"jevil@10","id":"jevil","type":"deco","ox":300,"oy":180,"time":130,"angle":22.5},{"sprite":"star.png","ox":46,"oy":46,"drawLayer":"bg","angle":326.25,"order":0,"sx":1.5,"type":"deco","sy":1.5,"y":250,"id":"star","time":130},{"order":1,"id":"star","duration":32,"type":"deco","r":2500,"time":130,"angle":337.5},{"value":250,"type":"ease","var":"p.y","time":130,"angle":180},{"sprite":"lines@40","ox":150,"oy":75,"drawLayer":"bg","angle":33.75,"y":250,"id":"lines","sx":2,"type":"deco","time":130,"sy":1},{"newWidth":65,"paddle":1,"duration":1,"ease":"outBack","type":"paddles","time":129,"angle":157.5},{"sprite":"square@5","ox":300,"oy":180,"time":97.5,"angle":67.5,"id":"square1","sx":1,"type":"deco","sy":1,"drawLayer":"bg","hide":true},{"type":"deco","id":"square1","duration":32,"hide":false,"r":1000,"time":98,"angle":67.5},{"sprite":"square@5","ox":300,"oy":180,"time":97.5,"angle":90,"id":"square2","sx":1.2999999523163,"type":"deco","sy":1.2999999523163,"drawLayer":"bg","hide":true},{"type":"deco","id":"square2","duration":32,"hide":false,"r":2000,"time":98,"angle":90},{"sprite":"square@5","ox":300,"oy":180,"time":97.5,"angle":112.5,"id":"square3","sx":0.80000001192093,"type":"deco","sy":0.80000001192093,"drawLayer":"bg","hide":true},{"type":"deco","id":"square3","duration":32,"hide":false,"r":500,"time":98,"angle":112.5},{"id":"square1","type":"deco","time":130,"hide":true,"angle":281.25},{"id":"square2","type":"deco","time":130,"hide":true,"angle":258.75},{"id":"square3","type":"deco","time":130,"hide":true,"angle":236.25},{"sprite":"fullsquare@5","ox":300,"oy":180,"time":97.5,"angle":315,"id":"Fsquare","sx":0.20000000298023,"type":"deco","sy":0.20000000298023,"drawLayer":"bg","hide":true},{"type":"deco","id":"Fsquare","duration":32,"hide":false,"r":1000,"time":98,"angle":315},{"ease":"inExpo","time":128,"angle":135,"sx":2,"duration":2,"sy":2,"id":"Fsquare","type":"deco"},{"id":"Fsquare","type":"deco","time":130,"hide":true,"angle":123.75},{"g":0,"r":103,"time":162,"angle":270,"order":1,"type":"setColor","duration":1,"b":255,"color":3},{"g":89,"r":172,"time":162,"angle":157.5,"order":1,"type":"setColor","duration":1,"b":255,"color":2},{"g":0,"r":0,"time":162,"angle":112.5,"order":1,"type":"setColor","duration":1,"b":0,"color":1},{"g":255,"r":255,"time":162,"b":255,"order":0,"type":"setColor","angle":247.5,"color":3},{"color":2,"b":255,"type":"setColor","g":255,"r":255,"time":162,"angle":135},{"color":1,"b":255,"type":"setColor","g":255,"r":255,"time":162,"angle":90},{"order":1,"id":"star","duration":32,"type":"deco","r":-2000,"time":162,"angle":337.5},{"sprite":"popups!franky","ox":25,"oy":25,"time":49.5,"x":160,"y":200,"sx":2,"id":"popups","sy":0,"type":"deco","angle":202.5},{"duration":1,"id":"popups","type":"deco","ease":"outBack","sy":2,"time":50,"angle":202.5},{"duration":1,"id":"popups","type":"deco","ease":"inBack","sy":0,"time":57,"angle":247.5},{"sprite":"popups!stressed","time":58,"x":450,"order":0,"id":"popups","type":"deco","y":80,"angle":247.5},{"ease":"outBack","time":58,"angle":225,"order":1,"id":"popups","sy":2,"duration":1,"type":"deco"},{"color":2,"b":186,"type":"setColor","g":123,"r":215,"time":50,"angle":180},{"g":192,"r":132,"time":58,"b":255,"order":0,"type":"setColor","angle":202.5,"color":2},{"duration":1,"id":"popups","type":"deco","ease":"inBack","sy":0,"time":65.5,"angle":157.5},{"sprite":"popups!gay","time":66.5,"x":200,"order":0,"id":"popups","type":"deco","y":100,"angle":157.5},{"ease":"outBack","time":66.5,"angle":135,"order":1,"id":"popups","sy":2,"duration":1,"type":"deco"},{"g":99,"r":235,"time":66.5,"b":64,"order":0,"type":"setColor","angle":112.5,"color":2},{"duration":1,"id":"popups","type":"deco","ease":"inBack","sy":0,"time":81.5,"angle":157.5},{"sprite":"popups!sans","time":82.5,"x":350,"order":0,"id":"popups","type":"deco","y":300,"angle":157.5},{"ease":"outBack","time":82.5,"angle":135,"order":1,"id":"popups","sy":2,"duration":1,"type":"deco"},{"g":130,"r":71,"time":82.5,"b":201,"order":0,"type":"setColor","angle":112.5,"color":2},{"duration":1,"id":"popups","type":"deco","ease":"inBack","sy":0,"time":89.5,"angle":22.5},{"sprite":"popups!soul","time":90.5,"x":300,"order":0,"id":"popups","type":"deco","y":180,"angle":22.5},{"ease":"outBack","time":90.5,"angle":0,"order":1,"id":"popups","sy":2,"duration":1,"type":"deco"},{"g":0,"r":255,"time":90.5,"b":0,"order":0,"type":"setColor","angle":-22.5,"color":2},{"duration":1,"id":"popups","type":"deco","ease":"inBack","sy":0,"time":96.5,"angle":157.5},{"value":300,"type":"ease","var":"vfx.canvPos.x","time":194,"angle":292.5},{"value":320,"repeats":15,"repeatDelay":4,"time":130,"angle":348.75,"duration":2,"type":"ease","var":"vfx.canvPos.x","ease":"inOutSine"},{"value":280,"repeats":15,"repeatDelay":4,"time":132,"angle":348.75,"duration":2,"type":"ease","var":"vfx.canvPos.x","ease":"inOutSine"},{"name":"fun starts again","g":0,"r":0,"time":194,"description":"","type":"bookmark","b":0,"angle":-45},{"value":170,"repeats":31,"repeatDelay":1,"time":194,"angle":-157.5,"duration":0.5,"type":"ease","var":"vfx.canvPos.y","ease":"outSine"},{"value":190,"repeats":31,"repeatDelay":1,"time":194.5,"angle":-157.5,"duration":0.5,"type":"ease","var":"vfx.canvPos.y","ease":"inSine"},{"value":2,"repeats":16,"repeatDelay":2,"time":194,"angle":-135,"duration":1,"type":"ease","var":"vfx.canvPos.r","ease":"outElastic"},{"value":-2,"repeats":15,"repeatDelay":2,"time":195,"angle":-135,"duration":1,"type":"ease","var":"vfx.canvPos.r","ease":"outElastic"},{"type":"ease","value":0.10000000149012,"duration":0.5,"ease":"outElastic","var":"vfx.canvPos.kx","time":209,"angle":-67.5},{"type":"ease","value":-0.10000000149012,"duration":0.5,"ease":"outElastic","var":"vfx.canvPos.kx","time":209.25,"angle":-67.5},{"type":"ease","value":0.10000000149012,"duration":0.5,"ease":"outElastic","var":"vfx.canvPos.kx","time":209.5,"angle":-67.5},{"type":"ease","value":-0.10000000149012,"duration":0.5,"ease":"outElastic","var":"vfx.canvPos.kx","time":209.75,"angle":-67.5},{"type":"ease","value":1,"duration":1,"ease":"outExpo","var":"vfx.canvPos.sx","time":208,"angle":-90},{"type":"ease","value":1,"duration":1,"ease":"outExpo","var":"vfx.canvPos.sy","time":208,"angle":-112.5},{"type":"ease","value":0.80000001192093,"duration":0.5,"ease":"outSine","var":"vfx.canvPos.sx","time":209,"angle":-90},{"type":"ease","value":0.80000001192093,"duration":0.5,"ease":"outSine","var":"vfx.canvPos.sy","time":209,"angle":-112.5},{"type":"ease","value":0.89999997615814,"duration":0.5,"ease":"inSine","var":"vfx.canvPos.sx","time":209.5,"angle":-90},{"type":"ease","value":0.89999997615814,"duration":0.5,"ease":"inSine","var":"vfx.canvPos.sy","time":209.5,"angle":-112.5},{"type":"ease","value":0,"duration":0.5,"ease":"outElastic","var":"vfx.canvPos.kx","time":210,"angle":-67.5},{"g":255,"r":255,"time":194,"b":255,"order":1,"type":"setColor","angle":-292.5,"color":0},{"g":0,"r":0,"time":194,"angle":-225,"order":1,"type":"setColor","duration":2,"b":0,"color":1},{"type":"setBgColor","color":3,"time":194,"angle":-270},{"g":255,"r":255,"time":194,"b":255,"order":0,"type":"setColor","angle":-202.5,"color":3},{"g":135,"r":255,"time":194,"angle":-180,"order":1,"type":"setColor","duration":2,"b":135,"color":3},{"color":1,"b":255,"type":"setColor","g":255,"r":255,"time":194,"angle":-247.5},{"sprite":"popups!lawrence","ease":"outBack","time":210,"angle":-202.5,"id":"popups","type":"deco","duration":1,"sy":2},{"color":2,"b":163,"type":"setColor","g":70,"r":77,"time":210,"angle":-180},{"value":180,"type":"ease","var":"p.y","time":194,"angle":270},{"id":"jevil","type":"deco","time":194,"hide":true,"angle":45},{"id":"lines","type":"deco","time":194,"hide":true,"angle":33.75},{"id":"star","type":"deco","time":194,"hide":true,"angle":56.25},{"y":200,"id":"popups","type":"deco","x":500,"time":209.5,"angle":157.5},{"type":"ease","value":0.10000000149012,"duration":0.5,"ease":"outElastic","var":"vfx.canvPos.kx","time":225,"angle":-67.5},{"type":"ease","value":-0.10000000149012,"duration":0.5,"ease":"outElastic","var":"vfx.canvPos.kx","time":225.25,"angle":-67.5},{"type":"ease","value":0.10000000149012,"duration":0.5,"ease":"outElastic","var":"vfx.canvPos.kx","time":225.5,"angle":-67.5},{"type":"ease","value":-0.10000000149012,"duration":0.5,"ease":"outElastic","var":"vfx.canvPos.kx","time":225.75,"angle":-67.5},{"type":"ease","value":0.80000001192093,"duration":0.5,"ease":"outSine","var":"vfx.canvPos.sx","time":225,"angle":-90},{"type":"ease","value":0.80000001192093,"duration":0.5,"ease":"outSine","var":"vfx.canvPos.sy","time":225,"angle":-112.5},{"type":"ease","value":0.89999997615814,"duration":0.5,"ease":"inSine","var":"vfx.canvPos.sx","time":225.5,"angle":-90},{"type":"ease","value":0.89999997615814,"duration":0.5,"ease":"inSine","var":"vfx.canvPos.sy","time":225.5,"angle":-112.5},{"type":"ease","value":0,"duration":0.5,"ease":"outElastic","var":"vfx.canvPos.kx","time":226,"angle":-67.5},{"type":"ease","value":1,"duration":1,"ease":"outExpo","var":"vfx.canvPos.sx","time":224,"angle":-90},{"type":"ease","value":1,"duration":1,"ease":"outExpo","var":"vfx.canvPos.sy","time":224,"angle":-112.5},{"type":"ease","value":200,"duration":0.5,"ease":"outExpo","var":"vfx.canvPos.y","time":226,"angle":-292.5},{"duration":1,"id":"popups","type":"deco","ease":"inBack","sy":0,"time":217,"angle":-247.5},{"sprite":"popups!her","time":218,"x":200,"order":0,"id":"popups","type":"deco","y":100,"angle":-247.5},{"ease":"outBack","time":218,"angle":-225,"order":1,"id":"popups","sy":2,"duration":1,"type":"deco"},{"g":62,"r":113,"time":218,"b":165,"order":0,"type":"setColor","angle":-202.5,"color":2},{"duration":1,"id":"popups","type":"deco","ease":"inBack","sy":0,"time":225,"angle":180},{"sprite":"popups!gay","time":226,"x":200,"order":0,"id":"popups","type":"deco","y":100,"angle":180},{"g":99,"r":235,"time":226,"b":64,"order":0,"type":"setColor","angle":202.5,"color":2},{"newWidth":40,"paddle":1,"duration":2,"ease":"inBack","type":"paddles","time":224,"angle":157.5},{"newWidth":70,"paddle":1,"duration":2,"ease":"inBack","type":"paddles","time":192,"angle":315},{"name":"mines","g":0,"r":0,"time":226,"description":"","type":"bookmark","b":0,"angle":157.5},{"value":0.80000001192093,"repeats":1,"repeatDelay":1,"time":226,"angle":90,"duration":0.5,"type":"ease","var":"vfx.canvPos.sx","ease":"outExpo"},{"value":0.80000001192093,"repeats":1,"repeatDelay":1,"time":226,"angle":112.5,"duration":0.5,"type":"ease","var":"vfx.canvPos.sy","ease":"outExpo"},{"value":0,"type":"ease","var":"vfx.canvPos.r","time":226.06199645996,"angle":45},{"type":"ease","value":180,"duration":0.5,"ease":"inExpo","var":"vfx.canvPos.y","time":226.5,"angle":-292.5},{"value":0.89999997615814,"repeats":1,"repeatDelay":1,"time":226.5,"angle":90,"duration":0.5,"type":"ease","var":"vfx.canvPos.sx","ease":"inExpo"},{"value":0.89999997615814,"repeats":1,"repeatDelay":1,"time":226.5,"angle":112.5,"duration":0.5,"type":"ease","var":"vfx.canvPos.sy","ease":"inExpo"},{"type":"ease","value":160,"duration":0.5,"ease":"outExpo","var":"vfx.canvPos.y","time":227,"angle":-292.5},{"type":"ease","value":180,"duration":0.5,"ease":"inExpo","var":"vfx.canvPos.y","time":227.5,"angle":-292.5},{"type":"ease","value":1,"duration":1,"ease":"outExpo","var":"vfx.canvPos.sx","time":228,"angle":90},{"type":"ease","value":1,"duration":1,"ease":"outExpo","var":"vfx.canvPos.sy","time":228,"angle":112.5},{"type":"ease","value":0.89999997615814,"duration":1,"ease":"inExpo","var":"vfx.canvPos.sx","time":229,"angle":90},{"type":"ease","value":0.89999997615814,"duration":1,"ease":"inExpo","var":"vfx.canvPos.sy","time":229,"angle":112.5},{"type":"ease","value":160,"duration":0.5,"ease":"outExpo","var":"vfx.canvPos.y","time":230,"angle":-292.5},{"value":0.80000001192093,"repeats":1,"repeatDelay":1,"time":230,"angle":90,"duration":0.5,"type":"ease","var":"vfx.canvPos.sx","ease":"outExpo"},{"value":0.80000001192093,"repeats":1,"repeatDelay":1,"time":230,"angle":112.5,"duration":0.5,"type":"ease","var":"vfx.canvPos.sy","ease":"outExpo"},{"type":"ease","value":180,"duration":0.5,"ease":"inExpo","var":"vfx.canvPos.y","time":230.5,"angle":-292.5},{"value":0.89999997615814,"repeats":1,"repeatDelay":1,"time":230.5,"angle":90,"duration":0.5,"type":"ease","var":"vfx.canvPos.sx","ease":"inExpo"},{"value":0.89999997615814,"repeats":1,"repeatDelay":1,"time":230.5,"angle":112.5,"duration":0.5,"type":"ease","var":"vfx.canvPos.sy","ease":"inExpo"},{"type":"ease","value":200,"duration":0.5,"ease":"outExpo","var":"vfx.canvPos.y","time":231,"angle":-292.5},{"type":"ease","value":180,"duration":0.5,"ease":"inExpo","var":"vfx.canvPos.y","time":231.5,"angle":-292.5},{"type":"ease","value":1,"duration":1,"ease":"outExpo","var":"vfx.canvPos.sx","time":232,"angle":90},{"type":"ease","value":1,"duration":1,"ease":"outExpo","var":"vfx.canvPos.sy","time":232,"angle":112.5},{"type":"ease","value":0.89999997615814,"duration":1,"ease":"inExpo","var":"vfx.canvPos.sx","time":233,"angle":90},{"type":"ease","value":0.89999997615814,"duration":1,"ease":"inExpo","var":"vfx.canvPos.sy","time":233,"angle":112.5},{"type":"ease","value":200,"duration":0.5,"ease":"outExpo","var":"vfx.canvPos.y","time":234,"angle":-292.5},{"value":0.80000001192093,"repeats":1,"repeatDelay":1,"time":234,"angle":90,"duration":0.5,"type":"ease","var":"vfx.canvPos.sx","ease":"outExpo"},{"value":0.80000001192093,"repeats":1,"repeatDelay":1,"time":234,"angle":112.5,"duration":0.5,"type":"ease","var":"vfx.canvPos.sy","ease":"outExpo"},{"type":"ease","value":180,"duration":0.5,"ease":"inExpo","var":"vfx.canvPos.y","time":234.5,"angle":-292.5},{"value":0.89999997615814,"repeats":1,"repeatDelay":1,"time":234.5,"angle":90,"duration":0.5,"type":"ease","var":"vfx.canvPos.sx","ease":"inExpo"},{"value":0.89999997615814,"repeats":1,"repeatDelay":1,"time":234.5,"angle":112.5,"duration":0.5,"type":"ease","var":"vfx.canvPos.sy","ease":"inExpo"},{"type":"ease","value":160,"duration":0.5,"ease":"outExpo","var":"vfx.canvPos.y","time":235,"angle":-292.5},{"type":"ease","value":180,"duration":0.5,"ease":"inExpo","var":"vfx.canvPos.y","time":235.5,"angle":-292.5},{"type":"ease","value":1,"duration":1,"ease":"outExpo","var":"vfx.canvPos.sx","time":236,"angle":90},{"type":"ease","value":1,"duration":1,"ease":"outExpo","var":"vfx.canvPos.sy","time":236,"angle":112.5},{"type":"ease","value":0.89999997615814,"duration":1,"ease":"inExpo","var":"vfx.canvPos.sx","time":237,"angle":90},{"type":"ease","value":0.89999997615814,"duration":1,"ease":"inExpo","var":"vfx.canvPos.sy","time":237,"angle":112.5},{"value":3,"repeats":1,"repeatDelay":2,"time":238,"angle":157.5,"duration":1,"type":"ease","var":"vfx.canvPos.r","ease":"outElastic"},{"value":-3,"repeats":1,"repeatDelay":2,"time":239,"angle":157.5,"duration":1,"type":"ease","var":"vfx.canvPos.r","ease":"outElastic"},{"type":"ease","value":200,"duration":0.5,"ease":"outExpo","var":"vfx.canvPos.y","time":242,"angle":112.5},{"value":0.80000001192093,"repeats":1,"repeatDelay":1,"time":242,"angle":-270,"duration":0.5,"type":"ease","var":"vfx.canvPos.sx","ease":"outExpo"},{"value":0.80000001192093,"repeats":1,"repeatDelay":1,"time":242,"angle":-292.5,"duration":0.5,"type":"ease","var":"vfx.canvPos.sy","ease":"outExpo"},{"duration":1,"value":0,"type":"ease","ease":"outElastic","time":242,"var":"vfx.canvPos.r","angle":22.5},{"type":"ease","value":180,"duration":0.5,"ease":"inExpo","var":"vfx.canvPos.y","time":242.5,"angle":112.5},{"value":0.89999997615814,"repeats":1,"repeatDelay":1,"time":242.5,"angle":-270,"duration":0.5,"type":"ease","var":"vfx.canvPos.sx","ease":"inExpo"},{"value":0.89999997615814,"repeats":1,"repeatDelay":1,"time":242.5,"angle":-292.5,"duration":0.5,"type":"ease","var":"vfx.canvPos.sy","ease":"inExpo"},{"type":"ease","value":160,"duration":0.5,"ease":"outExpo","var":"vfx.canvPos.y","time":243,"angle":112.5},{"type":"ease","value":180,"duration":0.5,"ease":"inExpo","var":"vfx.canvPos.y","time":243.5,"angle":112.5},{"type":"ease","value":1,"duration":1,"ease":"outExpo","var":"vfx.canvPos.sx","time":244,"angle":-270},{"type":"ease","value":1,"duration":1,"ease":"outExpo","var":"vfx.canvPos.sy","time":244,"angle":-292.5},{"type":"ease","value":0.89999997615814,"duration":1,"ease":"inExpo","var":"vfx.canvPos.sx","time":245,"angle":-270},{"type":"ease","value":0.89999997615814,"duration":1,"ease":"inExpo","var":"vfx.canvPos.sy","time":245,"angle":-292.5},{"type":"ease","value":160,"duration":0.5,"ease":"outExpo","var":"vfx.canvPos.y","time":246,"angle":112.5},{"value":0.80000001192093,"repeats":1,"repeatDelay":1,"time":246,"angle":-270,"duration":0.5,"type":"ease","var":"vfx.canvPos.sx","ease":"outExpo"},{"value":0.80000001192093,"repeats":1,"repeatDelay":1,"time":246,"angle":-292.5,"duration":0.5,"type":"ease","var":"vfx.canvPos.sy","ease":"outExpo"},{"type":"ease","value":180,"duration":0.5,"ease":"inExpo","var":"vfx.canvPos.y","time":246.5,"angle":112.5},{"value":0.89999997615814,"repeats":1,"repeatDelay":1,"time":246.5,"angle":-270,"duration":0.5,"type":"ease","var":"vfx.canvPos.sx","ease":"inExpo"},{"value":0.89999997615814,"repeats":1,"repeatDelay":1,"time":246.5,"angle":-292.5,"duration":0.5,"type":"ease","var":"vfx.canvPos.sy","ease":"inExpo"},{"type":"ease","value":200,"duration":0.5,"ease":"outExpo","var":"vfx.canvPos.y","time":247,"angle":112.5},{"type":"ease","value":180,"duration":0.5,"ease":"inExpo","var":"vfx.canvPos.y","time":247.5,"angle":112.5},{"type":"ease","value":1,"duration":1,"ease":"outExpo","var":"vfx.canvPos.sx","time":248,"angle":-270},{"type":"ease","value":1,"duration":1,"ease":"outExpo","var":"vfx.canvPos.sy","time":248,"angle":-292.5},{"type":"ease","value":0.89999997615814,"duration":1,"ease":"inExpo","var":"vfx.canvPos.sx","time":249,"angle":-270},{"type":"ease","value":0.89999997615814,"duration":1,"ease":"inExpo","var":"vfx.canvPos.sy","time":249,"angle":-292.5},{"type":"ease","value":200,"duration":0.5,"ease":"outExpo","var":"vfx.canvPos.y","time":250,"angle":112.5},{"value":0.80000001192093,"repeats":1,"repeatDelay":1,"time":250,"angle":-270,"duration":0.5,"type":"ease","var":"vfx.canvPos.sx","ease":"outExpo"},{"value":0.80000001192093,"repeats":1,"repeatDelay":1,"time":250,"angle":-292.5,"duration":0.5,"type":"ease","var":"vfx.canvPos.sy","ease":"outExpo"},{"type":"ease","value":180,"duration":0.5,"ease":"inExpo","var":"vfx.canvPos.y","time":250.5,"angle":112.5},{"value":0.89999997615814,"repeats":1,"repeatDelay":1,"time":250.5,"angle":-270,"duration":0.5,"type":"ease","var":"vfx.canvPos.sx","ease":"inExpo"},{"value":0.89999997615814,"repeats":1,"repeatDelay":1,"time":250.5,"angle":-292.5,"duration":0.5,"type":"ease","var":"vfx.canvPos.sy","ease":"inExpo"},{"type":"ease","value":160,"duration":0.5,"ease":"outExpo","var":"vfx.canvPos.y","time":251,"angle":112.5},{"type":"ease","value":180,"duration":0.5,"ease":"inExpo","var":"vfx.canvPos.y","time":251.5,"angle":112.5},{"type":"ease","value":1,"duration":1,"ease":"outExpo","var":"vfx.canvPos.sx","time":252,"angle":-270},{"type":"ease","value":1,"duration":1,"ease":"outExpo","var":"vfx.canvPos.sy","time":252,"angle":-292.5},{"duration":1,"value":1.2000000476837,"type":"ease","ease":"inExpo","var":"vfx.canvPos.sx","time":253,"angle":-270},{"type":"ease","value":1.2000000476837,"duration":1,"ease":"inExpo","var":"vfx.canvPos.sy","time":253,"angle":-292.5},{"value":0.89999997615814,"ease":"outBack","var":"vfx.canvPos.sx","angle":-247.5,"start":0.80000001192093,"type":"ease","duration":0.75,"time":265.5},{"value":0.89999997615814,"ease":"outBack","var":"vfx.canvPos.sy","angle":-270,"start":1.1000000238419,"type":"ease","duration":0.75,"time":265.5},{"angleOffset":false,"type":"tag","tag":"bouncy","time":258.5,"angle":0},{"angleOffset":false,"type":"tag","tag":"bouncy","time":266.5,"angle":0},{"value":0.89999997615814,"ease":"outBack","var":"vfx.canvPos.sx","angle":-270,"start":0.80000001192093,"type":"ease","duration":0.75,"time":273.5},{"value":0.89999997615814,"ease":"outBack","var":"vfx.canvPos.sy","angle":-292.5,"start":1.1000000238419,"type":"ease","duration":0.75,"time":273.5},{"angleOffset":false,"type":"tag","tag":"bouncy","time":274.5,"angle":-360},{"value":0.89999997615814,"ease":"outBack","var":"vfx.canvPos.sx","angle":-247.5,"start":0.80000001192093,"type":"ease","duration":0.75,"time":281.5},{"value":0.89999997615814,"ease":"outBack","var":"vfx.canvPos.sy","angle":-270,"start":1.1000000238419,"type":"ease","duration":0.75,"time":281.5},{"duration":1,"id":"popups","type":"deco","ease":"inBack","sy":0,"time":273.5,"angle":-157.5},{"sprite":"popups!ily","time":274.5,"x":460,"order":0,"id":"popups","type":"deco","y":120,"angle":-157.5},{"ease":"outBack","time":274.5,"angle":-135,"order":1,"id":"popups","sy":2,"duration":1,"type":"deco"},{"g":77,"r":246,"time":274.5,"b":255,"order":0,"type":"setColor","angle":-112.5,"color":2},{"duration":1,"id":"popups","type":"deco","ease":"inBack","sy":0,"time":281.5,"angle":-22.5},{"sprite":"popups!silly","time":282.5,"x":280,"order":0,"id":"popups","type":"deco","y":80,"angle":-22.5},{"ease":"outBack","time":282.5,"angle":0,"order":1,"id":"popups","sy":2,"duration":1,"type":"deco"},{"g":144,"r":239,"time":282.5,"b":83,"order":0,"type":"setColor","angle":22.5,"color":2},{"name":"hard thing agaiiinnnnnnnn","g":0,"r":0,"time":258,"description":"","type":"bookmark","b":0,"angle":292.5},{"newWidth":70,"paddle":1,"duration":0,"ease":"linear","type":"paddles","time":254,"angle":22.5},{"sprite":"popups!code","time":258.5,"x":150,"order":0,"id":"popups","type":"deco","y":280,"angle":-157.5},{"ease":"outBack","time":258.5,"angle":-135,"order":1,"id":"popups","sy":2,"duration":1,"type":"deco"},{"g":82,"r":18,"time":258.5,"b":7,"order":0,"type":"setColor","angle":-112.5,"color":2},{"duration":1,"id":"popups","type":"deco","ease":"inBack","sy":0,"time":287.5,"angle":270},{"name":"NEO","g":0,"r":0,"time":290,"description":"","type":"bookmark","b":0,"angle":292.5},{"value":2,"type":"ease","var":"scrollSpeed","time":290,"angle":270},{"sy":2,"sprite":"neo!start","ox":65,"oy":76,"time":286.5,"angle":157.5,"y":600,"drawLayer":"bg","sx":2,"type":"deco","id":"neo","drawOrder":0,"outline":true},{"g":174,"r":255,"time":290,"angle":213.75,"order":1,"type":"setColor","duration":1,"b":201,"color":2},{"g":242,"r":255,"time":290,"angle":191.25,"order":1,"type":"setColor","duration":1,"b":0,"color":3},{"enable":true,"type":"outline","angle":56.25,"time":290,"color":0},{"id":"border","type":"deco","outline":true,"time":290,"angle":315},{"type":"setBgColor","color":1,"time":290,"angle":247.5},{"y":180,"id":"neo","duration":3,"ease":"outBack","type":"deco","time":287,"angle":157.5},{"id":"neo","type":"deco","sprite":"neo!shine@12","time":288,"angle":157.5},{"id":"neo","type":"deco","sprite":"neo!idle@12","time":290,"angle":146.25},{"id":"neo","type":"deco","sprite":"neo!Lstart@12","time":317.75,"angle":247.5},{"id":"neo","type":"deco","sprite":"neo!laugh@12","time":318.5,"angle":225},{"id":"neo","type":"deco","sprite":"neo!laugh@12","time":319,"angle":202.5},{"id":"neo","type":"deco","sprite":"neo!laugh@12","time":319.5,"angle":180},{"id":"neo","type":"deco","sprite":"neo!laugh@12","time":320,"angle":-337.5},{"id":"neo","type":"deco","sprite":"neo!laugh@12","time":320.5,"angle":-337.5},{"id":"neo","type":"deco","sprite":"neo!laugh@12","time":321,"angle":-405},{"id":"neo","type":"deco","sprite":"neo!laugh@12","time":321.5,"angle":-405},{"value":0.89999997615814,"ease":"outBack","var":"vfx.canvPos.sx","angle":-247.5,"start":1.1000000238419,"type":"ease","duration":0.75,"time":282.5},{"value":0.89999997615814,"ease":"outBack","var":"vfx.canvPos.sy","angle":-270,"start":0.80000001192093,"type":"ease","duration":0.75,"time":282.5},{"value":0.89999997615814,"ease":"outBack","var":"vfx.canvPos.sx","angle":-315,"start":0.80000001192093,"type":"ease","duration":0.75,"time":283.25},{"value":0.89999997615814,"ease":"outBack","var":"vfx.canvPos.sy","angle":-337.5,"start":1.1000000238419,"type":"ease","duration":0.75,"time":283.25},{"value":0.89999997615814,"ease":"outBack","var":"vfx.canvPos.sx","angle":45,"start":1.1000000238419,"type":"ease","duration":0.75,"time":284},{"value":0.89999997615814,"ease":"outBack","var":"vfx.canvPos.sy","angle":22.5,"start":0.80000001192093,"type":"ease","duration":0.75,"time":284},{"value":0.89999997615814,"ease":"outBack","var":"vfx.canvPos.sx","angle":-315,"start":0.80000001192093,"type":"ease","duration":0.75,"time":284.75},{"value":0.89999997615814,"ease":"outBack","var":"vfx.canvPos.sy","angle":-337.5,"start":1.1000000238419,"type":"ease","duration":0.75,"time":284.75},{"value":0.89999997615814,"ease":"outBack","var":"vfx.canvPos.sx","angle":45,"start":1.1000000238419,"type":"ease","duration":0.75,"time":285.5},{"value":0.89999997615814,"ease":"outBack","var":"vfx.canvPos.sy","angle":22.5,"start":0.80000001192093,"type":"ease","duration":0.75,"time":285.5},{"type":"ease","value":1.0499999523163,"duration":3,"ease":"outExpo","var":"vfx.canvPos.sx","time":287,"angle":-315},{"type":"ease","value":1.0499999523163,"duration":3,"ease":"outExpo","var":"vfx.canvPos.sy","time":287,"angle":-337.5},{"g":0,"r":0,"time":290,"angle":168.75,"order":1,"type":"setColor","duration":1,"b":0,"color":1},{"g":255,"r":255,"time":290,"b":255,"order":0,"type":"setColor","angle":225,"color":3},{"g":255,"r":255,"time":290,"b":255,"order":0,"type":"setColor","angle":202.5,"color":1},{"g":255,"r":255,"time":290,"b":255,"order":0,"type":"setColor","angle":180,"color":2},{"type":"ease","value":5,"duration":3,"ease":"outExpo","var":"vfx.canvPos.r","time":287,"angle":90},{"type":"ease","value":0.89999997615814,"duration":3,"ease":"outExpo","var":"vfx.canvPos.sx","time":290,"angle":101.25},{"type":"ease","value":0.89999997615814,"duration":3,"ease":"outExpo","var":"vfx.canvPos.sy","time":290,"angle":78.75},{"value":0.89999997615814,"ease":"outBack","var":"vfx.canvPos.sx","angle":-247.5,"start":1.1000000238419,"type":"ease","duration":0.75,"time":290.5},{"value":0.89999997615814,"ease":"outBack","var":"vfx.canvPos.sy","angle":-270,"start":0.80000001192093,"type":"ease","duration":0.75,"time":290.5},{"value":0.89999997615814,"ease":"outBack","var":"vfx.canvPos.sx","angle":-315,"start":0.80000001192093,"type":"ease","duration":0.75,"time":291.25},{"value":0.89999997615814,"ease":"outBack","var":"vfx.canvPos.sy","angle":-337.5,"start":1.1000000238419,"type":"ease","duration":0.75,"time":291.25},{"value":0.89999997615814,"ease":"outBack","var":"vfx.canvPos.sx","angle":-225,"start":1.1000000238419,"type":"ease","duration":0.75,"time":292},{"value":0.89999997615814,"ease":"outBack","var":"vfx.canvPos.sy","angle":-247.5,"start":0.80000001192093,"type":"ease","duration":0.75,"time":292},{"value":0.89999997615814,"ease":"outBack","var":"vfx.canvPos.sx","angle":-315,"start":0.80000001192093,"type":"ease","duration":0.75,"time":292.75},{"value":0.89999997615814,"ease":"outBack","var":"vfx.canvPos.sy","angle":-337.5,"start":1.1000000238419,"type":"ease","duration":0.75,"time":292.75},{"value":0.89999997615814,"ease":"outBack","var":"vfx.canvPos.sx","angle":-292.5,"start":1.1000000238419,"type":"ease","duration":0.75,"time":293.5},{"value":0.89999997615814,"ease":"outBack","var":"vfx.canvPos.sy","angle":-315,"start":0.80000001192093,"type":"ease","duration":0.75,"time":293.5},{"value":0.89999997615814,"ease":"outBack","var":"vfx.canvPos.sx","angle":67.5,"start":1.1000000238419,"type":"ease","duration":0.75,"time":294.5},{"value":0.89999997615814,"ease":"outBack","var":"vfx.canvPos.sy","angle":90,"start":0.80000001192093,"type":"ease","duration":0.75,"time":294.5},{"value":0.89999997615814,"ease":"outBack","var":"vfx.canvPos.sx","angle":135,"start":0.80000001192093,"type":"ease","duration":0.75,"time":295.25},{"value":0.89999997615814,"ease":"outBack","var":"vfx.canvPos.sy","angle":157.5,"start":1.1000000238419,"type":"ease","duration":0.75,"time":295.25},{"value":0.89999997615814,"ease":"outBack","var":"vfx.canvPos.sx","angle":45,"start":1.1000000238419,"type":"ease","duration":0.75,"time":296},{"value":0.89999997615814,"ease":"outBack","var":"vfx.canvPos.sy","angle":67.5,"start":0.80000001192093,"type":"ease","duration":0.75,"time":296},{"value":0.89999997615814,"ease":"outBack","var":"vfx.canvPos.sx","angle":135,"start":0.80000001192093,"type":"ease","duration":0.75,"time":296.75},{"value":0.89999997615814,"ease":"outBack","var":"vfx.canvPos.sy","angle":157.5,"start":1.1000000238419,"type":"ease","duration":0.75,"time":296.75},{"value":0.89999997615814,"ease":"outBack","var":"vfx.canvPos.sx","angle":112.5,"start":1.1000000238419,"type":"ease","duration":0.75,"time":297.5},{"value":0.89999997615814,"ease":"outBack","var":"vfx.canvPos.sy","angle":135,"start":0.80000001192093,"type":"ease","duration":0.75,"time":297.5},{"value":0.89999997615814,"ease":"outBack","var":"vfx.canvPos.sx","angle":-247.5,"start":1.1000000238419,"type":"ease","duration":0.75,"time":298.5},{"value":0.89999997615814,"ease":"outBack","var":"vfx.canvPos.sy","angle":-270,"start":0.80000001192093,"type":"ease","duration":0.75,"time":298.5},{"value":0.89999997615814,"ease":"outBack","var":"vfx.canvPos.sx","angle":-315,"start":0.80000001192093,"type":"ease","duration":0.75,"time":299.25},{"value":0.89999997615814,"ease":"outBack","var":"vfx.canvPos.sy","angle":-337.5,"start":1.1000000238419,"type":"ease","duration":0.75,"time":299.25},{"value":0.89999997615814,"ease":"outBack","var":"vfx.canvPos.sx","angle":-225,"start":1.1000000238419,"type":"ease","duration":0.75,"time":300},{"value":0.89999997615814,"ease":"outBack","var":"vfx.canvPos.sy","angle":-247.5,"start":0.80000001192093,"type":"ease","duration":0.75,"time":300},{"value":0.89999997615814,"ease":"outBack","var":"vfx.canvPos.sx","angle":-315,"start":0.80000001192093,"type":"ease","duration":0.75,"time":300.75},{"value":0.89999997615814,"ease":"outBack","var":"vfx.canvPos.sy","angle":-337.5,"start":1.1000000238419,"type":"ease","duration":0.75,"time":300.75},{"value":0.89999997615814,"ease":"outBack","var":"vfx.canvPos.sx","angle":-292.5,"start":1.1000000238419,"type":"ease","duration":0.5,"time":301.5},{"value":0.89999997615814,"ease":"outBack","var":"vfx.canvPos.sy","angle":-315,"start":0.80000001192093,"type":"ease","duration":0.5,"time":301.5},{"value":0.89999997615814,"ease":"outBack","var":"vfx.canvPos.sx","angle":-247.5,"start":1.1000000238419,"type":"ease","duration":0.75,"time":306.5},{"value":0.89999997615814,"ease":"outBack","var":"vfx.canvPos.sy","angle":-270,"start":0.80000001192093,"type":"ease","duration":0.75,"time":306.5},{"value":0.89999997615814,"ease":"outBack","var":"vfx.canvPos.sx","angle":-315,"start":0.80000001192093,"type":"ease","duration":0.75,"time":307.25},{"value":0.89999997615814,"ease":"outBack","var":"vfx.canvPos.sy","angle":-337.5,"start":1.1000000238419,"type":"ease","duration":0.75,"time":307.25},{"value":0.89999997615814,"ease":"outBack","var":"vfx.canvPos.sx","angle":-225,"start":1.1000000238419,"type":"ease","duration":0.75,"time":308},{"value":0.89999997615814,"ease":"outBack","var":"vfx.canvPos.sy","angle":-247.5,"start":0.80000001192093,"type":"ease","duration":0.75,"time":308},{"value":0.89999997615814,"ease":"outBack","var":"vfx.canvPos.sx","angle":-315,"start":0.80000001192093,"type":"ease","duration":0.75,"time":308.75},{"value":0.89999997615814,"ease":"outBack","var":"vfx.canvPos.sy","angle":-337.5,"start":1.1000000238419,"type":"ease","duration":0.75,"time":308.75},{"value":0.89999997615814,"ease":"outBack","var":"vfx.canvPos.sx","angle":-292.5,"start":1.1000000238419,"type":"ease","duration":0.75,"time":309.5},{"value":0.89999997615814,"ease":"outBack","var":"vfx.canvPos.sy","angle":-315,"start":0.80000001192093,"type":"ease","duration":0.75,"time":309.5},{"value":0.89999997615814,"ease":"outBack","var":"vfx.canvPos.sx","angle":67.5,"start":1.1000000238419,"type":"ease","duration":0.75,"time":310.5},{"value":0.89999997615814,"ease":"outBack","var":"vfx.canvPos.sy","angle":90,"start":0.80000001192093,"type":"ease","duration":0.75,"time":310.5},{"value":0.89999997615814,"ease":"outBack","var":"vfx.canvPos.sx","angle":135,"start":0.80000001192093,"type":"ease","duration":0.75,"time":311.25},{"value":0.89999997615814,"ease":"outBack","var":"vfx.canvPos.sy","angle":157.5,"start":1.1000000238419,"type":"ease","duration":0.75,"time":311.25},{"value":0.89999997615814,"ease":"outBack","var":"vfx.canvPos.sx","angle":45,"start":1.1000000238419,"type":"ease","duration":0.75,"time":312},{"value":0.89999997615814,"ease":"outBack","var":"vfx.canvPos.sy","angle":67.5,"start":0.80000001192093,"type":"ease","duration":0.75,"time":312},{"value":0.89999997615814,"ease":"outBack","var":"vfx.canvPos.sx","angle":135,"start":0.80000001192093,"type":"ease","duration":0.75,"time":312.75},{"value":0.89999997615814,"ease":"outBack","var":"vfx.canvPos.sy","angle":157.5,"start":1.1000000238419,"type":"ease","duration":0.75,"time":312.75},{"value":0.89999997615814,"ease":"outBack","var":"vfx.canvPos.sx","angle":112.5,"start":1.1000000238419,"type":"ease","duration":0.75,"time":313.5},{"value":0.89999997615814,"ease":"outBack","var":"vfx.canvPos.sy","angle":135,"start":0.80000001192093,"type":"ease","duration":0.75,"time":313.5},{"value":0.89999997615814,"ease":"outBack","var":"vfx.canvPos.sx","angle":-247.5,"start":1.1000000238419,"type":"ease","duration":0.75,"time":314.5},{"value":0.89999997615814,"ease":"outBack","var":"vfx.canvPos.sy","angle":-270,"start":0.80000001192093,"type":"ease","duration":0.75,"time":314.5},{"value":0.89999997615814,"ease":"outBack","var":"vfx.canvPos.sx","angle":-315,"start":0.80000001192093,"type":"ease","duration":0.75,"time":315.25},{"value":0.89999997615814,"ease":"outBack","var":"vfx.canvPos.sy","angle":-337.5,"start":1.1000000238419,"type":"ease","duration":0.75,"time":315.25},{"value":0.89999997615814,"ease":"outBack","var":"vfx.canvPos.sx","angle":-225,"start":1.1000000238419,"type":"ease","duration":0.75,"time":316},{"value":0.89999997615814,"ease":"outBack","var":"vfx.canvPos.sy","angle":-247.5,"start":0.80000001192093,"type":"ease","duration":0.75,"time":316},{"value":0.89999997615814,"ease":"outBack","var":"vfx.canvPos.sx","angle":-315,"start":0.80000001192093,"type":"ease","duration":0.75,"time":316.75},{"value":0.89999997615814,"ease":"outBack","var":"vfx.canvPos.sy","angle":-337.5,"start":1.1000000238419,"type":"ease","duration":0.75,"time":316.75},{"value":0.89999997615814,"ease":"outBack","var":"vfx.canvPos.sx","angle":-292.5,"start":1.1000000238419,"type":"ease","duration":0.75,"time":317.5},{"value":0.89999997615814,"ease":"outBack","var":"vfx.canvPos.sy","angle":-315,"start":0.80000001192093,"type":"ease","duration":0.75,"time":317.5},{"type":"ease","value":1,"duration":1,"ease":"outExpo","var":"vfx.canvPos.sx","time":302,"angle":-315},{"type":"ease","value":1,"duration":1,"ease":"outExpo","var":"vfx.canvPos.sy","time":302,"angle":-337.5},{"type":"ease","value":0.89999997615814,"duration":1,"ease":"outExpo","var":"vfx.canvPos.sx","time":305.5,"angle":45},{"type":"ease","value":0.89999997615814,"duration":1,"ease":"outExpo","var":"vfx.canvPos.sy","time":305.5,"angle":22.5},{"value":-5,"repeats":6,"repeatDelay":4,"time":290,"angle":360,"duration":2,"type":"ease","var":"vfx.canvPos.r","ease":"inOutSine"},{"value":5,"repeats":6,"repeatDelay":4,"time":292,"angle":0,"duration":2,"type":"ease","var":"vfx.canvPos.r","ease":"inOutSine"},{"type":"ease","value":-360,"duration":4,"ease":"inExpo","var":"vfx.canvPos.r","time":318,"angle":337.5},{"type":"ease","value":2,"duration":4,"ease":"inExpo","var":"vfx.canvPos.sx","time":318,"angle":315},{"type":"ease","value":2,"duration":4,"ease":"inExpo","var":"vfx.canvPos.sy","time":318,"angle":292.5},{"ease":"inExpo","r":255,"time":318,"angle":22.5,"duration":4,"type":"setColor","b":255,"g":255,"color":1},{"ease":"inExpo","r":255,"time":318,"angle":45,"duration":4,"type":"setColor","b":255,"g":255,"color":2},{"ease":"inExpo","r":255,"time":318,"angle":67.5,"duration":4,"type":"setColor","b":255,"g":255,"color":3},{"color":1,"b":255,"type":"setColor","g":255,"r":255,"time":322,"angle":337.5},{"color":0,"b":0,"type":"setColor","g":0,"r":0,"time":322,"angle":315},{"color":2,"b":0,"type":"setColor","g":0,"r":0,"time":322,"angle":292.5},{"color":3,"b":0,"type":"setColor","g":0,"r":0,"time":322,"angle":270},{"id":"neo","type":"deco","time":322,"hide":true,"angle":360},{"type":"setBgColor","color":3,"time":322,"angle":247.5},{"angle":0,"time":330,"type":"showResults"},{"value":1.2999999523163,"type":"ease","var":"vfx.canvPos.sx","time":322,"angle":180},{"value":1.2999999523163,"type":"ease","var":"vfx.canvPos.sy","time":322,"angle":157.5},{"b":255,"color":0,"type":"setColor","g":191,"r":0,"time":254,"angle":67.5},{"b":255,"color":1,"type":"setColor","g":191,"r":0,"time":254,"angle":90},{"b":255,"angle":135,"type":"setColor","g":255,"r":255,"time":254,"color":2},{"b":0,"color":3,"type":"setColor","g":0,"r":0,"time":254,"angle":45},{"g":255,"r":255,"time":258,"b":255,"order":1,"type":"setColor","angle":315,"color":0},{"g":0,"r":0,"time":258,"angle":247.5,"order":1,"type":"setColor","duration":2,"b":0,"color":1},{"g":255,"r":255,"time":258,"b":255,"order":0,"type":"setColor","angle":225,"color":3},{"g":189,"r":115,"time":258,"angle":202.5,"order":1,"type":"setColor","duration":2,"b":218,"color":3},{"color":1,"b":255,"type":"setColor","g":255,"r":255,"time":258,"angle":270},{"sprite":"pipis.png","ox":22,"oy":7,"time":254,"angle":112.5,"y":210,"id":"pipis","type":"deco","drawLayer":"fg"},{"id":"pipis","type":"deco","time":258,"hide":true,"angle":45},{"sprite":"huh!idle@24","ox":20,"oy":180,"time":34,"x":150,"id":"huh1","type":"deco","drawLayer":"bg","angle":22.5},{"sprite":"huh!backwards@24","ox":20,"oy":180,"drawLayer":"bg","x":450,"id":"huh2","type":"deco","time":34,"angle":33.75},{"sprite":"BIG.png","ox":36,"oy":19,"time":34,"angle":56.25,"y":90,"id":"BIG","sy":2,"sx":2,"type":"deco"},{"sprite":"SHOT.png","ox":60,"oy":19,"time":34,"angle":67.5,"y":270,"sx":2,"type":"deco","id":"SHOT","sy":2},{"y":-100,"id":"BIG","type":"deco","ease":"inBack","duration":3,"time":39,"angle":56.25},{"y":460,"id":"SHOT","type":"deco","ease":"inBack","duration":3,"time":39,"angle":67.5},{"id":"huh1","type":"deco","time":98,"hide":true,"angle":360},{"id":"huh2","type":"deco","time":98,"hide":true,"angle":11.25},{"id":"huh1","type":"deco","hide":false,"time":194,"angle":258.75},{"id":"huh2","type":"deco","time":194,"hide":false,"angle":247.5},{"id":"huh1","type":"deco","hide":true,"time":254,"angle":292.5},{"id":"huh2","type":"deco","time":254,"hide":true,"angle":281.25},{"id":"huh1","type":"deco","time":258,"hide":false,"angle":78.75},{"id":"huh2","type":"deco","time":258,"hide":false,"angle":90},{"id":"huh1","type":"deco","hide":true,"time":290,"angle":123.75},{"id":"huh2","type":"deco","hide":true,"time":290,"angle":112.5},{"time":46.5,"sprite":"phone@12","ox":21,"r":-15,"drawLayer":"fg","angle":180,"y":500,"x":500,"sx":2,"sy":2,"id":"phone","type":"deco","oy":23},{"y":180,"id":"phone","type":"deco","ease":"outSine","duration":2,"time":47,"angle":180},{"y":500,"id":"phone","duration":2,"ease":"inSine","type":"deco","time":49,"angle":180},{"type":"deco","id":"phone","duration":4,"ease":"linear","r":15,"time":47,"angle":157.5},{"id":"phone","type":"deco","angle":180,"r":15,"time":62.5,"x":100},{"y":180,"id":"phone","duration":2,"ease":"outSine","type":"deco","time":63,"angle":180},{"y":500,"id":"phone","type":"deco","ease":"inSine","duration":2,"time":65,"angle":180},{"duration":4,"id":"phone","type":"deco","ease":"linear","r":-15,"time":63,"angle":157.5},{"id":"phone","type":"deco","x":500,"r":-15,"time":206.5,"angle":180},{"y":180,"id":"phone","duration":2,"ease":"outSine","type":"deco","time":207,"angle":180},{"y":500,"id":"phone","type":"deco","ease":"inSine","duration":2,"time":209,"angle":180},{"type":"deco","id":"phone","duration":4,"ease":"linear","r":15,"time":207,"angle":157.5},{"id":"phone","type":"deco","angle":225,"r":15,"time":222.5,"x":100},{"y":180,"id":"phone","duration":2,"ease":"outSine","type":"deco","time":223,"angle":225},{"y":500,"id":"phone","type":"deco","ease":"inSine","duration":2,"time":225,"angle":225},{"type":"deco","id":"phone","duration":4,"ease":"linear","r":-15,"time":223,"angle":202.5},{"g":235,"r":255,"time":50,"angle":292.5,"order":1,"type":"setColor","duration":1,"b":121,"color":3},{"g":255,"r":255,"time":50,"b":255,"order":0,"type":"setColor","angle":315,"color":3},{"g":235,"r":255,"time":82,"angle":292.5,"order":1,"type":"setColor","duration":1,"b":121,"color":3},{"g":255,"r":255,"time":82,"angle":315,"order":0,"type":"setColor","b":255,"color":3},{"g":135,"r":255,"time":210,"angle":225,"order":1,"type":"setColor","duration":1,"b":135,"color":3},{"g":255,"r":255,"time":210,"angle":247.5,"order":0,"type":"setColor","b":255,"color":3},{"g":135,"r":255,"time":226,"angle":225,"order":1,"type":"setColor","duration":1,"b":135,"color":3},{"g":255,"r":255,"time":226,"b":255,"order":0,"type":"setColor","angle":247.5,"color":3},{"g":135,"r":255,"time":242,"angle":225,"order":1,"type":"setColor","duration":1,"b":135,"color":3},{"g":255,"r":255,"time":242,"b":255,"order":0,"type":"setColor","angle":247.5,"color":3},{"g":189,"r":115,"time":274,"angle":225,"order":1,"type":"setColor","duration":1,"b":218,"color":3},{"g":255,"r":255,"time":274,"b":255,"order":0,"type":"setColor","angle":247.5,"color":3},{"g":136,"r":84,"time":287,"b":157,"duration":3,"ease":"outBack","angle":135,"type":"setColor","color":3}],"metadata":{"difficulty":11,"charter":"Flecha Da Foxy","artist":"Toby Fox","bgData":{"image":"bg.png","blueChannel":{"g":242,"r":255,"b":0},"redChannel":{"g":174,"r":255,"b":201}},"artistLink":"","bg":true,"songName":"BIG SHOT","description":"Wow! It's a [custom level]!\n\nMechanincs used:\n[ALL OF THEM FOR ONLY 9,99$!!]\n\nThis [level] contains some\n[AnnoyingFlashingLightsWarning]\nDon't play or you'll [DIE]"},"properties":{"loadBeat":-1,"offset":10,"startBeat":0,"formatversion":12,"speed":70}}