{
  "width": 131,
  "height": 153,
  "fps": 24,
  "frames": 17,
  "states": [
    {
      "name": "start",
      "frames": [	0
      ],
      "fps": 24,
      "loop": false
    },
    {
      "name": "shine",
      "frames": [	1,2,3,4,5,6,7,8
      ],
      "fps": 24,
      "loop": false
    },
    {
      "name": "idle",
      "frames": [	9,10,11,12
      ],
      "fps": 24,
      "loop": true
    },
    {
      "name": "Lstart",
      "frames": [	13,14,15,16
      ],
      "fps": 24,
      "loop": false
    },
    {
      "name": "laugh",
      "frames": [	14,15,16
      ],
      "fps": 24,
      "loop": false
    },
  ]
}