{
  "width": 50,
  "height": 50,
  "fps": 12,
  "frames": 11,
  "states": [
    {
      "name": "sans",
      "frames": [	        0
      ],
      "fps": 12,
      "loop": false
    },
    {
      "name": "franky",
      "frames": [	        1
      ],
      "fps": 12,
      "loop": false
    },
    {
      "name": "gay",
      "frames": [	        2
      ],
      "fps": 12,
      "loop": false
    },
    {
      "name": "stressed",
      "frames": [	        3
      ],
      "fps": 12,
      "loop": false
    },
    {
      "name": "code",
      "frames": [	        4 
      ],
      "fps": 12,
      "loop": false
    },
    {
      "name": "ily",
      "frames": [	        5
      ],
      "fps": 12,
      "loop": false
    },
    {
      "name": "lawrence",
      "frames": [	        6
      ],
      "fps": 12,
      "loop": false
    },
    {
      "name": "soul",
      "frames": [	        7
      ],
      "fps": 12,
      "loop": false
    },
    {
      "name": "her",
      "frames": [	        8
      ],
      "fps": 12,
      "loop": false
    },
    {
      "name": "silly",
      "frames": [	        9
      ],
      "fps": 12,
      "loop": false
    },
    {
      "name": "wtf",
      "frames": [	        10
      ],
      "fps": 12,
      "loop": false
    },
  ]
}