{
  "width": 128,
  "height": 166,
  "fps": 12,
  "frames": 49,
  "states": [
    {
      "name": "idle",
      "frames": [	48
      ],
      "fps": 12,
      "loop": false
    },
    {
      "name": "now",
      "frames": [	0,1,2,3,4,5
      ],
      "fps": 12,
      "loop": false
    },
    {
      "name": "your",
      "frames": [	6,7,8,9,10,11
      ],
      "fps": 12,
      "loop": false
    },
    {
      "name": "chance",
      "frames": [	12,13,14,15,16,17
      ],
      "fps": 12,
      "loop": false
    },
    {
      "name": "to",
      "frames": [	18,19,20,21,22,23
      ],
      "fps": 12,
      "loop": false
    },
    {
      "name": "be",
      "frames": [	24,25,26,27,28,29
      ],
      "fps": 12,
      "loop": false
    },
    {
      "name": "a",
      "frames": [	30,31,32,33,34,35
      ],
      "fps": 12,
      "loop": false
    },
    {
      "name": "big",
      "frames": [	36,37,38,39,40,41 
      ],
      "fps": 12,
      "loop": false
    },
    {
      "name": "shot",
      "frames": [	42,43,44,45,46,47
      ],
      "fps": 12,
      "loop": false
    },
  ]
}