[{"duration":1.5,"angle2":360,"type":"hold","endTap":true,"time":30.5,"angle":0},{"tap":true,"type":"block","time":36,"angle":45},{"tap":true,"type":"block","time":38,"angle":202.5},{"duration":1.5,"angle2":540,"type":"mineHold","time":30.5,"angle":180},{"tap":true,"type":"block","time":40,"angle":315},{"duration":1,"angle2":427.5,"type":"hold","time":41,"angle":360},{"duration":1,"angle2":0,"type":"hold","time":42,"angle":67.5},{"duration":1,"angle2":-45,"type":"hold","time":43,"angle":0},{"duration":1,"angle2":360,"type":"hold","time":44,"angle":315},{"duration":1,"angle2":45,"type":"hold","time":45,"angle":0},{"duration":1,"angle2":0,"type":"hold","time":46,"angle":45},{"time":48,"type":"extraTap","angle":0},{"time":52,"type":"extraTap","angle":360},{"time":56,"type":"extraTap","angle":360},{"type":"block","speedMult":2,"time":64,"angle":360},{"tap":true,"type":"block","speedMult":1,"time":68,"angle":360},{"type":"block","speedMult":5,"time":70,"angle":90},{"type":"block","speedMult":5,"time":73,"angle":157.5},{"type":"block","speedMult":5,"time":74,"angle":180},{"time":75,"type":"side","angle":247.5},{"time":76,"type":"side","angle":67.5},{"time":77,"type":"side","angle":337.5},{"time":78,"type":"side","angle":202.5},{"time":79,"type":"side","angle":90},{"duration":1,"angle2":0,"type":"hold","time":80,"angle":0},{"duration":1,"angle2":-45,"type":"hold","time":81,"angle":0},{"duration":1,"angle2":337.5,"type":"hold","time":81.5,"angle":315},{"duration":1,"angle2":315,"type":"hold","time":82,"angle":337.5},{"duration":1,"angle2":337.5,"type":"hold","time":82.5,"angle":303.75},{"tap":true,"type":"block","speedMult":0.5,"time":85,"angle":180},{"time":72,"type":"extraTap","angle":180},{"duration":6,"angle2":270,"type":"mineHold","time":88,"angle":270},{"duration":6,"angle2":292.5,"type":"mineHold","time":88,"angle":292.5},{"duration":6,"angle2":337.5,"type":"mineHold","time":88,"angle":337.5},{"duration":6,"angle2":360,"type":"mineHold","time":88,"angle":360},{"duration":6,"angle2":22.5,"type":"mineHold","time":88,"angle":22.5},{"duration":6,"angle2":67.5,"type":"mineHold","time":88,"angle":67.5},{"time":86,"type":"block","angle":225},{"time":87,"type":"block","angle":157.5},{"time":88,"type":"extraTap","angle":180},{"type":"side","speedMult":1.2999999523163,"time":89,"angle":202.5},{"type":"side","speedMult":1.2999999523163,"time":90,"angle":157.5},{"time":91,"type":"side","angle":202.5},{"time":92,"type":"side","angle":157.5},{"time":93,"type":"side","angle":202.5},{"time":95,"type":"side","angle":202.5},{"time":94,"type":"side","angle":157.5},{"time":96,"type":"extraTap","angle":180},{"duration":6,"angle2":517.5,"type":"mineHold","time":96,"angle":337.5},{"duration":6,"angle2":180,"type":"mineHold","time":96,"angle":0},{"duration":6,"angle2":202.5,"type":"mineHold","time":96,"angle":22.5},{"duration":6,"angle2":247.5,"type":"mineHold","time":96,"angle":67.5},{"duration":6,"angle2":270,"type":"mineHold","time":96,"angle":90},{"duration":6,"angle2":472.5,"type":"mineHold","time":96,"angle":292.5},{"duration":6,"angle2":450,"type":"mineHold","time":96,"angle":270},{"duration":6,"angle2":90,"type":"mineHold","time":88,"angle":90},{"duration":6,"angle2":427.5,"type":"mineHold","time":96,"angle":247.5},{"duration":6,"angle2":292.5,"type":"mineHold","time":96,"angle":112.5},{"time":103,"type":"block","angle":337.5},{"time":104,"type":"block","angle":22.5},{"time":102,"type":"extraTap","angle":360},{"type":"block","speedMult":5,"time":106,"angle":225},{"type":"block","speedMult":3,"time":109,"angle":270},{"type":"block","speedMult":3,"time":110,"angle":360},{"type":"block","speedMult":3,"time":111,"angle":90},{"type":"inverse","speedMult":1.5,"time":109.5,"angle":315},{"type":"inverse","speedMult":1.5,"time":110.5,"angle":45},{"type":"block","speedMult":5,"time":114,"angle":270},{"time":114,"type":"extraTap","angle":180},{"type":"inverse","speedMult":2,"time":35,"angle":0},{"time":42.5,"type":"inverse","angle":22.5},{"type":"inverse","speedMult":2,"time":35.333332061768,"angle":22.5},{"type":"inverse","speedMult":2,"time":35.666667938232,"angle":45},{"time":45.5,"type":"inverse","angle":22.5},{"time":37,"type":"side","angle":135},{"time":117,"type":"side","angle":360},{"time":118,"type":"side","angle":225},{"type":"side","speedMult":1.5,"time":119,"angle":112.5},{"time":117.5,"type":"inverse","angle":67.5},{"duration":2,"angle2":67.5,"type":"hold","time":120,"angle":180},{"time":124,"type":"extraTap","angle":180},{"duration":2,"angle2":0,"type":"hold","time":122,"angle":-292.5},{"time":121,"type":"extraTap","angle":180},{"time":122,"type":"extraTap","angle":180},{"type":"block","speedMult":0.30000001192093,"time":129,"angle":360},{"type":"block","speedMult":5,"time":128,"angle":180},{"time":130,"type":"block","angle":270},{"time":131,"type":"block","angle":90},{"time":132,"type":"block","angle":225},{"time":133,"type":"block","angle":45},{"time":134,"type":"block","angle":135},{"time":135,"type":"block","angle":315},{"tap":true,"type":"block","speedMult":0.30000001192093,"time":136,"angle":180},{"type":"side","speedMult":1.1799999475479,"time":140,"angle":337.5},{"type":"side","speedMult":1.1799999475479,"time":140,"angle":0},{"type":"side","speedMult":1.1799999475479,"time":140,"angle":22.5},{"time":140,"type":"extraTap","angle":180},{"time":127,"type":"extraTap","angle":67.5},{"duration":2,"angle2":427.5,"type":"hold","time":144,"angle":337.5},{"duration":2,"angle2":112.5,"type":"hold","time":144,"angle":22.5},{"time":144,"type":"mine","angle":315},{"time":144,"type":"mine","angle":270},{"time":144,"type":"mine","angle":225},{"time":144,"type":"mine","angle":180},{"time":144,"type":"mine","angle":135},{"time":144,"type":"mine","angle":90},{"time":144,"type":"mine","angle":45},{"time":146,"type":"mine","angle":0},{"time":146,"type":"mine","angle":225},{"time":146,"type":"mine","angle":270},{"time":146,"type":"mine","angle":315},{"time":146,"type":"mine","angle":180},{"time":146,"type":"mine","angle":135},{"time":146,"type":"mine","angle":45},{"time":148,"type":"inverse","angle":270},{"time":150,"type":"inverse","angle":45},{"tap":true,"type":"inverse","time":152,"angle":180},{"time":149,"type":"side","angle":112.5},{"time":154,"type":"extraTap","angle":180},{"time":155,"type":"extraTap","angle":180},{"time":156,"type":"extraTap","angle":180},{"type":"mine","speedMult":2,"time":178,"angle":247.5},{"type":"mine","speedMult":2,"time":178,"angle":270},{"type":"mine","speedMult":2,"time":178,"angle":292.5},{"type":"mine","speedMult":2,"time":178,"angle":67.5},{"type":"mine","speedMult":2,"time":178,"angle":90},{"type":"mine","speedMult":2,"time":178,"angle":112.5},{"type":"mine","speedMult":0.5,"time":179,"angle":135},{"type":"mine","speedMult":0.5,"time":179,"angle":157.5},{"type":"mine","speedMult":0.5,"time":179,"angle":180},{"type":"mine","speedMult":0.5,"time":179,"angle":202.5},{"type":"mine","speedMult":0.5,"time":179,"angle":225},{"type":"mine","speedMult":0.5,"time":179,"angle":315},{"type":"mine","speedMult":0.5,"time":179,"angle":337.5},{"type":"mine","speedMult":0.5,"time":179,"angle":0},{"type":"mine","speedMult":0.5,"time":179,"angle":22.5},{"type":"mine","speedMult":0.5,"time":179,"angle":45},{"duration":4,"angle2":112,"type":"mineHold","time":180,"angle":292.5},{"duration":4,"angle2":135,"type":"mineHold","time":180,"angle":315},{"duration":4,"angle2":157.5,"type":"mineHold","time":180,"angle":337.5},{"duration":4,"angle2":180,"type":"mineHold","time":180,"angle":360},{"duration":4,"angle2":-157.5,"type":"mineHold","time":180,"angle":22.5},{"duration":4,"angle2":-135,"type":"mineHold","time":180,"angle":45},{"duration":4,"angle2":-112.5,"type":"mineHold","time":180,"angle":67.5},{"duration":4,"angle2":-90,"type":"mineHold","time":180,"angle":90},{"duration":4,"angle2":-67.5,"type":"mineHold","time":180,"angle":112.5},{"duration":4,"angle2":-45,"type":"mineHold","time":180,"angle":135},{"duration":4,"angle2":-22.5,"type":"mineHold","time":180,"angle":157.5},{"duration":4,"angle2":0,"type":"mineHold","time":180,"angle":180},{"duration":4,"angle2":22,"type":"mineHold","time":180,"angle":202.5},{"duration":4,"angle2":45,"type":"mineHold","time":180,"angle":225},{"duration":4,"angle2":67,"type":"mineHold","time":180,"angle":247.5},{"time":180.5,"type":"block","angle":247.5},{"tap":true,"type":"block","time":181.5,"angle":202.5},{"time":182,"type":"block","angle":180},{"time":181,"type":"block","angle":225},{"time":181.25,"type":"block","angle":213.75},{"time":180.75,"type":"block","angle":236.25},{"time":181.75,"type":"block","angle":191.25},{"time":182.25,"type":"block","angle":168.75},{"tap":true,"type":"block","time":182.5,"angle":157.5},{"time":182.75,"type":"block","angle":146.25},{"time":183,"type":"block","angle":135},{"time":183.25,"type":"block","angle":123.75},{"time":183.5,"type":"block","angle":112.5},{"time":183.75,"type":"block","angle":101.25},{"tap":true,"type":"block","time":184,"angle":90},{"time":180.25,"type":"block","angle":258.75},{"tap":true,"type":"block","time":180,"angle":270},{"time":176,"type":"extraTap","angle":360},{"time":177.5,"type":"extraTap","angle":0},{"time":179,"type":"extraTap","angle":0},{"time":185.5,"type":"extraTap","angle":0},{"time":187,"type":"extraTap","angle":360},{"time":188,"type":"extraTap","angle":0},{"time":185.5,"type":"mine","angle":270},{"time":185.5,"type":"mine","angle":90},{"time":185.5,"type":"mine","angle":45},{"time":185.5,"type":"mine","angle":225},{"time":185.5,"type":"mine","angle":315},{"time":185.5,"type":"mine","angle":0},{"time":185.5,"type":"mine","angle":135},{"time":187,"type":"mine","angle":202.5},{"time":187,"type":"mine","angle":292.5},{"time":187,"type":"mine","angle":337.5},{"time":187,"type":"mine","angle":22.5},{"time":187,"type":"mine","angle":67.5},{"time":187,"type":"mine","angle":112.5},{"time":187,"type":"mine","angle":157.5},{"time":188,"type":"mine","angle":78.75},{"time":188,"type":"mine","angle":348.75},{"time":188,"type":"mine","angle":123.75},{"time":188,"type":"mine","angle":168.75},{"time":188,"type":"mine","angle":213.75},{"time":188,"type":"mine","angle":258.75},{"time":188,"type":"mine","angle":303.75},{"time":185.5,"type":"block","angle":180},{"time":187,"type":"block","angle":247.5},{"time":188,"type":"block","angle":33.75},{"time":190,"type":"inverse","angle":11.25},{"time":190.5,"type":"inverse","angle":360},{"time":191,"type":"inverse","angle":348.75},{"time":191.5,"type":"inverse","angle":337.5},{"time":193.5,"type":"mine","angle":210},{"time":193.5,"type":"mine","angle":165},{"time":193.5,"type":"mine","angle":75},{"time":193.5,"type":"mine","angle":30},{"time":192,"type":"extraTap","angle":15},{"time":193.5,"type":"extraTap","angle":15},{"time":193.5,"type":"mine","angle":120},{"time":192,"type":"mine","angle":30},{"time":192,"type":"mine","angle":60},{"time":192,"type":"mine","angle":90},{"time":192,"type":"mine","angle":120},{"time":192,"type":"mine","angle":150},{"time":192,"type":"mine","angle":180},{"time":192,"type":"mine","angle":210},{"time":192,"type":"mine","angle":240},{"time":192,"type":"mine","angle":270},{"time":192,"type":"mine","angle":300},{"time":195,"type":"extraTap","angle":15},{"time":196,"type":"extraTap","angle":15},{"time":195,"type":"mine","angle":202.5},{"time":195,"type":"mine","angle":292.5},{"time":195,"type":"mine","angle":168.75},{"time":195,"type":"mine","angle":101.25},{"time":195,"type":"mine","angle":67.5},{"time":195,"type":"mine","angle":33.75},{"time":195,"type":"mine","angle":0},{"time":195,"type":"mine","angle":326.25},{"time":195,"type":"mine","angle":135},{"time":195,"type":"mine","angle":258.75},{"time":196,"type":"mine","angle":67.5},{"time":196,"type":"mine","angle":90},{"time":196,"type":"mine","angle":45},{"time":196,"type":"mine","angle":22.5},{"time":196,"type":"mine","angle":360},{"time":196,"type":"mine","angle":337.5},{"time":196,"type":"mine","angle":315},{"time":196,"type":"mine","angle":292.5},{"time":196,"type":"mine","angle":270},{"time":196,"type":"mine","angle":247.5},{"time":196,"type":"mine","angle":225},{"time":196,"type":"mine","angle":202.5},{"time":196,"type":"mine","angle":180},{"time":196,"type":"mine","angle":157.5},{"time":196,"type":"mine","angle":135},{"type":"side","speedMult":0.5,"time":197.5,"angle":360},{"time":198.5,"type":"block","angle":270},{"time":200,"type":"block","angle":90},{"type":"block","speedMult":5,"time":208,"angle":315},{"type":"block","speedMult":5,"time":210,"angle":90},{"type":"block","speedMult":5,"time":212,"angle":202.5},{"type":"block","speedMult":5,"time":214,"angle":67.5},{"time":220,"type":"side","angle":270},{"time":221,"type":"side","angle":90},{"time":222,"type":"side","angle":270},{"time":223,"type":"side","angle":90},{"time":220.5,"type":"side","angle":180},{"time":221.5,"type":"side","angle":360},{"time":222.5,"type":"side","angle":180},{"tap":true,"type":"block","speedMult":2,"time":224,"angle":337.5},{"type":"block","speedMult":2,"time":224,"angle":315},{"tap":true,"type":"block","speedMult":2,"time":224,"angle":292.5},{"type":"block","speedMult":2,"time":225.5,"angle":360},{"tap":true,"type":"block","speedMult":2,"time":225.5,"angle":337.5},{"tap":true,"type":"block","speedMult":2,"time":225.5,"angle":22.5},{"type":"block","speedMult":2,"time":227,"angle":112.5},{"tap":true,"type":"block","speedMult":2,"time":227,"angle":90},{"tap":true,"type":"block","speedMult":2,"time":227,"angle":135},{"tap":true,"type":"block","speedMult":2,"time":228,"angle":270},{"type":"block","speedMult":2,"time":228,"angle":247.5},{"tap":true,"type":"block","speedMult":2,"time":228,"angle":225},{"tap":true,"type":"side","speedMult":1.5,"time":229.5,"angle":225},{"type":"side","speedMult":1.5,"time":230.5,"angle":45},{"time":232,"type":"extraTap","angle":180},{"time":236,"type":"inverse","angle":360},{"time":236.5,"type":"inverse","angle":22.5},{"time":237,"type":"inverse","angle":45},{"time":237.5,"type":"inverse","angle":67.5},{"time":238,"type":"inverse","angle":90},{"time":238.5,"type":"inverse","angle":112.5},{"time":239,"type":"inverse","angle":135},{"time":239.5,"type":"inverse","angle":157.5},{"time":235.5,"type":"inverse","angle":337.5},{"time":235,"type":"inverse","angle":315},{"time":234.5,"type":"inverse","angle":292.5},{"time":234,"type":"inverse","angle":270},{"duration":1,"angle2":270,"type":"hold","time":240,"angle":180},{"duration":1,"angle2":135,"type":"hold","time":241,"angle":270},{"duration":1,"angle2":315,"type":"hold","endTap":true,"time":242,"angle":135},{"duration":1,"angle2":450,"type":"hold","time":243,"angle":675},{"duration":1,"angle2":157.5,"type":"hold","startTap":true,"time":244,"angle":90},{"duration":1,"angle2":90,"type":"hold","endTap":true,"time":245,"angle":157.5},{"duration":1,"angle2":180,"type":"hold","endTap":true,"time":246,"angle":90},{"duration":1,"angle2":315,"type":"hold","endTap":true,"time":247,"angle":180},{"duration":0.5,"angle2":270,"type":"hold","time":248,"angle":315},{"duration":0.5,"angle2":315,"type":"hold","time":248.5,"angle":270},{"duration":0.5,"angle2":292.5,"type":"hold","startTap":true,"time":249,"angle":315},{"duration":0.5,"angle2":360,"type":"hold","time":249.5,"angle":292.5},{"duration":0.5,"angle2":337.5,"type":"hold","startTap":true,"time":250,"angle":360},{"duration":0.5,"angle2":427.5,"type":"hold","time":250.5,"angle":337.5},{"duration":0.5,"angle2":22.5,"type":"hold","startTap":true,"time":251,"angle":67.5},{"duration":0.5,"angle2":90,"type":"hold","time":251.5,"angle":22.5},{"duration":0.5,"angle2":67.5,"type":"hold","startTap":true,"time":252,"angle":90},{"duration":0.5,"angle2":157.5,"type":"hold","time":252.5,"angle":67.5},{"type":"block","speedMult":2,"time":254,"angle":180},{"type":"block","speedMult":2,"time":254.5,"angle":202.5},{"type":"block","speedMult":2,"time":255,"angle":225},{"tap":true,"type":"block","speedMult":2,"time":255.5,"angle":247.5},{"type":"extraTap","speedMult":2,"time":256.5,"angle":180},{"type":"block","speedMult":2,"time":259,"angle":45},{"tap":true,"type":"block","speedMult":2,"time":260.5,"angle":45},{"type":"block","speedMult":2,"time":259.5,"angle":315},{"time":263,"type":"extraTap","angle":202.5},{"type":"side","speedMult":2,"time":263.5,"angle":270},{"time":265,"type":"extraTap","angle":360},{"time":267,"type":"extraTap","angle":0},{"time":269,"type":"extraTap","angle":360},{"time":271,"type":"extraTap","angle":360},{"time":274,"type":"block","angle":315},{"type":"inverse","speedMult":2,"time":274.5,"angle":315},{"time":275,"type":"block","angle":45},{"type":"inverse","speedMult":2,"time":275.5,"angle":45},{"time":278,"type":"block","angle":180},{"type":"inverse","speedMult":2,"time":278.5,"angle":225},{"type":"side","speedMult":2,"time":279.5,"angle":0},{"time":281,"type":"extraTap","angle":360},{"time":279,"type":"block","angle":270},{"type":"block","speedMult":2,"time":286,"angle":315},{"type":"block","speedMult":2,"time":286.5,"angle":45},{"type":"block","speedMult":2,"time":287.5,"angle":225},{"type":"block","speedMult":2,"time":287,"angle":135},{"time":290.5,"type":"mine","angle":315},{"time":290.5,"type":"mine","angle":360},{"time":290.5,"type":"mine","angle":45},{"time":290.5,"type":"mine","angle":90},{"time":290.5,"type":"mine","angle":135},{"time":290.5,"type":"mine","angle":180},{"time":290.5,"type":"mine","angle":225},{"type":"block","speedMult":2,"time":290,"angle":270},{"time":290.5,"type":"extraTap","angle":270},{"time":291.5,"type":"side","angle":90},{"type":"block","speedMult":1.5,"time":293.5,"angle":180},{"type":"block","speedMult":1.5,"time":294,"angle":135},{"type":"block","speedMult":1.5,"time":294.5,"angle":90},{"type":"block","speedMult":1.5,"time":295,"angle":45},{"duration":8.5,"angle2":0,"type":"hold","speedMult":2.5,"time":295.5,"angle":0},{"time":302,"type":"extraTap","angle":22.5},{"time":302.5,"type":"extraTap","angle":22.5},{"time":303,"type":"extraTap","angle":22.5},{"time":303.5,"type":"extraTap","angle":22.5},{"duration":2,"angle2":427.5,"type":"hold","speedMult":2.5,"time":304,"angle":360},{"duration":2,"angle2":-67.5,"type":"hold","speedMult":2.5,"time":306,"angle":67.5},{"duration":2,"angle2":90,"type":"hold","speedMult":2.5,"time":308,"angle":292.5},{"duration":2,"angle2":315,"type":"hold","speedMult":2.5,"time":310,"angle":90},{"duration":2,"angle2":495,"type":"hold","speedMult":2.5,"time":312,"angle":315},{"duration":2,"angle2":22.5,"type":"hold","speedMult":2.5,"time":314,"angle":135},{"duration":2,"angle2":-202.5,"type":"hold","speedMult":2.5,"time":316,"angle":22.5},{"duration":2,"angle2":247.5,"type":"hold","speedMult":2.5,"time":318,"angle":157.5},{"duration":5,"angle2":180,"type":"hold","speedMult":2.5,"time":320,"angle":247.5},{"duration":1,"angle2":270,"type":"hold","speedMult":2.5,"time":325,"angle":180},{"duration":1,"angle2":157.5,"type":"hold","speedMult":2.5,"time":326,"angle":270},{"duration":1,"angle2":45,"type":"hold","speedMult":2.5,"time":327,"angle":157.5},{"duration":3,"angle2":-22.5,"type":"hold","speedMult":2.5,"time":328,"angle":45},{"duration":1,"angle2":427.5,"type":"hold","speedMult":2.5,"time":331,"angle":337.5},{"duration":2,"angle2":-45,"type":"hold","speedMult":2.5,"time":332,"angle":67.5},{"duration":2,"angle2":180,"type":"hold","speedMult":2.5,"time":334,"angle":315},{"duration":2,"angle2":135,"type":"hold","speedMult":2.5,"time":336,"angle":180},{"duration":2,"angle2":247.5,"type":"hold","speedMult":2.5,"time":338,"angle":135},{"duration":2,"angle2":405,"type":"hold","speedMult":2.5,"time":340,"angle":247.5},{"duration":2,"angle2":-67.5,"type":"hold","speedMult":2.5,"time":342,"angle":45},{"duration":2,"angle2":405,"type":"hold","speedMult":2.5,"time":344,"angle":292.5},{"duration":2,"angle2":45,"type":"hold","speedMult":2.5,"time":346,"angle":45},{"duration":2,"angle2":247.5,"type":"hold","speedMult":2.5,"time":348,"angle":45},{"duration":2,"angle2":315,"type":"hold","speedMult":2.5,"time":350,"angle":247.5},{"duration":2,"angle2":270,"type":"hold","speedMult":2.5,"time":352,"angle":315},{"duration":2,"angle2":405,"type":"hold","speedMult":2.5,"time":354,"angle":270},{"duration":2,"angle2":-112.5,"type":"hold","speedMult":2.5,"time":356,"angle":45},{"duration":2,"angle2":472.5,"type":"hold","speedMult":2.5,"time":358,"angle":247.5},{"duration":2,"angle2":360,"type":"hold","speedMult":2.5,"time":360,"angle":112.5},{"time":364,"type":"extraTap","angle":360},{"duration":3,"angle2":45,"type":"hold","speedMult":3,"time":368,"angle":45},{"duration":3,"angle2":315,"type":"hold","speedMult":3,"time":368,"angle":315},{"duration":0.5,"angle2":292.5,"type":"hold","speedMult":3,"time":371,"angle":315},{"duration":0.5,"angle2":22.5,"type":"hold","speedMult":3,"time":371,"angle":45},{"duration":0.5,"angle2":67.5,"type":"hold","speedMult":3,"time":371.5,"angle":22.5},{"duration":0.5,"angle2":337.5,"type":"hold","speedMult":3,"time":371.5,"angle":292.5},{"duration":2,"angle2":495,"type":"hold","speedMult":3,"time":372,"angle":337.5},{"duration":2,"angle2":225,"type":"hold","speedMult":3,"time":372,"angle":67.5},{"duration":1,"angle2":202.5,"type":"hold","speedMult":3,"time":374,"angle":225},{"duration":1,"angle2":112.5,"type":"hold","speedMult":3,"time":374,"angle":135},{"duration":1,"angle2":202.5,"type":"hold","speedMult":3,"time":375,"angle":112.5},{"duration":1,"angle2":270,"type":"hold","speedMult":3,"time":375,"angle":202.5},{"duration":1.5,"angle2":315,"type":"hold","speedMult":3,"time":376,"angle":202.5},{"duration":1.5,"angle2":405,"type":"hold","speedMult":3,"time":376,"angle":270},{"duration":1.5,"angle2":292.5,"type":"hold","speedMult":3,"time":377.5,"angle":315},{"duration":1.5,"angle2":22.5,"type":"hold","speedMult":3,"time":377.5,"angle":45},{"duration":1,"angle2":22.5,"type":"hold","speedMult":3,"time":379,"angle":22.5},{"duration":2,"angle2":202.5,"type":"hold","speedMult":3,"time":380,"angle":22.5},{"duration":1,"angle2":292.5,"type":"hold","speedMult":3,"time":379,"angle":292.5},{"duration":2,"angle2":472.5,"type":"hold","speedMult":3,"time":380,"angle":292.5},{"duration":1,"angle2":157.5,"type":"hold","speedMult":3,"time":382,"angle":202.5},{"duration":1,"angle2":67.5,"type":"hold","speedMult":3,"time":382,"angle":112.5},{"duration":1,"angle2":135,"type":"hold","speedMult":3,"time":383,"angle":67.5},{"duration":1,"angle2":225,"type":"hold","speedMult":3,"time":383,"angle":157.5},{"duration":3,"angle2":360,"type":"hold","speedMult":3,"time":384,"angle":225},{"duration":3,"angle2":292.5,"type":"hold","speedMult":3,"time":384,"angle":135},{"duration":0.5,"angle2":-67.5,"type":"hold","speedMult":3,"time":387,"angle":0},{"duration":0.5,"angle2":225,"type":"hold","speedMult":3,"time":387,"angle":292.5},{"duration":0.5,"angle2":292.5,"type":"hold","speedMult":3,"time":387.5,"angle":292.5},{"duration":0.5,"angle2":225,"type":"hold","speedMult":3,"time":387.5,"angle":225},{"duration":3,"angle2":450,"type":"hold","speedMult":3,"time":388,"angle":292.5},{"duration":3,"angle2":360,"type":"hold","speedMult":3,"time":388,"angle":225},{"duration":1,"angle2":-67.5,"type":"hold","speedMult":3,"time":391,"angle":0},{"duration":1,"angle2":22.5,"type":"hold","speedMult":3,"time":391,"angle":90},{"duration":3,"angle2":45,"type":"hold","speedMult":3,"time":392,"angle":22.5},{"duration":3,"angle2":315,"type":"hold","speedMult":3,"time":392,"angle":292.5},{"duration":0.5,"angle2":90,"type":"hold","speedMult":3,"time":395,"angle":45},{"duration":0.5,"angle2":360,"type":"hold","speedMult":3,"time":395,"angle":315},{"duration":0.5,"angle2":337.5,"type":"hold","speedMult":3,"time":395.5,"angle":360},{"duration":2,"angle2":405,"type":"hold","speedMult":3,"time":396,"angle":337.5},{"duration":0.5,"angle2":67.5,"type":"hold","speedMult":3,"time":395.5,"angle":90},{"duration":2,"angle2":135,"type":"hold","speedMult":3,"time":396,"angle":67.5},{"duration":2,"angle2":0,"type":"hold","speedMult":3,"time":398,"angle":45},{"duration":2,"angle2":0,"type":"hold","speedMult":3,"time":398,"angle":135},{"duration":4,"angle2":0,"type":"hold","speedMult":3,"time":400,"angle":0},{"time":404,"type":"extraTap","angle":360},{"time":408,"type":"extraTap","angle":0},{"time":412,"type":"extraTap","angle":0},{"time":416,"type":"extraTap","angle":0},{"type":"extraTap","speedMult":2.5,"time":336,"angle":0},{"type":"extraTap","speedMult":2.5,"time":344,"angle":0},{"type":"extraTap","speedMult":2.5,"time":346,"angle":360},{"type":"extraTap","speedMult":2.5,"time":348,"angle":0},{"type":"extraTap","speedMult":2.5,"time":340,"angle":0},{"type":"extraTap","speedMult":2.5,"time":350,"angle":0},{"type":"extraTap","speedMult":2.5,"time":352,"angle":0},{"type":"extraTap","speedMult":2.5,"time":354,"angle":0},{"type":"extraTap","speedMult":2.5,"time":356,"angle":360},{"type":"extraTap","speedMult":2.5,"time":358,"angle":0},{"type":"extraTap","speedMult":2.5,"time":360,"angle":360},{"type":"extraTap","speedMult":2.5,"time":361,"angle":360},{"type":"extraTap","speedMult":2.5,"time":362,"angle":0},{"type":"extraTap","speedMult":2.5,"time":363,"angle":0},{"type":"block","speedMult":0.64999997615814,"time":528,"angle":360},{"time":530,"type":"side","angle":135},{"time":532,"type":"mine","angle":225},{"time":544,"type":"extraTap","angle":360},{"time":546,"type":"extraTap","angle":0},{"time":548,"type":"extraTap","angle":0},{"time":550,"type":"extraTap","angle":0},{"time":552,"type":"extraTap","angle":360},{"type":"side","speedMult":1,"time":556,"angle":180},{"type":"side","speedMult":2,"time":557,"angle":270},{"type":"side","speedMult":2,"time":556.5,"angle":225},{"type":"side","speedMult":2,"time":557.5,"angle":315},{"type":"side","speedMult":2,"time":558,"angle":0},{"time":560,"type":"extraTap","angle":0},{"time":560.5,"type":"extraTap","angle":360},{"time":561,"type":"extraTap","angle":0},{"type":"block","speedMult":3.5,"time":562,"angle":360},{"type":"block","speedMult":3.5,"time":564,"angle":45},{"type":"side","speedMult":2,"time":566,"angle":180},{"type":"mine","speedMult":1.5,"time":567,"angle":270},{"type":"mine","speedMult":2,"time":568.5,"angle":22.5},{"type":"mine","speedMult":3,"time":570,"angle":315},{"type":"block","speedMult":3.5,"time":568,"angle":225},{"type":"side","speedMult":2.2999999523163,"time":568.5,"angle":90},{"type":"side","speedMult":3,"time":570.5,"angle":180},{"type":"block","speedMult":3.5,"time":571.5,"angle":292.5},{"type":"block","speedMult":4,"time":573,"angle":0},{"type":"side","speedMult":1.5,"time":574,"angle":180},{"type":"mine","speedMult":2.5,"time":573.66668701172,"angle":90},{"tap":true,"type":"block","speedMult":0.80000001192093,"time":575,"angle":360},{"duration":8,"angle2":292.5,"type":"mineHold","speedMult":1.5,"time":576,"angle":292.5},{"duration":8,"angle2":67.5,"type":"mineHold","speedMult":1.5,"time":576,"angle":67.5},{"duration":8,"angle2":180,"type":"mineHold","speedMult":1.5,"time":576,"angle":180},{"duration":1.9999997615814,"angle2":-18.25,"type":"hold","speedMult":2,"time":576,"angle":0},{"duration":1.9999997615814,"angle2":382.5,"type":"hold","speedMult":2,"time":578,"angle":341.5},{"duration":1.9999997615814,"angle2":0,"type":"hold","speedMult":2,"time":580,"angle":22.5},{"type":"side","speedMult":2.5,"time":577,"angle":236.25},{"type":"side","speedMult":2.5,"time":579,"angle":236.25},{"type":"mine","speedMult":2,"time":578,"angle":146.25},{"type":"mine","speedMult":3,"time":580,"angle":101.25},{"type":"extraTap","speedMult":1,"time":582,"angle":33.75},{"tap":true,"type":"block","speedMult":0.5,"time":584,"angle":0},{"type":"mine","speedMult":2,"time":582,"angle":146.25},{"tap":true,"type":"side","speedMult":1,"time":584,"angle":236.25},{"type":"extraTap","time":600,"angle":360},{"type":"mine","speedMult":3,"time":601,"angle":270},{"type":"mine","speedMult":3,"time":601,"angle":135},{"type":"mine","speedMult":3,"time":601,"angle":90},{"type":"mine","speedMult":3,"time":601,"angle":180},{"type":"mine","speedMult":3,"time":601,"angle":225},{"type":"mine","speedMult":3,"time":602,"angle":360},{"type":"mine","speedMult":3,"time":602,"angle":45},{"type":"mine","speedMult":3,"time":602,"angle":90},{"type":"mine","speedMult":3,"time":602,"angle":135},{"type":"mine","speedMult":3,"time":602,"angle":180},{"type":"mine","speedMult":3,"time":603,"angle":225},{"type":"mine","speedMult":3,"time":603,"angle":45},{"type":"mine","speedMult":3,"time":603,"angle":360},{"type":"mine","speedMult":3,"time":603,"angle":315},{"type":"mine","speedMult":3,"time":603,"angle":270},{"type":"mine","speedMult":4,"time":604,"angle":112.5},{"type":"mine","speedMult":4,"time":605,"angle":202.5},{"type":"mine","speedMult":4,"time":605.5,"angle":247.5},{"type":"mine","speedMult":4,"time":606,"angle":292.5},{"type":"mine","speedMult":4,"time":606.5,"angle":337.5},{"type":"mine","speedMult":4,"time":607,"angle":22.5},{"type":"mine","speedMult":4,"time":607.5,"angle":67.5},{"type":"mine","speedMult":4,"time":608,"angle":112.5},{"type":"mine","speedMult":4,"time":606.25,"angle":315},{"type":"mine","speedMult":4,"time":605.75,"angle":270},{"type":"mine","speedMult":4,"time":605.25,"angle":225},{"type":"mine","speedMult":4,"time":604.75,"angle":180},{"type":"mine","speedMult":4,"time":604.25,"angle":135},{"type":"mine","speedMult":4,"time":606.75,"angle":0},{"type":"mine","speedMult":4,"time":607.25,"angle":45},{"type":"mine","speedMult":4,"time":607.75,"angle":90},{"type":"mine","speedMult":4,"time":604,"angle":292.5},{"type":"mine","speedMult":4,"time":604.25,"angle":315},{"type":"mine","speedMult":4,"time":604.5,"angle":337.5},{"type":"mine","speedMult":4,"time":604.75,"angle":360},{"type":"mine","speedMult":4,"time":605,"angle":22.5},{"type":"mine","speedMult":4,"time":605.25,"angle":45},{"type":"mine","speedMult":4,"time":605.5,"angle":67.5},{"type":"mine","speedMult":4,"time":605.75,"angle":90},{"type":"mine","speedMult":4,"time":606,"angle":112.5},{"type":"mine","speedMult":4,"time":606.25,"angle":135},{"type":"mine","speedMult":4,"time":606.5,"angle":157.5},{"type":"mine","speedMult":4,"time":606.75,"angle":180},{"type":"mine","speedMult":4,"time":607,"angle":202.5},{"type":"mine","speedMult":4,"time":607.25,"angle":225},{"type":"mine","speedMult":4,"time":607.5,"angle":247.5},{"type":"mine","speedMult":4,"time":607.75,"angle":270},{"type":"mine","speedMult":4,"time":608,"angle":292.5},{"type":"mine","speedMult":4,"time":604.5,"angle":157.5},{"duration":1,"angle2":292.5,"type":"mineHold","time":609,"angle":292.5},{"duration":1,"angle2":67.5,"type":"mineHold","time":609,"angle":67.5},{"duration":1,"angle2":180,"type":"mineHold","time":609,"angle":180},{"duration":1,"angle2":247.5,"type":"mineHold","time":609,"angle":247.5},{"duration":1,"angle2":112.5,"type":"mineHold","time":609,"angle":112.5}]