{"metadata":{"difficulty":9,"artist":"DM Dokuro","charter":"TSkillet","bg":true,"bgData":{"yellowChannel":{"b":255,"g":255,"r":255},"magentaChannel":{"b":255,"g":255,"r":255},"cyanChannel":{"b":255,"g":255,"r":255},"image":"","redChannel":{"b":0,"g":0,"r":255},"blueChannel":{"b":255,"g":0,"r":0},"greenChannel":{"b":255,"g":255,"r":255}},"artistLink":"","songName":"Raw, Unfiltered Calamity","description":"\"Do you enjoy going through hell?\"\n\n- Calamitas"},"events":[{"type":"play","file":"Raw, Unfiltered Calamity.wav","volume":1,"bpm":174,"time":-0,"angle":180},{"type":"setBPM","bpm":174,"time":-0,"angle":202.5},{"g":0,"b":0,"r":0,"ease":"inOutSine","duration":1.5,"type":"setColor","color":2,"angle":135,"time":-3},{"b":22,"g":1,"color":1,"type":"setColor","time":0,"r":150,"angle":157.5},{"g":0,"b":0,"r":0,"ease":"inOutSine","duration":1.5,"type":"setColor","color":0,"angle":180,"time":-3},{"g":0,"b":20,"r":84,"ease":"inOutSine","duration":1.5,"type":"setColor","color":3,"angle":112.5,"time":-3},{"time":0,"id":"1","recolor":1,"sprite":"eyeofdesolation.png","angle":315,"x":285,"y":50,"type":"deco","outline":true},{"id":"1","duration":15,"ease":"outSine","x":285,"y":40,"type":"deco","angle":315,"time":1},{"id":"1","duration":13,"ease":"inOutSine","x":285,"y":60,"type":"deco","angle":315,"time":8},{"id":"1","duration":10,"ease":"inOutSine","x":285,"y":40,"type":"deco","angle":315,"time":14},{"id":"1","duration":13,"ease":"inOutSine","x":285,"y":60,"type":"deco","angle":315,"time":20},{"id":"1","duration":15,"ease":"inOutSine","x":285,"y":40,"type":"deco","angle":315,"time":28},{"id":"1","duration":8,"ease":"inOutSine","x":285,"y":50,"type":"deco","angle":315,"time":39},{"id":"1","duration":0.20000000298023,"ease":"inBack","x":284,"y":49,"type":"deco","angle":315,"time":48},{"id":"1","duration":0.03999999910593,"ease":"inOutQuart","x":283,"y":51,"type":"deco","angle":315,"time":48.0625},{"id":"1","duration":0.40000000596046,"ease":"inOutQuad","x":285,"y":50,"type":"deco","angle":315,"time":48.125},{"id":"1","duration":0.5,"ease":"outElastic","x":290,"y":56,"type":"deco","angle":315,"time":48.25},{"id":"1","duration":0.019999999552965,"ease":"linear","x":285,"y":50,"type":"deco","angle":315,"time":48.3125},{"id":"1","duration":0.03999999910593,"ease":"linear","x":284,"y":46,"type":"deco","angle":315,"time":48.375},{"id":"1","duration":0.10000000149012,"ease":"linear","x":294,"y":52,"type":"deco","angle":315,"time":48.4375},{"id":"1","duration":0.10000000149012,"ease":"linear","x":270,"y":45,"type":"deco","angle":315,"time":48.5},{"id":"1","duration":0.019999999552965,"ease":"inOutElastic","x":284,"y":51,"type":"deco","angle":315,"time":52},{"id":"1","duration":0.10000000149012,"ease":"inOutSine","x":285,"y":52,"type":"deco","angle":315,"time":52.0625},{"id":"1","duration":0.03999999910593,"ease":"inOutCubic","x":287,"y":48,"type":"deco","angle":315,"time":52.125},{"id":"1","duration":0.20000000298023,"ease":"linear","x":285,"y":50,"type":"deco","angle":315,"time":52.1875},{"id":"1","duration":0.019999999552965,"ease":"inOutElastic","x":284,"y":49,"type":"deco","angle":315,"time":57},{"id":"1","duration":0.019999999552965,"ease":"inOutExpo","x":286,"y":48,"type":"deco","angle":315,"time":57.0625},{"id":"1","duration":0.10000000149012,"ease":"outCubic","x":287,"y":51,"type":"deco","angle":315,"time":57.125},{"id":"1","duration":0.050000000745058,"ease":"linear","x":283,"y":48,"type":"deco","angle":315,"time":57.25},{"id":"1","duration":0.10000000149012,"ease":"inOutSine","x":289,"y":51,"type":"deco","angle":315,"time":57.3125},{"id":"1","duration":0.019999999552965,"ease":"inOutSine","x":289,"y":46,"type":"deco","angle":315,"time":57.375},{"id":"1","duration":0.20000000298023,"ease":"outSine","x":285,"y":55,"type":"deco","angle":315,"time":57.4375},{"id":"1","duration":0.019999999552965,"ease":"outQuad","x":270,"y":43,"type":"deco","angle":315,"time":57.5625},{"id":"1","duration":0,"ease":"linear","x":285,"y":50,"type":"deco","angle":315,"time":48.625},{"x":286,"y":43,"type":"deco","id":"1","time":57.625,"angle":315},{"id":"1","duration":0.15000000596046,"ease":"linear","x":285,"y":50,"type":"deco","angle":315,"time":57.6875},{"id":"1","duration":0.019999999552965,"ease":"outQuad","x":294,"y":42,"type":"deco","angle":315,"time":57.875},{"x":273,"y":58,"type":"deco","id":"1","time":57.9375,"angle":315},{"x":269,"y":55,"type":"deco","id":"1","time":58,"angle":315},{"id":"1","duration":0.019999999552965,"ease":"outCubic","x":279,"y":49,"type":"deco","angle":315,"time":58.0625},{"id":"1","duration":0.10000000149012,"ease":"linear","x":285,"y":50,"type":"deco","angle":315,"time":58.125},{"id":"1","duration":0.012000000104308,"ease":"inOutElastic","x":300,"y":43,"type":"deco","angle":315,"time":58.3125},{"id":"1","duration":0.20000000298023,"ease":"inOutSine","x":250,"y":52,"type":"deco","angle":315,"time":58.375},{"id":"1","duration":0.019999999552965,"ease":"inQuad","x":296,"y":51,"type":"deco","angle":315,"time":58.4375},{"x":272,"y":41,"type":"deco","id":"1","time":58.5,"angle":315},{"id":"1","duration":0.15000000596046,"ease":"inOutElastic","x":285,"y":50,"type":"deco","angle":315,"time":58.625},{"id":"1","duration":0.019999999552965,"ease":"inOutSine","x":266,"y":51,"type":"deco","angle":315,"time":58.6875},{"id":"1","duration":0.10000000149012,"ease":"outElastic","x":285,"y":50,"type":"deco","angle":315,"time":58.75},{"id":"1","duration":0.15000000596046,"ease":"inSine","x":280,"y":40,"type":"deco","angle":315,"time":58.8125},{"id":"1","duration":0.050000000745058,"ease":"linear","x":285,"y":50,"type":"deco","angle":315,"time":58.875},{"b":0,"g":0,"color":1,"type":"setColor","time":60,"r":0,"angle":270},{"id":"1","duration":0.019999999552965,"ease":"linear","x":260,"y":52,"type":"deco","angle":315,"time":59},{"id":"1","duration":0.10000000149012,"ease":"inElastic","x":270,"y":40,"type":"deco","angle":315,"time":59.125},{"id":"1","duration":0.0099999997764826,"ease":"inQuad","x":290,"y":50,"type":"deco","angle":315,"time":59.1875},{"x":259,"y":52,"type":"deco","id":"1","time":59.3125,"angle":315},{"id":"1","duration":0.059999998658895,"ease":"linear","x":285,"y":50,"type":"deco","angle":315,"time":59.375},{"id":"1","duration":0.025000000372529,"ease":"inOutSine","x":285,"y":45,"type":"deco","angle":315,"time":59.4375},{"id":"1","duration":0.15000000596046,"ease":"inOutQuad","x":295,"y":55,"type":"deco","angle":315,"time":59.5},{"id":"1","duration":0.019999999552965,"ease":"inOutSine","x":275,"y":52,"type":"deco","angle":315,"time":59.625},{"id":"1","duration":0.089000001549721,"ease":"inOutSine","x":289,"y":54,"type":"deco","angle":315,"time":59.6875},{"id":"1","duration":0.10000000149012,"ease":"inOutSine","x":250,"y":42,"type":"deco","angle":315,"time":59.75},{"x":294,"y":47,"type":"deco","id":"1","time":59.8125,"angle":315},{"id":"1","duration":0.15000000596046,"ease":"inSine","x":285,"y":50,"type":"deco","angle":315,"time":59.875},{"b":22,"g":1,"color":0,"type":"setColor","time":62,"r":150,"angle":270},{"hide":true,"type":"deco","id":"1","time":60.5,"angle":315},{"sx":0.30000001192093,"sy":0.30000001192093,"id":"2","recolor":1,"sprite":"calamitasclone@10","angle":337.5,"x":262.5,"y":-400,"type":"deco","time":60.5},{"duration":4.75,"y":-30,"type":"deco","id":"2","ease":"inOutBack","time":61.5,"angle":337.5},{"id":"1","duration":0,"ease":"inQuad","x":283,"y":49,"type":"deco","angle":315,"time":56},{"id":"1","duration":0.019999999552965,"ease":"inQuad","x":287,"y":51,"type":"deco","angle":315,"time":56.0625},{"id":"1","duration":0.10000000149012,"ease":"inOutSine","x":285,"y":48,"type":"deco","angle":315,"time":56.125},{"id":"1","duration":0.10000000149012,"ease":"linear","x":285,"y":50,"type":"deco","angle":315,"time":56.1875},{"x":600,"id":"2","r":90,"angle":337.5,"duration":4,"y":145,"type":"deco","ease":"outElastic","time":68},{"x":424,"id":"2","r":160,"ease":"outElastic","duration":3,"y":390,"type":"deco","angle":337.5,"time":72},{"x":338,"id":"2","r":180,"angle":337.5,"duration":1.8999999761581,"y":400,"type":"deco","ease":"outElastic","time":73.5},{"duration":2,"type":"ease","ease":"outBack","value":70,"var":"p.y","time":88,"angle":247.5},{"duration":2,"y":350,"type":"deco","id":"2","ease":"outBack","time":88,"angle":225},{"duration":2,"type":"ease","ease":"outBack","value":180,"var":"p.y","time":96,"angle":202.5},{"duration":2,"y":500,"type":"deco","id":"2","ease":"outBack","time":96,"angle":157.5},{"x":-100,"y":700,"type":"deco","id":"2","time":101,"r":225,"angle":315},{"id":"2","duration":6,"ease":"inOutElastic","x":135,"y":400,"type":"deco","angle":315,"time":101.5},{"id":"2","duration":2,"ease":"inBack","x":-100,"y":700,"type":"deco","angle":337.5,"time":107},{"x":-400,"y":217,"type":"deco","id":"2","time":110,"r":270,"angle":337.5},{"duration":6,"type":"deco","id":"2","angle":337.5,"x":0,"time":111,"ease":"outElastic"},{"type":"ease","var":"vfx.hwaves.period","value":10,"time":0,"angle":45},{"type":"ease","var":"vfx.hwaves.strength","value":4,"time":0,"angle":22.5},{"type":"ease","var":"vfx.hwaves.offsetDelta","value":300,"time":0,"angle":67.5},{"duration":2.5,"type":"ease","ease":"linear","value":20,"var":"vfx.hwaves.offsetDelta","time":0.125,"angle":67.5},{"duration":2.5,"type":"ease","angle":22.5,"value":0.75,"var":"vfx.hwaves.strength","time":0.125,"ease":"linear"},{"duration":1,"type":"ease","ease":"linear","value":0.75,"var":"vfx.hwaves.strength","time":27,"angle":22.5},{"duration":1,"type":"ease","ease":"linear","value":10,"var":"vfx.hwaves.offsetDelta","time":27,"angle":67.5},{"type":"ease","var":"vfx.hwaves.strength","value":0,"time":60.5,"angle":22.5},{"type":"ease","var":"vfx.hwaves.offsetDelta","value":16,"time":60.5,"angle":45},{"type":"ease","var":"vfx.hwaves.offsetDelta","value":0,"time":60.5,"angle":67.5},{"time":-0,"sx":5,"sy":5,"id":"fire","recolor":1,"sprite":"fire@8","angle":292.5,"x":0,"y":200,"type":"deco","outline":true},{"outline":true,"sx":5,"sy":5,"id":"fire1","recolor":1,"sprite":"fire@8","angle":270,"x":480,"y":200,"type":"deco","time":-0},{"duration":2,"y":400,"type":"deco","id":"fire1","angle":135,"time":88,"ease":"outBack"},{"duration":2,"y":400,"type":"deco","id":"fire","angle":112.5,"time":88,"ease":"outBack"},{"duration":2.5,"type":"deco","id":"2","ease":"inQuad","x":-200,"time":115,"angle":337.5},{"duration":3,"y":400,"type":"deco","id":"2","angle":315,"time":126,"ease":"outElastic"},{"x":338,"y":550,"type":"deco","id":"2","time":125,"r":180,"angle":315},{"duration":2,"y":550,"type":"deco","id":"2","angle":337.5,"time":141,"ease":"inBack"},{"y":-150,"id":"2","r":0,"angle":337.5,"x":300,"oy":180,"type":"deco","ox":123.5,"time":158},{"id":"2","duration":4,"ease":"outBack","x":300,"y":50,"type":"deco","angle":337.5,"time":158.5},{"duration":14,"type":"deco","id":"2","ease":"inOutQuint","r":2880,"time":164,"angle":337.5},{"g":0,"b":0,"r":0,"ease":"linear","duration":0.5,"type":"setColor","color":0,"angle":247.5,"time":176},{"g":1,"b":22,"r":150,"ease":"linear","duration":0.5,"type":"setColor","color":1,"angle":225,"time":176},{"g":0,"b":0,"r":0,"ease":"linear","duration":0.5,"type":"setColor","color":2,"angle":202.5,"time":176},{"g":0,"b":0,"r":0,"ease":"linear","duration":0.5,"type":"setColor","color":3,"angle":180,"time":176},{"id":"fire1","duration":1,"ease":"outBack","x":480,"y":200,"type":"deco","angle":157.5,"time":176},{"id":"fire","duration":1,"ease":"outBack","x":0,"y":200,"type":"deco","angle":135,"time":176},{"duration":1,"paddle":1,"type":"paddles","newWidth":10,"ease":"linear","time":179,"angle":270},{"duration":0.5,"paddle":1,"type":"paddles","newWidth":100,"ease":"linear","time":192,"angle":0},{"duration":0.5,"paddle":1,"type":"paddles","newWidth":35,"ease":"linear","time":193.5,"angle":360},{"duration":0.25,"paddle":1,"type":"paddles","newWidth":15,"angle":348.75,"time":195,"ease":"linear"},{"duration":0.5,"paddle":1,"type":"paddles","newWidth":70,"ease":"linear","time":196,"angle":112.5},{"id":"2","angle":360,"r":2700,"ease":"inQuint","duration":5,"y":500,"type":"deco","time":199},{"id":"2","duration":1,"ease":"outBack","x":144,"y":0,"type":"deco","angle":337.5,"time":206.75},{"x":0,"y":-300,"type":"deco","id":"2","time":205,"r":314,"angle":337.5},{"id":"2","duration":1,"angle":337.5,"x":0,"y":-300,"type":"deco","ease":"inBack","time":208},{"duration":0.89999997615814,"type":"deco","id":"2","ease":"outBack","x":580,"time":209,"angle":337.5},{"x":800,"y":182,"type":"deco","id":"2","time":208.75,"r":90,"angle":337.5},{"duration":1,"type":"deco","id":"2","angle":337.5,"x":700,"time":210,"ease":"inBack"},{"id":"2","duration":1,"ease":"outBack","x":240,"y":320,"type":"deco","angle":337.5,"time":211},{"x":180,"y":500,"type":"deco","id":"2","time":210.75,"r":200,"angle":337.5},{"id":"2","duration":0.80000001192093,"ease":"inBack","x":180,"y":500,"type":"deco","angle":337.5,"time":212},{"id":"2","duration":1,"ease":"outBack","x":550,"y":70,"type":"deco","angle":337.5,"time":213},{"x":700,"y":0,"type":"deco","id":"2","time":212.75,"r":65,"angle":337.5},{"id":"2","duration":1,"ease":"inBack","x":700,"y":0,"type":"deco","angle":337.5,"time":214},{"x":300,"y":-150,"type":"deco","id":"2","time":215,"r":0,"angle":337.5},{"duration":4,"y":50,"type":"deco","id":"2","angle":337.5,"time":215.5,"ease":"outBack"},{"duration":5,"y":-100,"type":"deco","id":"2","ease":"inBack","time":271.5,"angle":337.5},{"duration":8.5,"paddle":1,"type":"paddles","newWidth":30,"ease":"linear","time":295.5,"angle":22.5},{"paddle":2,"newWidth":30,"duration":2,"order":1,"type":"paddles","ease":"linear","angle":22.5,"enabled":true,"time":364,"newAngle":40},{"paddle":3,"newWidth":30,"duration":2,"order":1,"type":"paddles","ease":"linear","angle":45,"enabled":true,"time":364,"newAngle":-40},{"paddle":2,"ease":"linear","angle":337.5,"duration":0,"order":0,"type":"paddles","newWidth":30,"time":364},{"duration":0,"paddle":1,"type":"paddles","ease":"linear","enabled":false,"time":364,"angle":315},{"duration":0,"paddle":3,"type":"paddles","newWidth":30,"ease":"linear","time":364,"angle":292.5},{"duration":2,"paddle":2,"type":"paddles","newAngle":0,"angle":67.5,"time":398,"ease":"linear"},{"duration":2,"paddle":3,"type":"paddles","newAngle":0,"ease":"linear","time":398,"angle":90},{"duration":0,"paddle":3,"type":"paddles","angle":337.5,"enabled":false,"time":400,"ease":"linear"},{"id":"2","duration":10,"ease":"outBack","x":300,"y":120,"type":"deco","angle":337.5,"time":427},{"duration":14,"var":"p.y","ease":"outBack","value":450,"type":"ease","time":427.5,"angle":0},{"duration":18,"y":500,"type":"deco","id":"fire1","ease":"outBack","time":427.5,"angle":45},{"duration":18,"y":500,"type":"deco","id":"fire","ease":"outBack","time":427.5,"angle":22.5},{"sx":4,"sy":4,"id":"text","recolor":1,"sprite":"enough.png","angle":0,"x":237,"y":260,"type":"deco","time":438},{"hide":true,"type":"deco","id":"text","time":443,"angle":360},{"sx":4,"sy":4,"id":"text1","sprite":"impressivejack.png","angle":360,"x":100,"y":260,"type":"deco","time":448},{"sx":4,"sy":4,"id":"period","sprite":"period.png","angle":0,"x":380,"y":288,"type":"deco","time":455},{"sx":4,"sy":4,"id":"period1","sprite":"period.png","angle":0,"x":390,"y":288,"type":"deco","time":457},{"sx":4,"sy":4,"id":"period2","sprite":"period.png","angle":360,"x":400,"y":288,"type":"deco","time":459},{"hide":true,"type":"deco","id":"period1","time":462,"angle":0},{"hide":true,"type":"deco","id":"period2","time":462,"angle":22.5},{"hide":true,"type":"deco","id":"period","time":462,"angle":45},{"hide":true,"type":"deco","id":"text1","time":462,"angle":337.5},{"sx":4,"sy":4,"id":"text2","sprite":"end.png","angle":360,"x":120,"y":260,"type":"deco","time":469},{"hide":true,"type":"deco","id":"text2","time":477,"angle":0},{"duration":25,"type":"deco","id":"2","angle":337.5,"r":5760,"time":479,"ease":"inOutQuint"},{"sx":0.80000001192093,"sy":0.80000001192093,"id":"3","recolor":5,"sprite":"Catastrophe@10","r":-360,"angle":22.5,"x":300,"oy":85,"type":"deco","ox":58,"y":110,"time":496},{"duration":10,"type":"deco","id":"3","angle":22.5,"r":55,"time":496.125,"ease":"outExpo"},{"x":450,"id":"3","angle":45,"duration":10,"y":200,"type":"deco","order":1,"ease":"outBack","time":496.125},{"sx":0.80000001192093,"sy":0.80000001192093,"id":"4","recolor":4,"sprite":"cataclysm@9","r":360,"angle":90,"ox":66,"oy":100,"type":"deco","y":115,"x":309,"time":496},{"duration":10,"type":"deco","id":"4","angle":90,"r":-45,"time":496.08334350586,"ease":"outExpo"},{"x":170,"id":"4","angle":112.5,"duration":10,"order":1,"type":"deco","y":200,"ease":"outBack","time":496.08334350586},{"duration":20,"type":"ease","angle":180,"value":300,"var":"p.y","time":509,"ease":"outExpo"},{"duration":0,"paddle":2,"type":"paddles","newWidth":70,"angle":157.5,"time":509,"ease":"linear"},{"duration":5,"type":"ease","ease":"outBack","value":180,"var":"p.y","time":522,"angle":180},{"duration":9,"y":20,"type":"deco","id":"2","angle":337.5,"time":522,"ease":"outElastic"},{"id":"3","duration":9,"angle":22.5,"x":470,"y":350,"type":"deco","ease":"outElastic","time":522},{"id":"4","duration":9,"ease":"outElastic","x":125,"y":350,"type":"deco","angle":90,"time":522},{"duration":4,"type":"deco","id":"3","angle":45,"r":135,"time":522,"ease":"outExpo"},{"duration":4,"type":"deco","id":"4","angle":112.5,"r":-135,"time":522,"ease":"outExpo"},{"duration":5,"y":-200,"type":"deco","id":"2","angle":337.5,"time":535,"ease":"inBack"},{"id":"3","duration":5,"angle":22.5,"x":600,"y":500,"type":"deco","ease":"inBack","time":535},{"id":"4","duration":5,"ease":"inBack","x":0,"y":500,"type":"deco","angle":90,"time":535},{"type":"outline","enable":true,"color":3,"time":-0,"angle":360},{"type":"outline","enable":false,"color":0,"time":60,"angle":315},{"type":"outline","enable":true,"color":3,"time":62,"angle":315},{"duration":3,"y":0,"type":"deco","id":"2","angle":337.5,"time":560,"ease":"outElastic"},{"duration":1,"paddle":2,"type":"paddles","newWidth":50,"ease":"linear","time":575,"angle":135},{"paddle":3,"newWidth":15,"duration":1,"type":"paddles","angle":90,"ease":"linear","enabled":true,"time":575,"newAngle":-125},{"paddle":4,"newWidth":15,"duration":1,"type":"paddles","ease":"linear","angle":112.5,"enabled":true,"time":575,"newAngle":125},{"paddle":4,"ease":"linear","duration":1,"type":"paddles","newWidth":70,"angle":146.25,"time":584.16668701172,"newAngle":0},{"paddle":3,"angle":123.75,"duration":1,"type":"paddles","newWidth":70,"ease":"linear","time":584.16668701172,"newAngle":0},{"duration":0,"paddle":2,"type":"paddles","newWidth":70,"angle":101.25,"time":584.16668701172,"ease":"linear"},{"duration":0,"paddle":3,"type":"paddles","angle":123.75,"enabled":false,"time":585,"ease":"linear"},{"duration":0,"paddle":4,"type":"paddles","angle":146.25,"enabled":false,"time":585,"ease":"linear"},{"id":"2","duration":3,"r":45,"angle":337.5,"x":500,"type":"deco","ease":"outElastic","time":562.33331298828},{"type":"deco","id":"2","r":0,"time":559.66668701172,"angle":337.5},{"id":"2","x":700,"ease":"inBack","duration":1,"y":-200,"type":"deco","angle":326.25,"time":564},{"x":0,"y":500,"type":"deco","id":"2","time":566.33331298828,"r":-125,"angle":326.25},{"id":"2","x":120,"angle":326.25,"duration":3,"y":340,"type":"deco","ease":"outElastic","time":566.5},{"id":"2","duration":3,"angle":326.25,"x":0,"y":500,"type":"deco","ease":"outBack","time":568},{"x":-250,"y":-55,"type":"deco","id":"2","time":569,"r":-75,"angle":326.25},{"id":"2","duration":3,"ease":"outElastic","x":0,"y":65,"type":"deco","angle":326.25,"time":569.33331298828},{"x":300,"id":"2","r":0,"ease":"outElastic","duration":2,"y":20,"type":"deco","angle":326.25,"time":571.5},{"id":"2","duration":2,"r":-35,"angle":326.25,"x":234,"type":"deco","ease":"inSine","time":575.33331298828},{"id":"2","duration":1.9999998807907,"r":50,"ease":"linear","x":379,"type":"deco","angle":326.25,"time":577.33331298828},{"id":"2","duration":2.4666666984558,"r":0,"ease":"inSine","x":300,"type":"deco","angle":326.25,"time":579.16668701172},{"x":300,"y":500,"type":"deco","id":"3","time":563.66668701172,"r":180,"angle":90},{"duration":3,"y":380,"type":"deco","id":"3","ease":"outElastic","time":564,"angle":90},{"duration":0.80000001192093,"y":500,"type":"deco","id":"3","ease":"inBack","time":564.66668701172,"angle":90},{"x":800,"y":180,"type":"deco","id":"3","time":566.33331298828,"r":90,"angle":90},{"x":600,"type":"deco","id":"3","ease":"outElastic","duration":4,"time":566.83331298828,"angle":90},{"duration":0.5,"type":"deco","id":"3","ease":"inBack","x":800,"time":568.33331298828,"angle":78.75},{"x":300,"y":500,"type":"deco","id":"3","time":569,"r":180,"angle":90},{"duration":2,"y":380,"type":"deco","id":"3","angle":90,"time":569.16668701172,"ease":"outElastic"},{"duration":0.63300001621246,"y":500,"type":"deco","id":"3","ease":"inBack","time":570.5,"angle":90},{"duration":2,"y":380,"type":"deco","id":"3","angle":90,"time":572,"ease":"outElastic"},{"duration":0.63333332538605,"y":500,"type":"deco","id":"3","ease":"inBack","time":573.66668701172,"angle":247.5},{"x":-100,"y":180,"type":"deco","id":"4","time":563.33331298828,"r":-90,"angle":270},{"duration":1,"type":"deco","id":"4","ease":"outBack","x":30,"time":563.5,"angle":270},{"duration":1,"type":"deco","id":"4","ease":"inBack","x":-100,"time":565.16668701172,"angle":270},{"b":21,"g":0,"color":4,"type":"setColor","time":495.5,"r":75,"angle":90},{"b":27,"g":0,"color":5,"type":"setColor","r":229,"time":495.5,"angle":22.5},{"id":"3","x":50,"angle":247.5,"duration":2,"y":350,"type":"deco","ease":"outBack","time":574.66668701172},{"x":-100,"y":500,"type":"deco","id":"3","time":574.5,"r":-125,"angle":247.5},{"duration":1,"id":"4","r":20,"ease":"outBack","x":370,"y":30,"type":"deco","angle":270,"time":566.16668701172},{"x":410,"y":-55,"type":"deco","id":"4","time":566,"r":20,"angle":270},{"id":"4","x":410,"ease":"inBack","duration":1,"y":-55,"type":"deco","angle":270,"time":567.16668701172},{"id":"4","x":150,"angle":270,"duration":1,"y":20,"type":"deco","ease":"outBack","time":568.66668701172},{"x":50,"y":-70,"type":"deco","id":"4","time":568.5,"r":-50,"angle":270},{"id":"4","duration":1,"angle":270,"x":50,"y":-70,"type":"deco","ease":"inBack","time":569.66668701172},{"x":700,"y":190,"type":"deco","id":"4","time":571.33331298828,"r":90,"angle":270},{"duration":1,"type":"deco","id":"4","angle":270,"x":580,"time":571.5,"ease":"outBack"},{"duration":1,"type":"deco","id":"4","angle":270,"x":700,"time":572.5,"ease":"inBack"},{"x":500,"y":450,"type":"deco","id":"4","time":575.83331298828,"r":145,"angle":90},{"id":"4","x":400,"angle":90,"duration":1,"y":350,"type":"deco","ease":"outBack","time":576},{"duration":1,"id":"4","r":100,"ease":"inOutBack","x":550,"y":235,"type":"deco","angle":90,"time":578},{"x":400,"id":"4","r":145,"angle":90,"duration":1,"y":350,"type":"deco","ease":"inOutBack","time":580},{"x":530,"id":"4","r":125,"ease":"inOutBack","duration":1,"y":340,"type":"deco","angle":90,"time":581.66668701172},{"duration":4,"y":-200,"type":"deco","id":"2","ease":"inBack","time":584.5,"angle":0},{"id":"3","x":-300,"angle":247.5,"duration":4,"y":550,"type":"deco","ease":"inBack","time":584.5},{"id":"4","x":800,"angle":112.5,"duration":4,"y":550,"type":"deco","ease":"inBack","time":584.5},{"id":"4","r":0,"angle":360,"duration":4,"y":30,"type":"deco","ease":"outBack","time":591},{"x":309,"y":-200,"type":"deco","id":"4","time":590.5,"r":0,"angle":0},{"b":21,"g":0,"color":0,"type":"setColor","r":75,"time":600,"angle":22.5},{"type":"deco","id":"4","time":600,"outline":true,"angle":337.5},{"b":22,"g":1,"color":1,"type":"setColor","r":150,"time":600,"angle":45},{"duration":4,"y":200,"type":"deco","id":"fire","angle":315,"time":591,"ease":"outExpo"},{"duration":4,"y":200,"type":"deco","id":"fire1","ease":"outExpo","time":591,"angle":45},{"type":"outline","enable":true,"color":1,"time":600,"angle":315},{"sx":4,"sy":2,"id":"square","recolor":7,"sprite":"square.png","angle":180,"x":0,"y":-100,"type":"deco","drawOrder":0,"time":600,"drawLayer":"bg"},{"b":0,"g":0,"color":7,"type":"setColor","time":599,"r":53,"angle":180},{"b":21,"g":3,"color":6,"type":"setColor","r":66,"time":599,"angle":157.5},{"sx":4,"sy":0.5,"id":"square1","recolor":6,"sprite":"square.png","angle":157.5,"x":0,"y":211,"type":"deco","drawLayer":"bg","time":600,"drawOrder":1},{"sx":4,"sy":0.25,"id":"square2","recolor":3,"sprite":"square.png","angle":135,"x":0,"y":180,"type":"deco","drawLayer":"bg","time":600,"drawOrder":2},{"b":16,"g":1,"color":3,"type":"setColor","time":599,"r":55,"angle":135}],"properties":{"formatversion":12,"offset":8,"startBeat":0,"speed":70}}