[{"type":"hold","duration":1,"time":-0.25,"angle":33.75,"angle2":33.75},{"type":"hold","duration":1,"time":0.75,"angle":33.75,"angle2":11.25},{"type":"hold","duration":1,"time":1.75,"angle":11.25,"angle2":-11.25},{"type":"hold","duration":1,"time":2.75,"angle":348.75,"angle2":348.75},{"type":"hold","duration":1,"time":3.75,"angle":348.75,"angle2":382.5},{"type":"hold","duration":1,"time":4.75,"angle":22.5,"angle2":22.5},{"type":"hold","duration":1,"time":5.75,"angle":22.5,"angle2":-11.25},{"type":"hold","duration":1,"time":6.75,"angle":348.75,"angle2":337.5},{"type":"hold","duration":1,"time":7.75,"angle":337.5,"angle2":393.75},{"type":"hold","duration":0.5,"time":8.75,"angle":33.75,"angle2":11.25},{"type":"hold","duration":1,"time":9.25,"angle":11.25,"angle2":11.25},{"type":"hold","duration":0.75,"time":11.25,"angle":11.25,"angle2":0},{"type":"hold","duration":1,"time":12,"angle":360,"angle2":393.75},{"type":"hold","duration":1,"time":13,"angle":33.75,"angle2":78.75},{"type":"hold","duration":1,"time":14.5,"angle":78.75,"angle2":45},{"angle":56.25,"type":"block","time":13.5},{"type":"hold","duration":0.5,"time":16,"angle":45,"angle2":67.5},{"type":"hold","duration":0.5,"time":16.5,"angle":67.5,"angle2":33.75},{"type":"hold","duration":0.5,"time":17,"angle":33.75,"angle2":33.75},{"type":"hold","duration":0.5,"time":17.5,"angle":33.75,"angle2":67.5},{"type":"hold","duration":0.5,"time":18,"angle":67.5,"angle2":33.75},{"type":"hold","duration":0.5,"time":19.25,"angle":33.75,"angle2":11.25},{"type":"hold","duration":1,"time":19.75,"angle":11.25,"angle2":56.25},{"type":"hold","duration":0.5,"time":20.75,"angle":56.25,"angle2":56.25},{"type":"hold","duration":1,"time":21.25,"angle":56.25,"angle2":56.25},{"type":"hold","duration":1.75,"time":22.25,"angle":56.25,"angle2":112.5},{"type":"hold","duration":0.75,"time":24.25,"angle":123.75,"angle2":90},{"type":"hold","duration":1.5,"time":25,"angle":90,"angle2":135},{"type":"hold","duration":0.5,"time":28.25,"angle":146.25,"angle2":180},{"type":"hold","duration":0.5,"time":28.75,"angle":180,"angle2":135},{"type":"hold","duration":0.75,"time":29.25,"angle":135,"angle2":191.25},{"type":"hold","duration":1,"time":30,"angle":191.25,"angle2":191.25},{"type":"hold","duration":0.5,"time":31.75,"angle":180,"angle2":225},{"type":"hold","duration":0.5,"time":32.25,"angle":225,"angle2":180},{"type":"hold","duration":0.75,"time":32.75,"angle":180,"angle2":213.75},{"type":"hold","duration":1,"time":33.5,"angle":213.75,"angle2":213.75},{"type":"hold","duration":0.5,"time":34.75,"angle":191.25,"angle2":168.75},{"type":"hold","duration":0.75,"time":35.25,"angle":168.75,"angle2":191.25},{"type":"hold","duration":0.5,"time":36,"angle":191.25,"angle2":191.25},{"type":"hold","duration":1,"time":36.5,"angle":191.25,"angle2":168.75},{"type":"hold","duration":1,"time":37.5,"angle":168.75,"angle2":213.75},{"type":"hold","duration":0.5,"time":39.75,"angle":213.75,"angle2":258.75},{"type":"hold","duration":1.25,"time":40.25,"angle":258.75,"angle2":270},{"type":"hold","duration":1.25,"time":41.5,"angle":270,"angle2":315},{"type":"hold","duration":0.5,"time":44,"angle":337.5,"angle2":360},{"type":"hold","duration":0.5,"time":44.5,"angle":0,"angle2":-22.5},{"type":"hold","duration":0.5,"time":45,"angle":337.5,"angle2":337.5},{"type":"hold","duration":0.5,"time":46.5,"angle":337.5,"angle2":371.25},{"type":"hold","duration":0.75,"time":47,"angle":11.25,"angle2":-22.5},{"type":"hold","duration":1,"time":48,"angle":348.75,"angle2":348.75},{"type":"hold","duration":0.5,"time":49,"angle":348.75,"angle2":382.5},{"type":"hold","duration":1,"time":49.5,"angle":22.5,"angle2":0},{"type":"hold","duration":0.5,"time":50.5,"angle":360,"angle2":393.75},{"type":"hold","duration":1,"time":51,"angle":33.75,"angle2":33.75},{"type":"hold","duration":1,"time":52,"angle":33.75,"angle2":90},{"type":"hold","duration":0.75,"time":53,"angle":90,"angle2":112.5},{"type":"hold","duration":1,"time":53.75,"angle":112.5,"angle2":78.75},{"type":"hold","duration":1.5,"time":54.75,"angle":78.75,"angle2":123.75},{"type":"hold","duration":0.75,"time":59.75,"angle":123.75,"angle2":157.5},{"type":"hold","duration":0.25,"time":60.5,"angle":157.5,"angle2":157.5},{"type":"hold","duration":1,"time":60.75,"angle":157.5,"angle2":168.75},{"type":"hold","duration":0.5,"time":62.5,"angle":168.75,"angle2":146.25},{"type":"hold","duration":2,"time":63,"angle":146.25,"angle2":258.75},{"type":"hold","duration":1,"time":66.75,"angle":258.75,"angle2":258.75},{"type":"hold","duration":0.25,"angle":258.75,"time":67.75,"speedMult":3,"angle2":281.25},{"type":"hold","duration":0.75,"speedMult":3,"time":68,"angle":281.25,"angle2":236.25},{"type":"hold","duration":0.5,"angle2":270,"time":69.25,"speedMult":3,"angle":236.25},{"type":"hold","duration":1,"angle2":191.25,"time":69.75,"speedMult":3,"angle":270},{"type":"hold","duration":0.5,"angle2":236.25,"time":70.75,"angle":191.25,"speedMult":3},{"type":"hold","duration":1.25,"angle2":337.5,"time":71.25,"speedMult":3,"angle":236.25},{"type":"hold","duration":1,"speedMult":3,"time":72.5,"angle2":393.75,"angle":337.5},{"type":"hold","duration":0.5,"angle":56.25,"time":75.75,"angle2":45,"speedMult":3},{"type":"hold","duration":0.5,"speedMult":3,"time":76.25,"angle2":90,"angle":45},{"type":"hold","duration":1,"speedMult":3,"time":76.75,"angle2":33.75,"angle":90},{"type":"hold","duration":0.5,"angle":33.75,"time":77.75,"angle2":90,"speedMult":3},{"type":"hold","duration":0.5,"speedMult":3,"time":78.25,"angle2":157.5,"angle":90},{"type":"hold","duration":1.25,"speedMult":3,"time":79.75,"angle2":123.75,"angle":180},{"type":"hold","duration":0.75,"speedMult":3,"time":83,"angle2":157.5,"angle":123.75},{"type":"hold","duration":0.5,"angle":157.5,"time":83.75,"angle2":135,"speedMult":3},{"type":"hold","duration":0.75,"angle":135,"time":84.25,"angle2":191.25,"speedMult":3},{"type":"hold","duration":0.75,"angle":191.25,"time":85,"angle2":157.5,"speedMult":3},{"type":"hold","duration":0.5,"angle":157.5,"time":86.25,"angle2":191.25,"speedMult":3},{"type":"hold","duration":1,"speedMult":3,"time":86.75,"angle2":191.25,"angle":191.25},{"type":"hold","duration":1,"speedMult":3,"time":87.75,"angle2":236.25,"angle":191.25},{"type":"hold","duration":1,"speedMult":3,"time":88.75,"angle2":180,"angle":236.25},{"type":"hold","duration":1,"angle":191.25,"time":91,"angle2":123.75,"speedMult":3},{"type":"hold","duration":1,"speedMult":3,"time":92,"angle2":180,"angle":123.75},{"type":"hold","duration":0.75,"angle":180,"time":95,"angle2":236.25,"speedMult":3},{"type":"hold","duration":1,"speedMult":3,"time":95.75,"angle2":191.25,"angle":236.25},{"type":"hold","duration":1,"angle":202.5,"time":98.75,"angle2":247.5,"speedMult":3},{"type":"hold","duration":0.75,"angle2":348.75,"time":99.75,"speedMult":3,"angle":247.5},{"type":"hold","duration":0.5,"angle2":393.75,"time":101.25,"speedMult":3,"angle":348.75},{"type":"hold","duration":0.75,"angle2":-67.5,"time":101.75,"speedMult":3,"angle":33.75},{"type":"hold","duration":0.5,"angle2":348.75,"time":103,"speedMult":3,"angle":292.5},{"type":"hold","duration":1.25,"angle2":281.25,"time":103.5,"speedMult":3,"angle":348.75},{"type":"block","speedMult":3,"angle":292.5,"time":107.75},{"type":"hold","duration":0.5,"angle":292.5,"time":108.25,"speedMult":3,"angle2":326.25},{"type":"hold","duration":0.75,"speedMult":3,"time":108.75,"angle":326.25,"angle2":281.25},{"type":"hold","duration":0.5,"speedMult":3,"time":110,"angle":281.25,"angle2":303.75},{"type":"hold","duration":1,"speedMult":3,"time":111.75,"angle2":326.25,"angle":281.25},{"type":"hold","duration":1,"speedMult":3,"time":112.75,"angle2":270,"angle":326.25},{"type":"hold","duration":0.5,"speedMult":3,"time":110.5,"angle":303.75,"angle2":281.25},{"type":"hold","duration":1,"angle2":292.5,"time":115,"speedMult":3,"angle":258.75},{"type":"hold","duration":0.5,"angle":292.5,"time":116,"angle2":247.5,"speedMult":3},{"type":"hold","duration":0.25,"angle":247.5,"time":116.5,"angle2":247.5,"speedMult":3},{"type":"hold","duration":1,"speedMult":3,"time":116.75,"angle2":292.5,"angle":247.5},{"type":"hold","duration":1,"speedMult":3,"time":117.75,"angle2":337.5,"angle":292.5},{"type":"hold","duration":1,"angle":337.5,"time":118.75,"angle2":337.5,"speedMult":3},{"type":"hold","duration":1,"speedMult":3,"time":119.75,"angle2":281.25,"angle":337.5},{"type":"hold","duration":1.25,"speedMult":3,"time":122.75,"angle":281.25,"angle2":326.25},{"type":"hold","duration":1,"speedMult":3,"time":124,"angle2":281.25,"angle":326.25},{"type":"hold","duration":1.25,"angle2":326.25,"time":126.75,"speedMult":3,"angle":281.25},{"type":"hold","duration":1,"angle2":281.25,"time":128,"speedMult":3,"angle":326.25},{"type":"hold","duration":0.5,"time":131.5,"angle":270,"angle2":292.5},{"type":"hold","duration":0.5,"time":132,"angle":292.5,"angle2":247.5},{"type":"hold","duration":0.75,"time":133.25,"angle":247.5,"angle2":303.75},{"type":"hold","duration":0.5,"time":134.5,"angle":315,"angle2":348.75},{"type":"hold","duration":0.75,"time":135.25,"angle":348.75,"angle2":315},{"type":"hold","duration":0.5,"time":136,"angle":315,"angle2":371.25},{"type":"hold","duration":1,"time":136.5,"angle":11.25,"angle2":11.25},{"type":"hold","duration":1.25,"time":137.5,"angle":11.25,"angle2":-33.75},{"type":"hold","duration":0.5,"time":139.75,"angle":315,"angle2":348.75},{"type":"hold","duration":0.5,"time":140.75,"angle":348.75,"angle2":382.5},{"type":"hold","duration":0.75,"time":141.25,"angle":22.5,"angle2":-22.5},{"type":"hold","duration":0.5,"time":142,"angle":337.5,"angle2":360},{"type":"hold","duration":0.75,"time":143.25,"angle":360,"angle2":393.75},{"type":"hold","duration":0.75,"time":144,"angle":33.75,"angle2":33.75},{"type":"hold","duration":0.75,"time":144.75,"angle":33.75,"angle2":11.25},{"type":"hold","duration":0.75,"time":145.5,"angle":11.25,"angle2":56.25},{"type":"hold","duration":1.25,"time":146.25,"angle":56.25,"angle2":123.75},{"type":"hold","duration":0.5,"time":148,"angle":135,"angle2":168.75},{"type":"hold","duration":0.5,"time":148.5,"angle":168.75,"angle2":135},{"type":"hold","duration":0.5,"time":149,"angle":135,"angle2":78.75},{"type":"hold","duration":0.25,"time":149.5,"angle":78.75,"angle2":67.5},{"type":"hold","duration":0.5,"time":150.5,"angle":67.5,"angle2":45},{"type":"hold","duration":0.5,"time":151,"angle":45,"angle2":45},{"type":"hold","duration":0.5,"time":152,"angle":45,"angle2":78.75},{"type":"hold","duration":0.5,"time":152.5,"angle":78.75,"angle2":78.75},{"type":"hold","duration":1.25,"time":153,"angle":78.75,"angle2":56.25},{"angle":67.5,"type":"block","time":153.5},{"type":"hold","duration":1,"time":156,"angle":56.25,"angle2":78.75},{"type":"hold","duration":0.5,"time":157,"angle":78.75,"angle2":22.5},{"type":"hold","duration":1,"time":157.5,"angle":22.5,"angle2":22.5},{"type":"hold","duration":0.5,"time":159.75,"angle":22.5,"angle2":0},{"type":"hold","duration":0.5,"time":160.25,"angle":360,"angle2":382.5},{"type":"hold","duration":0.75,"time":160.75,"angle":22.5,"angle2":22.5},{"type":"hold","duration":1,"time":161.5,"angle":22.5,"angle2":0},{"type":"hold","duration":0.5,"time":162.5,"angle":360,"angle2":360},{"type":"hold","duration":0.5,"time":163.75,"angle":360,"angle2":393.75},{"type":"hold","duration":0.5,"time":164.25,"angle":33.75,"angle2":0},{"type":"hold","duration":0.5,"time":164.75,"angle":0,"angle2":0},{"type":"hold","duration":0.5,"time":165.25,"angle":0,"angle2":22.5},{"type":"hold","duration":1,"time":165.75,"angle":22.5,"angle2":22.5},{"type":"hold","duration":0.5,"time":167.5,"angle":22.5,"angle2":45},{"type":"hold","duration":1,"time":168,"angle":45,"angle2":67.5},{"type":"hold","duration":0.5,"time":169,"angle":67.5,"angle2":45},{"type":"hold","duration":1,"time":169.5,"angle":45,"angle2":45},{"type":"hold","duration":0.5,"time":171.75,"angle":56.25,"angle2":33.75},{"type":"hold","duration":0.75,"time":172.25,"angle":33.75,"angle2":33.75},{"type":"hold","duration":0.5,"time":173.25,"angle":33.75,"angle2":67.5},{"type":"hold","duration":0.5,"time":173.75,"angle":67.5,"angle2":56.25},{"type":"hold","duration":0.5,"time":174.25,"angle":56.25,"angle2":56.25},{"type":"hold","duration":0.5,"time":175.5,"angle":56.25,"angle2":78.75},{"type":"hold","duration":1,"time":176,"angle":78.75,"angle2":78.75},{"type":"hold","duration":1,"time":177,"angle":78.75,"angle2":78.75},{"type":"hold","duration":1.25,"time":178.25,"angle":78.75,"angle2":33.75},{"angle":78.75,"type":"block","time":177.5},{"type":"hold","duration":1,"time":180,"angle":45,"angle2":45},{"type":"hold","duration":0.5,"time":181,"angle":45,"angle2":22.5},{"type":"hold","duration":1,"time":181.5,"angle":22.5,"angle2":67.5},{"type":"hold","duration":0.75,"time":183,"angle":67.5,"angle2":67.5},{"type":"hold","duration":1.25,"time":183.75,"angle":67.5,"angle2":33.75},{"type":"hold","duration":1,"time":185.25,"angle":33.75,"angle2":56.25},{"type":"hold","duration":1.75,"time":186.25,"angle":56.25,"angle2":168.75},{"angle":191.25,"type":"block","time":192},{"angle":180,"type":"block","time":192.5},{"angle":202.5,"type":"block","time":193},{"angle":180,"type":"block","time":193.25},{"angle":180,"type":"block","time":194},{"type":"hold","duration":1.75,"angle":202.5,"time":194.75,"angle2":270,"speedMult":1.5},{"type":"hold","duration":1,"time":198.75,"angle":258.75,"angle2":258.75},{"type":"hold","duration":0.25,"speedMult":3,"time":199.75,"angle":258.75,"angle2":281.25},{"type":"hold","duration":0.75,"angle":281.25,"time":200,"speedMult":3,"angle2":236.25},{"type":"hold","duration":0.5,"speedMult":3,"time":201.25,"angle2":270,"angle":236.25},{"type":"hold","duration":1,"speedMult":3,"time":201.75,"angle2":191.25,"angle":270},{"type":"hold","duration":0.5,"angle":191.25,"time":202.75,"angle2":236.25,"speedMult":3},{"type":"hold","duration":1.25,"speedMult":3,"time":203.25,"angle2":337.5,"angle":236.25},{"type":"hold","duration":1,"angle2":393.75,"time":204.5,"speedMult":3,"angle":337.5},{"type":"hold","duration":0.5,"angle2":45,"time":207.75,"angle":56.25,"speedMult":3},{"type":"hold","duration":0.5,"angle2":90,"time":208.25,"speedMult":3,"angle":45},{"type":"hold","duration":1,"angle2":33.75,"time":208.75,"speedMult":3,"angle":90},{"type":"hold","duration":0.5,"angle2":90,"time":209.75,"angle":33.75,"speedMult":3},{"type":"hold","duration":0.5,"angle2":157.5,"time":210.25,"speedMult":3,"angle":90},{"type":"hold","duration":1.25,"angle2":123.75,"time":211.75,"speedMult":3,"angle":180},{"type":"hold","duration":0.75,"angle2":157.5,"time":215,"speedMult":3,"angle":123.75},{"type":"hold","duration":0.5,"angle2":135,"time":215.75,"angle":157.5,"speedMult":3},{"type":"hold","duration":0.75,"angle2":191.25,"time":216.25,"angle":135,"speedMult":3},{"type":"hold","duration":0.75,"angle2":157.5,"time":217,"angle":191.25,"speedMult":3},{"type":"hold","duration":0.5,"angle2":191.25,"time":218.25,"angle":157.5,"speedMult":3},{"type":"hold","duration":1,"angle2":191.25,"time":218.75,"speedMult":3,"angle":191.25},{"type":"hold","duration":1,"angle2":236.25,"time":219.75,"speedMult":3,"angle":191.25},{"type":"hold","duration":1,"angle2":180,"time":220.75,"speedMult":3,"angle":236.25},{"type":"hold","duration":1,"angle2":123.75,"time":223,"angle":191.25,"speedMult":3},{"type":"hold","duration":1,"angle2":180,"time":224,"speedMult":3,"angle":123.75},{"type":"hold","duration":0.75,"angle2":236.25,"time":227,"angle":180,"speedMult":3},{"type":"hold","duration":1,"angle2":191.25,"time":227.75,"speedMult":3,"angle":236.25},{"type":"hold","duration":1,"angle2":247.5,"time":230.75,"angle":202.5,"speedMult":3},{"type":"hold","duration":0.75,"speedMult":3,"time":231.75,"angle2":348.75,"angle":247.5},{"type":"hold","duration":0.5,"speedMult":3,"time":233.25,"angle2":393.75,"angle":348.75},{"type":"hold","duration":0.75,"speedMult":3,"time":233.75,"angle2":-67.5,"angle":33.75},{"type":"hold","duration":0.5,"speedMult":3,"time":235,"angle2":348.75,"angle":292.5},{"type":"hold","duration":1.25,"speedMult":3,"time":235.5,"angle2":281.25,"angle":348.75},{"type":"block","speedMult":3,"angle":292.5,"time":239.75},{"type":"hold","duration":0.5,"speedMult":3,"time":240.25,"angle":292.5,"angle2":326.25},{"type":"hold","duration":0.75,"angle":326.25,"time":240.75,"speedMult":3,"angle2":281.25},{"type":"hold","duration":0.5,"angle":281.25,"time":242,"speedMult":3,"angle2":303.75},{"type":"hold","duration":1,"angle2":326.25,"time":243.75,"speedMult":3,"angle":281.25},{"type":"hold","duration":1,"angle2":270,"time":244.75,"speedMult":3,"angle":326.25},{"type":"hold","duration":0.5,"angle":303.75,"time":242.5,"speedMult":3,"angle2":281.25},{"type":"hold","duration":1,"speedMult":3,"time":247,"angle2":292.5,"angle":258.75},{"type":"hold","duration":0.5,"angle2":247.5,"time":248,"angle":292.5,"speedMult":3},{"type":"hold","duration":0.25,"angle2":247.5,"time":248.5,"angle":247.5,"speedMult":3},{"type":"hold","duration":1,"angle2":292.5,"time":248.75,"speedMult":3,"angle":247.5},{"type":"hold","duration":1,"angle2":337.5,"time":249.75,"speedMult":3,"angle":292.5},{"type":"hold","duration":1,"angle2":337.5,"time":250.75,"angle":337.5,"speedMult":3},{"type":"hold","duration":1,"angle2":281.25,"time":251.75,"speedMult":3,"angle":337.5},{"type":"hold","duration":1.25,"angle":281.25,"time":254.75,"speedMult":3,"angle2":326.25},{"type":"hold","duration":1,"angle2":281.25,"time":256,"speedMult":3,"angle":326.25},{"type":"hold","duration":1.25,"speedMult":3,"time":258.75,"angle2":326.25,"angle":281.25},{"type":"hold","duration":1,"speedMult":3,"time":260,"angle2":281.25,"angle":326.25},{"type":"hold","duration":1,"angle2":292.5,"angle":270,"time":263.83334350586,"speedMult":2},{"type":"hold","duration":0.49999988079071,"angle2":326.25,"angle":292.5,"time":264.83334350586,"speedMult":2},{"type":"hold","duration":0.49999988079071,"speedMult":2,"angle2":315,"time":265.33334350586,"angle":326.25},{"type":"hold","duration":0.49999988079071,"speedMult":2,"angle2":326.25,"time":266.83331298828,"angle":303.75},{"type":"hold","duration":0.49999988079071,"angle":326.25,"speedMult":2,"angle2":303.75,"time":267.5},{"type":"hold","duration":0.49999988079071,"speedMult":2,"time":268.83334350586,"angle2":292.5,"angle":303.75},{"type":"hold","duration":0.49999988079071,"angle":292.5,"speedMult":2,"angle2":326.25,"time":269.33331298828},{"type":"hold","duration":0.49999988079071,"angle":326.25,"speedMult":2,"angle2":326.25,"time":270},{"type":"hold","duration":0.49999988079071,"angle":326.25,"speedMult":2,"angle2":326.25,"time":271},{"type":"hold","duration":0.49999988079071,"angle2":337.5,"speedMult":2,"time":273.25,"angle":315},{"type":"hold","duration":0.49999988079071,"angle2":315,"speedMult":2,"time":273.75,"angle":337.5},{"type":"hold","duration":0.49999988079071,"angle2":315,"speedMult":2,"time":274.25,"angle":315},{"type":"hold","duration":0.49999988079071,"angle2":348.75,"speedMult":2,"time":275,"angle":315},{"type":"hold","duration":0.49999988079071,"angle2":348.75,"speedMult":2,"time":275.5,"angle":348.75},{"type":"hold","duration":0.49999988079071,"angle2":315,"speedMult":2,"time":276,"angle":348.75},{"type":"hold","duration":0.49999988079071,"angle2":326.25,"speedMult":2,"time":276.5,"angle":315},{"type":"hold","duration":0.49999988079071,"angle2":292.5,"speedMult":2,"time":277,"angle":326.25},{"type":"hold","duration":0.49999988079071,"angle2":292.5,"speedMult":2,"time":277.5,"angle":292.5},{"type":"hold","duration":0.49999988079071,"angle2":326.25,"speedMult":2,"time":278,"angle":292.5},{"type":"hold","duration":0.49999988079071,"angle2":303.75,"speedMult":2,"time":278.5,"angle":326.25},{"type":"hold","duration":0.49999988079071,"angle2":303.75,"speedMult":2,"time":279,"angle":303.75},{"type":"hold","duration":0.49999988079071,"angle2":337.5,"speedMult":2,"time":281.25,"angle":303.75},{"type":"hold","duration":0.49999988079071,"angle2":303.75,"speedMult":2,"time":282.25,"angle":337.5},{"type":"hold","duration":0.49999988079071,"angle2":303.75,"speedMult":2,"time":283.5,"angle":303.75},{"type":"hold","duration":0.49999988079071,"angle2":326.25,"speedMult":2,"time":284,"angle":303.75},{"type":"hold","duration":0.49999988079071,"angle2":326.25,"speedMult":2,"time":284.5,"angle":326.25},{"type":"hold","duration":0.49999988079071,"angle2":292.5,"speedMult":2,"time":285.75,"angle":326.25},{"type":"hold","duration":0.49999988079071,"angle2":315,"speedMult":2,"time":286.25,"angle":292.5},{"type":"hold","duration":0.49999988079071,"angle2":337.5,"speedMult":2,"time":288,"angle":315},{"type":"hold","duration":0.49999988079071,"angle2":303.75,"speedMult":2,"time":288.5,"angle":337.5},{"type":"hold","duration":0.49999988079071,"angle2":303.75,"speedMult":2,"time":289,"angle":303.75},{"type":"hold","duration":0.49999988079071,"angle2":337.5,"speedMult":2,"time":289.75,"angle":303.75},{"type":"hold","duration":0.49999988079071,"speedMult":2,"time":290.25,"angle":337.5,"angle2":292.5},{"type":"hold","duration":0.49999988079071,"speedMult":2,"angle":292.5,"time":291.5,"angle2":326.25},{"type":"hold","duration":0.49999988079071,"speedMult":2,"angle":326.25,"time":292,"angle2":292.5},{"type":"hold","duration":0.49999988079071,"speedMult":2,"angle":292.5,"time":292.5,"angle2":326.25},{"type":"hold","duration":0.49999988079071,"speedMult":2,"angle":326.25,"time":293,"angle2":292.5},{"type":"hold","duration":0.49999988079071,"speedMult":2,"angle":292.5,"time":293.5,"angle2":326.25},{"type":"hold","duration":2,"time":295,"angle2":-67.5,"angle":11.25,"speedMult":2},{"type":"hold","duration":1,"time":299,"angle2":348.75,"angle":281.25,"speedMult":2},{"type":"hold","duration":1,"time":300,"angle2":281.25,"angle":348.75,"speedMult":2},{"type":"hold","duration":1,"time":301,"angle2":225,"angle":281.25,"speedMult":2},{"type":"hold","duration":1,"time":302,"angle2":281.25,"angle":225,"speedMult":2},{"type":"hold","duration":1,"time":303,"angle2":315,"angle":281.25,"speedMult":2},{"type":"hold","duration":1,"time":304,"angle2":281.25,"angle":315,"speedMult":2},{"type":"hold","duration":1,"time":305,"angle2":213.75,"angle":281.25,"speedMult":2},{"type":"hold","duration":1,"time":306,"angle2":281.25,"angle":213.75,"speedMult":2},{"type":"hold","duration":1,"time":307,"angle2":326.25,"angle":281.25,"speedMult":2},{"type":"hold","duration":1,"time":308,"angle2":281.25,"angle":326.25,"speedMult":2},{"type":"hold","duration":1,"time":309,"angle2":337.5,"angle":281.25,"speedMult":2},{"type":"hold","duration":1,"time":310,"angle2":405,"angle":337.5,"speedMult":2},{"type":"hold","duration":1,"time":311,"angle2":326.25,"angle":405,"speedMult":2},{"type":"hold","duration":1,"time":312,"angle2":337.5,"angle":326.25,"speedMult":2},{"type":"hold","duration":1,"time":313,"angle2":236.25,"angle":337.5,"speedMult":2},{"type":"hold","duration":1,"time":314,"angle2":281.25,"angle":236.25,"speedMult":2},{"type":"hold","duration":1,"time":315,"angle2":281.25,"angle":281.25,"speedMult":2},{"type":"hold","duration":1,"time":316,"angle2":315,"angle":281.25,"speedMult":2},{"type":"hold","duration":1,"time":317,"angle2":348.75,"angle":315,"speedMult":2},{"type":"hold","duration":1,"time":318,"angle2":281.25,"angle":348.75,"speedMult":2},{"type":"hold","duration":1,"time":319,"angle2":236.25,"angle":281.25,"speedMult":2},{"type":"hold","duration":1,"time":320,"angle2":326.25,"angle":236.25,"speedMult":2},{"type":"hold","duration":1,"time":321,"angle2":281.25,"angle":326.25,"speedMult":2},{"type":"hold","duration":1,"time":322,"angle2":326.25,"angle":281.25,"speedMult":2},{"type":"hold","duration":1,"time":323,"angle2":281.25,"angle":326.25,"speedMult":2},{"type":"hold","duration":1,"angle":281.25,"angle2":213.75,"time":324,"speedMult":2},{"type":"hold","duration":1,"angle":213.75,"angle2":281.25,"time":325,"speedMult":2},{"type":"hold","duration":1,"angle":281.25,"angle2":326.25,"time":326,"speedMult":2},{"type":"hold","duration":1,"angle":326.25,"angle2":281.25,"time":327,"speedMult":2},{"type":"hold","duration":1,"angle":281.25,"angle2":337.5,"time":328,"speedMult":2},{"type":"hold","duration":1,"angle":337.5,"angle2":281.25,"time":329,"speedMult":2},{"type":"hold","duration":0.5,"angle2":315,"speedMult":2,"time":272.25,"angle":315},{"type":"hold","duration":0.5,"angle2":303.75,"speedMult":2,"time":280.25,"angle":303.75},{"type":"hold","duration":0.25,"angle2":303.75,"speedMult":2,"time":283.25,"angle":303.75},{"type":"hold","duration":0.5,"angle2":315,"speedMult":2,"time":287.25,"angle":315},{"type":"hold","duration":1,"time":330.75,"angle2":258.75,"angle":258.75},{"type":"hold","duration":0.25,"speedMult":3,"time":331.75,"angle":258.75,"angle2":281.25},{"type":"hold","duration":0.75,"angle":281.25,"time":332,"speedMult":3,"angle2":236.25},{"type":"hold","duration":0.5,"speedMult":3,"time":333.25,"angle2":270,"angle":236.25},{"type":"hold","duration":1,"speedMult":3,"time":333.75,"angle2":191.25,"angle":270},{"type":"hold","duration":0.5,"angle":191.25,"time":334.75,"angle2":236.25,"speedMult":3},{"type":"hold","duration":1.25,"speedMult":3,"time":335.25,"angle2":337.5,"angle":236.25},{"type":"hold","duration":1,"angle2":393.75,"time":336.5,"speedMult":3,"angle":337.5},{"type":"hold","duration":0.5,"angle2":45,"time":339.75,"angle":56.25,"speedMult":3},{"type":"hold","duration":0.5,"angle2":90,"time":340.25,"speedMult":3,"angle":45},{"type":"hold","duration":1,"angle2":33.75,"time":340.75,"speedMult":3,"angle":90},{"type":"hold","duration":0.5,"angle2":90,"time":341.75,"angle":33.75,"speedMult":3},{"type":"hold","duration":0.5,"angle2":157.5,"time":342.25,"speedMult":3,"angle":90},{"type":"hold","duration":1.25,"angle2":123.75,"time":343.75,"speedMult":3,"angle":180},{"type":"hold","duration":0.75,"angle2":157.5,"time":347,"speedMult":3,"angle":123.75},{"type":"hold","duration":0.5,"angle2":135,"time":347.75,"angle":157.5,"speedMult":3},{"type":"hold","duration":0.75,"angle2":191.25,"time":348.25,"angle":135,"speedMult":3},{"type":"hold","duration":0.75,"angle2":157.5,"time":349,"angle":191.25,"speedMult":3},{"type":"hold","duration":0.5,"angle2":191.25,"time":350.25,"angle":157.5,"speedMult":3},{"type":"hold","duration":1,"angle2":191.25,"time":350.75,"speedMult":3,"angle":191.25},{"type":"hold","duration":1,"angle2":236.25,"time":351.75,"speedMult":3,"angle":191.25},{"type":"hold","duration":1,"angle2":180,"time":352.75,"speedMult":3,"angle":236.25},{"type":"hold","duration":1,"angle2":123.75,"time":355,"angle":191.25,"speedMult":3},{"type":"hold","duration":1,"angle2":180,"time":356,"speedMult":3,"angle":123.75},{"type":"hold","duration":0.75,"angle2":236.25,"time":359,"angle":180,"speedMult":3},{"type":"hold","duration":1,"angle2":191.25,"time":359.75,"speedMult":3,"angle":236.25},{"type":"hold","duration":1,"angle2":247.5,"time":362.75,"angle":202.5,"speedMult":3},{"type":"hold","duration":0.75,"speedMult":3,"time":363.75,"angle2":348.75,"angle":247.5},{"type":"hold","duration":0.5,"speedMult":3,"time":365.25,"angle2":393.75,"angle":348.75},{"type":"hold","duration":0.75,"speedMult":3,"time":365.75,"angle2":-67.5,"angle":33.75},{"type":"hold","duration":0.5,"speedMult":3,"time":367,"angle2":348.75,"angle":292.5},{"type":"hold","duration":1.25,"speedMult":3,"time":367.5,"angle2":281.25,"angle":348.75},{"type":"block","speedMult":3,"time":371.75,"angle":292.5},{"type":"hold","duration":0.5,"speedMult":3,"time":372.25,"angle":292.5,"angle2":326.25},{"type":"hold","duration":0.75,"angle":326.25,"time":372.75,"speedMult":3,"angle2":281.25},{"type":"hold","duration":0.5,"angle":281.25,"time":374,"speedMult":3,"angle2":303.75},{"type":"hold","duration":1,"angle2":326.25,"time":375.75,"speedMult":3,"angle":281.25},{"type":"hold","duration":1,"angle2":270,"time":376.75,"speedMult":3,"angle":326.25},{"type":"hold","duration":0.5,"angle":303.75,"time":374.5,"speedMult":3,"angle2":281.25},{"type":"hold","duration":1,"speedMult":3,"time":379,"angle2":292.5,"angle":258.75},{"type":"hold","duration":0.5,"angle2":247.5,"time":380,"angle":292.5,"speedMult":3},{"type":"hold","duration":0.25,"angle2":247.5,"time":380.5,"angle":247.5,"speedMult":3},{"type":"hold","duration":1,"angle2":292.5,"time":380.75,"speedMult":3,"angle":247.5},{"type":"hold","duration":1,"angle2":337.5,"time":381.75,"speedMult":3,"angle":292.5},{"type":"hold","duration":1,"angle2":337.5,"time":382.75,"angle":337.5,"speedMult":3},{"type":"hold","duration":1,"angle2":281.25,"time":383.75,"speedMult":3,"angle":337.5},{"type":"hold","duration":1.25,"angle":281.25,"time":386.75,"speedMult":3,"angle2":326.25},{"type":"hold","duration":1,"angle2":281.25,"time":388,"speedMult":3,"angle":326.25},{"type":"hold","duration":1.25,"speedMult":3,"time":390.75,"angle2":326.25,"angle":281.25},{"type":"hold","duration":1,"speedMult":3,"time":392,"angle2":281.25,"angle":326.25}]