{"properties":{"startBeat":0,"formatversion":12,"offset":8,"speed":70},"events":[{"file":"song.wav","angle":0,"time":0,"type":"play","offset":0.11999999731779,"volume":3,"bpm":168},{"value":1.5000004768372,"angle":180,"duration":1,"type":"ease","ease":"inOutSine","time":31,"var":"scrollSpeed"},{"enabled":true,"time":61.75,"duration":0.25,"paddle":1,"ease":"outSine","type":"paddles","newWidth":360,"angle":247.5},{"value":3,"angle":225,"duration":0,"type":"ease","ease":"outSine","time":61.75,"var":"scrollSpeed"},{"value":144,"angle":90,"type":"ease","time":62.5,"var":"vfx.canvPos.r"},{"value":216,"angle":90,"type":"ease","time":63,"var":"vfx.canvPos.r"},{"value":288,"angle":90,"type":"ease","time":63.5,"var":"vfx.canvPos.r"},{"value":0,"angle":90,"type":"ease","time":64,"var":"vfx.canvPos.r"},{"value":4,"angle":90,"type":"ease","time":0,"var":"vfx.extraTapWidth"},{"value":72,"angle":90,"type":"ease","time":62,"var":"vfx.canvPos.r"},{"value":1.5,"angle":270,"type":"ease","time":64,"var":"scrollSpeed"},{"angle":255,"ease":"linear","duration":0,"paddle":1,"newWidth":70,"type":"paddles","time":64},{"angle":0,"ease":"linear","duration":0,"paddle":1,"newWidth":90,"type":"paddles","time":75.5},{"angle":0,"ease":"linear","duration":0,"paddle":1,"newWidth":70,"type":"paddles","time":76},{"angle":360,"ease":"linear","duration":0,"paddle":1,"newWidth":120,"type":"paddles","time":52},{"angle":315,"ease":"linear","duration":0,"paddle":1,"newWidth":70,"type":"paddles","time":54},{"value":1,"angle":300,"duration":1,"type":"ease","ease":"inOutSine","time":95,"var":"scrollSpeed"},{"angle":60,"ease":"linear","duration":0,"paddle":1,"newWidth":120,"type":"paddles","time":95},{"enabled":false,"ease":"linear","duration":0,"paddle":0,"type":"paddles","angle":315,"time":109.75},{"enabled":false,"ease":"linear","duration":0,"paddle":0,"type":"paddles","angle":315,"time":125.75},{"enabled":true,"time":111.75,"duration":0,"paddle":1,"ease":"linear","type":"paddles","newWidth":120,"angle":225},{"enabled":true,"time":127.75,"duration":0,"paddle":1,"ease":"linear","type":"paddles","newWidth":120,"angle":240},{"value":300,"angle":45,"duration":1,"type":"ease","ease":"outSine","time":95,"var":"p.y"},{"value":180,"angle":180,"duration":4,"type":"ease","time":124,"var":"p.y"},{"angle":285,"ease":"linear","duration":0,"paddle":1,"newWidth":70,"type":"paddles","time":158},{"value":1.5,"angle":180,"duration":1,"type":"ease","ease":"inOutSine","time":159,"var":"scrollSpeed"},{"value":60,"angle":360,"duration":1,"type":"ease","ease":"inOutSine","time":223,"var":"p.y"},{"angle":360,"ease":"linear","duration":0,"paddle":1,"newWidth":150,"type":"paddles","time":223.75},{"enabled":false,"ease":"linear","duration":0,"paddle":0,"type":"paddles","angle":315,"time":237.75},{"enabled":true,"time":239.75,"duration":0,"paddle":1,"ease":"linear","type":"paddles","newWidth":150,"angle":240},{"value":1,"angle":345,"duration":1,"type":"ease","ease":"inOutSine","time":223,"var":"scrollSpeed"},{"enabled":false,"ease":"linear","duration":0,"paddle":0,"type":"paddles","angle":315,"time":253.75},{"enabled":true,"time":255.75,"duration":0,"paddle":1,"ease":"linear","type":"paddles","newWidth":70,"angle":240},{"value":180,"angle":345,"duration":4,"type":"ease","ease":"inOutSine","time":251,"var":"p.y"},{"r":0,"g":0,"type":"setColor","angle":180,"color":0,"time":0,"b":0},{"r":255,"g":255,"type":"setColor","angle":202.5,"color":1,"time":0,"b":255},{"angle":180,"time":287.5,"type":"showResults"},{"angle":195,"type":"noise","time":158,"chance":0.89999943971634,"color":1},{"angle":165,"type":"noise","time":160,"chance":0,"color":0},{"angle":60,"type":"noise","time":206,"chance":0.79999953508377,"color":1},{"angle":60,"type":"noise","time":208,"chance":0,"color":0}],"metadata":{"songName":"P3T(no flash)","description":"Fun song, fun chart c:\nDied while charted this that's THE whackiest yet coolest chart that i made lol\n\nMechanics: sides, mines\nDon't die, please.","difficulty":11,"artistLink":"","artist":"femtanyl","bgData":{"greenChannel":{"r":255,"g":255,"b":255},"yellowChannel":{"r":0,"g":0,"b":0},"magentaChannel":{"r":255,"g":255,"b":255},"cyanChannel":{"r":255,"g":255,"b":255},"image":"bg.png","redChannel":{"r":255,"g":255,"b":255},"blueChannel":{"r":220,"g":222,"b":255}},"charter":"himych","bg":true}}