[{"type":"block","angle":337.5,"time":8.5},{"type":"block","angle":22.5,"time":10.5},{"type":"block","angle":337.5,"time":12.5},{"type":"block","angle":22.5,"time":14.5},{"type":"block","angle":337.5,"time":16.5},{"type":"block","angle":22.5,"time":18.5},{"type":"block","angle":202.5,"time":24.5},{"type":"block","angle":157.5,"time":26.5},{"type":"block","angle":202.5,"time":28.5},{"type":"block","angle":157.5,"time":30.5},{"type":"block","angle":337.5,"time":4.5},{"type":"block","angle":22.5,"time":6.5},{"type":"block","angle":202.5,"time":32.5},{"type":"block","angle":157.5,"time":34.5},{"type":"block","angle":22.5,"time":50.5},{"type":"hold","angle":180,"duration":2,"time":68.5,"angle2":157.5},{"type":"hold","angle":112.5,"duration":3,"time":71.5,"angle2":90},{"type":"hold","angle":0,"duration":2,"time":76.5,"angle2":0},{"type":"block","angle":45,"time":80.5},{"type":"block","angle":90,"time":82.5},{"type":"block","angle":90,"time":84.5},{"type":"block","angle":112.5,"time":85.5},{"type":"block","angle":112.5,"time":87.5},{"type":"block","angle":67.5,"time":90.5},{"type":"block","angle":22.5,"time":91.5},{"type":"block","angle":360,"time":100.5},{"type":"hold","angle":337.5,"duration":3,"time":101.5,"angle2":405},{"type":"block","angle":90,"time":106.5},{"type":"block","angle":135,"time":108.5},{"type":"block","angle":157.5,"time":110.5},{"type":"hold","angle":180,"duration":3,"time":111.5,"angle2":180},{"type":"block","angle":202.5,"time":116.5},{"type":"block","angle":225,"time":117.5},{"type":"block","angle":202.5,"time":119.5},{"type":"block","angle":180,"time":122.5},{"type":"block","angle":180,"time":123.5},{"type":"block","angle":270,"time":133.5},{"type":"block","angle":270,"time":134.5},{"type":"block","angle":270,"time":135.5},{"type":"block","angle":292.5,"time":136.5},{"type":"block","angle":315,"time":138.5},{"type":"hold","angle":0,"duration":2,"time":140.5,"angle2":0},{"type":"block","angle":337.5,"time":143.5},{"type":"block","angle":22.5,"time":145.5},{"type":"block","angle":315,"time":148.5},{"type":"block","angle":225,"time":150.5},{"type":"block","angle":157.5,"time":152.5},{"type":"block","angle":112.5,"time":154.5},{"type":"block","angle":157.5,"time":155.5},{"type":"hold","angle":225,"duration":3,"time":172.5,"angle2":337.5},{"type":"hold","angle":337.5,"duration":3,"time":175.5,"angle2":292.5},{"type":"hold","angle":202.5,"duration":8,"time":180.5,"angle2":180},{"type":"extraTap","angle":180,"time":192.5},{"type":"hold","angle":180,"duration":6,"time":196.5,"angle2":180},{"type":"hold","angle":191.25,"duration":6,"time":196.5,"angle2":191.25},{"type":"hold","angle":168.75,"duration":6,"time":196.5,"angle2":168.75},{"type":"mineHold","angle":247.5,"duration":6,"time":196.5,"angle2":247.5},{"type":"mineHold","angle":270,"duration":6,"time":196.5,"angle2":270},{"type":"mineHold","angle":292.5,"duration":6,"time":196.5,"angle2":292.5},{"type":"mineHold","angle":315,"duration":6,"time":196.5,"angle2":315},{"type":"mineHold","angle":337.5,"duration":6,"time":196.5,"angle2":337.5},{"type":"mineHold","angle":0,"duration":6,"time":196.5,"angle2":0},{"type":"mineHold","angle":45,"duration":6,"time":196.5,"angle2":45},{"type":"mineHold","angle":67.5,"duration":6,"time":196.5,"angle2":67.5},{"type":"mineHold","angle":90,"duration":6,"time":196.5,"angle2":90},{"type":"mineHold","angle":112.5,"duration":6,"time":196.5,"angle2":112.5},{"type":"mineHold","angle":22.5,"duration":6,"time":196.5,"angle2":22.5},{"type":"hold","angle":180,"duration":4,"time":204.5,"angle2":270},{"type":"hold","duration":6,"angle2":405,"time":212.5,"angle":337.5},{"type":"hold","angle":45,"duration":6,"time":218.5,"angle2":0},{"type":"hold","angle":0,"duration":4,"time":224.5,"angle2":0},{"type":"hold","angle":0,"duration":2,"time":228.5,"angle2":33.75},{"type":"hold","angle":33.75,"duration":4,"time":230.5,"angle2":22.5},{"type":"hold","angle":22.5,"duration":4,"time":234.5,"angle2":-45},{"type":"hold","angle":315,"duration":7,"time":238.5,"angle2":360},{"type":"hold","angle":22.5,"duration":3,"time":253.5,"angle2":33.75},{"type":"hold","angle":56.25,"duration":6,"time":261,"angle2":56.25},{"type":"hold","duration":6,"angle2":45,"time":261,"angle":45},{"type":"hold","angle":67.5,"duration":6,"time":261,"angle2":67.5},{"type":"block","angle":33.75,"time":273},{"type":"hold","angle":360,"duration":6,"time":276.5,"angle2":360},{"type":"hold","angle":11.25,"duration":6,"time":276.5,"angle2":11.25},{"type":"hold","angle":348.75,"duration":6,"time":276.5,"angle2":348.75},{"type":"hold","angle":0,"duration":4,"time":292.5,"angle2":-45},{"type":"hold","angle":315,"duration":2,"time":296.5,"angle2":337.5},{"type":"hold","angle":337.5,"duration":6,"time":298.5,"angle2":303.75},{"type":"hold","angle":292.5,"duration":3,"time":308.5,"angle2":281.25},{"type":"hold","angle":281.25,"duration":3,"time":311.5,"angle2":247.5},{"type":"hold","angle":247.5,"duration":4,"time":314.5,"angle2":202.5},{"type":"hold","angle":225,"duration":2,"time":323.5,"angle2":360},{"type":"hold","angle":0,"duration":5,"time":325.5,"angle2":0},{"type":"hold","angle":0,"duration":2,"time":330.5,"angle2":-11.25},{"type":"hold","angle":348.75,"duration":4,"time":332.5,"angle2":382.5},{"type":"hold","holdEase":"inSine","angle2":-315,"time":336.5,"duration":8,"angle":22.5},{"type":"hold","holdEase":"outSine","angle2":22.5,"time":344.5,"duration":4,"angle":45},{"type":"hold","angle":22.5,"duration":4,"time":348.5,"angle2":22.5},{"type":"hold","angle":22.5,"duration":4,"time":352.5,"angle2":0},{"type":"hold","duration":2,"angle":360,"time":356.5,"angle2":360},{"type":"hold","angle":0,"duration":6,"time":358.5,"angle2":0},{"type":"hold","angle":0,"duration":2,"time":364.5,"angle2":-45},{"type":"hold","angle":315,"duration":8,"time":366.5,"angle2":337.5},{"type":"block","angle":348.75,"time":381.5},{"type":"block","angle":11.25,"time":384.5},{"type":"hold","duration":8,"angle":0,"time":388.5,"angle2":0},{"type":"hold","angle":11.25,"duration":8,"time":388.5,"angle2":11.25},{"type":"hold","angle":348.75,"duration":8,"time":388.5,"angle2":348.75},{"type":"block","angle":56.25,"time":400.5},{"type":"hold","duration":8,"angle":90,"time":404.5,"angle2":90},{"type":"hold","angle":78.75,"duration":8,"time":404.5,"angle2":78.75},{"type":"hold","angle":101.25,"duration":8,"time":404.5,"angle2":101.25},{"type":"hold","angle":90,"duration":4,"time":420.5,"angle2":67.5},{"type":"hold","angle":67.5,"duration":2,"time":424.5,"angle2":78.75},{"type":"hold","angle":78.75,"duration":4,"time":426.5,"angle2":56.25},{"type":"hold","angle":56.25,"duration":6,"time":430.5,"angle2":67.5},{"type":"hold","angle":67.5,"duration":16,"time":436.5,"angle2":-67.5},{"type":"block","angle":33.75,"time":440.5},{"type":"block","angle":8.5981492996216,"time":443.5},{"type":"block","angle":335.30844116211,"time":447.5},{"type":"hold","angle":292.5,"duration":40,"time":452.5,"angle2":180},{"type":"mineHold","duration":6,"angle2":225,"time":212.5,"angle":157.5},{"type":"mineHold","duration":6,"angle2":0,"time":261,"angle":0},{"type":"mineHold","duration":6,"angle2":337.5,"time":261,"angle":337.5},{"type":"mineHold","angle":315,"duration":6,"time":261,"angle2":315},{"type":"mineHold","angle":292.5,"duration":6,"time":261,"angle2":292.5},{"type":"mineHold","angle":270,"duration":6,"time":261,"angle2":270},{"type":"mineHold","angle":247.5,"duration":6,"time":261,"angle2":247.5},{"type":"mineHold","angle":225,"duration":6,"time":261,"angle2":225},{"type":"mineHold","angle":202.5,"duration":6,"time":261,"angle2":202.5},{"type":"mineHold","angle":180,"duration":6,"time":261,"angle2":180},{"type":"mineHold","angle":157.5,"duration":6,"time":261,"angle2":157.5},{"type":"mineHold","angle":135,"duration":6,"time":261,"angle2":135},{"type":"mineHold","angle":112.5,"duration":6,"time":261,"angle2":112.5},{"type":"mineHold","angle":315,"duration":6,"time":276.5,"angle2":315},{"type":"mineHold","angle":292.5,"duration":6,"time":276.5,"angle2":292.5},{"type":"mineHold","angle":270,"duration":6,"time":276.5,"angle2":270},{"type":"mineHold","angle":247.5,"duration":6,"time":276.5,"angle2":247.5},{"type":"mineHold","angle":225,"duration":6,"time":276.5,"angle2":225},{"type":"mineHold","angle":202.5,"duration":6,"time":276.5,"angle2":202.5},{"type":"mineHold","angle":180,"duration":6,"time":276.5,"angle2":180},{"type":"mineHold","angle":157.5,"duration":6,"time":276.5,"angle2":157.5},{"type":"mineHold","angle":135,"duration":6,"time":276.5,"angle2":135},{"type":"mineHold","angle":112.5,"duration":6,"time":276.5,"angle2":112.5},{"type":"mineHold","angle":90,"duration":6,"time":276.5,"angle2":90},{"type":"mineHold","angle":67.5,"duration":6,"time":276.5,"angle2":67.5},{"type":"mineHold","angle":45,"duration":6,"time":276.5,"angle2":45},{"type":"block","angle":202.5,"time":20.5},{"type":"block","angle":157.5,"time":22.5},{"type":"block","angle":337.5,"time":36.5},{"type":"block","angle":22.5,"time":38.5},{"type":"block","angle":337.5,"time":40.5},{"type":"block","angle":22.5,"time":42.5},{"type":"block","angle":337.5,"time":44.5},{"type":"block","angle":22.5,"time":46.5},{"type":"block","angle":337.5,"time":48.5},{"type":"block","angle":202.5,"time":52.5},{"type":"block","angle":157.5,"time":54.5},{"type":"block","angle":202.5,"time":56.5},{"type":"block","angle":157.5,"time":58.5},{"type":"block","angle":202.5,"time":60.5},{"type":"block","angle":157.5,"time":62.5},{"type":"block","angle":202.5,"time":64.5},{"type":"block","angle":157.5,"time":66.5},{"type":"mineHold","duration":8,"angle":315,"time":388.5,"angle2":315},{"type":"mineHold","duration":8,"angle":292.5,"time":388.5,"angle2":292.5},{"type":"mineHold","duration":8,"angle":270,"time":388.5,"angle2":270},{"type":"mineHold","duration":8,"angle":247.5,"time":388.5,"angle2":247.5},{"type":"mineHold","duration":8,"angle":225,"time":388.5,"angle2":225},{"type":"mineHold","duration":8,"angle":202.5,"time":388.5,"angle2":202.5},{"type":"mineHold","duration":8,"angle":180,"time":388.5,"angle2":180},{"type":"mineHold","duration":8,"angle":157.5,"time":388.5,"angle2":157.5},{"type":"mineHold","duration":8,"angle":135,"time":388.5,"angle2":135},{"type":"mineHold","duration":8,"angle":112.5,"time":388.5,"angle2":112.5},{"type":"mineHold","duration":8,"angle":90,"time":388.5,"angle2":90},{"type":"mineHold","duration":8,"angle":67.5,"time":388.5,"angle2":67.5},{"type":"mineHold","duration":8,"angle":45,"time":388.5,"angle2":45},{"type":"mineHold","duration":8,"angle":45,"time":404.5,"angle2":45},{"type":"mineHold","duration":8,"angle":22.5,"time":404.5,"angle2":22.5},{"type":"mineHold","duration":8,"angle":360,"time":404.5,"angle2":360},{"type":"mineHold","duration":8,"angle":337.5,"time":404.5,"angle2":337.5},{"type":"mineHold","duration":8,"angle":315,"time":404.5,"angle2":315},{"type":"mineHold","duration":8,"angle":292.5,"time":404.5,"angle2":292.5},{"type":"mineHold","duration":8,"angle":270,"time":404.5,"angle2":270},{"type":"mineHold","duration":8,"angle":247.5,"time":404.5,"angle2":247.5},{"type":"mineHold","duration":8,"angle":225,"time":404.5,"angle2":225},{"type":"mineHold","duration":8,"angle":202.5,"time":404.5,"angle2":202.5},{"type":"mineHold","duration":8,"angle":180,"time":404.5,"angle2":180},{"type":"mineHold","duration":8,"angle":157.5,"time":404.5,"angle2":157.5},{"type":"mineHold","duration":8,"angle":135,"time":404.5,"angle2":135},{"type":"mineHold","duration":6,"angle":67.5,"time":212.5,"angle2":112.5},{"type":"mineHold","duration":6,"angle":247.5,"time":212.5,"angle2":292.5},{"type":"mine","angle":315,"time":228.5},{"type":"mine","angle":270,"time":228.5},{"type":"mine","angle":225,"time":228.5},{"type":"mine","angle":180,"time":228.5},{"type":"mine","angle":135,"time":228.5},{"type":"mine","angle":90,"time":228.5},{"type":"mine","angle":45,"time":228.5},{"type":"mine","angle":348.75,"time":230.5},{"type":"mine","angle":303.75,"time":230.5},{"type":"mine","angle":258.75,"time":230.5},{"type":"mine","angle":213.75,"time":230.5},{"type":"mine","angle":168.75,"time":230.5},{"type":"mine","angle":123.75,"time":230.5},{"type":"mine","angle":78.75,"time":230.5},{"type":"mine","angle":315,"time":245.5},{"type":"mine","angle":292.5,"time":245.5},{"type":"mine","angle":270,"time":245.5},{"type":"mine","angle":247.5,"time":245.5},{"type":"mine","angle":225,"time":245.5},{"type":"mine","angle":202.5,"time":245.5},{"type":"mine","angle":180,"time":245.5},{"type":"mine","angle":157.5,"time":245.5},{"type":"mine","angle":135,"time":245.5},{"type":"mine","angle":112.5,"time":245.5},{"type":"mine","angle":90,"time":245.5},{"type":"mine","angle":67.5,"time":245.5},{"type":"mine","angle":45,"time":245.5},{"type":"mineHold","angle":270,"duration":4,"time":292.5,"angle2":225},{"type":"mineHold","angle":180,"duration":4,"time":292.5,"angle2":135},{"type":"mineHold","angle":90,"duration":4,"time":292.5,"angle2":45},{"type":"mineHold","angle":45,"duration":2,"time":296.5,"angle2":67.5},{"type":"mineHold","angle":135,"duration":2,"time":296.5,"angle2":157.5},{"type":"mineHold","angle":225,"duration":2,"time":296.5,"angle2":247.5},{"type":"mineHold","angle":247.5,"duration":6,"time":298.5,"angle2":213.75},{"type":"mineHold","angle":157.5,"duration":6,"time":298.5,"angle2":123.75},{"type":"mineHold","angle":67.5,"duration":6,"time":298.5,"angle2":33.75},{"type":"mine","angle":112.5,"time":308.5},{"type":"mine","angle":22.5,"time":308.5},{"type":"mine","angle":202.5,"time":308.5},{"type":"mine","angle":101.25,"time":311.5},{"type":"mine","angle":191.25,"time":311.5},{"type":"mine","angle":11.25,"time":311.5},{"type":"mine","angle":67.5,"time":314.5},{"type":"mine","angle":337.5,"time":314.5},{"type":"mine","angle":157.5,"time":314.5},{"type":"mineHold","holdEase":"inSine","duration":8,"time":336.5,"angle2":-135,"angle":202.5},{"type":"mine","angle":300,"time":356.5},{"type":"mine","angle":270,"time":356.5},{"type":"mine","angle":210,"time":356.5},{"type":"mine","angle":240,"time":356.5},{"type":"mine","angle":180,"time":356.5},{"type":"mine","angle":150,"time":356.5},{"type":"mine","angle":120,"time":356.5},{"type":"mine","angle":90,"time":356.5},{"type":"mine","angle":60,"time":356.5},{"type":"mine","angle":300,"time":358.5},{"type":"mine","angle":270,"time":358.5},{"type":"mine","angle":240,"time":358.5},{"type":"mine","angle":210,"time":358.5},{"type":"mine","angle":180,"time":358.5},{"type":"mine","angle":150,"time":358.5},{"type":"mine","angle":120,"time":358.5},{"type":"mine","angle":90,"time":358.5},{"type":"mine","angle":60,"time":358.5},{"type":"mineHold","duration":6,"angle":236.25,"time":430.5,"angle2":247.5},{"type":"mineHold","duration":4,"angle":270,"time":420.5,"angle2":247.5},{"type":"mineHold","duration":2,"angle":247.5,"time":424.5,"angle2":258.75},{"type":"mineHold","duration":4,"angle":258.75,"time":426.5,"angle2":236.25},{"type":"mineHold","angle":247.5,"duration":16,"time":436.5,"angle2":112.5}]