{"metadata":{"bg":true,"songName":"orchids","description":"blooming through city streets at night","difficulty":3,"artistLink":"","artist":"glass beach","bgData":{"blueChannel":{"r":22,"g":86,"b":149},"image":"cover.png","yellowChannel":{"r":158,"g":137,"b":119},"magentaChannel":{"r":207,"g":96,"b":148},"cyanChannel":{"r":32,"g":136,"b":122},"greenChannel":{"r":19,"g":158,"b":158},"redChannel":{"r":194,"g":53,"b":77}},"charter":"Cygnus"},"properties":{"speed":70,"formatversion":13,"offset":8},"events":[{"type":"play","file":"orchids.ogg","angle":0,"time":0,"volume":1,"offset":1,"bpm":220},{"duration":0,"time":192.5,"order":0,"type":"setColor","g":0,"r":0,"b":0,"angle":157.5,"color":0},{"type":"setBgColor","angle":90,"time":192.5,"order":0,"color":0},{"type":"outline","angle":135,"time":192.5,"enable":true,"order":1,"color":1},{"type":"setColor","r":255,"time":192.5,"angle":112.5,"b":255,"g":255,"color":1},{"type":"setBPM","angle":157.5,"time":196.5,"bpm":440},{"type":"noise","angle":202.5,"chance":0.9990000128746,"time":196.5,"color":1},{"type":"showResults","angle":180,"time":496.5},{"type":"setColor","angle":90,"time":0,"r":164,"b":210,"g":185,"color":0},{"type":"paddles","duration":0,"time":0,"paddle":1,"ease":"linear","angle":180,"newWidth":60}]}