[{"duration":8,"type":"hold","time":1,"angle2":-11.25,"angle":11.25},{"duration":8,"type":"hold","time":1,"angle2":371.25,"angle":348.75},{"time":15,"type":"block","angle":281.25},{"time":15,"type":"block","angle":315},{"duration":6,"angle":45,"time":17,"type":"hold","angle2":0},{"duration":4.1666655540466,"type":"hold","time":25,"angle2":348.75,"angle":348.75},{"duration":4.0833320617676,"type":"hold","time":25.083333969116,"angle2":0,"angle":0},{"duration":3.9999988079071,"type":"hold","time":25.166666030884,"angle2":11.25,"angle":11.25},{"time":31,"type":"block","angle":348.75},{"time":31,"type":"block","angle":11.25},{"time":33.333332061768,"type":"block","angle":348.75},{"time":33.416667938232,"type":"block","angle":360},{"time":33.5,"type":"block","angle":11.25},{"time":39,"type":"block","angle":360},{"time":41,"type":"block","angle":326.25},{"time":41.083332061768,"type":"block","angle":337.5},{"time":41.166667938232,"type":"block","angle":348.75},{"time":47,"type":"block","angle":22.5},{"time":45,"angle":337.5,"type":"block"},{"duration":1.9999998807907,"angle2":11.25,"time":49,"angle":22.5,"type":"hold"},{"duration":1.9999998807907,"angle":0,"time":49,"type":"hold","angle2":0},{"duration":1.9999998807907,"angle":337.5,"time":49,"type":"hold","angle2":348.75},{"time":52,"type":"block","angle":348.75},{"time":52.5,"type":"block","angle":360},{"time":53,"type":"block","angle":11.25},{"time":54,"type":"block","angle":348.75},{"time":55,"type":"block","angle":0},{"time":55.166667938232,"type":"block","angle":11.25},{"time":55.333332061768,"type":"block","angle":0},{"time":56,"type":"block","angle":0},{"duration":1.9999998807907,"type":"hold","time":57,"angle2":191.25,"angle":348.75},{"duration":1.9999997615814,"type":"hold","time":59,"angle2":213.75,"angle":191.25},{"duration":1.9999997615814,"type":"hold","time":61,"angle2":213.75,"angle":213.75},{"time":63,"type":"block","angle":202.5},{"time":63,"type":"block","angle":225},{"time":65,"type":"block","angle":303.75},{"time":65,"type":"block","angle":326.25},{"time":67,"type":"block","angle":360},{"time":67,"type":"block","angle":22.5},{"time":68,"type":"block","angle":0},{"time":68.5,"type":"block","angle":348.75},{"time":69,"type":"block","angle":11.25},{"time":70,"type":"block","angle":0},{"time":71,"type":"block","angle":0},{"time":71.166664123535,"type":"block","angle":11.25},{"time":71.333335876465,"type":"block","angle":0},{"time":72,"type":"block","angle":0},{"duration":1.9999997615814,"type":"hold","time":73,"angle2":360,"angle":360},{"duration":1.9999997615814,"type":"hold","time":73,"angle2":11.25,"angle":11.25},{"duration":1.9999997615814,"type":"hold","time":73,"angle2":348.75,"angle":348.75},{"time":77,"type":"block","angle":0},{"time":79,"type":"block","angle":33.75},{"time":79,"type":"block","angle":56.25},{"time":81,"type":"block","angle":11.25},{"time":81,"type":"block","angle":22.5},{"time":81,"type":"block","angle":33.75},{"time":83,"type":"block","angle":11.25},{"time":84,"type":"block","angle":33.75},{"time":85,"type":"block","angle":360},{"time":86,"type":"block","angle":22.5},{"time":87,"type":"block","angle":326.25},{"time":88,"type":"block","angle":0},{"type":"block","angle":236.25,"time":89,"tap":true},{"type":"block","angle":258.75,"time":89,"tap":true},{"time":91,"type":"block","angle":258.75},{"time":92,"type":"block","angle":236.25},{"time":93,"type":"block","angle":292.5},{"time":94,"type":"block","angle":326.25},{"time":95,"type":"block","angle":348.75},{"time":96,"type":"block","angle":292.5},{"time":97,"type":"block","angle":326.25},{"time":97,"type":"block","angle":348.75},{"time":99,"type":"block","angle":0},{"time":100,"type":"block","angle":22.5},{"time":101,"type":"block","angle":0},{"time":102,"type":"block","angle":337.5},{"time":103,"type":"block","angle":360},{"time":104,"type":"block","angle":22.5},{"type":"block","angle":247.5,"time":105,"tap":true},{"type":"block","angle":225,"time":105,"tap":true},{"time":107,"type":"block","angle":225},{"time":108,"type":"block","angle":213.75},{"time":109,"type":"block","angle":258.75},{"time":110,"type":"block","angle":303.75},{"time":111,"type":"block","angle":258.75},{"time":112,"type":"block","angle":247.5},{"type":"block","angle":236.25,"time":113,"tap":true},{"type":"block","angle":213.75,"time":113,"tap":true},{"time":115,"type":"block","angle":225},{"time":115.5,"type":"block","angle":213.75},{"time":116,"type":"block","angle":225},{"time":116.5,"type":"block","angle":236.25},{"time":117,"type":"block","angle":247.5},{"time":117.5,"type":"block","angle":258.75},{"time":118,"type":"block","angle":270},{"time":118.5,"type":"block","angle":281.25},{"time":119,"type":"block","angle":292.5},{"time":119.5,"type":"block","angle":303.75},{"time":120,"type":"block","angle":315},{"time":120.5,"type":"block","angle":326.25},{"angle":0,"type":"block","time":121,"tap":true},{"angle":337.5,"type":"block","time":121,"tap":true},{"time":123,"type":"block","angle":360},{"time":124.5,"type":"block","angle":11.25},{"time":125,"type":"block","angle":360},{"time":126,"type":"block","angle":0},{"time":124,"type":"block","angle":360},{"time":127,"type":"block","angle":0},{"time":127.16666412354,"type":"block","angle":11.25},{"time":127.33333587646,"type":"block","angle":360},{"time":128,"type":"block","angle":0},{"time":123,"type":"extraTap","angle":180},{"time":125,"type":"extraTap","angle":180},{"time":127,"type":"extraTap","angle":180},{"time":129,"type":"extraTap","angle":0},{"time":131,"type":"block","angle":360},{"time":131.5,"type":"block","angle":348.75},{"time":132,"type":"block","angle":337.5},{"time":132.5,"type":"block","angle":326.25},{"time":133,"type":"block","angle":315},{"time":133.5,"type":"block","angle":303.75},{"time":134,"type":"block","angle":292.5},{"time":134.5,"type":"block","angle":281.25},{"time":135,"type":"block","angle":270},{"time":135.5,"type":"block","angle":258.75},{"time":136,"type":"block","angle":247.5},{"time":136.5,"type":"block","angle":236.25},{"type":"block","angle":236.25,"time":137,"tap":true},{"type":"block","angle":213.75,"time":137,"tap":true},{"duration":5.4999990463257,"type":"hold","time":131,"angle2":78.75,"angle":180},{"time":139,"type":"block","angle":236.25},{"time":141,"type":"block","angle":213.75},{"time":143,"type":"block","angle":191.25},{"type":"block","angle":191.25,"time":145,"tap":true},{"type":"block","angle":168.75,"time":145,"tap":true},{"time":147,"type":"block","angle":202.5},{"type":"block","angle":191.25,"time":149,"tap":true},{"type":"block","angle":168.75,"time":149,"tap":true},{"time":151,"type":"block","angle":213.75},{"type":"block","angle":326.25,"time":153,"tap":true},{"type":"block","angle":303.75,"time":153,"tap":true},{"time":155,"type":"block","angle":0},{"type":"block","angle":22.5,"time":157,"tap":true},{"type":"block","angle":45,"time":157,"tap":true},{"time":159,"type":"block","angle":22.5},{"type":"block","angle":270,"time":161,"tap":true},{"type":"block","angle":292.5,"time":161,"tap":true},{"time":163,"type":"block","angle":326.25},{"type":"block","angle":33.75,"time":165,"tap":true},{"type":"block","angle":56.25,"time":165,"tap":true},{"time":167,"type":"block","angle":303.75},{"type":"block","angle":22.5,"time":169,"tap":true},{"type":"block","angle":45,"time":169,"tap":true},{"time":173,"type":"block","angle":191.25},{"type":"block","angle":45,"time":177,"tap":true},{"type":"block","angle":303.75,"time":181,"tap":true},{"type":"block","angle":281.25,"time":181,"tap":true},{"type":"block","angle":67.5,"time":177,"tap":true},{"time":171,"type":"block","angle":33.75},{"type":"block","angle":67.5,"time":185,"tap":true},{"time":184,"type":"block","angle":45},{"type":"block","angle":45,"time":185,"tap":true},{"time":183,"type":"block","angle":11.25},{"type":"block","angle":22.5,"time":189,"tap":true},{"type":"block","angle":45,"time":189,"tap":true},{"time":191,"type":"block","angle":33.75},{"type":"block","angle":326.25,"time":193,"tap":true},{"type":"block","angle":348.75,"time":193,"tap":true},{"time":195,"type":"block","angle":11.25},{"time":197,"type":"block","angle":146.25},{"time":199,"type":"block","angle":101.25},{"type":"block","angle":33.75,"time":201,"tap":true},{"time":198,"type":"block","angle":123.75},{"time":200,"type":"block","angle":56.25},{"type":"block","angle":56.25,"time":201,"tap":true},{"duration":10,"type":"hold","time":205,"angle2":22.5,"angle":22.5},{"time":168,"type":"block","angle":360},{"time":175,"type":"block","angle":45},{"duration":5.9999985694885,"angle":33.75,"time":17,"type":"hold","angle2":0},{"duration":5.9999985694885,"angle":22.5,"time":17,"type":"hold","angle2":0}]