{"events":[{"angle":337.5,"b":255,"g":225,"color":3,"time":-7,"r":91,"type":"setColor"},{"type":"setBgColor","angle":360,"time":-7,"color":3},{"b":254,"type":"setColor","g":118,"time":-7,"color":0,"r":0,"angle":315},{"angle":22.5,"b":255,"g":255,"color":5,"time":-7,"r":255,"type":"setColor"},{"bpm":120,"type":"play","time":1,"volume":1,"file":"017---snowfall.ogg","angle":360},{"duration":0.99999994039536,"type":"paddles","paddle":2,"angle":360,"newAngle":180,"ease":"linear","time":129.99992370605,"newWidth":70,"enabled":true},{"duration":1,"type":"paddles","paddle":1,"angle":22.5,"newAngle":0,"ease":"linear","time":130,"newWidth":70,"enabled":true},{"duration":1,"type":"paddles","paddle":1,"angle":225,"newAngle":0,"ease":"linear","time":136.5,"newWidth":70,"enabled":true},{"paddle":2,"duration":1,"angle":202.5,"ease":"linear","time":136.5,"newAngle":0,"type":"paddles"},{"time":206,"type":"showResults","angle":33.75},{"angle":270,"g":255,"type":"setColor","b":255,"ease":"linear","time":1,"r":255,"color":7},{"x":10,"y":0,"angle":0,"sprite":"rain@fps","recolor":7,"id":"rain1","order":-999,"sx":1,"sy":1,"ease":"inCirc","type":"deco","time":51,"duration":1},{"angle":292.5,"b":255,"g":250,"color":2,"time":-0,"r":199,"type":"setColor"},{"x":0,"y":86,"type":"deco","id":"","time":201,"recolor":2,"sy":1,"sx":1,"sprite":"whitesugar.png","angle":45},{"angle":303.75,"b":249,"g":249,"color":4,"time":1,"r":143,"type":"setColor"},{"x":0,"y":90,"type":"deco","id":"","recolor":2,"angle":78.75,"time":136.5,"sprite":"whitesugar1.png"},{"x":0,"y":86,"type":"deco","id":"","recolor":2,"angle":22.5,"sprite":"whitesugar2.png","time":81},{"x":0,"y":86,"type":"deco","id":"","recolor":2,"angle":0,"sprite":"whitesugar3.png","time":73},{"x":0,"y":86,"type":"deco","id":"","recolor":2,"angle":213.75,"sprite":"whitesugar4.png","time":60.833332061768},{"x":0,"y":86,"type":"deco","id":"","recolor":2,"angle":360,"sprite":"whitesugar5.png","time":52},{"x":250,"y":42,"type":"deco","id":"strzalka.png","sprite":"strzalka.png","recolor":2,"sy":1,"sx":1.0000001192093,"angle":180,"time":171,"drawLayer":"fg","ease":"linear"},{"x":600,"y":180,"angle":33.75,"sprite":"strzalka.png","type":"deco","id":"strzalka.png","time":175},{"duration":1,"type":"setColor","g":255,"angle":337.5,"b":255,"time":130,"r":255,"color":0},{"duration":1,"angle":247.5,"g":118,"color":0,"b":254,"time":136.5,"r":0,"type":"setColor"},{"duration":2,"angle":225,"g":221,"time":114.5,"b":252,"color":0,"r":151,"type":"setColor"},{"duration":1,"angle":348.75,"g":118,"color":0,"b":254,"time":121,"r":0,"type":"setColor"}],"properties":{"formatversion":12,"startBeat":0,"offset":8,"speed":80},"metadata":{"description":"it's cold here the best place\nto snowball battle\n","songName":"Snowfall","artistLink":"","bg":true,"artist":"MasterSword","bgData":{"greenChannel":{"g":255,"r":255,"b":255},"yellowChannel":{"g":255,"r":255,"b":255},"magentaChannel":{"g":255,"r":255,"b":255},"cyanChannel":{"g":255,"r":255,"b":255},"image":"pixil-frame-0 (31).png","redChannel":{"g":217,"r":73,"b":255},"blueChannel":{"g":255,"r":255,"b":255}},"charter":"Hollow,Pawelos102102","difficulty":4}}