[{"time":0,"type":"block","angle":360},{"time":1,"type":"block","angle":90},{"time":1.5,"type":"block","angle":157.5},{"time":2.625,"type":"block","angle":247.5},{"time":2.875,"type":"block","angle":270},{"time":3.125,"type":"block","angle":292.5},{"time":3.375,"type":"block","angle":315},{"time":3.625,"type":"block","angle":337.5},{"time":3.75,"type":"block","angle":0},{"angle":180,"type":"block","tap":true,"time":4.25},{"time":4.5,"type":"block","angle":157.5},{"time":4.75,"type":"block","angle":135},{"time":5,"type":"block","angle":112.5},{"time":6.5,"type":"block","angle":22.5},{"time":6.8333334922791,"type":"block","angle":360},{"time":7.1666665077209,"type":"block","angle":337.5},{"time":7.5,"type":"block","angle":315},{"time":7.8333334922791,"type":"block","angle":292.5},{"time":8.5,"type":"block","angle":247.5},{"time":8.5,"type":"block","angle":225},{"time":9.375,"type":"block","angle":135},{"time":9.375,"type":"block","angle":157.5},{"time":1.875,"type":"block","angle":180},{"time":2.125,"type":"block","angle":202.5},{"time":2.375,"type":"block","angle":225},{"time":11.5,"type":"block","angle":360},{"time":11.5,"type":"block","angle":22.5},{"time":11.5,"type":"block","angle":337.5},{"time":14.333333333333,"type":"block","angle":202.5},{"angle":180,"duration":0.083333246409893,"endTap":true,"time":14.41666730245,"angle2":157.5,"type":"hold"},{"time":18.375,"type":"block","angle":45},{"type":"hold","time":25.375,"duration":1.4999998807907,"holdEase":"inSine","angle2":157.5,"angle":225},{"time":27.375,"type":"block","angle":112.5},{"time":27.375,"type":"block","angle":90},{"time":27.875,"type":"block","angle":67.5},{"time":27.875,"type":"block","angle":45},{"time":28.375,"type":"block","angle":112.5},{"time":28.875,"type":"block","angle":90},{"time":28.875,"type":"block","angle":67.5},{"time":29.375,"type":"block","angle":45},{"time":29.375,"type":"block","angle":22.5},{"time":29.875,"type":"block","angle":90},{"time":30.375,"type":"block","angle":112.5},{"time":30.375,"type":"block","angle":135},{"time":30.875,"type":"block","angle":157.5},{"time":30.875,"type":"block","angle":180},{"time":31.375,"type":"block","angle":135},{"time":31.875,"type":"block","angle":180},{"time":31.875,"type":"block","angle":202.5},{"time":32.375,"type":"block","angle":135},{"time":32.375,"type":"block","angle":112.5},{"angle":191.25,"time":31.875,"duration":0.5,"angle2":123.75,"type":"hold"},{"angle":123.75,"duration":0.5,"endTap":true,"time":32.375,"angle2":157.5,"type":"hold"},{"time":33.375,"type":"block","angle":135},{"time":33.375,"type":"block","angle":112.5},{"time":33.875,"type":"block","angle":67.5},{"time":33.875,"type":"block","angle":45},{"time":34.375,"type":"block","angle":0},{"time":34.875,"type":"block","angle":67.5},{"time":34.875,"type":"block","angle":90},{"time":35.375,"type":"block","angle":112.5},{"time":35.375,"type":"block","angle":90},{"angle":45,"time":35.875,"duration":1.5,"angle2":157.5,"type":"hold"},{"time":36.5,"type":"block","angle":67.5},{"time":36.5,"type":"block","angle":90},{"time":37,"type":"block","angle":135},{"time":37,"type":"block","angle":112.5},{"time":38,"type":"block","angle":112.5},{"time":38,"type":"block","angle":135},{"time":38.5,"type":"block","angle":157.5},{"time":38.5,"type":"block","angle":135},{"angle":0,"time":41.375,"duration":0.5,"angle2":22.5,"type":"hold"},{"angle":22.5,"time":41.875,"duration":1.75,"angle2":-225,"type":"hold"},{"time":39,"type":"block","angle":135},{"time":39.5,"type":"block","angle":90},{"time":39.5,"type":"block","angle":112.5},{"time":40.125,"type":"block","angle":45},{"time":40.625,"type":"block","angle":67.5},{"time":41.125,"type":"block","angle":360},{"time":41.625,"type":"block","angle":337.5},{"time":42.125,"type":"block","angle":360},{"time":42.625,"type":"block","angle":270},{"type":"hold","time":43.625,"duration":1,"holdEase":"inSine","angle2":202.5,"angle":135},{"angle":202.5,"time":44.625,"duration":0.5,"angle2":157.5,"type":"hold"},{"angle":157.5,"time":45.125,"duration":2,"angle2":292.5,"type":"hold"},{"type":"hold","time":47.125,"duration":0.5,"holdEase":"inBack","angle2":315,"angle":292.5},{"type":"hold","time":47.625,"duration":0.5,"holdEase":"inBack","angle2":337.5,"angle":315},{"angle":337.5,"time":48.125,"duration":1.625,"angle2":157.5,"type":"hold"},{"type":"hold","time":49.75,"duration":0.5,"holdEase":"inBack","angle2":202.5,"angle":157.5},{"type":"hold","time":50.25,"duration":0.5,"holdEase":"inBack","angle2":135,"angle":202.5},{"type":"hold","time":50.75,"duration":0.5,"holdEase":"inBack","angle2":157.5,"angle":135},{"angle":157.5,"time":51.25,"duration":3.75,"angle2":360,"type":"hold"},{"type":"hold","time":55,"duration":0.5,"holdEase":"inBack","angle2":-22.5,"angle":0},{"type":"hold","time":55.5,"duration":0.5,"holdEase":"inBack","angle2":382.5,"angle":337.5},{"type":"hold","time":56,"duration":0.5,"holdEase":"inBack","angle2":-45,"angle":22.5},{"type":"hold","time":56.5,"duration":0.875,"holdEase":"outElastic","angle2":270,"angle":315},{"angle":270,"time":57.375,"duration":0.5,"angle2":292.5,"type":"hold"},{"angle":292.5,"time":57.875,"duration":0.5,"angle2":225,"type":"hold"},{"angle":225,"startTap":true,"time":58.375,"duration":0.5,"angle2":292.5,"type":"hold"},{"type":"hold","time":58.875,"duration":0.5,"holdEase":"inBack","angle2":270,"angle":292.5},{"angle":270,"time":59.375,"duration":0.5,"angle2":315,"type":"hold"},{"angle":315,"time":59.875,"duration":0.5,"angle2":450,"type":"hold"},{"angle":90,"time":60.375,"duration":0.5,"angle2":45,"type":"hold"},{"angle":45,"time":60.875,"duration":0.5,"angle2":112.5,"type":"hold"},{"time":43.125,"type":"block","angle":180},{"time":43.125,"type":"block","angle":202.5},{"time":43.625,"type":"block","angle":112.5},{"time":44.125,"type":"block","angle":180},{"time":44.625,"type":"block","angle":225},{"time":45.125,"type":"block","angle":180},{"time":45.625,"type":"block","angle":202.5},{"time":46.125,"type":"block","angle":270},{"time":46.125,"type":"block","angle":247.5},{"time":46.625,"type":"block","angle":270},{"time":46.625,"type":"block","angle":247.5},{"time":47.625,"type":"block","angle":337.5},{"time":48.125,"type":"block","angle":360},{"time":48.625,"type":"block","angle":292.5},{"time":40.625,"type":"block","angle":45},{"angle":157.5,"time":39,"duration":2.375,"angle2":0,"type":"hold"},{"time":61.875,"type":"block","angle":157.5},{"time":62.375,"type":"block","angle":112.5},{"time":62.5,"type":"block","angle":90},{"time":62.75,"type":"block","angle":67.5},{"time":63,"type":"block","angle":112.5},{"time":63.25,"type":"block","angle":157.5},{"time":63.5,"type":"block","angle":112.5},{"angle":112.5,"time":64,"duration":4,"angle2":382.5,"type":"hold"},{"angle":22.5,"time":68,"duration":1.625,"angle2":-45,"type":"hold"},{"time":49.125,"type":"block","angle":247.5},{"time":49.125,"type":"block","angle":270},{"time":49.75,"type":"block","angle":135},{"time":50.75,"type":"block","angle":112.5},{"time":51.25,"type":"block","angle":135},{"time":51.75,"type":"block","angle":157.5},{"time":52.25,"type":"block","angle":225},{"time":52.25,"type":"block","angle":247.5},{"time":52.75,"type":"block","angle":225},{"time":53.25,"type":"block","angle":270},{"time":53.25,"type":"block","angle":292.5},{"time":53.75,"type":"block","angle":315},{"time":53.75,"type":"block","angle":337.5},{"time":54.25,"type":"block","angle":360},{"time":54.75,"type":"block","angle":337.5},{"time":54.75,"type":"block","angle":315},{"time":58.375,"type":"block","angle":202.5},{"time":58.875,"type":"block","angle":315},{"time":59.875,"type":"block","angle":292.5},{"time":60.875,"type":"block","angle":22.5},{"time":61.375,"type":"block","angle":135},{"time":65.125,"type":"block","angle":180},{"time":65.125,"type":"block","angle":157.5},{"time":65.625,"type":"block","angle":247.5},{"time":66.125,"type":"block","angle":225},{"time":66.625,"type":"block","angle":315},{"time":67.125,"type":"block","angle":292.5},{"time":67.625,"type":"block","angle":22.5},{"time":68,"type":"block","angle":0},{"time":68.125,"type":"block","angle":337.5},{"time":68.625,"type":"block","angle":337.5},{"angle":292.5,"type":"block","tap":true,"time":69.625},{"angle":337.5,"type":"block","tap":true,"time":69.625},{"type":"hold","time":69.625,"duration":2,"holdEase":"inCirc","angle2":337.5,"angle":315},{"time":70.125,"type":"block","angle":337.5},{"time":70.625,"type":"block","angle":292.5},{"time":71.125,"type":"block","angle":337.5},{"angle":337.5,"time":71.625,"duration":0.25,"angle2":292.5,"type":"hold"},{"angle":292.5,"time":71.875,"duration":0.375,"angle2":360,"type":"hold"},{"angle":0,"time":72.25,"duration":0.375,"angle2":-45,"type":"hold"},{"angle":315,"time":72.625,"duration":0.875,"angle2":450,"type":"hold"},{"type":"hold","time":73.5,"duration":0.5,"holdEase":"inBack","angle2":67.5,"angle":90},{"type":"hold","time":74,"duration":0.5,"holdEase":"inBack","angle2":90,"angle":67.5},{"type":"hold","time":74.5,"duration":0.5,"holdEase":"inBack","angle2":45,"angle":90},{"angle":45,"time":75,"duration":0.5,"angle2":-22.5,"type":"hold"},{"angle":337.5,"time":75.5,"duration":2.5,"angle2":562.5,"type":"hold"},{"time":70.125,"type":"block","angle":360},{"time":70.625,"type":"block","angle":270},{"time":71.625,"type":"block","angle":360},{"time":73.125,"type":"block","angle":0},{"time":74.5,"type":"block","angle":112.5},{"time":72.25,"type":"block","angle":22.5},{"time":72.75,"type":"block","angle":360},{"time":73.125,"type":"block","angle":337.5},{"time":73.5,"type":"block","angle":112.5},{"time":75,"type":"block","angle":22.5},{"time":76,"type":"block","angle":0},{"time":76,"type":"block","angle":337.5},{"time":76.5,"type":"block","angle":90},{"time":76.5,"type":"block","angle":112.5},{"time":77,"type":"block","angle":112.5},{"time":77.5,"type":"block","angle":112.5},{"time":77.5,"type":"block","angle":135},{"time":78,"type":"block","angle":225},{"type":"hold","time":78,"duration":0.5,"holdEase":"inBack","angle2":135,"angle":202.5},{"type":"hold","time":78.5,"duration":0.5,"holdEase":"outBack","angle2":90,"angle":135},{"type":"hold","time":79,"duration":0.5,"holdEase":"inOutSine","angle2":157.5,"angle":90},{"type":"hold","time":79.5,"duration":0.5,"holdEase":"inBack","angle2":112.5,"angle":157.5},{"type":"hold","time":80,"duration":0.5,"holdEase":"inBack","angle2":135,"angle":112.5},{"angle":135,"time":80.5,"duration":0.5,"angle2":45,"type":"hold"},{"angle":45,"time":81,"duration":0.5,"angle2":-45,"type":"hold"},{"angle":315,"time":81.5,"duration":1,"angle2":427.5,"type":"hold"},{"time":79,"type":"block","angle":135},{"time":79.5,"type":"block","angle":180},{"time":80.5,"type":"block","angle":112.5},{"time":81,"type":"block","angle":22.5},{"time":82.5,"type":"block","angle":90},{"type":"hold","time":82.5,"duration":1,"holdEase":"inCirc","angle2":22.5,"angle":67.5},{"angle":22.5,"time":83.5,"duration":0.5,"angle2":67.5,"type":"hold"},{"angle":67.5,"time":84,"duration":0.5,"angle2":112.5,"type":"hold"},{"angle":112.5,"time":84.5,"duration":1.75,"angle2":-22.5,"type":"hold"},{"angle":-22.5,"time":86.25,"duration":0.25,"angle2":22.5,"type":"hold"},{"angle":22.5,"time":86.5,"duration":0.25,"angle2":0,"type":"hold"},{"angle":0,"time":86.75,"duration":0.25,"angle2":45,"type":"hold"},{"angle":45,"time":87,"duration":0.25,"angle2":-22.5,"type":"hold"},{"angle":-22.5,"time":87.25,"duration":1,"angle2":90,"type":"hold"},{"time":81.5,"type":"block","angle":337.5},{"time":82,"type":"block","angle":45},{"time":82,"type":"block","angle":0},{"time":83,"type":"block","angle":90},{"time":84,"type":"block","angle":45},{"time":84.5,"type":"block","angle":135},{"time":85,"type":"block","angle":90},{"time":85.5,"type":"block","angle":0},{"time":86.5,"type":"block","angle":45},{"time":87,"type":"block","angle":22.5},{"time":87.5,"type":"block","angle":45},{"time":88,"type":"block","angle":90},{"type":"hold","time":88.25,"duration":1.25,"holdEase":"inBack","angle2":67.5,"angle":90},{"angle":67.5,"time":89.5,"duration":0.5,"angle2":33.75,"type":"hold"},{"angle":33.75,"time":90,"duration":0.5,"angle2":90,"type":"hold"},{"angle":90,"time":90.5,"duration":2.5,"angle2":-180,"type":"hold"},{"angle":180,"time":93,"duration":0.5,"angle2":191.25,"type":"hold"},{"angle":191.25,"time":93.5,"duration":2,"angle2":-90,"type":"hold"},{"type":"hold","time":95.5,"duration":0.75,"holdEase":"outElastic","angle2":292.5,"angle":270},{"angle":292.5,"time":96.25,"duration":0.25,"angle2":315,"type":"hold"},{"angle":315,"time":96.5,"duration":1,"angle2":225,"type":"hold"},{"time":88.5,"type":"block","angle":112.5},{"time":89,"type":"block","angle":45},{"time":88.5,"type":"block","angle":90},{"time":89,"type":"block","angle":67.5},{"time":90,"type":"block","angle":0},{"time":90.5,"type":"block","angle":112.5},{"time":91,"type":"block","angle":22.5},{"time":91.5,"type":"block","angle":360},{"time":91.5,"type":"block","angle":22.5},{"time":92,"type":"block","angle":270},{"time":92,"type":"block","angle":247.5},{"time":92.5,"type":"block","angle":225},{"time":93,"type":"block","angle":225},{"time":93.5,"type":"block","angle":157.5},{"time":94,"type":"block","angle":135},{"time":94.5,"type":"block","angle":90},{"time":95,"type":"block","angle":315},{"time":96,"type":"block","angle":292.5},{"time":96.5,"type":"block","angle":360},{"angle":202.5,"time":98,"duration":0,"angle2":180,"type":"hold"},{"angle":157.5,"time":98.5,"duration":0,"angle2":135,"type":"hold"},{"angle":112.5,"time":99,"duration":0,"angle2":90,"type":"hold"},{"angle":135,"time":99.5,"duration":2,"angle2":315,"type":"hold"},{"type":"hold","time":101.5,"duration":0.5,"holdEase":"inBack","angle2":292.5,"angle":315},{"type":"hold","time":102,"duration":0.5,"holdEase":"inBack","angle2":315,"angle":292.5},{"angle":315,"time":102.5,"duration":1.5,"angle2":450,"type":"hold"},{"angle":90,"time":104,"duration":1.5,"angle2":45,"type":"hold"},{"angle":45,"time":105.5,"duration":1.5,"angle2":112.5,"type":"hold"},{"time":97.25,"type":"block","angle":270},{"time":98.25,"type":"block","angle":180},{"time":98.25,"type":"block","angle":157.5},{"time":98.75,"type":"block","angle":135},{"time":98.75,"type":"block","angle":112.5},{"time":99.5,"type":"block","angle":112.5},{"time":100,"type":"block","angle":225},{"time":100.25,"type":"block","angle":236.25},{"time":100.5,"type":"block","angle":247.5},{"time":100.75,"type":"block","angle":258.75},{"time":101,"type":"block","angle":270},{"time":101.25,"type":"block","angle":281.25},{"time":101.5,"type":"block","angle":292.5},{"time":103.5,"type":"block","angle":45},{"time":85,"type":"block","angle":60},{"time":101.75,"type":"block","angle":303.75},{"time":102.25,"type":"block","angle":315},{"time":103.5,"type":"block","angle":67.5},{"time":103,"type":"block","angle":337.5},{"time":104,"type":"block","angle":67.5},{"time":105,"type":"block","angle":67.5},{"time":105,"type":"block","angle":90},{"time":105.5,"type":"block","angle":22.5},{"time":107,"type":"block","angle":135},{"angle":112.5,"time":107,"duration":0.33333331346512,"angle2":78.75,"type":"hold"},{"angle":78.75,"time":107.33333587646,"duration":0.5,"angle2":112.5,"type":"hold"},{"angle":112.5,"time":107.83333587646,"duration":0.5,"angle2":56.25,"type":"hold"},{"angle":56.25,"time":108.33333587646,"duration":2.4166667461395,"angle2":281.25,"type":"hold"},{"angle":247.5,"time":111,"duration":0.24999994039536,"angle2":225,"type":"hold"},{"angle":225,"time":111.25,"duration":0.25,"angle2":213.75,"type":"hold"},{"angle":213.75,"time":111.5,"duration":0.5,"angle2":247.5,"type":"hold"},{"angle":281.25,"time":110.75,"duration":0.25,"angle2":247.5,"type":"hold"},{"angle":247.5,"time":112,"duration":0.5,"angle2":157.5,"type":"hold"},{"type":"hold","time":113,"duration":0.5,"holdEase":"inQuint","angle2":202.5,"angle":247.5},{"angle":157.5,"time":112.5,"duration":0.5,"angle2":247.5,"type":"hold"},{"type":"hold","time":113.5,"duration":0.5,"holdEase":"inQuint","angle2":-112.5,"angle":-157.5},{"angle":0,"time":114.5,"duration":2.5,"angle2":360,"type":"hold"},{"time":107.83333587646,"type":"block","angle":90},{"time":108.33333587646,"type":"block","angle":45},{"time":108.58333587646,"type":"block","angle":22.5},{"time":108.83333587646,"angle":56.25,"type":"block"},{"time":109.08333587646,"type":"block","angle":90},{"time":109.33333587646,"angle":123.75,"type":"block"},{"time":109.58333587646,"angle":157.5,"type":"block"},{"time":109.83333587646,"angle":191.25,"type":"block"},{"time":110.08333587646,"angle":225,"type":"block"},{"time":110.33333587646,"type":"block","angle":258.75},{"time":110.58333587646,"type":"block","angle":292.5},{"time":111,"type":"block","angle":213.75},{"time":111.25,"angle":258.75,"type":"block"},{"time":111.5,"angle":180,"type":"block"},{"type":"hold","time":117,"duration":2.0000004768372,"angle2":135,"angle":360},{"angle":135,"time":119,"duration":0.5,"angle2":157.5,"type":"hold"},{"type":"hold","time":119.5,"duration":0.5,"angle2":112.5,"angle":157.5},{"angle":112.5,"time":120,"duration":0.5,"angle2":33.75,"type":"hold"},{"angle":33.75,"time":120.5,"duration":0.5,"angle2":56.25,"type":"hold"},{"angle":56.25,"time":121,"duration":0.5,"angle2":-56.25,"type":"hold"},{"angle":56.25,"time":122,"duration":1.5,"holdEase":"outSine","angle2":225,"type":"hold"},{"angle":225,"time":123.5,"duration":1.5,"angle2":371.25,"type":"hold"},{"angle":11.25,"time":125,"duration":0.5,"angle2":-33.75,"type":"hold"},{"type":"hold","time":125.5,"duration":0.5,"angle2":416.25,"angle":326.25},{"angle":56.25,"time":126,"duration":0.5,"angle2":11.25,"type":"hold"},{"type":"hold","time":126.5,"duration":0.5,"angle2":90,"angle":11.25},{"type":"hold","time":127,"duration":0.5,"angle2":-90,"angle":90},{"angle":180,"time":128,"duration":3,"holdEase":"inSine","angle2":0,"type":"hold"},{"time":112,"type":"block","angle":270},{"time":111.75,"type":"block","angle":225},{"time":112.25,"angle":225,"type":"block"},{"time":112.5,"type":"block","angle":202.5},{"time":112.75,"type":"block","angle":225},{"time":113.25,"angle":225,"type":"block"},{"time":113.75,"angle":225,"type":"block"},{"time":114.25,"type":"block","angle":300},{"time":114.75,"type":"block","angle":0},{"time":115,"type":"block","angle":45},{"time":115.25,"angle":90,"type":"block"},{"time":115.5,"type":"block","angle":135},{"time":115.75,"type":"block","angle":180},{"time":116,"type":"block","angle":225},{"time":116.25,"type":"block","angle":270},{"time":116.5,"angle":315,"type":"block"},{"time":116.75,"angle":337.5,"type":"block"},{"time":117.75,"type":"block","angle":270},{"time":118.5,"type":"block","angle":180},{"time":118.75,"type":"block","angle":157.5},{"time":119.25,"type":"block","angle":180},{"time":119.75,"type":"block","angle":135},{"time":120.25,"angle":75,"type":"block"},{"time":120.75,"angle":45,"type":"block"},{"time":121.25,"type":"block","angle":0},{"time":122,"type":"block","angle":45},{"time":123.5,"type":"block","angle":213.75},{"time":124,"angle":258.75,"type":"block"},{"time":124,"angle":247.5,"type":"block"},{"time":124.5,"type":"block","angle":337.5},{"time":124.5,"type":"block","angle":348.75},{"time":125,"angle":33.75,"type":"block"},{"time":125.5,"type":"block","angle":303.75},{"time":126,"type":"block","angle":78.75},{"time":126.5,"type":"block","angle":348.75},{"time":127,"type":"block","angle":112.5},{"time":127.5,"type":"block","angle":247.5},{"time":128,"angle":202.5,"type":"block"},{"time":129.5,"angle":135,"type":"block"},{"time":131,"angle":337.5,"type":"block"},{"time":118,"angle":281.25,"type":"block"},{"time":99.75,"type":"block","angle":180},{"angle":360,"duration":3,"time":131,"holdEase":"inBack","angle2":450,"type":"hold"},{"type":"hold","duration":1.5,"time":137.75,"angle2":90,"angle":90},{"type":"hold","duration":3.5,"time":139.25,"angle2":540,"angle":90},{"angle":180,"duration":0.5,"time":142.75,"angle2":90,"type":"hold"},{"type":"hold","time":143.25,"duration":0.5,"angle2":135,"angle":90},{"type":"hold","duration":3.25,"time":143.75,"angle2":-225,"angle":135},{"type":"hold","time":147,"duration":1.25,"angle2":180,"angle":135},{"type":"hold","time":148.25,"duration":0.5,"angle2":157.5,"angle":180},{"angle":157.5,"time":148.75,"duration":2.75,"angle2":-112.5,"type":"hold"},{"angle":247.5,"time":151.5,"duration":1,"angle2":292.5,"type":"hold"},{"type":"hold","duration":0.75,"time":152.5,"angle2":270,"angle":292.5},{"angle":270,"duration":2.75,"time":153.25,"angle2":90,"type":"hold"},{"type":"hold","time":156,"duration":1,"holdEase":"inSine","angle2":45,"angle":90},{"angle":45,"time":157,"duration":0.5,"holdEase":"inBack","angle2":90,"type":"hold"},{"type":"hold","time":157.5,"duration":9.5,"angle2":990,"angle":90},{"time":167,"type":"block","angle":287.32791137695},{"time":167,"type":"block","angle":273.45516967773},{"time":139.25,"type":"block","angle":135},{"time":139.5,"type":"block","angle":157.5},{"time":139.75,"type":"block","angle":180},{"time":140,"type":"block","angle":202.5},{"time":140.25,"type":"block","angle":225},{"time":140.5,"type":"block","angle":247.5},{"time":140.75,"type":"block","angle":270},{"time":141,"type":"block","angle":292.5},{"time":141.25,"type":"block","angle":337.5},{"time":141.5,"type":"block","angle":22.5},{"time":141.75,"type":"block","angle":67.5},{"time":142,"type":"block","angle":112.5},{"time":142.25,"type":"block","angle":157.5},{"time":142.5,"type":"block","angle":180},{"time":142.75,"type":"block","angle":157.5},{"time":143,"type":"block","angle":135},{"time":143.25,"type":"block","angle":112.5},{"time":143.5,"type":"block","angle":112.5},{"angle":112.5,"type":"block","tap":true,"time":143.75},{"time":144.75,"type":"block","angle":0},{"time":145,"type":"block","angle":337.5},{"time":145.25,"type":"block","angle":315},{"time":145.5,"type":"block","angle":292.5},{"time":145.75,"type":"block","angle":270},{"time":146,"type":"block","angle":247.5},{"time":146.25,"type":"block","angle":225},{"time":146.5,"type":"block","angle":202.5},{"time":146.75,"type":"block","angle":180},{"time":147,"type":"block","angle":112.5},{"time":147.25,"type":"block","angle":112.5},{"time":147.5,"type":"block","angle":112.5},{"time":147.75,"type":"block","angle":112.5},{"time":148,"type":"block","angle":112.5},{"time":148.5,"type":"block","angle":202.5},{"time":149,"type":"block","angle":135},{"time":149.25,"type":"block","angle":112.5},{"time":149.5,"type":"block","angle":90},{"time":149.75,"type":"block","angle":67.5},{"time":150,"type":"block","angle":45},{"time":150.25,"type":"block","angle":22.5},{"time":150.5,"type":"block","angle":0},{"time":150.75,"type":"block","angle":337.5},{"time":151,"type":"block","angle":315},{"time":151.25,"type":"block","angle":292.5},{"time":151.5,"type":"block","angle":270},{"angle":225,"type":"block","tap":true,"time":151.5},{"angle":315,"type":"block","tap":true,"time":152.5},{"angle":247.5,"type":"block","tap":true,"time":153.25},{"angle":292.5,"type":"block","tap":true,"time":153.25},{"time":154,"type":"block","angle":247.5},{"time":154.25,"type":"block","angle":225},{"time":154.5,"type":"block","angle":202.5},{"time":154.75,"type":"block","angle":180},{"time":155,"type":"block","angle":157.5},{"time":155.25,"type":"block","angle":135},{"time":155.5,"type":"block","angle":112.5},{"time":155.75,"type":"block","angle":90},{"time":156.25,"type":"block","angle":112.5},{"time":156.5,"type":"block","angle":90},{"time":156.75,"type":"block","angle":67.5},{"angle":22.5,"type":"block","tap":true,"time":157},{"angle":67.5,"type":"block","tap":true,"time":157.5},{"time":158,"type":"block","angle":157.5},{"time":158.25,"type":"block","angle":180},{"time":158.5,"type":"block","angle":202.5},{"time":158.75,"type":"block","angle":225},{"time":159,"type":"block","angle":247.5},{"time":159.25,"type":"block","angle":270},{"time":159.5,"type":"block","angle":292.5},{"time":159.75,"type":"block","angle":315},{"time":160.16667175293,"type":"block","angle":22.5},{"time":160.5,"type":"block","angle":45},{"time":160.83332824707,"type":"block","angle":67.5},{"time":161.83332824707,"type":"block","angle":135},{"time":161.16667175293,"type":"block","angle":90},{"time":161.5,"type":"block","angle":112.5},{"time":162.16667175293,"type":"block","angle":157.5},{"time":162.5,"type":"block","angle":202.5},{"angle":292.5,"type":"block","tap":true,"time":163.375},{"time":170.625,"type":"block","angle":45},{"time":170.75,"type":"block","angle":3.3156890869141}]