{"metadata":{"difficulty":5,"bg":false,"description":"when the duet is final","artistLink":"","artist":"Pedro Silva","songName":"Final Duet","charter":"Something"},"events":[{"type":"play","file":"whentheduetisfinal.ogg","bpm":84.099998474121,"time":-1.5,"volume":1,"angle":270},{"value":1.2000000476837,"ease":"outSine","duration":0.5,"time":26.875,"type":"ease","var":"scrollSpeed","angle":180},{"type":"bookmark","g":254.99744653702,"description":"","name":"waltz","r":255,"angle":202.5,"time":26.875,"b":254.99744653702},{"type":"setColor","r":255,"g":255,"color":0,"time":-8,"angle":0,"b":255},{"type":"setColor","r":255,"g":255,"color":1,"time":-8,"angle":22.5,"b":255},{"type":"setColor","g":169,"angle":22.5,"r":165,"color":1,"duration":10,"time":-3,"b":202},{"type":"setColor","g":255,"angle":202.5,"r":255,"color":1,"duration":1.4999998807907,"time":25.333333969116,"b":255},{"type":"setColor","r":239,"g":200,"color":0,"time":26.875,"angle":135,"b":129},{"type":"setColor","r":26,"g":26,"color":1,"time":26.875,"angle":112.5,"b":35},{"type":"setColor","r":235,"g":223,"color":2,"time":26.875,"angle":90,"b":184},{"type":"setBgColor","color":2,"angle":67.5,"time":26.875},{"type":"setColor","r":100,"g":77,"color":2,"time":39,"angle":202.5,"b":41},{"type":"setColor","r":239,"g":227,"color":0,"time":45.166667938232,"angle":135,"b":181},{"type":"setColor","r":240,"g":202,"color":2,"time":45.166667938232,"angle":112.5,"b":166},{"spriteName":"sleep.png","type":"forcePlayerSprite","angle":180,"time":39},{"spriteName":"","type":"forcePlayerSprite","angle":90,"time":45.166667938232},{"type":"setColor","r":100,"g":77,"color":2,"time":74.5,"angle":315,"b":41},{"type":"setColor","r":239,"g":200,"color":0,"time":74.5,"angle":292.5,"b":129},{"type":"setColor","r":226,"g":185,"color":2,"time":87,"angle":315,"b":163},{"type":"setColor","r":235,"g":212,"color":0,"time":87,"angle":292.5,"b":161},{"value":2,"ease":"outSine","duration":1,"time":99.5,"type":"ease","var":"scrollSpeed","angle":157.5},{"value":1.2000000476837,"ease":"inSine","duration":2,"time":100.5,"type":"ease","var":"scrollSpeed","angle":180},{"value":3,"type":"ease","duration":1,"time":102.5,"ease":"outSine","var":"scrollSpeed","angle":45},{"value":2.5,"ease":"inSine","duration":1.5,"time":104,"type":"ease","var":"scrollSpeed","angle":112.5},{"type":"setColor","r":103,"g":167,"color":2,"time":85,"angle":315,"b":165},{"type":"setColor","r":190,"g":183,"color":0,"time":85,"angle":292.5,"b":146},{"type":"setColor","r":235,"g":226,"color":2,"time":93,"angle":157.5,"b":215},{"type":"setColor","r":219,"g":214,"color":0,"time":93,"angle":135,"b":182},{"r":234,"type":"setColor","color":2,"angle":337.5,"time":102.5,"g":192,"b":168},{"r":206,"type":"setColor","color":0,"angle":360,"time":102.5,"g":193,"b":180},{"r":255,"type":"setColor","color":3,"angle":45,"time":102,"g":255,"b":201},{"angle":67.5,"ox":92,"oy":92,"sx":1,"sy":1,"id":"bg","sprite":"sun.png","y":160,"x":300,"time":102.5,"drawLayer":"bg","type":"deco"},{"value":4,"type":"ease","time":102.5,"var":"p.outlineColor","angle":11.25},{"r":26,"type":"setColor","color":4,"angle":45,"time":26.75,"g":26,"b":35},{"r":255,"angle":22.5,"color":4,"type":"setColor","time":102.5,"g":255,"b":201},{"value":1,"angle":22.5,"time":108.33333587646,"var":"p.outlineColor","type":"ease"},{"type":"deco","ox":256,"oy":212,"sx":1.2000000476837,"sy":1.2000000476837,"id":"bg","sprite":"waterbg.png","angle":15,"x":300,"time":108.33333587646,"y":0},{"type":"setColor","r":0,"g":0,"color":5,"time":108.33333587646,"angle":360,"b":0},{"r":18,"type":"setColor","color":6,"g":53,"time":108.33333587646,"angle":345,"b":170},{"color":3,"type":"setColor","g":163,"r":75,"time":108.33333587646,"angle":330,"b":224},{"type":"setColor","r":75,"g":116,"color":4,"time":108.33333587646,"angle":315,"b":251},{"type":"deco","ox":300,"id":"fg","sprite":"watertop.png","time":108.33333587646,"x":300,"y":0,"angle":300},{"angle":285,"r":5,"color":1,"g":24,"time":108.33333587646,"type":"setColor","b":75},{"r":187,"angle":270,"color":0,"g":150,"time":108.33333587646,"type":"setColor","b":79},{"angle":255,"y":-2,"id":"fg","r":2,"type":"deco","ease":"outSine","duration":0.99999988079071,"order":1,"time":108.33333587646},{"angle":255,"duration":2,"time":109.33333587646,"id":"fg","r":-2,"ease":"inOutSine","y":2,"type":"deco"},{"angle":255,"duration":2,"time":111.33333587646,"id":"fg","r":2,"type":"deco","y":2,"ease":"inOutSine"},{"ease":"inOutSine","y":2,"time":113.33333587646,"id":"fg","r":-2,"angle":255,"duration":2,"type":"deco"},{"ease":"inOutSine","y":2,"time":115.33333587646,"id":"fg","r":2,"angle":255,"duration":2,"type":"deco"},{"spriteName":"close1.png","angle":135,"type":"forcePlayerSprite","time":112.5},{"spriteName":"close2.png","angle":135,"type":"forcePlayerSprite","time":113},{"spriteName":"close3.png","angle":135,"type":"forcePlayerSprite","time":113.5},{"spriteName":"close4.png","angle":135,"type":"forcePlayerSprite","time":114},{"spriteName":"sleep.png","angle":135,"type":"forcePlayerSprite","time":114.5},{"type":"setColor","g":255,"angle":123.75,"r":255,"color":0,"duration":2,"time":117,"b":255},{"type":"setColor","g":255,"angle":112.5,"r":255,"color":1,"duration":2,"time":117,"b":255},{"type":"setColor","g":255,"angle":101.25,"r":255,"color":2,"duration":2,"time":117,"b":255},{"type":"deco","angle":90,"hide":true,"time":119,"id":"bg"},{"type":"setColor","g":224,"angle":123.75,"r":236,"color":0,"duration":1,"time":119,"b":191},{"type":"setColor","g":11,"angle":112.5,"r":13,"color":1,"duration":1,"time":119,"b":35},{"type":"setColor","g":251,"angle":101.25,"r":251,"color":2,"duration":1,"time":119,"b":243},{"type":"deco","angle":78.75,"hide":true,"time":119,"id":"fg"},{"type":"setColor","g":255,"angle":78.75,"r":255,"color":3,"duration":2,"time":117,"b":255},{"type":"setColor","g":255,"angle":67.5,"r":255,"color":4,"duration":2,"time":117,"b":255},{"type":"setColor","g":255,"angle":56.25,"r":255,"color":5,"duration":2,"time":117,"b":255},{"angle":45,"g":255,"type":"setColor","r":255,"color":6,"duration":2,"time":117,"b":255},{"time":117,"type":"deco","ease":"inSine","oy":0,"duration":1.5,"angle":146.25,"id":"bg"},{"angle":168.75,"type":"deco","ease":"inOutSine","time":117,"duration":5,"y":-120,"id":"fg"},{"color":0,"angle":157.5,"g":92,"r":96,"time":128,"type":"setColor","b":79},{"type":"setColor","r":52,"g":53,"color":1,"time":128,"angle":146.25,"b":66},{"r":155,"angle":101.25,"g":150,"color":3,"time":128,"type":"setColor","b":126},{"spriteName":"sad.png","angle":123.75,"type":"forcePlayerSprite","time":128},{"ease":"inBack","g":0,"duration":1,"angle":45,"r":0,"color":0,"type":"setColor","time":133,"b":0},{"ease":"inBack","g":0,"duration":1,"type":"setColor","r":0,"color":1,"angle":67.5,"time":133,"b":0},{"ease":"inBack","g":0,"duration":1,"angle":90,"r":0,"color":2,"type":"setColor","time":133,"b":0},{"r":237,"angle":67.5,"color":2,"type":"setColor","time":128,"g":238,"b":244},{"y":2,"angle":202.5,"type":"deco","time":110.33333587646,"duration":0.5,"id":"fg"},{"time":112.33333587646,"angle":247.5,"type":"deco","duration":0.5,"y":2,"id":"fg"},{"time":114.33333587646,"angle":202.5,"type":"deco","duration":0.5,"y":2,"id":"fg"},{"time":116.33333587646,"angle":202.5,"type":"deco","duration":0.5,"y":2,"id":"fg"},{"y":2,"type":"deco","angle":202.5,"time":120.33333587646,"duration":0.5,"id":"fg"},{"value":2,"type":"ease","time":108.25,"var":"vfx.hwaves.strength","angle":202.5},{"value":60,"type":"ease","angle":180,"time":108.25,"var":"vfx.hwaves.offset","duration":10},{"value":0,"type":"ease","time":119,"var":"vfx.hwaves.strength","angle":67.5},{"value":3,"type":"ease","time":134,"var":"p.outlineColor","angle":112.5},{"value":3,"type":"ease","time":134,"var":"p.faceColor","angle":135},{"r":0,"type":"setColor","g":0,"angle":157.5,"time":134,"color":3,"b":0},{"angle":180,"g":255,"type":"setColor","r":255,"color":1,"time":136,"duration":2,"b":255},{"value":1,"type":"ease","time":134,"var":"scrollSpeed","angle":180},{"y":0,"angle":292.5,"ox":0,"oy":0,"sx":1,"sy":1,"type":"deco","id":"bg","sprite":"spotlight.png","x":0,"time":139.25,"hide":false},{"type":"setColor","r":19,"g":21,"angle":315,"time":139.25,"color":2,"b":51},{"r":251,"type":"setColor","color":5,"angle":22.5,"time":139.25,"g":250,"b":174},{"type":"setColor","r":47,"g":45,"color":6,"time":139.25,"angle":0,"b":104},{"type":"setColor","r":37,"g":39,"angle":337.5,"time":139.25,"color":7,"b":68},{"time":177,"type":"showResults","angle":180},{"value":1.5,"type":"ease","time":142.75,"duration":5,"var":"vfx.canvPos.sx","angle":135},{"value":1.5,"type":"ease","duration":5,"time":142.75,"var":"vfx.canvPos.sy","angle":112.5},{"type":"bookmark","g":231.0142582655,"description":"window of afterlife","name":"window of afterlife","r":222.02205598354,"angle":45,"time":157.5,"b":247.49999284744},{"value":300,"type":"ease","ease":"inOutSine","time":155.5,"duration":4,"var":"p.y","angle":157.5},{"value":0,"type":"ease","time":157.5,"var":"p.fillColor","angle":0},{"value":1,"type":"ease","time":157.5,"var":"p.outlineColor","angle":135},{"value":1,"type":"ease","time":157.5,"var":"vfx.canvPos.sx","angle":180},{"value":1,"type":"ease","time":157.5,"var":"vfx.canvPos.sy","angle":202.5},{"sprite":"window.png","type":"deco","angle":112.5,"time":157.5,"id":"bg"},{"type":"setColor","g":221,"angle":225,"r":237,"color":0,"time":157.5,"duration":1,"b":189},{"angle":247.5,"g":34,"type":"setColor","r":34,"color":1,"time":157.5,"duration":1,"b":70},{"angle":270,"g":240,"type":"setColor","r":229,"color":2,"time":157.5,"duration":1,"b":251},{"type":"setColor","angle":292.5,"color":3,"g":225,"time":157.5,"r":207,"b":255},{"r":100,"angle":315,"g":118,"color":4,"time":157.5,"type":"setColor","b":113},{"g":190,"angle":337.5,"color":5,"r":158,"time":157.5,"type":"setColor","b":246},{"spriteName":"idle","type":"forcePlayerSprite","angle":0,"time":156},{"angle":180,"g":255,"type":"setColor","r":255,"color":5,"time":156,"duration":1.5,"b":255},{"type":"setColor","g":255,"angle":202.5,"r":255,"color":4,"duration":1.5,"time":156,"b":255},{"type":"setColor","g":255,"angle":225,"r":255,"color":3,"duration":1.5,"time":156,"b":255},{"value":-1,"type":"ease","time":157.5,"var":"p.faceColor","angle":157.5},{"type":"setColor","g":255,"angle":247.5,"r":255,"color":0,"time":167,"duration":6,"b":255},{"angle":225,"g":255,"type":"setColor","r":255,"color":1,"duration":6,"time":167,"b":255},{"angle":202.5,"g":255,"type":"setColor","r":255,"color":2,"duration":6,"time":167,"b":255},{"angle":180,"g":255,"type":"setColor","r":255,"color":3,"duration":6,"time":167,"b":255},{"angle":157.5,"g":255,"type":"setColor","r":255,"color":4,"duration":6,"time":167,"b":255},{"angle":135,"g":255,"type":"setColor","r":255,"color":5,"duration":6,"time":167,"b":255},{"angle":112.5,"g":255,"type":"setColor","r":255,"color":6,"duration":6,"time":167,"b":255},{"type":"setColor","g":255,"angle":135,"r":255,"color":7,"duration":1.5,"time":156,"b":255},{"type":"setColor","g":255,"angle":157.5,"r":255,"color":6,"duration":1.5,"time":156,"b":255},{"angle":270,"g":255,"type":"setColor","r":255,"color":1,"time":156,"duration":1.5,"b":255},{"type":"setColor","g":255,"angle":292.5,"r":255,"color":0,"duration":1.5,"time":156,"b":255},{"type":"setColor","g":255,"angle":247.5,"r":255,"color":2,"time":156,"duration":1.5,"b":255}],"properties":{"startBeat":0,"formatversion":12,"speed":50,"offset":8}}