[{"duration":4,"angle":0,"time":0,"angle2":45,"type":"hold"},{"type":"block","angle":45,"time":6.5},{"type":"block","angle":90,"time":5.5},{"duration":4,"angle":90,"time":8,"angle2":180,"type":"hold"},{"type":"block","angle":225,"time":13.5},{"type":"block","angle":270,"time":15},{"duration":4,"angle":247.5,"time":16,"angle2":67.5,"type":"hold"},{"type":"block","angle":360,"time":21.5},{"type":"block","angle":315,"time":22.5},{"duration":4,"angle":360,"time":24,"angle2":450,"type":"hold"},{"type":"block","angle":90,"time":28},{"type":"block","angle":135,"time":29.5},{"type":"block","angle":202.5,"time":31},{"duration":4,"angle":202.5,"time":32,"angle2":382.5,"type":"hold"},{"type":"block","angle":236.25,"time":32.75},{"type":"block","angle":270,"time":33.5},{"type":"block","angle":67.5,"time":36.5},{"type":"block","angle":90,"time":37},{"type":"block","angle":112.5,"time":37.5},{"type":"block","angle":225,"time":38.5},{"type":"block","angle":247.5,"time":38.5},{"duration":2,"angle":247.5,"time":40,"angle2":270,"type":"hold"},{"duration":2,"angle":247.5,"time":40,"angle2":225,"type":"hold"},{"duration":2,"angle":225,"time":42,"angle2":247.5,"type":"hold"},{"duration":2,"angle":270,"time":42,"angle2":247.5,"type":"hold"},{"type":"block","angle":315,"time":45.5},{"type":"block","angle":360,"time":47},{"type":"block","angle":236.25,"time":41},{"type":"block","angle":258.75,"time":41},{"duration":0,"angle":270,"time":42,"angle2":225,"type":"hold"},{"duration":0.75,"angle":0,"time":48,"angle2":22.5,"type":"hold"},{"duration":0.75,"angle":45,"time":48,"angle2":22.5,"type":"hold"},{"duration":1.5,"angle":360,"time":48,"angle2":382.5,"type":"hold"},{"duration":1.5,"angle":45,"time":48,"angle2":22.5,"type":"hold"},{"duration":2.5,"angle":22.5,"time":49.5,"angle2":90,"type":"hold"},{"type":"block","angle":180,"time":53.5},{"type":"block","angle":225,"time":54.5},{"duration":4,"angle":270,"time":56,"angle2":180,"type":"hold"},{"type":"block","angle":180,"time":60},{"type":"block","angle":135,"time":61.5},{"type":"block","angle":90,"time":63},{"type":"hold","angle":180,"holdEase":"outSine","duration":4,"time":64,"angle2":540},{"type":"hold","angle":270,"holdEase":"outSine","duration":4,"time":71.5,"angle2":-90},{"type":"block","angle":225,"time":70.5},{"type":"block","angle":247.5,"time":71},{"type":"hold","angle":67.5,"holdEase":"linear","duration":2.5,"time":73,"angle2":-90},{"type":"hold","angle":270,"time":75.5,"angle2":315,"duration":1.5},{"type":"block","angle":337.5,"time":77.5},{"type":"block","angle":360,"time":77.5},{"type":"block","angle":315,"time":79},{"type":"block","angle":292.5,"time":79},{"type":"hold","angle":360,"holdEase":"outSine","duration":4,"time":80,"angle2":720},{"type":"block","angle":90,"time":86.5},{"type":"block","angle":45,"time":87},{"type":"block","angle":90,"time":87.5},{"type":"hold","angle":157.5,"time":88.5,"angle2":270,"duration":3},{"type":"hold","angle":270,"time":91.5,"angle2":180,"duration":2.5},{"type":"hold","angle":135,"time":95,"angle2":112.5,"duration":1},{"type":"hold","angle":112.5,"time":95,"angle2":90,"duration":1},{"type":"hold","angle":112.5,"time":96,"angle2":112.5,"duration":2},{"type":"block","angle":157.5,"time":96.5},{"type":"block","angle":157.5,"time":97.5},{"type":"block","angle":67.5,"time":97},{"type":"block","angle":67.5,"time":98},{"type":"hold","angle":112.5,"time":98,"angle2":-607.5,"duration":5},{"type":"block","angle":180,"time":102.5},{"type":"block","angle":90,"time":104.5},{"type":"block","angle":45,"time":104.5},{"type":"block","angle":90,"time":105},{"type":"block","angle":135,"time":105},{"type":"block","angle":90,"time":105.5},{"type":"block","angle":45,"time":105.5},{"type":"block","angle":135,"time":104},{"type":"block","angle":90,"time":104},{"type":"block","angle":67.5,"time":106.5},{"type":"block","angle":112.5,"time":106.5},{"type":"block","angle":247.5,"time":57},{"type":"block","angle":225,"time":58},{"type":"block","angle":202.5,"time":59},{"type":"block","angle":191.25,"time":59.5},{"type":"block","angle":180,"time":108.5},{"type":"block","angle":225,"time":109.5},{"type":"block","angle":247.5,"time":110},{"type":"block","angle":225,"time":110},{"type":"block","angle":247.5,"time":111},{"type":"block","angle":270,"time":111},{"type":"hold","angle":270,"time":112,"angle2":315,"duration":4},{"type":"hold","angle":292.5,"time":112,"angle2":337.5,"duration":4},{"type":"block","angle":275.625,"time":112.5},{"type":"block","angle":303.75,"time":113},{"type":"block","angle":286.875,"time":113.5},{"type":"block","angle":315,"time":114},{"type":"block","angle":337.5,"time":116.5},{"type":"block","angle":0,"time":116.5},{"type":"block","angle":90,"time":120.5},{"type":"block","angle":135,"time":121},{"type":"block","angle":180,"time":121.5},{"type":"block","angle":45,"time":120},{"type":"block","angle":270,"time":122.5},{"type":"hold","angle":0,"time":124.5,"angle2":0,"duration":1},{"type":"hold","angle":0,"time":126.5,"angle2":22.5,"duration":1.5},{"type":"hold","angle":0,"time":124.5,"angle2":0,"duration":1},{"type":"hold","angle":45,"time":124.5,"angle2":45,"duration":1},{"type":"hold","angle":45,"time":126.5,"angle2":22.5,"duration":1.5},{"type":"hold","angle":360,"time":129.5,"angle2":382.5,"duration":1.5},{"type":"block","angle":337.5,"time":129},{"type":"hold","angle":45,"time":131.5,"angle2":67.5,"duration":1.5},{"type":"block","angle":90,"time":133.5},{"type":"block","angle":45,"time":134.5},{"type":"hold","angle":337.5,"time":136,"angle2":292.5,"duration":2},{"type":"hold","angle":270,"time":142,"angle2":270,"duration":1},{"type":"hold","angle":247.5,"time":144,"angle2":337.5,"duration":4},{"type":"block","angle":45,"time":149.5},{"type":"block","angle":135,"time":150.5},{"type":"hold","angle":225,"time":152.5,"angle2":270,"duration":3},{"type":"hold","angle":270,"time":156,"angle2":247.5,"duration":1},{"type":"hold","angle":247.5,"time":157.5,"angle2":225,"duration":1},{"type":"block","angle":202.5,"time":159},{"type":"hold","angle":180,"time":160,"angle2":202.5,"duration":2},{"type":"hold","angle":180,"time":160,"angle2":157.5,"duration":2},{"type":"block","angle":270,"time":140.5},{"type":"block","angle":225,"time":163},{"type":"block","angle":191.25,"time":161},{"type":"block","angle":270,"time":165},{"type":"block","angle":292.5,"time":165.5},{"type":"block","angle":247.5,"time":165.5},{"type":"hold","angle":247.5,"time":166.5,"angle2":270,"duration":1},{"type":"hold","angle":292.5,"time":166.5,"angle2":270,"duration":1},{"type":"hold","angle":270,"time":168,"angle2":360,"duration":2},{"type":"block","angle":281.25,"time":167},{"type":"block","angle":315,"time":169},{"type":"block","angle":315,"time":171},{"type":"block","angle":270,"time":173},{"type":"block","angle":270,"time":173.5},{"type":"hold","angle":247.5,"time":173.5,"angle2":292.5,"duration":2},{"type":"hold","angle":270,"time":176.5,"angle2":180,"duration":4},{"type":"block","angle":281.25,"time":175},{"type":"block","angle":258.75,"time":177},{"type":"block","angle":213.75,"time":179},{"type":"block","angle":157.5,"time":181},{"type":"block","angle":180,"time":182.5},{"type":"block","angle":157.5,"time":182.5},{"type":"block","angle":135,"time":181.5},{"type":"block","angle":112.5,"time":181.5},{"type":"block","angle":202.5,"time":183},{"type":"hold","angle":270,"time":184,"angle2":225,"duration":2},{"type":"block","angle":247.5,"time":185},{"type":"hold","angle":225,"time":186,"angle2":315,"duration":2},{"type":"block","angle":270,"time":187},{"type":"hold","angle":315,"time":188,"angle2":180,"duration":2},{"type":"block","angle":247.5,"time":189},{"type":"block","angle":202.5,"time":189.5},{"type":"block","angle":135,"time":191},{"type":"block","angle":135,"time":191.5},{"type":"block","angle":135,"time":192}]