{"events":[{"type":"play","angle":270,"file":"menuloop.ogg","volume":0.75,"time":0,"bpm":108},{"type":"bookmark","angle":90,"g":121.01012304425,"time":64,"name":"Horns","b":192.4999961257,"description":"The entry of the HORNS!","r":18.872548006475},{"type":"bookmark","angle":292.5,"g":0,"time":59,"name":"Section","b":0,"description":"","r":0},{"type":"bookmark","angle":360,"g":0,"time":59,"name":"Section","b":0,"description":"","r":0},{"type":"bookmark","angle":90,"g":23.897062093019,"time":32,"name":"Smooth Bass","b":23.897062093019,"description":"Get that guitar going!","r":162.49999791384},{"type":"bookmark","angle":270,"g":161.25000178814,"time":96,"name":"Back to basics","b":28.455880768597,"description":"Time to simmer back down","r":48.07316981256},{"type":"bookmark","angle":90,"g":33.664209991693,"time":160,"name":"Starting back up","b":167.49999761581,"description":"It continues!","r":140.12033879757},{"type":"showResults","angle":112.5,"time":191},{"type":"deco","angle":90,"x":0,"time":-1,"y":0,"drawLayer":"bg","sy":1,"id":"bg","sprite":"beatblock.png","sx":1}],"properties":{"offset":8,"loadBeat":-1,"speed":70,"startBeat":0,"formatversion":12},"metadata":{"artist":"BubbleTabby","charter":"Unexian","description":"Well someone was going to do it eventually...\n\nA simple level with only hits and holds.\nNo mines, no taps, no sides, no nothing.\nTruly, the essence and spirit of Beatblock.","songName":"Beatblock Menu Theme","bg":true,"difficulty":2,"artistLink":"","bgData":{"redChannel":{"g":203,"b":203,"r":203},"image":"beatblock.png","blueChannel":{"g":203,"b":203,"r":203}}}}