[{"angle":360,"time":34.25,"type":"block"},{"angle":90,"time":34.75,"type":"block"},{"angle":135,"time":35.25,"type":"block"},{"angle":180,"time":35.75,"type":"block"},{"angle":0,"time":37.25,"type":"block"},{"angle":225,"time":36.25,"type":"block"},{"angle":45,"time":37.75,"type":"block"},{"angle":45,"time":38.75,"type":"block"},{"angle":22.5,"time":39.25,"type":"block"},{"angle":315,"time":40.25,"type":"block"},{"angle":315,"time":40.75,"type":"block"},{"angle":315,"time":41.25,"type":"block"},{"angle":0,"time":42.25,"type":"block"},{"angle":315,"time":42.75,"type":"block"},{"angle":270,"time":43.25,"type":"block"},{"angle":180,"time":43.75,"type":"block"},{"angle":135,"time":44.25,"type":"block"},{"angle":90,"time":45.25,"type":"block"},{"angle":45,"time":46.25,"type":"block"},{"angle":22.5,"time":46.75,"type":"block"},{"angle":360,"time":47.25,"type":"block"},{"angle":270,"time":48.25,"type":"block"},{"angle":360,"time":48.75,"type":"block"},{"angle":22.5,"time":50.25,"type":"block"},{"angle":22.5,"time":50.75,"type":"block"},{"angle":315,"time":51.25,"type":"block"},{"angle":315,"time":51.75,"type":"block"},{"angle":360,"time":52.25,"type":"block"},{"angle":0,"time":53.25,"type":"block"},{"angle":22.5,"time":53.75,"type":"block"},{"angle":0,"time":54.25,"type":"block"},{"angle":315,"time":54.75,"type":"block"},{"angle":0,"time":55.25,"type":"block"},{"angle":45,"time":56.25,"type":"block"},{"angle":45,"time":56.75,"type":"block"},{"angle":45,"time":57.25,"type":"block"},{"angle":0,"time":58.25,"type":"block"},{"angle":45,"time":58.75,"type":"block"},{"angle":90,"time":59.25,"type":"block"},{"angle":180,"time":59.75,"type":"block"},{"angle":225,"time":60.25,"type":"block"},{"angle":315,"time":62.75,"type":"block"},{"angle":337.5,"time":63.25,"type":"block"},{"angle":0,"time":64.25,"type":"block"},{"angle":0,"time":64.75,"type":"block"},{"angle":292.5,"time":62.25,"type":"block"},{"angle":45,"time":50.5,"type":"block"},{"angle":337.5,"time":51.5,"type":"block"},{"angle":270,"time":61.25,"type":"block"},{"angle":225,"time":43.5,"type":"block"},{"angle":337.5,"time":54.5,"type":"block"},{"angle":135,"time":59.5,"type":"block"},{"angle":67.5,"time":38.25,"type":"block"},{"angle":180,"time":30,"type":"side"},{"angle":180,"time":26,"type":"side"},{"angle":180,"time":22,"type":"side"},{"angle":180,"time":18,"type":"side"},{"angle":180,"time":14,"type":"side"},{"angle":180,"time":10,"type":"side"},{"angle":180,"time":6,"type":"side"},{"angle":180,"time":1.5,"type":"side"},{"angle":180,"time":100.66666412354,"type":"block"},{"angle":90,"time":99.666664123535,"type":"block"},{"angle":360,"time":98.666664123535,"type":"block"},{"angle":270,"time":101.66666412354,"type":"block"},{"angle":0,"time":103.66666412354,"type":"block"},{"angle":180,"time":104.66666412354,"type":"block"},{"angle":0,"time":105.66666412354,"type":"block"},{"angle":0,"time":107.25,"type":"block"},{"angle":90,"time":108.66666412354,"type":"block"},{"angle":270,"time":109.66666412354,"type":"block"},{"angle":360,"time":111.66666412354,"type":"block"},{"angle":180,"time":112.66666412354,"type":"block"},{"angle":0,"time":113.66666412354,"type":"block"},{"angle":0,"time":115.66666412354,"type":"block"},{"angle":45,"time":116.33333587646,"type":"block"},{"angle":180,"time":117,"type":"block"},{"angle":315,"time":117.66666412354,"type":"block"},{"angle":0,"time":118.66666412354,"type":"block"},{"angle":0,"time":119.66666412354,"type":"block"},{"angle":0,"time":120.66666412354,"type":"block"},{"time":121.66666412354,"duration":3.6666662693024,"angle":0,"angle2":-360,"type":"hold"},{"time":125.66666412354,"duration":3.3333330154419,"angle":360,"angle2":720,"type":"hold"},{"angle":0,"time":130.66667175293,"type":"block"},{"angle":360,"time":131.66667175293,"type":"block"},{"angle":360,"time":132.66667175293,"type":"block"},{"angle":360,"time":133.66667175293,"type":"block"},{"angle":360,"time":134.66667175293,"type":"block"},{"angle":360,"time":135.66667175293,"type":"block"},{"angle":360,"time":136.66667175293,"type":"block"},{"angle":0,"time":139.66667175293,"type":"block"},{"angle":360,"time":144.66667175293,"type":"block"},{"angle":360,"time":145.66667175293,"type":"block"},{"angle":0,"time":150.66667175293,"type":"block"},{"angle":0,"time":151.66667175293,"type":"block"},{"angle":0,"time":152.66667175293,"type":"block"},{"angle":360,"time":202.5,"type":"block"},{"angle":0,"time":201.75,"type":"block"},{"angle":0,"time":203.25,"type":"block"},{"angle":0,"time":203.75,"type":"block"},{"angle":0,"time":204.5,"type":"block"},{"angle":0,"time":205.25,"type":"block"},{"angle":0,"time":205.75,"type":"block"},{"angle":0,"time":206.25,"type":"block"},{"angle":67.5,"time":207.25,"type":"block"},{"angle":0,"time":208.25,"type":"block"},{"angle":45,"time":208.75,"type":"block"},{"angle":22.5,"time":209.25,"type":"block"},{"angle":360,"time":209.75,"type":"block"},{"angle":337.5,"time":210.25,"type":"block"},{"angle":315,"time":211.25,"type":"block"},{"angle":22.5,"time":212.25,"type":"block"},{"angle":45,"time":212.75,"type":"block"},{"angle":67.5,"time":213.25,"type":"block"},{"angle":292.5,"time":66.25,"type":"block"},{"angle":67.5,"time":66.75,"type":"block"},{"angle":360,"time":67.25,"type":"block"},{"angle":337.5,"time":67.5,"type":"block"},{"angle":315,"time":67.75,"type":"block"},{"angle":0,"time":68.25,"type":"block"},{"angle":45,"time":69.25,"type":"block"},{"angle":90,"time":69.75,"type":"block"},{"angle":135,"time":70.25,"type":"block"},{"angle":180,"time":70.75,"type":"block"},{"angle":225,"time":71.25,"type":"block"},{"angle":315,"time":72.25,"type":"block"},{"angle":315,"time":72.75,"type":"block"},{"angle":315,"time":73.25,"type":"block"},{"angle":0,"time":74.25,"type":"block"},{"angle":315,"time":74.75,"type":"block"},{"angle":270,"time":75.25,"type":"block"},{"angle":247.5,"time":75.5,"type":"block"},{"angle":225,"time":75.75,"type":"block"},{"angle":202.5,"time":76.25,"type":"block"},{"angle":360,"time":77.25,"type":"block"},{"angle":360,"time":78.25,"type":"block"},{"angle":0,"time":78.75,"type":"block"},{"angle":360,"time":79.25,"type":"block"},{"angle":360,"time":80.25,"type":"block"},{"angle":0,"time":80.75,"type":"block"},{"angle":0,"time":82.25,"type":"block"},{"angle":45,"time":82.75,"type":"block"},{"angle":90,"time":83.25,"type":"block"},{"angle":112.5,"time":83.5,"type":"block"},{"angle":135,"time":83.75,"type":"block"},{"angle":157.5,"time":84.25,"type":"block"},{"angle":0,"time":85.25,"type":"block"},{"angle":315,"time":85.75,"type":"block"},{"angle":270,"time":86.25,"type":"block"},{"angle":225,"time":86.75,"type":"block"},{"angle":247.5,"time":86.5,"type":"block"},{"angle":202.5,"time":87.25,"type":"block"},{"angle":45,"time":88.25,"type":"block"},{"angle":45,"time":88.75,"type":"block"},{"angle":45,"time":89.25,"type":"block"},{"angle":0,"time":90.25,"type":"block"},{"angle":22.5,"time":90.5,"type":"block"},{"angle":45,"time":90.75,"type":"block"},{"angle":360,"time":91.25,"type":"block"},{"angle":337.5,"time":91.5,"type":"block"},{"angle":315,"time":91.75,"type":"block"},{"angle":360,"time":92.25,"type":"block"},{"angle":360,"time":93.25,"type":"block"},{"angle":360,"time":94.25,"type":"block"},{"angle":22.5,"time":94.75,"type":"block"},{"angle":45,"time":95.25,"type":"block"},{"angle":0,"time":96.25,"type":"block"},{"angle":337.5,"time":96.75,"type":"block"},{"angle":0,"time":211.75,"type":"block"},{"angle":22.5,"time":37.5,"type":"block"},{"angle":45,"time":34.5,"type":"block"},{"angle":22.5,"time":207.75,"type":"block"},{"angle":270,"time":221.25,"type":"block"},{"angle":0,"time":221.75,"type":"block"},{"angle":45,"time":222.25,"type":"block"},{"angle":67.5,"time":222.5,"type":"block"},{"angle":90,"time":222.75,"type":"block"},{"angle":112.5,"time":223.25,"type":"block"},{"angle":0,"time":224.25,"type":"block"},{"angle":0,"time":224.75,"type":"block"},{"angle":22.5,"time":224.5,"type":"block"},{"angle":0,"time":225.25,"type":"block"},{"angle":337.5,"time":225.5,"type":"block"},{"angle":0,"time":225.75,"type":"block"},{"angle":0,"time":226.25,"type":"block"},{"angle":22.5,"time":226.5,"type":"block"},{"angle":0,"time":227.25,"type":"block"},{"angle":360,"time":226.75,"type":"block"},{"angle":292.5,"time":228.25,"type":"block"},{"angle":247.5,"time":229.25,"type":"block"},{"angle":315,"time":228,"type":"block"},{"angle":270,"time":228.75,"type":"block"},{"angle":0,"time":155.75,"type":"block"},{"angle":360,"time":160.75,"type":"block"},{"angle":0,"time":161.25,"type":"block"},{"angle":67.5,"time":230.75,"type":"block"},{"angle":90,"time":230.25,"type":"block"},{"angle":45,"time":231.25,"type":"block"},{"angle":67.5,"time":231.75,"type":"block"},{"angle":45,"time":232.25,"type":"block"},{"angle":22.5,"time":232.75,"type":"block"},{"angle":22.5,"time":233.75,"type":"block"},{"angle":0,"time":235.25,"type":"block"},{"angle":315,"time":236.25,"type":"block"},{"angle":0,"time":236.75,"type":"block"},{"angle":315,"time":237.25,"type":"block"},{"angle":360,"time":169.66667175293,"type":"block"},{"angle":0,"time":170.66667175293,"type":"block"},{"angle":0,"time":171.66667175293,"type":"block"},{"angle":0,"time":176.83332824707,"type":"block"},{"angle":0,"time":177.83332824707,"type":"block"},{"angle":360,"time":182.83332824707,"type":"block"},{"angle":0,"time":183.83332824707,"type":"block"},{"angle":360,"time":184.83332824707,"type":"block"},{"angle":0,"time":185.83332824707,"type":"block"},{"angle":0,"time":186.83332824707,"type":"block"},{"angle":0,"time":187.83332824707,"type":"block"},{"angle":0,"time":192.66667175293,"type":"block"},{"angle":45,"time":137.66667175293,"type":"side"},{"angle":315,"time":138.66667175293,"type":"side"},{"angle":45,"time":140.66667175293,"type":"side"},{"angle":315,"time":141.16667175293,"type":"side"},{"angle":22.5,"time":141.66667175293,"type":"side"},{"angle":315,"time":142.66667175293,"type":"side"},{"angle":45,"time":143.16667175293,"type":"side"},{"angle":337.5,"time":143.66667175293,"type":"side"},{"speedMult":2,"time":200.75,"duration":0,"angle":0,"angle2":360,"type":"hold"},{"angle":0,"time":270.83334350586,"type":"block"},{"angle":315,"time":271.83331298828,"type":"block"},{"angle":337.5,"time":272.8332824707,"type":"block"},{"angle":0,"time":273.83334350586,"type":"block"},{"angle":45,"time":275.83334350586,"type":"block"},{"angle":22.5,"time":276.83334350586,"type":"block"},{"angle":0,"time":277.83334350586,"type":"block"},{"angle":360,"time":279.24996948242,"type":"block"},{"angle":0,"time":280.83334350586,"type":"block"},{"angle":0,"time":281.83331298828,"type":"block"},{"angle":90,"time":283.83334350586,"type":"block"},{"angle":45,"time":284.83334350586,"type":"block"},{"angle":0,"time":285.83334350586,"type":"block"},{"angle":270,"time":287.83334350586,"type":"block"},{"angle":292.5,"time":288.66665649414,"type":"block"},{"angle":315,"time":289.33331298828,"type":"block"},{"angle":337.5,"time":289.83331298828,"type":"block"},{"angle":0,"time":290.83331298828,"type":"block"},{"angle":0,"time":291.83331298828,"type":"block"},{"angle":0,"time":292.83331298828,"type":"block"},{"time":293.66665649414,"duration":3.5000004768372,"angle":0,"angle2":360,"type":"hold"},{"angle":0,"time":297.5,"type":"block"},{"time":297.83334350586,"duration":1.8333331346512,"angle":0,"angle2":-180,"type":"hold"},{"angle":540,"time":301.66668701172,"type":"block"},{"angle":45,"time":146.66667175293,"type":"side"},{"angle":315,"time":147.16667175293,"type":"side"},{"angle":22.5,"time":147.66667175293,"type":"side"},{"angle":315,"time":148.66667175293,"type":"side"},{"angle":45,"time":149.16667175293,"type":"side"},{"angle":337.5,"time":149.66667175293,"type":"side"},{"angle":337.5,"time":211.5,"type":"block"},{"angle":45,"time":207.5,"type":"block"},{"time":161.75,"duration":7,"angle":360,"angle2":360,"type":"hold"},{"angle":0,"time":168.75,"type":"block"},{"angle":22.5,"time":161.75,"type":"block"},{"angle":22.5,"time":162.25,"type":"block"},{"angle":45,"time":162.75,"type":"block"},{"angle":45,"time":163.25,"type":"block"},{"angle":22.5,"time":163.75,"type":"block"},{"angle":22.5,"time":164.25,"type":"block"},{"angle":337.5,"time":164.75,"type":"block"},{"angle":337.5,"time":165.25,"type":"block"},{"angle":315,"time":165.75,"type":"block"},{"angle":315,"time":166.25,"type":"block"},{"angle":337.5,"time":166.75,"type":"block"},{"angle":337.5,"time":167.25,"type":"block"},{"angle":0,"time":167.75,"type":"block"},{"angle":0,"time":193.25,"type":"block"},{"angle":337.5,"time":193.75,"type":"block"},{"angle":337.5,"time":194.25,"type":"block"},{"time":193.75,"duration":7,"angle":0,"angle2":0,"type":"hold"},{"angle":315,"time":194.75,"type":"block"},{"angle":315,"time":195.25,"type":"block"},{"angle":337.5,"time":195.75,"type":"block"},{"angle":337.5,"time":196.25,"type":"block"},{"angle":22.5,"time":196.75,"type":"block"},{"angle":22.5,"time":197.25,"type":"block"},{"angle":45,"time":197.75,"type":"block"},{"angle":45,"time":198.25,"type":"block"},{"angle":22.5,"time":198.75,"type":"block"},{"angle":22.5,"time":199.25,"type":"block"},{"angle":0,"time":199.75,"type":"block"},{"angle":315,"time":153.75,"type":"side"},{"angle":45,"time":154.75,"type":"side"},{"angle":315,"time":156.66665649414,"type":"side"},{"angle":45,"time":157.16665649414,"type":"side"},{"angle":337.5,"time":157.66665649414,"type":"side"},{"angle":45,"time":158.66665649414,"type":"side"},{"angle":315,"time":159.16665649414,"type":"side"},{"angle":22.5,"time":159.66667175293,"type":"side"},{"angle":0,"time":356.66665649414,"type":"block"},{"angle":0,"time":357.66665649414,"type":"block"},{"angle":0,"time":255.75,"type":"block"},{"angle":0,"time":255.5,"type":"block"},{"angle":0,"time":256.25,"type":"block"},{"angle":180,"time":260.25,"type":"block"},{"time":261.25,"duration":1,"angle":180,"angle2":0,"type":"hold"},{"angle":0,"time":358.66665649414,"type":"block"},{"angle":0,"time":359.66665649414,"type":"block"},{"angle":0,"time":360.66665649414,"type":"block"},{"angle":0,"time":361.66665649414,"type":"block"},{"angle":360,"time":362.66665649414,"type":"block"},{"angle":0,"time":365.66665649414,"type":"block"},{"angle":0,"time":371.66665649414,"type":"block"},{"angle":0,"time":370.66665649414,"type":"block"},{"angle":0,"time":376.66665649414,"type":"block"},{"angle":360,"time":377.66665649414,"type":"block"},{"angle":360,"time":378.66665649414,"type":"block"},{"segments":5,"speedMult":6,"time":379.66665649414,"duration":0,"angle":360,"angle2":-360,"type":"hold"},{"speedMult":10,"time":380.66665649414,"duration":0,"angle":360,"angle2":0,"type":"hold"},{"segments":5,"speedMult":10,"time":380.66665649414,"duration":0,"angle":180,"angle2":-540,"type":"mineHold"},{"speedMult":6,"time":379.66665649414,"duration":0,"angle":180,"angle2":-180,"type":"mineHold"},{"segments":5,"speedMult":3,"time":200.75,"duration":0,"angle":-180,"angle2":540,"type":"mineHold"},{"angle":90,"time":214.25,"type":"block"},{"angle":135,"time":214.75,"type":"block"},{"angle":180,"time":215.25,"type":"block"},{"angle":225,"time":215.75,"type":"block"},{"angle":180,"time":216.75,"type":"block"},{"angle":135,"time":217.75,"type":"block"},{"angle":225,"time":218.75,"type":"block"},{"angle":225,"time":219.75,"type":"block"},{"angle":180,"time":218.25,"type":"block"},{"angle":0,"time":473.33334350586,"type":"block"},{"angle":0,"time":473.83334350586,"type":"block"},{"angle":0,"time":474.83334350586,"type":"block"},{"time":387.66665649414,"duration":0.49999994039536,"angle":360,"angle2":405,"type":"hold"},{"time":388.16665649414,"duration":0.49999994039536,"angle":45,"angle2":0,"type":"hold"},{"time":388.66665649414,"duration":0.49999994039536,"angle":0,"angle2":-45,"type":"hold"},{"time":389.16665649414,"duration":0.49999994039536,"angle":-45,"angle2":0,"type":"hold"},{"time":389.66665649414,"duration":0.49999994039536,"angle":360,"angle2":405,"type":"hold"},{"time":390.16665649414,"duration":0.49999994039536,"angle":45,"angle2":0,"type":"hold"},{"time":390.66665649414,"duration":0.49999994039536,"angle":0,"angle2":-45,"type":"hold"},{"time":391.16665649414,"duration":0.49999994039536,"angle":-45,"angle2":0,"type":"hold"},{"time":391.66665649414,"duration":0.49999994039536,"angle":360,"angle2":405,"type":"hold"},{"time":392.16665649414,"duration":0.49999994039536,"angle":45,"angle2":0,"type":"hold"},{"time":392.66665649414,"duration":0.49999994039536,"angle":360,"angle2":315,"type":"hold"},{"time":393.16665649414,"duration":0.49999994039536,"angle":-45,"angle2":45,"type":"hold"},{"angle":315,"time":394.66665649414,"type":"block"},{"angle":180,"time":302.66665649414,"type":"block"},{"angle":180,"time":303.66665649414,"type":"block"},{"angle":180,"time":304.16665649414,"type":"block"},{"angle":180,"time":304.66665649414,"type":"block"},{"angle":495,"time":315.66665649414,"type":"block"},{"angle":495,"time":316.16665649414,"type":"block"},{"angle":495,"time":316.66665649414,"type":"block"},{"angle":225,"time":309.66665649414,"type":"block"},{"angle":225,"time":310.16665649414,"type":"block"},{"angle":225,"time":310.66665649414,"type":"block"},{"angle":495,"time":313.66668701172,"type":"block"},{"angle":540,"time":312.66668701172,"type":"block"},{"angle":225,"time":319.66668701172,"type":"block"},{"angle":180,"time":318.66668701172,"type":"block"},{"angle":225,"time":308.66665649414,"type":"block"},{"angle":225,"time":307.66665649414,"type":"block"},{"angle":225,"time":323.66665649414,"type":"block"},{"angle":225,"time":322.66665649414,"type":"block"},{"angle":225,"time":324.66665649414,"type":"block"},{"angle":495,"time":326.66665649414,"type":"block"},{"angle":495,"time":325.66665649414,"type":"block"},{"angle":495,"time":327.66665649414,"type":"block"},{"angle":495,"time":328.16665649414,"type":"block"},{"angle":495,"time":328.66665649414,"type":"block"},{"angle":225,"time":332.66665649414,"type":"block"},{"angle":180,"time":331.66665649414,"type":"block"},{"angle":225,"time":333.66665649414,"type":"block"},{"angle":225,"time":334.16665649414,"type":"block"},{"angle":225,"time":334.66665649414,"type":"block"},{"angle":180,"time":338.66665649414,"type":"block"},{"angle":180,"time":337.66665649414,"type":"block"},{"angle":180,"time":339.66665649414,"type":"block"},{"angle":180,"time":340.16665649414,"type":"block"},{"angle":180,"time":340.66665649414,"type":"block"},{"angle":180,"time":349.66665649414,"type":"block"},{"time":301.66665649414,"duration":48.000072479248,"angle":360,"angle2":360,"type":"mineHold"},{"segments":1,"time":301.66665649414,"duration":48,"angle":315,"angle2":271,"type":"mineHold"},{"time":307.49993896484,"duration":4.0000004768372,"angle":180,"angle2":180,"type":"mineHold"},{"time":419.66668701172,"duration":0.49999994039536,"angle":0,"angle2":-45,"type":"hold"},{"time":420.16665649414,"duration":0.5,"angle":315,"angle2":360,"type":"hold"},{"time":420.66665649414,"duration":0.5,"angle":0,"angle2":45,"type":"hold"},{"time":421.16665649414,"duration":0.5,"angle":45,"angle2":0,"type":"hold"},{"time":421.66665649414,"duration":0.49999994039536,"angle":0,"angle2":-45,"type":"hold"},{"time":422.16665649414,"duration":0.49999994039536,"angle":315,"angle2":360,"type":"hold"},{"time":425.16668701172,"duration":0.49999994039536,"angle":45,"angle2":-45,"type":"hold"},{"angle":45,"time":426.66665649414,"type":"block"},{"time":483.66665649414,"duration":0.49999994039536,"angle":0,"angle2":45,"type":"hold"},{"time":484.16665649414,"duration":0.49999994039536,"angle":45,"angle2":-45,"type":"hold"},{"time":484.66665649414,"duration":0.49999994039536,"angle":315,"angle2":405,"type":"hold"},{"time":485.16665649414,"duration":0.49999994039536,"angle":45,"angle2":-45,"type":"hold"},{"time":485.66665649414,"duration":0.49999994039536,"angle":315,"angle2":405,"type":"hold"},{"time":486.16665649414,"duration":0.49999994039536,"angle":45,"angle2":-45,"type":"hold"},{"time":486.66665649414,"duration":0.49999994039536,"angle":315,"angle2":405,"type":"hold"},{"time":487.16665649414,"duration":0.49999994039536,"angle":45,"angle2":-45,"type":"hold"},{"time":487.66665649414,"duration":0.49999994039536,"angle":315,"angle2":405,"type":"hold"},{"time":488.16665649414,"duration":0.49999994039536,"angle":45,"angle2":-45,"type":"hold"},{"time":488.66665649414,"duration":0.49999994039536,"angle":315,"angle2":405,"type":"hold"},{"time":489.16665649414,"duration":0.49999994039536,"angle":45,"angle2":-45,"type":"hold"},{"time":422.66665649414,"duration":0.49999994039536,"angle":360,"angle2":405,"type":"hold"},{"time":423.16665649414,"duration":0.49999994039536,"angle":45,"angle2":0,"type":"hold"},{"time":423.66665649414,"duration":0.49999994039536,"angle":360,"angle2":315,"type":"hold"},{"time":424.16665649414,"duration":0.49999994039536,"angle":315,"angle2":360,"type":"hold"},{"time":424.66665649414,"duration":0.49999994039536,"angle":0,"angle2":45,"type":"hold"},{"time":497.66668701172,"duration":0,"angle":360,"angle2":0,"type":"hold"},{"segments":5,"time":497.66668701172,"duration":0,"angle":180,"angle2":-540,"type":"mineHold"},{"angle":315,"time":363.66665649414,"type":"side"},{"angle":45,"time":364.66665649414,"type":"side"},{"angle":315,"time":366.66665649414,"type":"side"},{"angle":45,"time":367.16665649414,"type":"side"},{"angle":337.5,"time":367.66665649414,"type":"side"},{"angle":45,"time":368.66665649414,"type":"side"},{"angle":315,"time":369.16665649414,"type":"side"},{"angle":22.5,"time":369.66665649414,"type":"side"},{"angle":360,"time":238.5,"type":"block"},{"angle":337.5,"time":238.25,"type":"block"},{"angle":337.5,"time":238.75,"type":"block"},{"angle":315,"time":239,"type":"block"},{"angle":292.5,"time":239.25,"type":"block"},{"angle":315,"time":238,"type":"block"},{"angle":270,"time":239.75,"type":"block"},{"angle":292.5,"time":240.25,"type":"block"},{"angle":67.5,"time":241.5,"type":"block"},{"angle":90,"time":241.75,"type":"block"},{"angle":67.5,"time":242,"type":"block"},{"angle":45,"time":242.25,"type":"block"},{"angle":0,"time":242.75,"type":"block"},{"angle":22.5,"time":242.5,"type":"block"},{"angle":22.5,"time":243,"type":"block"},{"angle":45,"time":244.25,"type":"block"},{"angle":45,"time":241.25,"type":"block"},{"angle":45,"time":243.25,"type":"block"},{"angle":45,"time":243.75,"type":"block"},{"angle":135,"time":245.5,"type":"block"},{"angle":135,"time":245.25,"type":"block"},{"angle":135,"time":245.75,"type":"block"},{"angle":180,"time":246.25,"type":"block"},{"angle":247.5,"time":247,"type":"block"},{"angle":202.5,"time":246.5,"type":"block"},{"angle":270,"time":247.25,"type":"block"},{"angle":315,"time":247.75,"type":"block"},{"angle":337.5,"time":248,"type":"block"},{"angle":22.5,"time":248.5,"type":"block"},{"angle":45,"time":248.75,"type":"block"},{"angle":90,"time":249.25,"type":"block"},{"angle":112.5,"time":249.75,"type":"block"},{"angle":157.5,"time":250.25,"type":"block"},{"angle":180,"time":250.5,"type":"block"},{"angle":202.5,"time":251,"type":"block"},{"angle":225,"time":251.25,"type":"block"},{"angle":247.5,"time":251.5,"type":"block"},{"angle":270,"time":251.75,"type":"block"},{"angle":292.5,"time":252.25,"type":"block"},{"angle":0,"time":253.75,"type":"block"},{"angle":0,"time":253.25,"type":"block"},{"angle":0,"time":254.25,"type":"block"},{"angle":0,"time":254.5,"type":"block"},{"angle":0,"time":254.875,"type":"block"},{"angle":360,"time":255.25,"type":"block"},{"angle":180,"time":257.25,"type":"block"},{"angle":180,"time":257.75,"type":"block"},{"angle":180,"time":258.25,"type":"block"},{"angle":180,"time":259.625,"type":"block"},{"angle":180,"time":258.5,"type":"block"},{"angle":180,"time":259.125,"type":"block"},{"angle":180,"time":259.375,"type":"block"},{"angle":180,"time":258.75,"type":"block"},{"angle":0,"time":263,"type":"block"},{"angle":0,"time":264,"type":"block"},{"angle":0,"time":264.5,"type":"block"},{"angle":0,"time":265,"type":"block"},{"angle":0,"time":265.75,"type":"block"},{"angle":360,"time":266.75,"type":"block"},{"angle":360,"time":267.75,"type":"block"},{"angle":360,"time":268.75,"type":"block"},{"angle":315,"time":372.66668701172,"type":"side"},{"angle":45,"time":373.16665649414,"type":"side"},{"angle":337.5,"time":373.66668701172,"type":"side"},{"angle":45,"time":374.66665649414,"type":"side"},{"angle":315,"time":375.16665649414,"type":"side"},{"angle":22.5,"time":375.66665649414,"type":"side"},{"angle":0,"time":381.66668701172,"type":"block"},{"angle":45,"time":382.66665649414,"type":"side"},{"angle":315,"time":383.16665649414,"type":"side"},{"angle":22.5,"time":383.66665649414,"type":"side"},{"angle":315,"time":384.66665649414,"type":"side"},{"angle":45,"time":385.16665649414,"type":"side"},{"angle":337.5,"time":385.66665649414,"type":"side"},{"time":386.66665649414,"duration":0.49999994039536,"angle":0,"angle2":0,"type":"hold"},{"angle":360,"time":395.66665649414,"type":"block"},{"angle":0,"time":396.66665649414,"type":"block"},{"angle":0,"time":397.66665649414,"type":"block"},{"angle":45,"time":398.66665649414,"type":"side"},{"angle":315,"time":399.16665649414,"type":"side"},{"angle":22.5,"time":399.66665649414,"type":"side"},{"angle":315,"time":400.66668701172,"type":"side"},{"angle":45,"time":401.16665649414,"type":"side"},{"angle":337.5,"time":401.66665649414,"type":"side"},{"angle":360,"time":428.66665649414,"type":"block"},{"angle":360,"time":427.66665649414,"type":"block"},{"angle":0,"time":429.66665649414,"type":"block"},{"angle":292.5,"time":430.66665649414,"type":"block"},{"angle":0,"time":431.16665649414,"type":"block"},{"angle":292.5,"time":431.66665649414,"type":"block"},{"angle":67.5,"time":432.66665649414,"type":"block"},{"angle":360,"time":433.16665649414,"type":"block"},{"angle":67.5,"time":433.66665649414,"type":"block"},{"angle":0,"time":434.66665649414,"type":"block"},{"angle":360,"time":435.66665649414,"type":"block"},{"angle":67.5,"time":436.66665649414,"type":"block"},{"angle":360,"time":437.16665649414,"type":"block"},{"angle":67.5,"time":437.66665649414,"type":"block"},{"angle":292.5,"time":438.66665649414,"type":"block"},{"angle":360,"time":439.16665649414,"type":"block"},{"angle":292.5,"time":439.66665649414,"type":"block"},{"angle":360,"time":440.66665649414,"type":"block"},{"angle":360,"time":441.66665649414,"type":"block"},{"angle":360,"time":442.66665649414,"type":"block"},{"angle":0,"time":447.16665649414,"type":"block"},{"angle":360,"time":411.75,"type":"block"},{"angle":360,"time":412.75,"type":"block"},{"angle":0,"time":413.75,"type":"block"},{"angle":315,"time":414.66665649414,"type":"side"},{"angle":45,"time":415.16665649414,"type":"side"},{"angle":337.5,"time":415.66665649414,"type":"side"},{"angle":45,"time":416.66665649414,"type":"side"},{"angle":315,"time":417.16665649414,"type":"side"},{"angle":22.5,"time":417.66665649414,"type":"side"},{"segments":1,"time":301.66665649414,"duration":48,"angle":45,"angle2":89,"type":"mineHold"},{"time":313.66665649414,"duration":4.0000004768372,"angle":180,"angle2":180,"type":"mineHold"},{"time":319.5,"duration":4,"angle":180,"angle2":180,"type":"mineHold"},{"time":325.66665649414,"duration":4,"angle":180,"angle2":180,"type":"mineHold"},{"time":332.66665649414,"duration":4,"angle":180,"angle2":180,"type":"mineHold"},{"angle":180,"time":343.66665649414,"type":"block"},{"angle":180,"time":346.66665649414,"type":"block"},{"angle":180,"time":348.66665649414,"type":"block"},{"time":403.66665649414,"duration":1,"angle":360,"angle2":427.5,"type":"hold"},{"time":404.66665649414,"duration":0.49999994039536,"angle":427.5,"angle2":382.5,"type":"hold"},{"time":405.16665649414,"duration":0.49999994039536,"angle":382.5,"angle2":427.5,"type":"hold"},{"time":405.66665649414,"duration":1,"angle":67.5,"angle2":135,"type":"hold"},{"time":406.66665649414,"duration":0.49999994039536,"angle":135,"angle2":90,"type":"hold"},{"time":407.16665649414,"duration":0.49999994039536,"angle":450,"angle2":495,"type":"hold"},{"time":407.66665649414,"duration":1,"angle":135,"angle2":202.5,"type":"hold"},{"time":408.66665649414,"duration":1,"angle":-157.5,"angle2":-90,"type":"hold"},{"time":409.66665649414,"duration":1,"angle":-90,"angle2":-22.5,"type":"hold"},{"angle":22.5,"time":459.66665649414,"type":"block"},{"angle":337.5,"time":460.66665649414,"type":"block"},{"angle":22.5,"time":461.66665649414,"type":"block"},{"angle":22.5,"time":462.66665649414,"type":"block"},{"angle":0,"time":463.16665649414,"type":"block"},{"angle":0,"time":462,"type":"block"},{"angle":337.5,"time":462.16665649414,"type":"block"},{"angle":0,"time":462.33334350586,"type":"block"},{"angle":0,"time":466.66665649414,"type":"block"},{"angle":0,"time":467.66665649414,"type":"block"},{"angle":0,"time":469.66665649414,"type":"block"},{"angle":0,"time":471.66665649414,"type":"block"},{"angle":0,"time":472.66665649414,"type":"block"},{"angle":315,"time":172.66667175293,"type":"side"},{"angle":45,"time":173.16667175293,"type":"side"},{"angle":337.5,"time":173.66667175293,"type":"side"},{"angle":45,"time":174.66667175293,"type":"side"},{"angle":315,"time":175.16667175293,"type":"side"},{"angle":22.5,"time":175.66667175293,"type":"side"},{"angle":45,"time":178.66667175293,"type":"side"},{"angle":315,"time":179.16667175293,"type":"side"},{"angle":22.5,"time":179.66667175293,"type":"side"},{"angle":315,"time":180.66667175293,"type":"side"},{"angle":45,"time":181.16667175293,"type":"side"},{"angle":337.5,"time":181.66667175293,"type":"side"},{"angle":315,"time":188.66667175293,"type":"side"},{"angle":45,"time":189.16667175293,"type":"side"},{"angle":337.5,"time":189.66667175293,"type":"side"},{"angle":45,"time":190.66667175293,"type":"side"},{"angle":315,"time":191.16667175293,"type":"side"},{"angle":22.5,"time":191.66667175293,"type":"side"},{"angle":180,"time":306.66668701172,"type":"block"},{"angle":45,"time":468.5,"type":"block"},{"angle":45,"time":469,"type":"block"},{"angle":315,"time":470.75,"type":"block"},{"angle":360,"time":477.66665649414,"type":"block"},{"angle":360,"time":482.66665649414,"type":"block"},{"angle":0,"time":483.16668701172,"type":"block"},{"angle":45,"time":478.66665649414,"type":"side"},{"angle":315,"time":479.16665649414,"type":"side"},{"angle":22.5,"time":479.66665649414,"type":"side"},{"angle":315,"time":480.66665649414,"type":"side"},{"angle":45,"time":481.16665649414,"type":"side"},{"angle":337.5,"time":481.66665649414,"type":"side"},{"angle":315,"time":475.66665649414,"type":"side"},{"angle":45,"time":476.66665649414,"type":"side"},{"angle":45,"time":464.66665649414,"type":"side"},{"angle":315,"time":465.16665649414,"type":"side"},{"angle":22.5,"time":465.66665649414,"type":"side"},{"time":451.66665649414,"duration":0.49999994039536,"angle":0,"angle2":45,"type":"hold"},{"angle":0,"time":450.66665649414,"type":"block"},{"angle":0,"time":451.16665649414,"type":"block"},{"time":452.16665649414,"duration":0.49999994039536,"angle":45,"angle2":0,"type":"hold"},{"time":452.66665649414,"duration":0.49999994039536,"angle":360,"angle2":382.5,"type":"hold"},{"time":453.16665649414,"duration":0.49999994039536,"angle":22.5,"angle2":-22.5,"type":"hold"},{"time":453.66665649414,"duration":0.49999994039536,"angle":337.5,"angle2":360,"type":"hold"},{"time":454.16665649414,"duration":0.49999994039536,"angle":360,"angle2":337.5,"type":"hold"},{"time":454.66665649414,"duration":0.49999988079071,"angle":337.5,"angle2":382.5,"type":"hold"},{"time":455.16665649414,"duration":0.49999994039536,"angle":22.5,"angle2":0,"type":"hold"},{"time":455.66665649414,"duration":0.49999994039536,"angle":0,"angle2":22.5,"type":"hold"},{"time":456.16665649414,"duration":0.49999994039536,"angle":22.5,"angle2":-22.5,"type":"hold"},{"time":456.66665649414,"duration":0.49999994039536,"angle":337.5,"angle2":360,"type":"hold"},{"time":457.16665649414,"duration":0.49999994039536,"angle":360,"angle2":360,"type":"hold"},{"angle":0,"time":458.66665649414,"type":"block"},{"angle":270,"time":1.5,"type":"mine"},{"angle":360,"time":1.5,"type":"mine"},{"angle":45,"time":1.5,"type":"mine"},{"angle":315,"time":1.5,"type":"mine"},{"angle":225,"time":1.5,"type":"mine"},{"angle":135,"time":6,"type":"mine"},{"angle":90,"time":6,"type":"mine"},{"angle":45,"time":6,"type":"mine"},{"angle":0,"time":6,"type":"mine"},{"angle":315,"time":6,"type":"mine"},{"angle":225,"time":10,"type":"mine"},{"angle":270,"time":10,"type":"mine"},{"angle":315,"time":10,"type":"mine"},{"angle":360,"time":10,"type":"mine"},{"angle":45,"time":10,"type":"mine"},{"angle":135,"time":14,"type":"mine"},{"angle":315,"time":14,"type":"mine"},{"angle":360,"time":14,"type":"mine"},{"angle":45,"time":14,"type":"mine"},{"angle":90,"time":14,"type":"mine"},{"angle":225,"time":18,"type":"mine"},{"angle":270,"time":18,"type":"mine"},{"angle":315,"time":18,"type":"mine"},{"angle":0,"time":18,"type":"mine"},{"angle":45,"time":18,"type":"mine"},{"angle":135,"time":22,"type":"mine"},{"angle":90,"time":22,"type":"mine"},{"angle":45,"time":22,"type":"mine"},{"angle":0,"time":22,"type":"mine"},{"angle":315,"time":22,"type":"mine"},{"angle":225,"time":26,"type":"mine"},{"angle":270,"time":26,"type":"mine"},{"angle":315,"time":26,"type":"mine"},{"angle":0,"time":26,"type":"mine"},{"angle":45,"time":26,"type":"mine"},{"angle":135,"time":30,"type":"mine"},{"angle":90,"time":30,"type":"mine"},{"angle":45,"time":30,"type":"mine"},{"angle":360,"time":30,"type":"mine"},{"angle":315,"time":30,"type":"mine"},{"time":257.25,"duration":0,"angle":315,"angle2":405,"type":"mineHold"},{"time":211.25,"duration":2,"angle":135,"angle2":247.5,"type":"mineHold"},{"angle":0,"time":491.66665649414,"type":"block"},{"angle":0,"time":490.66665649414,"type":"block"},{"angle":0,"time":491.16665649414,"type":"block"},{"angle":0,"time":492.16665649414,"type":"block"},{"angle":0,"time":492.66665649414,"type":"block"},{"angle":0,"time":493.16665649414,"type":"block"},{"angle":0,"time":493.66665649414,"type":"block"},{"angle":0,"time":494.16665649414,"type":"block"},{"angle":0,"time":494.66665649414,"type":"block"},{"angle":0,"time":495.16665649414,"type":"block"},{"angle":0,"time":495.66665649414,"type":"block"},{"angle":0,"time":496.16665649414,"type":"block"},{"angle":0,"time":496.66665649414,"type":"block"},{"angle":0,"time":497.16665649414,"type":"block"},{"angle":360,"time":418.66665649414,"type":"block"},{"angle":0,"time":419.16665649414,"type":"block"},{"angle":360,"time":443.66668701172,"type":"block"},{"angle":0,"time":444.66665649414,"type":"block"},{"angle":0,"time":445.66665649414,"type":"block"},{"angle":292.5,"time":446.66665649414,"type":"block"},{"angle":315,"time":447.66665649414,"type":"block"},{"angle":45,"time":448.66665649414,"type":"block"},{"angle":0,"time":449.16665649414,"type":"block"},{"angle":45,"time":449.66665649414,"type":"block"},{"time":271.83334350586,"duration":1,"angle":45,"angle2":22.5,"type":"mineHold"},{"time":275.83334350586,"duration":1,"angle":315,"angle2":337.5,"type":"mineHold"},{"time":283.83334350586,"duration":1,"angle":270,"angle2":315,"type":"mineHold"},{"time":287.83334350586,"duration":1.9999997615814,"angle":90,"angle2":22.5,"type":"mineHold"},{"time":293.66665649414,"duration":3.5000004768372,"angle":180,"angle2":540,"type":"mineHold"},{"angle":180,"time":297.5,"type":"mine"},{"time":297.83334350586,"duration":1.8333331346512,"angle":180,"angle2":0,"type":"mineHold"},{"time":58.25,"duration":5,"angle":180,"angle2":540,"type":"mineHold"},{"time":69.25,"duration":2,"angle":225,"angle2":405,"type":"mineHold"},{"time":74.25,"duration":2,"angle":180,"angle2":22.5,"type":"mineHold"},{"time":82.25,"duration":2,"angle":180,"angle2":337.5,"type":"mineHold"},{"time":85.25,"duration":2,"angle":180,"angle2":22.5,"type":"mineHold"},{"time":246.25,"duration":6,"angle":360,"angle2":832.5,"type":"mineHold"},{"time":34.25,"duration":2,"angle":180,"angle2":405,"type":"mineHold"},{"time":42.25,"duration":5,"angle":180,"angle2":-180,"type":"mineHold"},{"time":121.66666412354,"duration":3.6666669845581,"angle":180,"angle2":-180,"type":"mineHold"},{"time":125.66666412354,"duration":3.3333337306976,"angle":180,"angle2":540,"type":"mineHold"},{"time":207.25,"duration":1,"angle":247.5,"angle2":180,"type":"mineHold"},{"time":208.75,"duration":2.5,"angle":225,"angle2":135,"type":"mineHold"},{"time":221.25,"duration":0.5,"angle":90,"angle2":180,"type":"mineHold"},{"time":221.75,"duration":1.5,"angle":180,"angle2":292.5,"type":"mineHold"},{"time":228,"duration":1.25,"angle":135,"angle2":67.5,"type":"mineHold"},{"time":230.25,"duration":1,"angle":270,"angle2":225,"type":"mineHold"},{"time":231.75,"duration":1,"angle":247.5,"angle2":202.5,"type":"mineHold"},{"time":231.25,"duration":0.5,"angle":225,"angle2":247.5,"type":"mineHold"},{"time":232.75,"duration":1,"angle":202.5,"angle2":202.5,"type":"mineHold"},{"time":31,"duration":2.25,"angle":360,"angle2":180,"type":"mineHold"},{"time":33.25,"duration":1,"angle":180,"angle2":180,"type":"mineHold"}]