{"events":[{"volume":1,"file":"gospel.wav","bpm":160,"angle":180,"time":1,"type":"play"},{"time":0,"type":"setColor","b":0,"r":0,"color":0,"angle":337.5,"g":0},{"time":0,"type":"setColor","b":255,"r":255,"color":1,"angle":0,"g":255},{"time":137.66667175293,"description":"","g":0,"name":"Chorus1","angle":180,"type":"bookmark","r":255,"b":255},{"time":98.666664123535,"description":"","g":0,"name":"PreChorus1","angle":180,"type":"bookmark","r":255,"b":255},{"time":137.66667175293,"type":"setColor","b":0,"r":0,"color":1,"angle":202.5,"g":0},{"time":137.66667175293,"type":"setColor","b":0,"r":0,"color":0,"angle":225,"g":0},{"time":137.66667175293,"type":"setColor","b":255,"r":255,"color":2,"angle":157.5,"g":255},{"time":137.66667175293,"angle":135,"color":2,"type":"setBgColor"},{"time":205.75,"angle":45,"color":2,"type":"setBgColor"},{"time":205.75,"type":"setColor","b":106,"r":63,"color":1,"angle":337.5,"g":38},{"time":205.75,"type":"setColor","b":255,"r":255,"color":0,"angle":315,"g":255},{"drawLayer":"bg","x":100,"y":244,"type":"deco","sy":3,"ox":20.5,"id":"cross1","oy":41,"angle":270,"sx":3,"time":137.66667175293,"sprite":"cross.png"},{"duration":1,"ease":"outSine","id":"cross1","r":-90,"angle":270,"time":169.66667175293,"type":"deco"},{"drawLayer":"bg","x":500,"y":244,"sx":3,"sy":3,"ox":20.5,"id":"cross2","oy":41,"angle":90,"type":"deco","time":137.66667175293,"sprite":"cross.png"},{"duration":1,"ease":"outSine","id":"cross2","r":90,"angle":90,"time":169.66667175293,"type":"deco"},{"time":205.75,"type":"setColor","b":0,"r":0,"color":2,"angle":22.5,"g":0},{"angle":360,"time":509,"type":"showResults"},{"time":363.66665649414,"type":"setColor","b":0,"r":0,"color":1,"angle":247.5,"g":0},{"time":363.66665649414,"type":"setColor","b":0,"r":0,"color":0,"angle":292.5,"g":0},{"time":363.66665649414,"type":"setColor","b":255,"r":255,"color":2,"angle":270,"g":255},{"time":365.66665649414,"type":"setColor","b":255,"r":255,"color":1,"angle":202.5,"g":255},{"time":365.66665649414,"type":"setColor","b":106,"r":63,"color":0,"angle":225,"g":38},{"time":365.66665649414,"type":"setColor","b":0,"r":0,"color":2,"angle":157.5,"g":0},{"time":169.66667175293,"type":"setColor","b":255,"r":255,"color":0,"angle":315,"g":255},{"time":169.66667175293,"type":"setColor","b":255,"r":255,"color":1,"angle":337.5,"g":255},{"time":169.66667175293,"type":"setColor","b":0,"r":0,"color":2,"angle":22.5,"g":0},{"time":201.75,"type":"setColor","b":0,"r":0,"color":0,"angle":337.5,"g":0},{"time":497.66668701172,"type":"setColor","b":0,"r":0,"color":0,"angle":315,"g":0},{"time":497.66668701172,"type":"setColor","b":0,"r":0,"color":1,"angle":292.5,"g":0},{"time":497.66668701172,"type":"setColor","b":255,"r":255,"color":3,"angle":67.5,"g":255},{"drawLayer":"fg","recolor":3,"x":300,"y":180,"sx":0.15000000596046,"sy":0.15000000596046,"ox":1147,"id":"logo","oy":388,"angle":90,"time":497.66665649414,"type":"deco","sprite":"logo.png"},{"time":201.75,"id":"cross1","angle":22.5,"hide":true,"type":"deco"},{"time":201.75,"id":"cross2","angle":45,"hide":true,"type":"deco"},{"b":0,"r":0,"g":0,"ease":"linear","time":349.66665649414,"color":0,"type":"setColor","duration":5,"angle":157.5},{"b":0,"r":0,"g":0,"ease":"linear","time":349.66665649414,"color":1,"type":"setColor","duration":5,"angle":135},{"b":255,"r":255,"g":255,"ease":"linear","angle":337.5,"type":"setColor","time":355.16668701172,"color":1},{"var":"p.x","ease":"outSine","time":238,"duration":1,"angle":360,"value":350,"type":"ease"},{"var":"p.y","ease":"outSine","time":238,"duration":1,"angle":22.5,"value":230,"type":"ease"},{"var":"vfx.canvPos.sx","ease":"outSine","time":238,"duration":1,"angle":45,"value":1.2000000476837,"type":"ease"},{"var":"vfx.canvPos.sy","ease":"outSine","time":238,"duration":1,"angle":67.5,"value":1.2000000476837,"type":"ease"},{"var":"p.x","ease":"outSine","time":241.16667175293,"duration":1,"angle":22.5,"value":250,"type":"ease"},{"var":"p.y","ease":"outSine","time":245.25,"duration":1,"angle":180,"value":130,"type":"ease"},{"var":"p.x","ease":"outSine","time":246.25,"duration":1,"angle":157.5,"value":300,"type":"ease"},{"var":"p.y","ease":"outSine","time":246.25,"duration":1,"angle":135,"value":180,"type":"ease"},{"var":"p.y","ease":"outSine","time":253.25,"duration":1,"angle":22.5,"value":280,"type":"ease"},{"var":"p.y","ease":"outSine","time":256.25,"duration":1,"angle":180,"value":80,"type":"ease"},{"var":"p.y","ease":"outSine","time":261.25,"duration":1,"angle":202.5,"value":180,"type":"ease"},{"var":"vfx.canvPos.sy","ease":"outSine","time":261.25,"duration":1,"angle":225,"value":1,"type":"ease"},{"var":"vfx.canvPos.sx","ease":"outSine","time":261.25,"duration":1,"angle":247.5,"value":1,"type":"ease"},{"value":1.25,"time":265.75,"angle":337.5,"var":"vfx.canvPos.sy","type":"ease"},{"value":1.25,"time":265.75,"angle":315,"var":"vfx.canvPos.sx","type":"ease"},{"value":1.5,"time":266.75,"angle":337.5,"var":"vfx.canvPos.sy","type":"ease"},{"value":1.5,"time":266.75,"angle":315,"var":"vfx.canvPos.sx","type":"ease"},{"value":1.75,"time":267.75,"angle":337.5,"var":"vfx.canvPos.sy","type":"ease"},{"value":1.75,"time":267.75,"angle":315,"var":"vfx.canvPos.sx","type":"ease"},{"value":2,"time":268.75,"angle":337.5,"var":"vfx.canvPos.sy","type":"ease"},{"value":2,"time":268.75,"angle":315,"var":"vfx.canvPos.sx","type":"ease"},{"var":"vfx.canvPos.sy","ease":"outSine","time":269.75,"duration":0.5,"angle":337.5,"value":1,"type":"ease"},{"var":"vfx.canvPos.sx","ease":"outSine","time":269.75,"duration":0.5,"angle":315,"value":1,"type":"ease"},{"b":255,"r":255,"g":255,"ease":"linear","time":301.66665649414,"color":1,"type":"setColor","duration":3,"angle":157.5},{"var":"vfx.canvPos.sy","ease":"linear","time":379.66665649414,"duration":0.5,"angle":22.5,"value":2,"type":"ease"},{"var":"vfx.canvPos.sx","ease":"linear","time":379.66665649414,"duration":0.5,"angle":45,"value":2,"type":"ease"},{"value":1,"time":380.66665649414,"angle":22.5,"var":"vfx.canvPos.sy","type":"ease"},{"value":1,"time":380.66665649414,"angle":45,"var":"vfx.canvPos.sx","type":"ease"},{"time":363.66665649414,"id":"cross1","r":0,"angle":337.5,"hide":false,"type":"deco"},{"time":363.66665649414,"id":"cross2","r":0,"angle":360,"hide":false,"type":"deco"},{"angleOffset":false,"time":444,"angle":67.5,"tag":"crossbobright","type":"tag"},{"angleOffset":false,"time":445,"angle":67.5,"tag":"crossbobleft","type":"tag"},{"angleOffset":false,"time":446,"angle":67.5,"tag":"crossbobright","type":"tag"},{"angleOffset":false,"time":447,"angle":67.5,"tag":"crossbobleft","type":"tag"},{"angleOffset":false,"time":448,"angle":67.5,"tag":"crossbobright","type":"tag"},{"angleOffset":false,"time":449,"angle":67.5,"tag":"crossbobleft","type":"tag"},{"angleOffset":false,"time":450,"angle":45,"tag":"crossbobright","type":"tag"},{"angleOffset":false,"time":451,"angle":67.5,"tag":"crossbobleft","type":"tag"},{"angleOffset":false,"time":452,"angle":67.5,"tag":"crossbobright","type":"tag"},{"angleOffset":false,"time":453,"angle":67.5,"tag":"crossbobleft","type":"tag"},{"angleOffset":false,"time":454,"angle":67.5,"tag":"crossbobright","type":"tag"},{"angleOffset":false,"time":455,"angle":67.5,"tag":"crossbobleft","type":"tag"},{"angleOffset":false,"time":456,"angle":67.5,"tag":"crossbobright","type":"tag"},{"angleOffset":false,"time":457,"angle":67.5,"tag":"crossbobleft","type":"tag"},{"angleOffset":false,"time":458,"angle":67.5,"tag":"crossbobright","type":"tag"},{"angleOffset":false,"time":459,"angle":67.5,"tag":"crossbobleft","type":"tag"},{"time":459.66665649414,"r":0,"angle":67.5,"id":"cross1","type":"deco"},{"id":"cross2","r":0,"angle":90,"time":459.66665649414,"type":"deco"},{"duration":2,"ease":"inOutSine","id":"cross1","r":-180,"angle":337.5,"time":379.66665649414,"type":"deco"},{"time":379.66665649414,"ease":"inOutSine","id":"cross2","duration":2,"angle":315,"r":180,"type":"deco"},{"time":395.66665649414,"r":-0,"angle":337.5,"id":"cross1","type":"deco"},{"id":"cross2","r":0,"angle":22.5,"time":395.66665649414,"type":"deco"},{"angleOffset":false,"time":172.5,"angle":0,"tag":"crossdownbobleft","type":"tag"},{"angleOffset":false,"time":173,"angle":0,"tag":"crossdownbobright","type":"tag"},{"angleOffset":false,"time":173.5,"angle":360,"tag":"crossdownbobleft","type":"tag"},{"angleOffset":false,"time":174.5,"angle":0,"tag":"crossdownbobright","type":"tag"},{"angleOffset":false,"time":175,"angle":360,"tag":"crossdownbobleft","type":"tag"},{"angleOffset":false,"time":175.5,"angle":360,"tag":"crossdownbobright","type":"tag"},{"angleOffset":false,"time":170.66665649414,"angle":90,"tag":"crossdown","type":"tag"},{"angleOffset":false,"time":176.83332824707,"angle":22.5,"tag":"crossdown","type":"tag"},{"angleOffset":false,"time":178.5,"angle":0,"tag":"crossdownbobright","type":"tag"},{"angleOffset":false,"time":179,"angle":0,"tag":"crossdownbobleft","type":"tag"},{"angleOffset":false,"time":179.5,"angle":0,"tag":"crossdownbobright","type":"tag"},{"angleOffset":false,"time":180.5,"angle":360,"tag":"crossdownbobleft","type":"tag"},{"angleOffset":false,"time":181,"angle":0,"tag":"crossdownbobright","type":"tag"},{"angleOffset":false,"time":181.5,"angle":360,"tag":"crossdownbobleft","type":"tag"},{"angleOffset":false,"time":182.83332824707,"angle":22.5,"tag":"crossdown","type":"tag"},{"angleOffset":false,"time":188.5,"angle":0,"tag":"crossdownbobleft","type":"tag"},{"angleOffset":false,"time":189,"angle":0,"tag":"crossdownbobright","type":"tag"},{"angleOffset":false,"time":189.5,"angle":0,"tag":"crossdownbobleft","type":"tag"},{"angleOffset":false,"time":190.5,"angle":0,"tag":"crossdownbobright","type":"tag"},{"angleOffset":false,"time":191,"angle":360,"tag":"crossdownbobleft","type":"tag"},{"angleOffset":false,"time":191.5,"angle":0,"tag":"crossdownbobright","type":"tag"},{"angleOffset":false,"time":192.66667175293,"angle":22.5,"tag":"crossdown","type":"tag"},{"angleOffset":false,"time":193.75,"angle":22.5,"tag":"crossdownbobright","type":"tag"},{"angleOffset":false,"time":194.25,"angle":22.5,"tag":"crossdownbobleft","type":"tag"},{"angleOffset":false,"time":194.75,"angle":22.5,"tag":"crossdownbobright","type":"tag"},{"angleOffset":false,"time":195.25,"angle":22.5,"tag":"crossdownbobleft","type":"tag"},{"angleOffset":false,"time":195.75,"angle":22.5,"tag":"crossdownbobright","type":"tag"},{"angleOffset":false,"time":196.25,"angle":22.5,"tag":"crossdownbobleft","type":"tag"},{"angleOffset":false,"time":196.75,"angle":45,"tag":"crossdownbobright","type":"tag"},{"angleOffset":false,"time":197.25,"angle":45,"tag":"crossdownbobleft","type":"tag"},{"angleOffset":false,"time":197.75,"angle":22.5,"tag":"crossdownbobright","type":"tag"},{"angleOffset":false,"time":198.25,"angle":22.5,"tag":"crossdownbobleft","type":"tag"},{"angleOffset":false,"time":198.75,"angle":45,"tag":"crossdownbobright","type":"tag"},{"angleOffset":false,"time":199.25,"angle":45,"tag":"crossdownbobleft","type":"tag"},{"angleOffset":false,"time":199.75,"angle":45,"tag":"crossdown","type":"tag"},{"angleOffset":false,"time":382.5,"angle":360,"tag":"crossdownbobright","type":"tag"},{"angleOffset":false,"time":383,"angle":0,"tag":"crossdownbobleft","type":"tag"},{"angleOffset":false,"time":383.5,"angle":360,"tag":"crossdownbobright","type":"tag"},{"angleOffset":false,"time":384.5,"angle":0,"tag":"crossdownbobleft","type":"tag"},{"angleOffset":false,"time":385,"angle":0,"tag":"crossdownbobright","type":"tag"},{"angleOffset":false,"time":385.5,"angle":360,"tag":"crossdownbobleft","type":"tag"},{"angleOffset":false,"time":386.5,"angle":0,"tag":"crossdown","type":"tag"},{"angleOffset":false,"time":464.5,"angle":0,"tag":"crossbobright","type":"tag"},{"angleOffset":false,"time":465,"angle":360,"tag":"crossbobleft","type":"tag"},{"angleOffset":false,"time":465.5,"angle":360,"tag":"crossbobright","type":"tag"},{"angleOffset":false,"time":466.66665649414,"angle":22.5,"tag":"crossup","type":"tag"},{"angleOffset":false,"time":475.66665649414,"angle":0,"tag":"crossbobleft","type":"tag"},{"angleOffset":false,"time":476.66665649414,"angle":360,"tag":"crossbobright","type":"tag"},{"angleOffset":false,"time":478.5,"angle":0,"tag":"crossbobright","type":"tag"},{"angleOffset":false,"time":479,"angle":360,"tag":"crossbobleft","type":"tag"},{"angleOffset":false,"time":479.5,"angle":0,"tag":"crossbobright","type":"tag"},{"angleOffset":false,"time":477.66665649414,"angle":22.5,"tag":"crossup","type":"tag"},{"angleOffset":false,"time":480.5,"angle":0,"tag":"crossbobleft","type":"tag"},{"angleOffset":false,"time":481,"angle":0,"tag":"crossbobright","type":"tag"},{"angleOffset":false,"time":481.5,"angle":0,"tag":"crossbobleft","type":"tag"},{"angleOffset":false,"time":482.5,"angle":22.5,"tag":"crossup","type":"tag"},{"angleOffset":false,"time":483.66666666667,"angle":337.5,"tag":"crossbobright","type":"tag"},{"angleOffset":false,"time":484.16666666667,"angle":67.5,"tag":"crossbobleft","type":"tag"},{"angleOffset":false,"time":485.16666666667,"angle":67.5,"tag":"crossbobleft","type":"tag"},{"angleOffset":false,"time":486.16666666667,"angle":67.5,"tag":"crossbobleft","type":"tag"},{"angleOffset":false,"time":484.66666666667,"angle":292.5,"tag":"crossbobright","type":"tag"},{"angleOffset":false,"time":485.66666666667,"angle":292.5,"tag":"crossbobright","type":"tag"},{"angleOffset":false,"time":486.66666666667,"angle":292.5,"tag":"crossbobright","type":"tag"},{"angleOffset":false,"time":487.16666666667,"angle":67.5,"tag":"crossbobleft","type":"tag"},{"angleOffset":false,"time":487.66666666667,"angle":292.5,"tag":"crossbobright","type":"tag"},{"angleOffset":false,"time":488.16666666667,"angle":67.5,"tag":"crossbobleft","type":"tag"},{"angleOffset":false,"time":488.66666666667,"angle":292.5,"tag":"crossbobright","type":"tag"},{"angleOffset":false,"time":489.16666666667,"angle":67.5,"tag":"crossbobleft","type":"tag"},{"angleOffset":false,"time":489.66666666667,"angle":292.5,"tag":"crossup","type":"tag"},{"time":468.33334350586,"id":"cross1","angle":0,"hide":true,"type":"deco"},{"time":468.33334350586,"id":"cross2","angle":337.5,"hide":true,"type":"deco"},{"time":469.66665649414,"id":"cross1","angle":22.5,"hide":false,"type":"deco"},{"time":469.66665649414,"id":"cross2","angle":45,"hide":false,"type":"deco"},{"time":470.75,"id":"cross1","angle":337.5,"hide":true,"type":"deco"},{"time":470.75,"id":"cross2","angle":0,"hide":true,"type":"deco"},{"time":471.66665649414,"id":"cross1","angle":22.5,"hide":false,"type":"deco"},{"time":471.66665649414,"id":"cross2","angle":45,"hide":false,"type":"deco"},{"time":473.16668701172,"id":"cross1","angle":22.5,"hide":true,"type":"deco"},{"time":473.16668701172,"id":"cross2","angle":45,"hide":true,"type":"deco"},{"time":475.66665649414,"id":"cross1","angle":337.5,"hide":false,"type":"deco"},{"time":475.66665649414,"id":"cross2","angle":22.5,"hide":false,"type":"deco"},{"angleOffset":false,"time":398.5,"angle":360,"tag":"crossbobright","type":"tag"},{"angleOffset":false,"time":399,"angle":0,"tag":"crossbobleft","type":"tag"},{"angleOffset":false,"time":399.5,"angle":0,"tag":"crossbobright","type":"tag"},{"angleOffset":false,"time":400.5,"angle":0,"tag":"crossbobleft","type":"tag"},{"angleOffset":false,"time":401,"angle":0,"tag":"crossbobright","type":"tag"},{"angleOffset":false,"time":401.5,"angle":360,"tag":"crossbobleft","type":"tag"},{"angleOffset":false,"time":402.66665649414,"angle":0,"tag":"crossup","type":"tag"},{"angleOffset":false,"time":414.5,"angle":360,"tag":"crossbobleft","type":"tag"},{"angleOffset":false,"time":415,"angle":360,"tag":"crossbobright","type":"tag"},{"angleOffset":false,"time":415.5,"angle":0,"tag":"crossbobleft","type":"tag"},{"angleOffset":false,"time":416.5,"angle":0,"tag":"crossbobright","type":"tag"},{"angleOffset":false,"time":417,"angle":0,"tag":"crossbobleft","type":"tag"},{"angleOffset":false,"time":417.5,"angle":360,"tag":"crossbobright","type":"tag"},{"angleOffset":false,"time":418.66665649414,"angle":22.5,"tag":"crossup","type":"tag"},{"angleOffset":false,"time":419.66665649414,"angle":22.5,"tag":"crossbobleft","type":"tag"},{"angleOffset":false,"time":420.16665649414,"angle":22.5,"tag":"crossup","type":"tag"},{"angleOffset":false,"time":420.66665649414,"angle":22.5,"tag":"crossbobright","type":"tag"},{"angleOffset":false,"time":421.16665649414,"angle":67.5,"tag":"crossup","type":"tag"},{"angleOffset":false,"time":421.66665649414,"angle":45,"tag":"crossbobleft","type":"tag"},{"angleOffset":false,"time":422.16665649414,"angle":45,"tag":"crossup","type":"tag"},{"angleOffset":false,"time":422.66665649414,"angle":45,"tag":"crossbobright","type":"tag"},{"angleOffset":false,"time":423.16665649414,"angle":67.5,"tag":"crossup","type":"tag"},{"angleOffset":false,"time":423.66665649414,"angle":22.5,"tag":"crossbobleft","type":"tag"},{"angleOffset":false,"time":424.16665649414,"angle":360,"tag":"crossup","type":"tag"},{"angleOffset":false,"time":424.66665649414,"angle":22.5,"tag":"crossbobright","type":"tag"},{"angleOffset":false,"time":425.16665649414,"angle":67.5,"tag":"crossup","type":"tag"},{"angleOffset":false,"time":430.5,"angle":315,"tag":"crossbobleft","type":"tag"},{"angleOffset":false,"time":431,"angle":0,"tag":"crossup","type":"tag"},{"angleOffset":false,"time":431.5,"angle":315,"tag":"crossbobleft","type":"tag"},{"angleOffset":false,"time":432.5,"angle":67.5,"tag":"crossbobright","type":"tag"},{"angleOffset":false,"time":433,"angle":0,"tag":"crossup","type":"tag"},{"angleOffset":false,"time":433.5,"angle":45,"tag":"crossbobright","type":"tag"},{"angleOffset":false,"time":434.5,"angle":22.5,"tag":"crossup","type":"tag"},{"angleOffset":false,"time":436.5,"angle":67.5,"tag":"crossbobright","type":"tag"},{"angleOffset":false,"time":437,"angle":0,"tag":"crossup","type":"tag"},{"angleOffset":false,"time":437.5,"angle":67.5,"tag":"crossbobright","type":"tag"},{"angleOffset":false,"time":438.5,"angle":292.5,"tag":"crossbobleft","type":"tag"},{"angleOffset":false,"time":439,"angle":0,"tag":"crossup","type":"tag"},{"angleOffset":false,"time":439.5,"angle":292.5,"tag":"crossbobleft","type":"tag"},{"angleOffset":false,"time":440.5,"angle":0,"tag":"crossup","type":"tag"},{"time":403.66665649414,"id":"cross1","angle":337.5,"hide":true,"type":"deco"},{"time":403.66665649414,"id":"cross2","angle":315,"hide":true,"type":"deco"},{"time":411.79165649414,"id":"cross1","angle":22.5,"hide":false,"type":"deco"},{"time":411.75,"id":"cross2","angle":45,"hide":false,"type":"deco"},{"angleOffset":false,"time":387.66665649414,"angle":337.5,"tag":"crossdownbobright","type":"tag"},{"angleOffset":false,"time":388.16665649414,"angle":67.5,"tag":"crossdown","type":"tag"},{"angleOffset":false,"time":388.66665649414,"angle":67.5,"tag":"crossdownbobleft","type":"tag"},{"angleOffset":false,"time":389.16665649414,"angle":67.5,"tag":"crossdown","type":"tag"},{"angleOffset":false,"time":389.66665649414,"angle":67.5,"tag":"crossdownbobright","type":"tag"},{"angleOffset":false,"time":390.16665649414,"angle":67.5,"tag":"crossdown","type":"tag"},{"angleOffset":false,"time":390.66665649414,"angle":67.5,"tag":"crossdownbobleft","type":"tag"},{"angleOffset":false,"time":391.16665649414,"angle":67.5,"tag":"crossdown","type":"tag"},{"angleOffset":false,"time":391.66665649414,"angle":67.5,"tag":"crossdownbobright","type":"tag"},{"angleOffset":false,"time":392.16665649414,"angle":67.5,"tag":"crossdown","type":"tag"},{"angleOffset":false,"time":392.66665649414,"angle":67.5,"tag":"crossdownbobleft","type":"tag"},{"angleOffset":false,"time":393.16665649414,"angle":67.5,"tag":"crossdown","type":"tag"},{"color":0,"type":"setColor","b":0,"r":0,"angle":315,"time":395.66665649414,"g":0},{"time":395.66665649414,"type":"setColor","b":0,"r":0,"color":1,"angle":292.5,"g":0},{"color":2,"type":"setColor","b":255,"r":255,"angle":270,"time":395.66665649414,"g":255},{"time":397.66665649414,"type":"setColor","b":106,"r":63,"color":0,"angle":22.5,"g":38},{"time":397.66665649414,"type":"setColor","b":255,"r":255,"color":1,"angle":45,"g":255},{"time":397.66665649414,"type":"setColor","b":0,"r":0,"color":2,"angle":67.5,"g":0},{"var":"vfx.pixelate","time":459.66665649414,"angle":0,"value":2,"type":"ease"},{"value":1,"time":463.66665649414,"angle":22.5,"var":"vfx.pixelate","type":"ease"},{"var":"vfx.pixelate","time":403.66665649414,"angle":45,"value":2,"type":"ease"},{"var":"vfx.pixelate","time":411.75,"angle":337.5,"value":1,"type":"ease"},{"time":459.66665649414,"type":"setColor","b":255,"r":255,"angle":315,"color":0,"g":255},{"time":459.66665649414,"g":0,"b":0,"r":0,"angle":292.5,"color":2,"type":"setColor"},{"time":459.66665649414,"type":"setColor","b":255,"r":255,"angle":270,"color":1,"g":255},{"b":106,"g":38,"time":463.66662597656,"r":63,"color":0,"angle":337.5,"type":"setColor"},{"angle":315,"type":"setColor","time":463.66662597656,"r":255,"color":1,"b":255,"g":255}],"metadata":{"artistLink":"","difficulty":0,"bgData":{"blueChannel":{"r":63,"b":106,"g":38},"image":"gospelbg.png","redChannel":{"r":139,"b":139,"g":139}},"description":"\"Stop dreaming and let's go to war.\"\n\nMy third chart. Relatively simple, with no taps or inverses, but lots of sides and fast movements.","bg":true,"artist":"Wotaku ft. SHIKI","charter":"Spookeegie","songName":"Gospel"},"properties":{"formatversion":12,"startBeat":0,"speed":70,"loadBeat":0,"offset":8}}