{"events":[{"volume":1.5,"bpm":180,"type":"play","file":"audio.ogg","angle":0,"time":1.5,"offset":0.090000003576279},{"var":"vfx.drawUI","type":"setBoolean","angle":112.5,"time":0,"enable":false},{"var":"p.y","value":-100,"angle":0,"time":0.25,"type":"ease"},{"angle":22.5,"b":0,"type":"setColor","color":0,"r":0,"time":0,"g":0},{"type":"setBgColor","color":0,"time":0,"angle":0},{"angle":45,"type":"noise","color":1,"time":0,"chance":0.94999998807907},{"color":1,"r":65,"type":"setColor","angle":67.5,"b":64,"time":0,"g":64},{"var":"vfx.ignoreNoiseCorrection","type":"setBoolean","angle":90,"time":0,"enable":true},{"angle":337.5,"description":"","time":1.5,"b":0,"name":"gray","type":"bookmark","r":0,"g":0},{"angle":0,"description":"","time":120,"b":0,"name":"colors","type":"bookmark","r":0,"g":0},{"angle":0,"description":"","time":122,"b":0,"name":"red","type":"bookmark","r":255,"g":0},{"angle":0,"description":"","time":242,"b":0,"name":"green","type":"bookmark","r":0,"g":255},{"angle":360,"description":"","time":384,"b":255,"name":"blue","type":"bookmark","r":0,"g":0},{"angle":0,"description":"","time":496,"b":0,"name":"gray","type":"bookmark","r":0,"g":0},{"color":1,"r":65,"type":"setColor","angle":45,"b":65,"time":496,"g":65},{"type":"deco","angle":22.5,"sx":2,"time":496,"y":0,"id":"box","ox":0,"x":0,"sy":2,"recolor":0,"oy":0,"sprite":"boxinverted.png"},{"chance":0.89999997615814,"type":"noise","color":1,"time":496,"angle":67.5},{"bpm":210,"type":"setBPM","angle":0,"time":383.5},{"id":"box","type":"deco","angle":0,"hide":true,"time":503},{"chance":0,"type":"noise","color":0,"time":503,"angle":337.5},{"type":"forcePlayerSprite","spriteName":"none","time":0.25,"angle":45},{"var":"p.outlineColor","value":0,"angle":67.5,"time":0.25,"type":"ease"},{"sprite":"box.png","sx":4,"drawOrder":12,"angle":360,"time":0.5,"y":180,"id":"box","ox":12.5,"x":300,"sy":4,"oy":12.5,"type":"deco"},{"color":6,"r":0,"type":"setColor","angle":67.5,"b":0,"time":0.5,"g":0},{"type":"deco","y":0,"angle":22.5,"time":1.5,"oy":0,"id":"txt","ox":64,"sx":4,"sy":4,"sprite":"txt#0","x":480},{"id":"txt","sprite":"txt#1","angle":22.5,"time":13.5,"type":"deco"},{"angle":45,"drawOrder":12,"sprite":"border.png","time":0.5,"id":"border","ox":50,"oy":30,"type":"deco","sx":6,"sy":6},{"color":7,"r":255,"type":"setColor","angle":22.5,"b":255,"time":0.5,"g":255},{"id":"txt","sprite":"txt#2","angle":22.5,"time":25.5,"type":"deco"},{"type":"deco","angle":45,"oy":5,"time":27,"id":"t","sy":4,"x":120,"y":360,"sx":4,"sprite":"dots!m"},{"id":"t","type":"deco","angle":45,"time":28.125,"hide":false,"sprite":"dots!p"},{"id":"t","type":"deco","angle":45,"time":29.25,"hide":false,"sprite":"dots!m"},{"id":"t","type":"deco","angle":45,"time":32,"hide":false,"sprite":"dots!m"},{"id":"t","type":"deco","angle":45,"time":32.3125,"hide":false,"sprite":"dots!p"},{"id":"t","type":"deco","angle":45,"time":32.625,"hide":false,"sprite":"dots!p"},{"id":"t","type":"deco","angle":22.5,"time":36.75,"hide":false,"sprite":"dots!d"},{"id":"txt","type":"deco","angle":22.5,"hide":true,"time":37.5},{"type":"deco","y":18,"angle":45,"time":37.25,"oy":4.5,"id":"shape","ox":4.5,"sx":4,"sy":4,"sprite":"shape!in","x":138},{"id":"shape","sprite":"shape#4","angle":45,"time":39,"type":"deco"},{"id":"shape","type":"deco","angle":45,"r":90,"time":40.125,"sprite":"shape#4"},{"id":"shape","sprite":"shape#3","angle":45,"time":41.25,"type":"deco"},{"id":"shape","type":"deco","angle":45,"r":0,"time":42.375,"sprite":"shape#5"},{"id":"shape","type":"deco","angle":45,"r":90,"time":43.5,"sprite":"shape#3"},{"id":"shape","sprite":"shape#5","angle":45,"time":44.625,"type":"deco"},{"id":"shape","type":"deco","angle":45,"r":0,"time":47,"sprite":"shape#6"},{"id":"shape","sprite":"shape#6","type":"deco","angle":45,"recolor":5,"time":47.375,"r":90},{"color":5,"r":255,"type":"setColor","angle":67.5,"b":255,"time":47.25,"g":255},{"angle":67.5,"b":0,"time":51.5,"color":5,"type":"setColor","duration":11.5,"r":0,"g":0},{"id":"shape","type":"deco","angle":45,"hide":true,"time":63.25},{"type":"deco","y":360,"angle":67.5,"time":40.25,"oy":14,"id":"dialog","ox":64,"sx":4,"sy":4,"sprite":"dialog#0","x":480},{"id":"dialog","type":"deco","angle":67.5,"hide":true,"time":46.5},{"id":"dialog","type":"deco","angle":67.5,"time":51.75,"hide":false,"sprite":"dialog#1"},{"id":"dialog","type":"deco","angle":67.5,"hide":true,"time":58.5},{"id":"dialog","type":"deco","angle":67.5,"time":64.5,"hide":false,"sprite":"dialog#2"},{"id":"dialog","type":"deco","angle":67.5,"hide":true,"time":69},{"id":"dialog","type":"deco","angle":67.5,"time":71.75,"hide":false,"sprite":"dialog#3"},{"id":"dialog","type":"deco","angle":67.5,"hide":true,"time":78},{"sx":8,"angle":90,"r":45,"time":39,"id":"rect1","ox":12.5,"oy":12.5,"type":"deco","recolor":6,"sy":8,"sprite":"rect.png"},{"id":"rect1","type":"deco","angle":90,"hide":true,"time":40.5},{"id":"rect1","type":"deco","angle":90,"hide":false,"time":42},{"id":"rect1","type":"deco","angle":90,"hide":true,"time":43.5},{"id":"rect1","type":"deco","angle":90,"hide":false,"time":45},{"sx":8,"angle":90,"r":0,"time":57.75,"id":"rect2","ox":12.5,"oy":12.5,"type":"deco","recolor":6,"sy":8,"sprite":"rect.png"},{"id":"rect1","type":"deco","angle":90,"hide":true,"time":46.5},{"id":"rect1","type":"deco","angle":90,"r":45,"time":48,"hide":false},{"id":"rect1","type":"deco","angle":90,"hide":true,"time":49.5},{"id":"rect1","type":"deco","angle":90,"r":0,"time":45.75},{"id":"rect1","type":"deco","angle":90,"hide":false,"time":51},{"id":"rect1","type":"deco","angle":90,"hide":true,"time":52.5},{"id":"rect1","type":"deco","angle":90,"hide":false,"time":54},{"id":"rect1","type":"deco","angle":90,"hide":true,"time":55.5},{"id":"rect1","type":"deco","angle":90,"hide":false,"time":57},{"id":"rect1","type":"deco","angle":90,"hide":true,"time":58.5},{"id":"rect1","type":"deco","angle":90,"hide":false,"time":60},{"id":"rect2","type":"deco","angle":112.5,"hide":true,"time":60},{"id":"rect1","type":"deco","angle":90,"hide":true,"time":61.5},{"id":"rect1","type":"deco","angle":90,"hide":false,"time":63},{"id":"rect1","type":"deco","angle":90,"hide":true,"time":64.5},{"id":"rect1","type":"deco","angle":90,"hide":false,"time":66},{"id":"rect1","type":"deco","angle":90,"hide":true,"time":67.5},{"id":"rect1","type":"deco","angle":90,"hide":false,"time":69},{"id":"rect1","type":"deco","angle":90,"r":45,"time":70.5,"hide":true},{"id":"rect1","type":"deco","angle":90,"r":0,"time":69.75,"hide":false},{"id":"rect1","type":"deco","angle":90,"hide":false,"time":72},{"id":"rect1","type":"deco","angle":90,"hide":true,"time":73.5},{"id":"rect1","type":"deco","angle":90,"hide":false,"time":75},{"id":"rect1","type":"deco","angle":90,"hide":true,"time":76.5},{"id":"rect1","type":"deco","angle":90,"hide":false,"time":78},{"id":"rect1","type":"deco","angle":90,"hide":true,"time":79.5},{"id":"rect1","type":"deco","angle":90,"hide":false,"time":81},{"id":"rect2","type":"deco","angle":90,"hide":false,"time":81.75},{"id":"rect1","order":0,"type":"deco","angle":90,"r":0,"time":84},{"id":"rect1","order":1,"type":"deco","angle":112.5,"r":45,"time":84,"duration":0.75},{"id":"rect2","type":"deco","angle":135,"hide":true,"time":84},{"id":"rect1","ease":"inSine","type":"deco","duration":25.5,"r":90,"time":94.5,"angle":90},{"id":"rect1","type":"deco","angle":90,"hide":true,"time":120},{"chance":0,"type":"noise","color":0,"time":120,"angle":112.5},{"time":120,"sy":360,"angle":67.5,"hide":false,"type":"deco","id":"px","ox":0.5,"sx":360,"sprite":"px.png","drawOrder":13,"oy":0.5},{"color":4,"r":0,"type":"setColor","angle":135,"b":0,"time":120,"g":255},{"color":3,"r":0,"type":"setColor","angle":157.5,"b":255,"time":120,"g":0},{"color":2,"r":255,"type":"setColor","angle":180,"b":0,"time":120,"g":0},{"y":360,"oy":23,"angle":225,"x":600,"time":120,"type":"deco","id":"colors","ox":61,"sx":4,"sy":4,"sprite":"colors#0","drawOrder":14},{"id":"colors","sprite":"colors!f","angle":225,"time":121,"type":"deco"},{"id":"t","type":"deco","angle":22.5,"hide":true,"time":38},{"id":"colors","type":"deco","angle":225,"hide":true,"time":122},{"id":"border","sx":10,"type":"deco","angle":67.5,"duration":25.5,"time":94.5,"ease":"inSine"},{"id":"px","type":"deco","angle":202.5,"hide":true,"time":122},{"ox":300,"sprite":"cyl1!l","sy":1.1749999523163,"drawOrder":10,"r":41,"time":122,"drawLayer":"bg","id":"cyl","order":0,"sx":1.1749999523163,"y":180,"type":"deco","oy":300,"angle":180,"x":300},{"id":"cyl","order":1,"type":"deco","angle":168.75,"r":497,"time":122,"duration":48},{"color":1,"r":127,"type":"setColor","angle":90,"b":0,"time":122,"g":0},{"id":"cyl","sprite":"cyl1!lbf","angle":90,"time":145.375,"type":"deco"},{"id":"cyl","sprite":"cyl1!lb","angle":90,"time":146,"type":"deco"},{"order":0,"drawOrder":11,"type":"deco","angle":135,"effectCanvas":true,"time":122,"oy":16,"id":"sti1","ox":16,"x":0,"y":180,"sprite":"strips.png","sx":32,"sy":32,"effectCanvasRaw":false},{"id":"box","drawLayer":"fg","type":"deco","angle":202.5,"recolor":6,"time":120,"drawOrder":50},{"id":"sti1","order":1,"x":-512,"type":"deco","duration":52,"time":122,"angle":112.5},{"angle":123.75,"effectCanvas":true,"x":200,"sprite":"strips.png","drawOrder":11,"effectCanvasRaw":false,"time":122,"r":180,"id":"sti2","ox":20,"oy":16,"type":"deco","sy":32,"sx":32,"order":0,"y":166},{"angle":101.25,"time":122,"id":"sti2","order":1,"x":700,"type":"deco","ease":"inOutElastic","duration":52},{"drawOrder":13,"hide":false,"id":"px","time":167,"sx":600,"type":"deco","angle":202.5,"sy":600},{"id":"px","type":"deco","angle":202.5,"hide":true,"time":170},{"id":"sti1","type":"deco","angle":135,"hide":true,"time":167},{"id":"sti2","type":"deco","angle":112.5,"hide":true,"time":167},{"id":"cyl","order":0,"type":"deco","angle":180,"r":0,"time":170,"sprite":"cyl2!l"},{"hide":false,"y":180,"angle":157.5,"effectCanvas":true,"time":170,"order":0,"id":"sti1","ox":16,"x":300,"type":"deco","oy":16,"effectCanvasRaw":false,"drawOrder":11},{"angle":135,"time":170,"id":"sti1","order":1,"x":-512,"type":"deco","ease":"outBack","duration":48,"sx":28},{"hide":false,"r":-90,"angle":146.25,"effectCanvas":true,"time":170,"type":"deco","id":"sti2","ox":16,"oy":16,"y":180,"x":300,"order":0,"effectCanvasRaw":false,"drawOrder":11},{"angle":123.75,"time":170,"id":"sti2","order":1,"type":"deco","ease":"inOutBack","duration":48,"y":900},{"id":"sti1","order":0,"type":"deco","angle":135,"time":218,"hide":true},{"id":"sti2","order":0,"type":"deco","angle":123.75,"time":218,"hide":true},{"id":"cyl","type":"deco","angle":146.25,"hide":true,"time":218},{"id":"cyl","order":1,"type":"deco","angle":168.75,"r":-420,"time":170,"duration":48},{"id":"cyl","sprite":"cyl2!lbf","angle":90,"time":193.375,"type":"deco"},{"id":"cyl","sprite":"cyl2!lb","angle":90,"time":194,"type":"deco"},{"sx":2.5,"angle":112.5,"time":170,"sy":2.5,"id":"col","ox":70,"oy":70,"sprite":"col#12","recolor":6,"drawOrder":20,"type":"deco"},{"order":0,"tag":"coreoverload","angle":157.5,"type":"tag","time":167,"angleOffset":false},{"id":"col","type":"deco","angle":112.5,"hide":false,"time":181.625},{"id":"col","sprite":"col#13","angle":112.5,"time":182,"type":"deco"},{"tag":"colflashfull","type":"tag","angleOffset":false,"time":170.375,"angle":112.5},{"tag":"colflashfull","type":"tag","angleOffset":false,"time":182.375,"angle":112.5},{"id":"col","type":"deco","angle":112.5,"hide":false,"time":193.625},{"id":"col","sprite":"col#14","angle":112.5,"time":194,"type":"deco"},{"tag":"colflashfull","type":"tag","angle":112.5,"time":194.375,"angleOffset":false},{"id":"col","type":"deco","angle":112.5,"hide":false,"time":205.625},{"id":"col","sprite":"col#15","angle":112.5,"time":206,"type":"deco"},{"tag":"colflashfulll","type":"tag","angle":112.5,"time":206.375,"angleOffset":false},{"angle":180,"time":167,"id":"col","order":1,"sx":4,"type":"deco","duration":2.875,"ease":"inSine","sy":4},{"x":300,"sprite":"px.png","ox":0.5,"angle":112.5,"r":35,"time":218,"sy":300,"id":"bl","order":0,"oy":0.5,"type":"deco","y":180,"recolor":2,"sx":300,"drawOrder":48},{"angle":101.25,"r":55,"time":218,"id":"bl","order":1,"type":"deco","duration":0.75,"ease":"outSine"},{"id":"bl","type":"deco","angle":101.25,"hide":true,"time":218.75},{"id":"bl","type":"deco","angle":101.25,"hide":true,"time":220.25},{"angle":90,"time":218,"id":"bl","order":1,"sx":180,"type":"deco","duration":0.75,"ease":"outCubic","sy":180},{"angle":112.5,"hide":false,"id":"bl","order":0,"sx":300,"type":"deco","time":219.5,"sy":300},{"angle":101.25,"r":35,"time":219.5,"id":"bl","order":1,"type":"deco","duration":0.75,"ease":"outSine","hide":false},{"angle":90,"time":219.5,"id":"bl","order":1,"sx":180,"type":"deco","duration":0.75,"ease":"outCubic","sy":180},{"angle":112.5,"r":55,"hide":false,"time":224,"id":"bl","order":0,"sx":60,"sy":60,"type":"deco","sprite":"px.png"},{"angle":101.25,"r":35,"time":224,"id":"bl","order":1,"type":"deco","duration":0.75,"ease":"outSine"},{"angle":90,"time":224,"id":"bl","order":1,"sx":180,"type":"deco","duration":0.75,"ease":"outCubic","sy":180},{"id":"bl","type":"deco","angle":101.25,"hide":true,"time":224.75},{"id":"bl","type":"deco","angle":101.25,"hide":true,"time":226.25},{"angle":112.5,"r":0,"time":225.5,"id":"bl","order":0,"sx":360,"type":"deco","sy":360,"hide":false},{"angle":101.25,"r":55,"time":225.5,"id":"bl","order":1,"type":"deco","duration":0.75,"ease":"outCubic","hide":false},{"angle":90,"time":225.5,"id":"bl","order":1,"sx":180,"type":"deco","duration":0.75,"ease":"outCubic","sy":180},{"y":100,"type":"deco","angle":78.75,"time":218.75,"ox":48,"id":"c1","order":0,"oy":48,"sy":0,"sprite":"cf.png","sx":0},{"ox":48,"type":"deco","angle":78.75,"time":218.9375,"oy":48,"id":"c2","order":0,"sx":0,"sy":0,"sprite":"cf.png","x":380},{"y":260,"type":"deco","angle":78.75,"time":219.125,"ox":48,"id":"c3","order":0,"oy":48,"sy":0,"sprite":"cf.png","sx":0},{"ox":48,"type":"deco","angle":78.75,"time":219.3125,"oy":48,"id":"c4","order":0,"sx":0,"sy":0,"sprite":"cf.png","x":220},{"angle":67.5,"time":218.75,"id":"c1","order":1,"sx":0.75,"type":"deco","duration":0.1875,"ease":"outElastic","sy":0.75},{"angle":67.5,"time":218.9375,"id":"c2","order":1,"sx":0.75,"type":"deco","duration":0.1875,"ease":"outElastic","sy":0.75},{"angle":67.5,"time":219.125,"id":"c3","order":1,"sx":0.75,"type":"deco","duration":0.1875,"ease":"outElastic","sy":0.75},{"angle":67.5,"time":219.3125,"id":"c4","order":1,"sx":0.75,"type":"deco","duration":0.1879999935627,"ease":"outElastic","sy":0.75},{"tag":"c1-4hide","type":"tag","angle":78.75,"time":219.5,"angleOffset":false},{"hide":false,"angle":67.5,"time":220.25,"id":"c1","order":1,"sx":0.75,"sy":0.75,"duration":0.1875,"type":"deco","ease":"outElastic"},{"hide":false,"angle":67.5,"time":220.8125,"id":"c2","order":1,"sx":0.75,"sy":0.75,"duration":0.1875,"type":"deco","ease":"outElastic"},{"hide":false,"angle":67.5,"time":220.625,"id":"c3","order":1,"sx":0.75,"sy":0.75,"duration":0.1875,"type":"deco","ease":"outElastic"},{"hide":false,"angle":67.5,"time":220.4375,"id":"c4","order":1,"sx":0.75,"sy":0.75,"duration":0.1879999935627,"type":"deco","ease":"outElastic"},{"angle":78.75,"hide":false,"id":"c1","order":0,"sx":0,"type":"deco","time":220.25,"sy":0},{"id":"c2","order":0,"sx":0,"type":"deco","angle":78.75,"time":220.8125,"sy":0},{"id":"c3","order":0,"sx":0,"type":"deco","angle":78.75,"time":220.625,"sy":0},{"id":"c4","order":0,"sx":0,"type":"deco","angle":78.75,"time":220.4375,"sy":0},{"tag":"c1-4hide","type":"tag","angleOffset":false,"time":220.9375,"angle":90},{"sy":3,"sprite":"beatline.png","angle":202.5,"r":5,"time":221,"sx":3,"id":"bl1","order":0,"oy":5,"y":150,"duration":0.25,"type":"deco","ox":45},{"sy":3,"type":"deco","angle":191.25,"r":5,"time":221,"y":210,"id":"bl2","order":0,"sx":3,"sprite":"beatline.png","duration":0.25,"oy":5,"ox":45},{"sx":0.32499998807907,"order":1,"angle":180,"type":"deco","time":221,"parentid":"bl1","id":"b1","ox":46,"x":-105,"y":0,"duration":0.25,"oy":46,"sprite":"cf.png","sy":0.32499998807907},{"sx":0.32499998807907,"order":0,"angle":180,"type":"deco","time":221.1875,"parentid":"bl1","id":"b2","ox":46,"x":-75,"y":0,"duration":0.25,"oy":46,"sprite":"ch.png","sy":0.32499998807907},{"sx":0.32499998807907,"order":0,"angle":180,"type":"deco","time":221.375,"parentid":"bl1","id":"b3","ox":46,"x":-45,"y":0,"duration":0.25,"oy":46,"sprite":"ch.png","sy":0.32499998807907},{"sx":0.32499998807907,"y":0,"angle":180,"sprite":"cf.png","time":221.5625,"parentid":"bl1","id":"b4","order":0,"x":-15,"sy":0.32499998807907,"duration":0.25,"oy":46,"ox":46,"type":"deco"},{"sx":0.32499998807907,"y":0,"angle":180,"sprite":"ch.png","time":221.75,"parentid":"bl1","id":"b5","order":0,"x":15,"sy":0.32499998807907,"duration":0.25,"oy":46,"ox":46,"type":"deco"},{"sx":0.32499998807907,"order":0,"angle":180,"type":"deco","time":221.9375,"parentid":"bl1","id":"b6","ox":46,"x":45,"y":0,"duration":0.25,"oy":46,"sprite":"ch.png","sy":0.32499998807907},{"sx":0.32499998807907,"y":0,"angle":180,"sprite":"cf.png","time":222.125,"parentid":"bl1","id":"b7","order":0,"x":75,"sy":0.32499998807907,"duration":0.25,"oy":46,"ox":46,"type":"deco"},{"sx":0.32499998807907,"y":0,"angle":180,"sprite":"ch.png","time":222.3125,"parentid":"bl1","id":"b8","order":0,"x":105,"sy":0.32499998807907,"duration":0.25,"oy":46,"ox":46,"type":"deco"},{"sx":0.32499998807907,"order":0,"angle":180,"type":"deco","time":222.5,"parentid":"bl2","id":"b9","ox":46,"x":-96.428497314453,"y":0,"duration":0.25,"oy":46,"sprite":"cf.png","sy":0.32499998807907},{"sx":0.32499998807907,"y":0,"angle":180,"sprite":"ch.png","time":222.75,"parentid":"bl2","id":"b10","order":0,"x":-57.85710144043,"sy":0.32499998807907,"duration":0.25,"oy":46,"ox":46,"type":"deco"},{"sx":0.32499998807907,"order":0,"angle":180,"type":"deco","time":223,"parentid":"bl2","id":"b11","ox":46,"x":-19.28569984436,"y":0,"duration":0.25,"oy":46,"sprite":"cf.png","sy":0.32499998807907},{"sx":0.32499998807907,"order":0,"angle":180,"type":"deco","time":223.25,"parentid":"bl2","id":"b12","ox":46,"x":19.28569984436,"y":0,"duration":0.25,"oy":46,"sprite":"ch.png","sy":0.32499998807907},{"sx":0.32499998807907,"order":0,"angle":180,"type":"deco","time":223.5,"parentid":"bl2","id":"b13","ox":46,"x":57.85710144043,"y":0,"duration":0.25,"oy":46,"sprite":"cf.png","sy":0.32499998807907},{"sx":0.32499998807907,"y":0,"angle":180,"sprite":"ch.png","time":223.75,"parentid":"bl2","id":"b14","order":0,"x":96.428497314453,"sy":0.32499998807907,"duration":0.25,"oy":46,"ox":46,"type":"deco"},{"angle":168.75,"time":221,"id":"b1","order":2,"sx":0.25,"type":"deco","duration":0.25,"ease":"inBack","sy":0.25},{"id":"b2","order":1,"sx":0.25,"type":"deco","angle":168.75,"time":221.1875,"sy":0.25},{"id":"b3","order":1,"sx":0.25,"type":"deco","angle":168.75,"time":221.375,"sy":0.25},{"angle":168.75,"time":221.5625,"id":"b4","order":1,"sx":0.25,"type":"deco","duration":0.25,"ease":"inBack","sy":0.25},{"id":"b5","order":1,"sx":0.25,"type":"deco","angle":168.75,"time":221.75,"sy":0.25},{"id":"b6","order":1,"sx":0.25,"type":"deco","angle":168.75,"time":221.9375,"sy":0.25},{"angle":168.75,"time":222.125,"id":"b7","order":1,"sx":0.25,"type":"deco","duration":0.25,"ease":"inBack","sy":0.25},{"id":"b8","order":1,"sx":0.25,"type":"deco","angle":168.75,"time":222.3125,"sy":0.25},{"angle":168.75,"time":222.5,"id":"b9","order":1,"sx":0.25,"type":"deco","duration":0.25,"ease":"inBack","sy":0.25},{"id":"b10","order":1,"sx":0.25,"type":"deco","angle":168.75,"time":222.75,"sy":0.25},{"angle":168.75,"time":223,"id":"b11","order":1,"sx":0.25,"type":"deco","duration":0.25,"ease":"inBack","sy":0.25},{"id":"b12","order":1,"sx":0.25,"type":"deco","angle":168.75,"time":223.25,"sy":0.25},{"angle":168.75,"time":223.5,"id":"b13","order":1,"sx":0.25,"type":"deco","duration":0.25,"ease":"inBack","sy":0.25},{"id":"b14","order":1,"sx":0.25,"type":"deco","angle":168.75,"time":223.75,"sy":0.25},{"tag":"beatlineh","type":"tag","angle":168.75,"time":224,"angleOffset":false},{"hide":false,"y":150,"angle":202.5,"r":-5,"time":227,"order":0,"id":"bl1","ox":45,"oy":5,"sy":3,"sx":3,"type":"deco"},{"hide":false,"y":210,"angle":191.25,"r":-5,"time":227,"order":0,"id":"bl2","ox":45,"oy":5,"sy":3,"sx":3,"type":"deco"},{"hide":false,"y":0,"angle":180,"sy":0.32499998807907,"time":227,"parentid":"bl1","id":"b1","order":1,"oy":46,"type":"deco","x":-105,"ox":46,"sx":0.32499998807907,"sprite":"cf.png"},{"hide":false,"y":0,"angle":180,"sy":0.32499998807907,"time":227.1875,"parentid":"bl1","id":"b2","order":0,"oy":46,"type":"deco","x":-75,"ox":46,"sx":0.32499998807907,"sprite":"ch.png"},{"oy":46,"hide":false,"angle":180,"type":"deco","time":227.375,"parentid":"bl1","id":"b3","order":0,"x":-45,"y":0,"sx":0.32499998807907,"ox":46,"sprite":"ch.png","sy":0.32499998807907},{"oy":46,"hide":false,"angle":180,"type":"deco","time":227.5625,"parentid":"bl1","id":"b4","order":0,"x":-15,"y":0,"sx":0.32499998807907,"ox":46,"sprite":"cf.png","sy":0.32499998807907},{"hide":false,"y":0,"angle":180,"sy":0.32499998807907,"time":227.75,"parentid":"bl1","id":"b5","order":0,"oy":46,"type":"deco","x":15,"ox":46,"sx":0.32499998807907,"sprite":"ch.png"},{"hide":false,"y":0,"angle":180,"sy":0.32499998807907,"time":227.9375,"parentid":"bl1","id":"b6","order":0,"oy":46,"type":"deco","x":45,"ox":46,"sx":0.32499998807907,"sprite":"ch.png"},{"hide":false,"y":0,"angle":180,"sy":0.32499998807907,"time":228.125,"parentid":"bl1","id":"b7","order":0,"oy":46,"type":"deco","x":75,"ox":46,"sx":0.32499998807907,"sprite":"cf.png"},{"hide":false,"y":0,"angle":180,"sy":0.32499998807907,"time":228.3125,"parentid":"bl1","id":"b8","order":0,"oy":46,"type":"deco","x":105,"ox":46,"sx":0.32499998807907,"sprite":"ch.png"},{"oy":46,"hide":false,"angle":180,"type":"deco","time":228.5,"parentid":"bl2","id":"b9","order":0,"x":-96.428497314453,"y":0,"sx":0.32499998807907,"ox":46,"sprite":"cf.png","sy":0.32499998807907},{"hide":false,"y":0,"angle":180,"sy":0.32499998807907,"time":228.75,"parentid":"bl2","id":"b10","order":0,"oy":46,"type":"deco","x":-57.85710144043,"ox":46,"sx":0.32499998807907,"sprite":"ch.png"},{"hide":false,"y":0,"angle":180,"sy":0.32499998807907,"time":229,"parentid":"bl2","id":"b11","order":0,"oy":46,"type":"deco","x":-19.28569984436,"ox":46,"sx":0.32499998807907,"sprite":"cf.png"},{"hide":false,"y":0,"angle":180,"sy":0.32499998807907,"time":229.25,"parentid":"bl2","id":"b12","order":0,"oy":46,"type":"deco","x":19.28569984436,"ox":46,"sx":0.32499998807907,"sprite":"ch.png"},{"oy":46,"hide":false,"angle":180,"type":"deco","time":229.5,"parentid":"bl2","id":"b13","order":0,"x":57.85710144043,"y":0,"sx":0.32499998807907,"ox":46,"sprite":"cf.png","sy":0.32499998807907},{"hide":false,"y":0,"angle":180,"sy":0.32499998807907,"time":229.75,"parentid":"bl2","id":"b14","order":0,"oy":46,"type":"deco","x":96.428497314453,"ox":46,"sx":0.32499998807907,"sprite":"cf.png"},{"angle":168.75,"time":227,"id":"b1","order":2,"sx":0.25,"type":"deco","duration":0.25,"ease":"inBack","sy":0.25},{"id":"b2","order":1,"sx":0.25,"type":"deco","angle":168.75,"time":227.1875,"sy":0.25},{"id":"b3","order":1,"sx":0.25,"type":"deco","angle":168.75,"time":227.375,"sy":0.25},{"angle":168.75,"time":227.5625,"id":"b4","order":1,"sx":0.25,"type":"deco","duration":0.25,"ease":"inBack","sy":0.25},{"id":"b5","order":1,"sx":0.25,"type":"deco","angle":168.75,"time":227.75,"sy":0.25},{"id":"b6","order":1,"sx":0.25,"type":"deco","angle":168.75,"time":227.9375,"sy":0.25},{"angle":168.75,"time":228.125,"id":"b7","order":1,"sx":0.25,"type":"deco","duration":0.25,"ease":"inBack","sy":0.25},{"id":"b8","order":1,"sx":0.25,"type":"deco","angle":168.75,"time":228.3125,"sy":0.25},{"angle":168.75,"time":228.5,"id":"b9","order":1,"sx":0.25,"type":"deco","duration":0.25,"ease":"inBack","sy":0.25},{"id":"b10","order":1,"sx":0.25,"type":"deco","angle":168.75,"time":228.75,"sy":0.25},{"angle":168.75,"time":229,"id":"b11","order":1,"sx":0.25,"type":"deco","duration":0.25,"ease":"inBack","sy":0.25},{"id":"b12","order":1,"sx":0.25,"type":"deco","angle":168.75,"time":229.25,"sy":0.25},{"angle":168.75,"time":229.5,"id":"b13","order":1,"sx":0.25,"type":"deco","duration":0.25,"ease":"inBack","sy":0.25},{"angle":168.75,"time":229.75,"id":"b14","order":1,"sx":0.25,"type":"deco","duration":0.25,"ease":"inBack","sy":0.25},{"tag":"beatlineh","type":"tag","angle":168.75,"time":230,"angleOffset":false},{"angle":67.5,"time":224.75,"id":"rc1","order":1,"sx":360,"type":"deco","duration":0.125,"ease":"outElastic","sy":40},{"angle":67.5,"time":224.875,"id":"rc2","order":1,"sx":360,"type":"deco","duration":0.125,"ease":"outElastic","sy":40},{"angle":67.5,"time":225,"id":"rc3","order":1,"sx":360,"type":"deco","duration":0.125,"ease":"outElastic","sy":40},{"angle":67.5,"time":225.125,"id":"rc4","order":1,"sx":360,"type":"deco","duration":0.125,"ease":"outElastic","sy":40},{"angle":67.5,"time":225.25,"id":"rc5","order":1,"sx":360,"type":"deco","duration":0.125,"ease":"outElastic","sy":40},{"angle":67.5,"time":225.375,"id":"rc6","order":1,"sx":360,"type":"deco","duration":0.125,"ease":"outElastic","sy":40},{"y":330,"angle":78.75,"type":"deco","time":224.75,"x":300,"id":"rc1","order":0,"oy":0.5,"sprite":"px.png","sy":1,"recolor":2,"ox":0.5,"sx":1},{"y":270,"angle":78.75,"type":"deco","time":224.875,"x":300,"id":"rc2","order":0,"oy":0.5,"sprite":"px.png","sy":1,"recolor":2,"ox":0.5,"sx":1},{"y":210,"angle":78.75,"type":"deco","time":225,"x":300,"id":"rc3","order":0,"oy":0.5,"sprite":"px.png","sy":1,"recolor":2,"ox":0.5,"sx":1},{"y":150,"angle":78.75,"type":"deco","time":225.125,"x":300,"id":"rc4","order":0,"oy":0.5,"sprite":"px.png","sy":1,"recolor":2,"ox":0.5,"sx":1},{"y":90,"angle":78.75,"type":"deco","time":225.25,"x":300,"id":"rc5","order":0,"oy":0.5,"sprite":"px.png","sy":1,"recolor":2,"ox":0.5,"sx":1},{"y":30,"angle":78.75,"type":"deco","time":225.375,"x":300,"id":"rc6","order":0,"oy":0.5,"sprite":"px.png","sy":1,"recolor":2,"ox":0.5,"sx":1},{"id":"rc1","type":"deco","angle":56.25,"hide":true,"time":225.5},{"id":"rc2","type":"deco","angle":45,"hide":true,"time":225.5},{"id":"rc3","type":"deco","angle":33.75,"hide":true,"time":225.5},{"id":"rc4","type":"deco","angle":22.5,"hide":true,"time":225.5},{"id":"rc5","type":"deco","angle":11.25,"hide":true,"time":225.5},{"id":"rc6","type":"deco","angle":0,"hide":true,"time":225.5},{"angle":67.5,"time":226.25,"id":"rc1","order":1,"sx":30,"type":"deco","duration":0.125,"ease":"outElastic","sy":340},{"angle":67.5,"time":226.34375,"id":"rc2","order":1,"sx":30,"type":"deco","duration":0.125,"ease":"outElastic","sy":340},{"angle":67.5,"time":226.4375,"id":"rc3","order":1,"sx":30,"type":"deco","duration":0.125,"ease":"outElastic","sy":340},{"angle":67.5,"time":226.53125,"id":"rc4","order":1,"sx":30,"type":"deco","duration":0.125,"ease":"outElastic","sy":340},{"angle":67.5,"time":226.625,"id":"rc5","order":1,"sx":30,"type":"deco","duration":0.125,"ease":"outElastic","sy":340},{"angle":67.5,"time":226.71875,"id":"rc6","order":1,"sx":30,"type":"deco","duration":0.125,"ease":"outElastic","sy":340},{"x":457.5,"y":180,"angle":78.75,"order":0,"hide":false,"sy":1,"id":"rc1","ox":0.5,"sx":1,"sprite":"px.png","oy":0.5,"recolor":2,"type":"deco","time":226.25},{"x":412.5,"y":180,"angle":78.75,"order":0,"hide":false,"sy":1,"id":"rc2","ox":0.5,"sx":1,"sprite":"px.png","oy":0.5,"recolor":2,"type":"deco","time":226.34375},{"x":367.5,"y":180,"angle":78.75,"order":0,"hide":false,"sy":1,"id":"rc3","ox":0.5,"sx":1,"sprite":"px.png","oy":0.5,"recolor":2,"type":"deco","time":226.4375},{"x":322.5,"y":180,"angle":78.75,"order":0,"hide":false,"sy":1,"id":"rc4","ox":0.5,"sx":1,"sprite":"px.png","oy":0.5,"recolor":2,"type":"deco","time":226.53125},{"x":277.5,"y":180,"angle":78.75,"order":0,"hide":false,"sy":1,"id":"rc5","ox":0.5,"sx":1,"sprite":"px.png","oy":0.5,"recolor":2,"type":"deco","time":226.625},{"x":232.5,"y":180,"angle":78.75,"order":0,"hide":false,"sy":1,"id":"rc6","ox":0.5,"sx":1,"sprite":"px.png","oy":0.5,"recolor":2,"type":"deco","time":226.71875},{"y":180,"angle":78.75,"type":"deco","time":226.8125,"x":187.5,"id":"rc7","order":0,"oy":0.5,"sprite":"px.png","sy":1,"recolor":2,"ox":0.5,"sx":1},{"y":180,"angle":78.75,"type":"deco","time":226.90625,"x":142.5,"id":"rc8","order":0,"oy":0.5,"sprite":"px.png","sy":1,"recolor":2,"ox":0.5,"sx":1},{"angle":67.5,"time":226.8125,"id":"rc7","order":1,"sx":30,"type":"deco","duration":0.125,"ease":"outElastic","sy":340},{"angle":67.5,"time":226.90625,"id":"rc8","order":1,"sx":30,"type":"deco","duration":0.125,"ease":"outElastic","sy":340},{"id":"rc1","type":"deco","angle":56.25,"hide":true,"time":227},{"id":"rc2","type":"deco","angle":45,"hide":true,"time":227},{"id":"rc3","type":"deco","angle":33.75,"hide":true,"time":227},{"id":"rc4","type":"deco","angle":22.5,"hide":true,"time":227},{"id":"rc5","type":"deco","angle":11.25,"hide":true,"time":227},{"id":"rc6","type":"deco","angle":0,"hide":true,"time":227},{"id":"rc7","type":"deco","angle":348.75,"hide":true,"time":227},{"id":"rc8","type":"deco","angle":337.5,"hide":true,"time":227},{"angle":146.25,"time":221,"sy":2.5,"id":"tb1","ox":60,"oy":60,"sprite":"beats1.png","type":"deco","sx":2.5},{"id":"tb1","ox":60.799999237061,"oy":60.930000305176,"type":"deco","angle":146.25,"time":221.16667175293},{"id":"tb1","ox":59.869998931885,"oy":59.380001068115,"type":"deco","angle":146.25,"time":221.33332824707},{"id":"tb1","ox":60.290000915527,"oy":60.029998779297,"type":"deco","angle":146.25,"time":221.5},{"id":"tb1","ox":59.779998779297,"oy":59.680000305176,"type":"deco","angle":146.25,"time":221.66667175293},{"id":"tb1","ox":60.840000152588,"oy":60.779998779297,"type":"deco","angle":146.25,"time":221.83332824707},{"id":"tb1","ox":59.700000762939,"oy":59.590000152588,"type":"deco","angle":146.25,"time":222},{"id":"tb1","ox":60.209999084473,"oy":60.900001525879,"type":"deco","angle":146.25,"time":222.16667175293},{"id":"tb1","ox":59.090000152588,"oy":59.930000305176,"type":"deco","angle":146.25,"time":222.33332824707},{"id":"tb1","ox":60.849998474121,"oy":60,"type":"deco","angle":146.25,"time":222.5},{"id":"tb1","ox":59.770000457764,"oy":59.479999542236,"type":"deco","angle":146.25,"time":222.66667175293},{"id":"tb1","ox":60.189998626709,"oy":60.189998626709,"type":"deco","angle":146.25,"time":222.83332824707},{"id":"tb1","type":"deco","angle":146.25,"hide":true,"time":224},{"id":"tb1","ox":59.069999694824,"oy":59.659999847412,"type":"deco","angle":146.25,"time":223},{"id":"tb1","ox":60.360000610352,"oy":60.970001220703,"type":"deco","angle":146.25,"time":223.16667175293},{"id":"tb1","ox":59.360000610352,"oy":59.110000610352,"type":"deco","angle":146.25,"time":223.33332824707},{"id":"tb1","ox":60.830001831055,"oy":60.450000762939,"type":"deco","angle":146.25,"time":223.5},{"id":"tb1","ox":59.75,"oy":59,"type":"deco","angle":146.25,"time":223.66667175293},{"id":"tb1","ox":60.610000610352,"oy":60.689998626709,"type":"deco","angle":146.25,"time":223.83332824707},{"angle":146.25,"time":227,"sy":2.5,"id":"tb2","ox":60,"oy":60,"sprite":"beats2.png","type":"deco","sx":2.5},{"id":"tb2","ox":60.110000610352,"oy":60.029998779297,"type":"deco","angle":146.25,"time":227.16667175293},{"id":"tb2","ox":59.619998931885,"oy":59.979999542236,"type":"deco","angle":146.25,"time":227.33332824707},{"id":"tb2","ox":60.430000305176,"oy":60.779998779297,"type":"deco","angle":146.25,"time":227.5},{"id":"tb2","ox":59.5,"oy":59.009998321533,"type":"deco","angle":146.25,"time":227.66667175293},{"id":"tb2","ox":60.159999847412,"oy":60.069999694824,"type":"deco","angle":146.25,"time":227.83332824707},{"id":"tb2","ox":59.389999389648,"oy":59.970001220703,"type":"deco","angle":146.25,"time":228},{"id":"tb2","ox":60.619998931885,"oy":60.330001831055,"type":"deco","angle":146.25,"time":228.16667175293},{"id":"tb2","ox":59.049999237061,"oy":59.900001525879,"type":"deco","angle":146.25,"time":228.33332824707},{"id":"tb2","ox":60.689998626709,"oy":60.479999542236,"type":"deco","angle":146.25,"time":228.5},{"id":"tb2","ox":59.75,"oy":59.970001220703,"type":"deco","angle":146.25,"time":228.66667175293},{"id":"tb2","ox":60.540000915527,"oy":60.430000305176,"type":"deco","angle":146.25,"time":228.83332824707},{"id":"tb2","ox":59.889999389648,"oy":59.069999694824,"type":"deco","angle":146.25,"time":229},{"id":"tb2","ox":60.349998474121,"oy":60.75,"type":"deco","angle":146.25,"time":229.16667175293},{"id":"tb2","ox":59.020000457764,"oy":59.909999847412,"type":"deco","angle":146.25,"time":229.33332824707},{"id":"tb2","ox":60.279998779297,"oy":60.459999084473,"type":"deco","angle":146.25,"time":229.5},{"id":"tb2","ox":59.909999847412,"oy":60,"type":"deco","angle":146.25,"time":229.66667175293},{"id":"tb2","ox":60.930000305176,"oy":60.779998779297,"type":"deco","angle":146.25,"time":229.83332824707},{"id":"tb2","type":"deco","angle":146.25,"hide":true,"time":230},{"id":"line","type":"deco","angle":22.5,"r":5,"time":242,"hide":true},{"x":-32,"drawOrder":20,"ox":45,"angle":45,"r":90,"time":242,"parentid":"line","id":"lines","order":0,"oy":45,"sy":16,"y":0,"sprite":"lines.png","sx":16,"type":"deco"},{"color":1,"r":0,"type":"setColor","angle":112.5,"b":0,"time":242,"g":0},{"id":"lines","order":1,"x":160,"type":"deco","duration":4,"time":242,"angle":67.5},{"tag":"moveline","type":"tag","angle":67.5,"time":246,"angleOffset":false},{"id":"line","type":"deco","angle":67.5,"r":35,"time":254.75},{"id":"line","type":"deco","angle":67.5,"r":-25,"time":266},{"id":"line","type":"deco","angle":67.5,"r":-35,"time":272},{"id":"line","type":"deco","angle":67.5,"r":35,"time":278},{"id":"line","type":"deco","angle":67.5,"r":-175,"time":284},{"id":"line","type":"deco","angle":67.5,"r":-165,"time":287},{"id":"line","type":"deco","angle":67.5,"r":-155,"time":287.25},{"id":"line","type":"deco","angle":67.5,"r":-145,"time":287.5},{"id":"line","type":"deco","angle":67.5,"r":-135,"time":287.75},{"id":"line","type":"deco","angle":67.5,"r":-115,"time":288},{"id":"line","type":"deco","angle":67.5,"r":-105,"time":288.25},{"id":"line","type":"deco","angle":67.5,"r":-95,"time":288.5},{"id":"line","type":"deco","angle":67.5,"r":-85,"time":288.75},{"id":"line","type":"deco","angle":67.5,"r":-75,"time":289},{"id":"line","type":"deco","angle":67.5,"r":-65,"time":289.25},{"id":"line","type":"deco","angle":67.5,"r":-55,"time":289.5},{"id":"line","type":"deco","angle":67.5,"r":-45,"time":289.75},{"id":"line","type":"deco","angle":67.5,"r":-35,"time":290},{"id":"line","type":"deco","angle":67.5,"r":-25,"time":290.25},{"id":"line","type":"deco","angle":67.5,"r":-15,"time":290.5},{"id":"line","type":"deco","angle":67.5,"r":-5,"time":290.75},{"id":"line","type":"deco","angle":67.5,"r":5,"time":291},{"id":"line","type":"deco","angle":67.5,"r":25,"time":302.75},{"id":"line","type":"deco","angle":67.5,"r":-25,"time":314},{"id":"line","type":"deco","angle":67.5,"r":-35,"time":320},{"id":"line","type":"deco","angle":67.5,"r":-45,"time":326},{"id":"line","type":"deco","angle":67.5,"r":-95,"time":332},{"id":"lines","type":"deco","angle":67.5,"hide":true,"time":338},{"angle":157.5,"drawOrder":21,"r":180,"time":265,"oy":550,"id":"tri","ox":100,"sx":0.20000000298023,"type":"deco","recolor":2,"sprite":"tri.png","sy":0.25},{"color":2,"r":0,"type":"setColor","angle":157.5,"b":0,"time":242,"g":255},{"id":"tri","type":"deco","angle":157.5,"r":312,"time":266},{"id":"tri","type":"deco","angle":157.5,"r":67,"time":266.5,"hide":false},{"id":"tri","type":"deco","angle":157.5,"r":289,"time":267,"hide":false},{"id":"tri","type":"deco","angle":157.5,"r":13,"time":267.5,"hide":false},{"id":"tri","type":"deco","angle":157.5,"r":343,"time":267.75},{"id":"tri","type":"deco","angle":157.5,"r":218,"time":268.25,"hide":false},{"id":"tri","type":"deco","angle":157.5,"r":103,"time":268.5},{"id":"tri","type":"deco","angle":157.5,"r":338,"time":268.75},{"id":"tri","type":"deco","angle":157.5,"r":341,"time":269},{"id":"tri","type":"deco","angle":157.5,"r":349,"time":269.25},{"id":"tri","type":"deco","angle":157.5,"r":329,"time":269.5},{"id":"tri","type":"deco","angle":157.5,"r":61,"time":270,"hide":false},{"id":"tri","type":"deco","angle":157.5,"r":175,"time":270.5,"hide":false},{"id":"tri","type":"deco","angle":157.5,"r":23,"time":270.75},{"id":"tri","type":"deco","angle":157.5,"r":100,"time":271.25,"hide":false},{"id":"tri","type":"deco","angle":157.5,"r":247,"time":271.5},{"id":"tri","type":"deco","angle":157.5,"r":126,"time":272,"hide":false},{"id":"tri","type":"deco","angle":157.5,"r":263,"time":272.25},{"id":"tri","type":"deco","angle":157.5,"r":77,"time":272.5},{"id":"tri","type":"deco","angle":157.5,"r":234,"time":272.75},{"id":"tri","type":"deco","angle":157.5,"r":55,"time":273},{"id":"tri","type":"deco","angle":157.5,"r":333,"time":273.5,"hide":false},{"id":"tri","type":"deco","angle":157.5,"r":279,"time":273.75},{"id":"tri","type":"deco","angle":157.5,"r":162,"time":274.25,"hide":false},{"id":"tri","type":"deco","angle":157.5,"r":168,"time":274.5},{"id":"tri","type":"deco","angle":157.5,"r":103,"time":274.75},{"id":"tri","type":"deco","angle":157.5,"r":26,"time":275},{"id":"tri","type":"deco","angle":157.5,"r":153,"time":275.25},{"id":"tri","type":"deco","angle":157.5,"r":30,"time":275.5},{"id":"tri","type":"deco","angle":157.5,"r":307,"time":275.75},{"id":"tri","type":"deco","angle":157.5,"r":275,"time":276.25,"hide":false},{"id":"tri","type":"deco","angle":157.5,"r":6,"time":276.5},{"id":"tri","type":"deco","angle":157.5,"r":64,"time":276.75},{"id":"tri","type":"deco","angle":157.5,"r":109,"time":277},{"id":"tri","type":"deco","angle":157.5,"r":272,"time":277.5,"hide":false},{"id":"tri","type":"deco","angle":157.5,"r":269,"time":278,"hide":false},{"id":"tri","type":"deco","angle":157.5,"r":174,"time":278.25},{"id":"tri","type":"deco","angle":157.5,"r":92,"time":278.5},{"id":"tri","type":"deco","angle":157.5,"r":353,"time":278.75},{"id":"tri","type":"deco","angle":157.5,"r":29,"time":279.25,"hide":false},{"id":"tri","type":"deco","angle":157.5,"r":257,"time":279.5},{"id":"tri","type":"deco","angle":157.5,"r":43,"time":279.75},{"id":"tri","type":"deco","angle":157.5,"r":150,"time":280},{"id":"tri","type":"deco","angle":157.5,"r":138,"time":280.5,"hide":false},{"id":"tri","type":"deco","angle":157.5,"r":87,"time":280.75},{"id":"tri","type":"deco","angle":157.5,"r":119,"time":281},{"id":"tri","type":"deco","angle":157.5,"r":250,"time":281.25},{"id":"tri","type":"deco","angle":157.5,"r":286,"time":281.5},{"id":"tri","type":"deco","angle":157.5,"r":210,"time":281.75},{"id":"tri","type":"deco","angle":157.5,"r":275,"time":282},{"id":"tri","type":"deco","angle":157.5,"r":97,"time":282.5,"hide":false},{"id":"tri","type":"deco","angle":157.5,"r":223,"time":283,"hide":false},{"id":"tri","type":"deco","angle":157.5,"r":16,"time":283.25},{"id":"tri","type":"deco","angle":157.5,"r":161,"time":283.5},{"id":"tri","type":"deco","angle":157.5,"r":287,"time":283.75},{"id":"tri","type":"deco","angle":157.5,"r":344,"time":284},{"id":"tri","type":"deco","angle":157.5,"r":77,"time":284.25},{"id":"tri","type":"deco","angle":157.5,"r":226,"time":284.5},{"id":"tri","type":"deco","angle":157.5,"r":271,"time":284.75},{"id":"tri","type":"deco","angle":157.5,"r":207,"time":285.25,"hide":false},{"id":"tri","type":"deco","angle":157.5,"r":142,"time":285.5},{"id":"tri","type":"deco","angle":157.5,"r":130,"time":285.75},{"id":"tri","type":"deco","angle":157.5,"r":31,"time":286},{"id":"tri","type":"deco","angle":157.5,"r":301,"time":286.25},{"id":"tri","type":"deco","angle":157.5,"r":21,"time":286.5},{"id":"tri","type":"deco","angle":157.5,"r":263,"time":286.75},{"id":"tri","type":"deco","angle":157.5,"r":0,"time":287},{"id":"tri","type":"deco","angle":157.5,"r":30,"time":287.25},{"id":"tri","type":"deco","angle":157.5,"r":60,"time":287.5},{"id":"tri","type":"deco","angle":157.5,"r":90,"time":287.75},{"id":"tri","type":"deco","angle":157.5,"r":120,"time":288},{"id":"tri","type":"deco","angle":157.5,"r":150,"time":288.25},{"id":"tri","type":"deco","angle":157.5,"r":180,"time":288.5},{"id":"tri","type":"deco","angle":157.5,"r":210,"time":288.75},{"id":"tri","type":"deco","angle":157.5,"r":240,"time":289},{"id":"tri","type":"deco","angle":157.5,"r":270,"time":289.25},{"id":"tri","type":"deco","angle":157.5,"r":300,"time":289.5},{"id":"tri","type":"deco","angle":157.5,"r":330,"time":289.75},{"angle":146.25,"r":-1080,"time":290,"id":"tri","order":1,"oy":1500,"type":"deco","duration":8,"sy":0,"sx":0},{"id":"tri","type":"deco","angle":157.5,"hide":true,"time":266.25},{"id":"tri","type":"deco","angle":157.5,"hide":true,"time":266.75},{"id":"tri","type":"deco","angle":157.5,"hide":true,"time":267.25},{"id":"tri","type":"deco","angle":157.5,"hide":true,"time":268},{"id":"tri","type":"deco","angle":157.5,"hide":true,"time":269.75},{"id":"tri","type":"deco","angle":157.5,"hide":true,"time":270.25},{"id":"tri","type":"deco","angle":157.5,"hide":true,"time":271},{"id":"tri","type":"deco","angle":157.5,"hide":true,"time":271.75},{"id":"tri","type":"deco","angle":157.5,"hide":true,"time":273.25},{"id":"tri","type":"deco","angle":157.5,"hide":true,"time":274},{"id":"tri","type":"deco","angle":157.5,"hide":true,"time":276},{"id":"tri","type":"deco","angle":157.5,"hide":true,"time":277.25},{"id":"tri","type":"deco","angle":157.5,"hide":true,"time":277.75},{"id":"tri","type":"deco","angle":157.5,"hide":true,"time":279},{"id":"tri","type":"deco","angle":157.5,"hide":true,"time":280.25},{"id":"tri","type":"deco","angle":157.5,"hide":true,"time":282.25},{"id":"tri","type":"deco","angle":157.5,"hide":true,"time":282.75},{"id":"tri","type":"deco","angle":157.5,"hide":true,"time":285},{"id":"tri","type":"deco","angle":90,"hide":true,"time":298},{"tag":"greenflicker","type":"tag","angleOffset":false,"time":242,"angle":135},{"tag":"greenflicker","type":"tag","angleOffset":false,"time":274,"angle":135},{"tag":"greenflicker","type":"tag","angleOffset":false,"time":306,"angle":135},{"id":"tri","order":0,"type":"deco","angle":157.5,"r":360,"time":290},{"oy":180,"angle":157.5,"type":"deco","time":291.75,"id":"chord","ox":300,"sx":1,"sprite":"chords!r","drawOrder":22,"sy":1},{"id":"chord","type":"deco","angle":78.75,"hide":true,"time":338},{"type":"deco","y":90,"angle":90,"time":338,"x":300,"id":"np","ox":319,"oy":270,"sprite":"newspaper#0","drawOrder":20,"order":0},{"id":"np","order":1,"y":-180,"duration":48,"type":"deco","time":338,"angle":101.25},{"y":180,"oy":76,"angle":112.5,"x":300,"time":338,"type":"deco","id":"eye","ox":168,"sx":1,"sy":1,"sprite":"eye#0","drawOrder":22},{"color":3,"r":0,"type":"setColor","angle":123.75,"b":0,"time":338,"g":255},{"id":"eye","sprite":"eye#1","angle":112.5,"time":350,"type":"deco"},{"id":"eye","sprite":"eye#0","angle":112.5,"time":362,"type":"deco"},{"id":"eye","sprite":"eye#2","angle":112.5,"time":362.25,"type":"deco"},{"id":"eye","sprite":"eye#0","angle":112.5,"time":363.5,"type":"deco"},{"id":"eye","sprite":"eye!l","angle":112.5,"time":363.75,"type":"deco"},{"angle":135,"drawOrder":23,"type":"deco","time":338,"oy":5,"id":"linex","order":0,"sx":10,"sprite":"beatline.png","sy":300,"recolor":3,"ox":45,"hide":false},{"angle":146.25,"time":338,"id":"linex","order":1,"type":"deco","duration":6,"ease":"outExpo","sy":0},{"oy":5,"order":0,"drawOrder":23,"r":90,"hide":false,"sy":300,"id":"liney","ox":45,"sx":10,"type":"deco","sprite":"beatline.png","recolor":3,"time":338,"angle":157.5},{"angle":168.75,"time":338,"id":"liney","order":1,"type":"deco","duration":6,"ease":"outExpo","sy":0},{"color":3,"r":0,"type":"setColor","angle":135,"b":127,"time":362,"g":255},{"color":3,"r":0,"type":"setColor","angle":123.75,"b":255,"time":363.5,"g":255},{"color":4,"r":0,"type":"setColor","angle":146.25,"b":64,"time":362,"g":127},{"color":4,"r":0,"type":"setColor","angle":135,"b":127,"time":363.5,"g":127},{"color":3,"r":0,"time":382,"duration":2,"angle":123.75,"type":"setColor","ease":"inSine","b":255,"g":0},{"color":4,"r":0,"time":382,"duration":2,"angle":135,"type":"setColor","ease":"inSine","b":127,"g":0},{"id":"np","sprite":"newspaper#1","angle":90,"time":382.66665649414,"type":"deco"},{"id":"np","type":"deco","angle":90,"hide":true,"time":384},{"id":"np","sprite":"newspaper#2","angle":90,"time":382.83334350586,"type":"deco"},{"id":"np","sprite":"newspaper#3","angle":90,"time":383,"type":"deco"},{"id":"np","sprite":"newspaper#4","angle":90,"time":383.16665649414,"type":"deco"},{"id":"np","sprite":"newspaper#5","angle":90,"time":383.33334350586,"type":"deco"},{"id":"np","sprite":"newspaper#6","angle":90,"time":383.5,"type":"deco"},{"id":"np","sprite":"newspaper#7","angle":90,"time":383.66665649414,"type":"deco"},{"id":"np","sprite":"newspaper#8","angle":90,"time":383.83334350586,"type":"deco"},{"id":"eye","type":"deco","angle":112.5,"hide":true,"time":384},{"angle":135,"time":384,"type":"deco","id":"bs","ox":30,"oy":30,"sprite":"static!l1","sy":10,"sx":10},{"color":3,"b":204,"type":"setColor","angle":157.5,"r":0,"time":384,"g":0},{"angle":112.5,"r":-45,"time":412,"id":"bs","order":0,"sx":15,"type":"deco","sy":15,"sprite":"static!l2"},{"angle":112.5,"r":-90,"time":440,"id":"bs","order":0,"sx":15,"type":"deco","sy":15,"sprite":"static!l3"},{"angle":112.5,"r":-225,"time":468,"id":"bs","order":0,"sx":15,"type":"deco","sy":15,"sprite":"static!l4"},{"id":"bs","type":"deco","angle":90,"hide":true,"time":496},{"angle":112.5,"r":-45,"time":408,"id":"bs","sx":15,"type":"deco","ease":"inCubic","sy":15,"duration":4},{"angle":135,"r":-90,"time":412,"id":"bs","order":1,"sx":10,"sy":10,"duration":4,"ease":"outCubic","type":"deco"},{"angle":112.5,"r":-180,"time":436,"id":"bs","sx":15,"sy":15,"ease":"inCubic","type":"deco","duration":4},{"angle":135,"r":-180,"time":440,"id":"bs","order":1,"sx":10,"sy":10,"duration":4,"ease":"outCubic","type":"deco"},{"angle":112.5,"r":-225,"time":464,"id":"bs","sx":15,"type":"deco","ease":"inCubic","sy":15,"duration":4},{"angle":135,"r":-270,"time":468,"id":"bs","order":1,"sx":10,"sy":10,"duration":4,"ease":"outCubic","type":"deco"},{"color":1,"r":0,"time":408,"duration":4,"angle":157.5,"type":"setColor","ease":"inCubic","b":64,"g":0},{"color":1,"r":0,"time":412,"duration":4,"angle":157.5,"type":"setColor","ease":"outCubic","b":21,"g":0},{"color":1,"r":0,"time":436,"duration":4,"angle":157.5,"type":"setColor","ease":"inCubic","b":85,"g":0},{"color":1,"r":0,"time":440,"duration":4,"angle":157.5,"type":"setColor","ease":"outCubic","b":43,"g":0},{"color":1,"r":0,"time":464,"duration":4,"angle":157.5,"type":"setColor","ease":"inCubic","b":106,"g":0},{"color":1,"r":0,"time":468,"duration":4,"angle":157.5,"type":"setColor","ease":"outCubic","b":64,"g":0},{"color":1,"r":0,"time":492,"duration":4,"angle":157.5,"type":"setColor","ease":"inSine","b":128,"g":0},{"color":7,"r":0,"type":"setColor","angle":180,"b":255,"time":384,"g":128},{"time":398,"angle":90,"type":"deco","hide":false,"id":"shapes","ox":90,"sx":1.5,"sprite":"shapes!l","oy":90,"sy":1.5},{"id":"shapes","type":"deco","angle":90,"hide":true,"time":401},{"color":4,"r":0,"type":"setColor","angle":202.5,"b":85,"time":384,"g":0},{"color":2,"r":0,"type":"setColor","angle":225,"b":170,"time":384,"g":0},{"id":"shapes","type":"deco","angle":90,"hide":false,"time":405,"sprite":"shapes!l"},{"id":"shapes","type":"deco","angle":90,"hide":true,"time":408},{"id":"shapes","type":"deco","angle":90,"r":-90,"time":426,"hide":false},{"id":"shapes","type":"deco","angle":90,"hide":true,"time":429},{"id":"shapes","type":"deco","angle":90,"hide":false,"time":433},{"id":"shapes","type":"deco","angle":90,"hide":true,"time":436},{"id":"shapes","type":"deco","angle":90,"r":180,"time":454,"hide":false},{"id":"shapes","type":"deco","angle":90,"hide":true,"time":457},{"id":"shapes","type":"deco","angle":90,"hide":false,"time":461,"sprite":"shapes!l"},{"id":"shapes","type":"deco","angle":90,"hide":true,"time":464},{"id":"shapes","time":482,"type":"deco","angle":90,"r":90,"hide":false,"sprite":"shapes!l"},{"id":"shapes","type":"deco","angle":90,"hide":true,"time":485},{"id":"shapes","type":"deco","angle":90,"hide":false,"time":489,"sprite":"shapes!l"},{"id":"shapes","type":"deco","angle":90,"hide":true,"time":492},{"id":"sc","ox":300,"oy":300,"sprite":"sc!r","angle":90,"time":438,"type":"deco"},{"id":"sc","sx":-1,"type":"deco","angle":90,"time":440,"sprite":"sc!rb"},{"angle":180,"b":255,"type":"setColor","color":3,"r":0,"time":440,"g":0},{"id":"sc","type":"deco","angle":90,"hide":true,"time":442},{"x":300,"sy":48,"order":0,"angle":90,"r":45,"time":468,"sprite":"tds#0","id":"tds","ox":2,"oy":2,"y":180,"type":"deco","recolor":5,"sx":48,"drawOrder":25},{"id":"tds","type":"deco","angle":90,"r":105,"time":468.25,"sprite":"tds#1"},{"id":"tds","type":"deco","angle":90,"r":120,"time":468.5,"sprite":"tds#0"},{"id":"tds","type":"deco","angle":90,"r":135,"time":468.75,"sprite":"tds#1"},{"id":"tds","type":"deco","angle":90,"r":150,"time":469,"sprite":"tds#0"},{"id":"tds","type":"deco","angle":90,"r":165,"time":469.25,"sprite":"tds#1"},{"id":"tds","type":"deco","angle":90,"r":180,"time":469.5,"sprite":"tds#0"},{"id":"tds","type":"deco","angle":90,"r":195,"time":469.75,"sprite":"tds#1"},{"id":"tds","type":"deco","angle":90,"r":210,"time":470,"sprite":"tds#0"},{"id":"tds","type":"deco","angle":90,"r":225,"time":470.25,"sprite":"tds#1"},{"id":"tds","type":"deco","angle":90,"r":240,"time":470.5,"sprite":"tds#0"},{"id":"tds","type":"deco","angle":90,"r":255,"time":470.75,"sprite":"tds#1"},{"id":"tds","type":"deco","angle":90,"r":270,"time":471,"sprite":"tds#0"},{"id":"tds","type":"deco","angle":90,"r":285,"time":471.25,"sprite":"tds#1"},{"id":"tds","type":"deco","angle":90,"r":300,"time":471.5,"sprite":"tds#0"},{"id":"tds","type":"deco","angle":90,"r":315,"time":471.75,"sprite":"tds#1"},{"id":"tds","type":"deco","angle":90,"hide":true,"time":472.5},{"angle":67.5,"b":255,"type":"setColor","color":5,"r":153,"time":468,"g":204},{"id":"tds","type":"deco","angle":90,"r":330,"time":472,"sprite":"tds#0"},{"id":"tds","type":"deco","angle":90,"r":345,"time":472.25,"sprite":"tds#1"},{"angle":202.5,"r":2.5,"time":230,"sprite":"the grid.png","id":"thegrid","ox":2057.5,"oy":2057.5,"type":"deco","sy":48,"sx":48},{"id":"thegrid","sx":32,"type":"deco","angle":202.5,"r":5,"time":230.5625,"sy":32},{"id":"thegrid","sx":21.333299636841,"type":"deco","angle":202.5,"r":7.5,"time":231.125,"sy":21.333299636841},{"id":"thegrid","sx":14.222200393677,"type":"deco","angle":202.5,"r":10,"time":231.3125,"sy":14.222200393677},{"id":"thegrid","sx":9.4813995361328,"type":"deco","angle":202.5,"r":12.5,"time":231.5,"sy":9.4813995361328},{"id":"thegrid","sx":6.3208999633789,"type":"deco","angle":202.5,"r":15,"time":232.0625,"sy":6.3208999633789},{"id":"thegrid","sx":4.2139000892639,"type":"deco","angle":202.5,"r":17.5,"time":232.625,"sy":4.2139000892639},{"id":"thegrid","sx":2.8092999458313,"type":"deco","angle":202.5,"r":20,"time":232.8125,"sy":2.8092999458313},{"id":"thegrid","sx":1.8727999925613,"type":"deco","angle":202.5,"r":22.5,"time":233,"sy":1.8727999925613},{"id":"thegrid","sx":1.2484999895096,"type":"deco","angle":202.5,"r":25,"time":233.5,"sy":1.2484999895096},{"id":"thegrid","sx":0.83230000734329,"type":"deco","angle":202.5,"r":27.5,"time":234,"sy":0.83230000734329},{"id":"thegrid","sx":0.55489999055862,"sy":0.55489999055862,"angle":202.5,"r":30,"time":234.25,"type":"deco"},{"id":"thegrid","sx":0.36989998817444,"type":"deco","angle":202.5,"r":32.5,"time":234.5,"sy":0.36989998817444},{"id":"thegrid","sx":1.2484999895096,"type":"deco","angle":202.5,"r":35,"time":235,"sy":1.2484999895096},{"angle":202.5,"r":37.5,"time":235.5,"sy":0.83230000734329,"id":"thegrid","ox":2780,"oy":2780,"sprite":"theGRID.png","sx":0.83230000734329,"type":"deco"},{"id":"thegrid","type":"deco","angle":202.5,"hide":true,"time":242},{"id":"thegrid","sx":0.55489999055862,"sy":0.55489999055862,"angle":202.5,"r":40,"time":235.75,"type":"deco"},{"id":"thegrid","sx":0.36989998817444,"sy":0.36989998817444,"angle":202.5,"r":45,"time":236,"type":"deco"},{"id":"thegrid","sx":0.2466000020504,"type":"deco","angle":202.5,"r":50,"time":236.25,"sy":0.2466000020504},{"angle":202.5,"r":55,"time":236.5,"oy":920,"id":"thegrid","ox":920,"sx":1.2484999895096,"type":"deco","sprite":"the GRID but smaller.png","sy":1.2484999895096},{"id":"thegrid","sx":0.83230000734329,"type":"deco","angle":202.5,"r":60,"time":236.75,"sy":0.83230000734329},{"id":"thegrid","sx":0.55489999055862,"sy":0.55489999055862,"angle":202.5,"r":65,"time":237,"type":"deco"},{"id":"thegrid","sx":0.36989998817444,"sy":0.36989998817444,"angle":202.5,"r":70,"time":237.25,"type":"deco"},{"angle":202.5,"r":75,"time":237.5,"id":"thegrid","sx":1.2484999895096,"type":"deco","sprite":"the GRID but EVEN smaller.png","sy":1.2484999895096},{"id":"thegrid","sx":0.83230000734329,"type":"deco","angle":202.5,"r":80,"time":237.75,"sy":0.83230000734329},{"id":"thegrid","sx":0.55489999055862,"sy":0.55489999055862,"angle":202.5,"r":85,"time":238,"type":"deco"},{"id":"thegrid","sx":0.36989998817444,"sy":0.36989998817444,"angle":202.5,"r":90,"time":238.25,"type":"deco"},{"id":"thegrid","sx":1.2484999895096,"sy":1.2484999895096,"angle":202.5,"r":95,"time":238.5,"type":"deco"},{"id":"thegrid","sx":0.83230000734329,"sy":0.83230000734329,"angle":202.5,"r":100,"time":238.75,"type":"deco"},{"id":"thegrid","sx":0.55489999055862,"type":"deco","angle":202.5,"r":105,"time":239,"sy":0.55489999055862},{"id":"thegrid","sx":0.36989998817444,"sy":0.36989998817444,"angle":202.5,"r":110,"time":239.25,"type":"deco"},{"id":"thegrid","sx":1.2484999895096,"type":"deco","angle":202.5,"r":115,"time":239.5,"sy":1.2484999895096},{"id":"thegrid","sx":0.83230000734329,"type":"deco","angle":202.5,"r":120,"time":239.75,"sy":0.83230000734329},{"id":"thegrid","sx":0.55489999055862,"sy":0.55489999055862,"angle":202.5,"r":125,"time":240,"type":"deco"},{"id":"thegrid","sx":0.40000000596046,"type":"deco","angle":202.5,"r":130,"time":240.25,"sy":0.40000000596046},{"id":"thegrid","sx":1.2484999895096,"sy":1.2484999895096,"angle":202.5,"r":140,"time":240.5,"type":"deco"},{"id":"thegrid","sx":0.83230000734329,"type":"deco","angle":202.5,"r":145,"time":240.75,"sy":0.83230000734329},{"id":"thegrid","sx":0.55489999055862,"sy":0.55489999055862,"angle":202.5,"r":150,"time":241,"type":"deco"},{"id":"thegrid","sx":0.40000000596046,"sy":0.40000000596046,"angle":202.5,"r":155,"time":241.25,"type":"deco"},{"id":"thegrid","sx":1.2484999895096,"type":"deco","angle":202.5,"r":160,"time":241.5,"sy":1.2484999895096},{"id":"thegrid","sx":0.83230000734329,"sy":0.83230000734329,"angle":202.5,"r":165,"time":241.75,"type":"deco"},{"color":2,"r":255,"type":"setColor","angle":225,"b":0,"time":239,"g":0},{"color":2,"r":252,"type":"setColor","angle":225,"b":0,"time":239.25,"g":65},{"color":2,"r":242,"type":"setColor","angle":225,"b":0,"time":239.5,"g":100},{"color":2,"r":235,"type":"setColor","angle":225,"b":0,"time":239.75,"g":122},{"angle":225,"b":0,"type":"setColor","color":2,"r":230,"time":240,"g":139},{"angle":225,"b":0,"type":"setColor","color":2,"r":224,"time":240.25,"g":155},{"angle":225,"b":0,"type":"setColor","color":2,"r":218,"time":240.5,"g":170},{"angle":225,"b":0,"type":"setColor","color":2,"r":209,"time":240.75,"g":185},{"color":2,"r":196,"type":"setColor","angle":225,"b":0,"time":241,"g":200},{"color":2,"r":175,"type":"setColor","angle":225,"b":0,"time":241.25,"g":217},{"color":2,"r":134,"type":"setColor","angle":225,"b":0,"time":241.5,"g":236},{"color":2,"r":0,"type":"setColor","angle":225,"b":0,"time":241.75,"g":255},{"angle":22.5,"time":503.5,"type":"showResults"},{"newWidth":0,"angle":90,"type":"paddles","ease":"linear","paddle":1,"time":0.25,"duration":0},{"angle":22.5,"type":"paddles","duration":0,"ease":"linear","time":0.5,"paddle":1}],"properties":{"speed":70,"loadBeat":1,"startBeat":0,"formatversion":13,"offset":8},"metadata":{"bg":true,"bgData":{"magentaChannel":{"r":255,"b":255,"g":255},"cyanChannel":{"r":255,"b":255,"g":255},"yellowChannel":{"r":255,"b":255,"g":255},"redChannel":{"r":255,"b":0,"g":0},"blueChannel":{"r":0,"b":255,"g":0},"greenChannel":{"r":255,"b":255,"g":255},"image":"bg.png"},"artist":"Frums","charter":"Jack932","songName":"theyaremanycolors","description":"","difficulty":0,"artistLink":""}}