[{"angle":292.5,"value":0.89999997615814,"duration":0.75,"type":"ease","time":0,"ease":"outBack","var":"vfx.canvPos.sx","start":1.1000000238419},{"angle":315,"value":0.89999997615814,"duration":0.75,"type":"ease","time":0,"ease":"outBack","var":"vfx.canvPos.sy","start":0.80000001192093},{"angle":292.5,"value":0.89999997615814,"duration":0.75,"type":"ease","time":0.75,"ease":"outBack","var":"vfx.canvPos.sx","start":0.80000001192093},{"angle":315,"value":0.89999997615814,"duration":0.75,"type":"ease","time":0.75,"ease":"outBack","var":"vfx.canvPos.sy","start":1.1000000238419},{"angle":270,"value":0.89999997615814,"duration":0.75,"type":"ease","time":1.5,"ease":"outBack","var":"vfx.canvPos.sx","start":1.1000000238419},{"angle":292.5,"value":0.89999997615814,"duration":0.75,"type":"ease","time":1.5,"ease":"outBack","var":"vfx.canvPos.sy","start":0.80000001192093},{"angle":270,"value":0.89999997615814,"duration":0.75,"type":"ease","time":2.25,"ease":"outBack","var":"vfx.canvPos.sx","start":0.80000001192093},{"angle":292.5,"value":0.89999997615814,"duration":0.75,"type":"ease","time":2.25,"ease":"outBack","var":"vfx.canvPos.sy","start":1.1000000238419},{"angle":292.5,"value":0.89999997615814,"duration":0.75,"type":"ease","time":3,"ease":"outBack","var":"vfx.canvPos.sx","start":1.1000000238419},{"angle":315,"value":0.89999997615814,"duration":0.75,"type":"ease","time":3,"ease":"outBack","var":"vfx.canvPos.sy","start":0.80000001192093},{"angle":270,"value":0.89999997615814,"duration":0.75,"type":"ease","time":4,"ease":"outBack","var":"vfx.canvPos.sx","start":0.80000001192093},{"angle":292.5,"value":0.89999997615814,"duration":0.75,"type":"ease","time":4,"ease":"outBack","var":"vfx.canvPos.sy","start":1.1000000238419},{"angle":292.5,"value":0.89999997615814,"duration":0.75,"type":"ease","time":4.75,"ease":"outBack","var":"vfx.canvPos.sx","start":1.1000000238419},{"angle":315,"value":0.89999997615814,"duration":0.75,"type":"ease","time":4.75,"ease":"outBack","var":"vfx.canvPos.sy","start":0.80000001192093},{"angle":292.5,"value":0.89999997615814,"duration":0.75,"type":"ease","time":5.5,"ease":"outBack","var":"vfx.canvPos.sx","start":0.80000001192093},{"angle":315,"value":0.89999997615814,"duration":0.75,"type":"ease","time":5.5,"ease":"outBack","var":"vfx.canvPos.sy","start":1.1000000238419},{"angle":315,"value":0.89999997615814,"duration":0.75,"type":"ease","time":6.25,"ease":"outBack","var":"vfx.canvPos.sx","start":1.1000000238419},{"angle":337.5,"value":0.89999997615814,"duration":0.75,"type":"ease","time":6.25,"ease":"outBack","var":"vfx.canvPos.sy","start":0.80000001192093}]