{"properties":{"startBeat":0,"formatversion":12,"offset":8,"speed":70},"events":[{"file":"song.wav","angle":0,"bpm":168,"type":"play","offset":0.15000000596046,"volume":3,"time":0},{"value":1.5000004768372,"angle":180,"duration":1,"type":"ease","ease":"inOutSine","time":31,"var":"scrollSpeed"},{"enabled":true,"time":62,"duration":0.25,"angle":247.5,"ease":"outSine","type":"paddles","newWidth":360,"paddle":1},{"value":3,"angle":225,"duration":0,"type":"ease","ease":"outSine","time":61.75,"var":"scrollSpeed"},{"value":144,"angle":90,"type":"ease","time":62.5,"var":"vfx.canvPos.r"},{"value":216,"angle":90,"type":"ease","time":63,"var":"vfx.canvPos.r"},{"value":288,"angle":90,"type":"ease","time":63.5,"var":"vfx.canvPos.r"},{"value":0,"angle":90,"type":"ease","time":64,"var":"vfx.canvPos.r"},{"value":4,"angle":90,"type":"ease","time":0,"var":"vfx.extraTapWidth"},{"value":72,"angle":90,"type":"ease","time":62,"var":"vfx.canvPos.r"},{"value":1.5,"angle":270,"type":"ease","time":64,"var":"scrollSpeed"},{"ease":"outSine","angle":255,"duration":0.75,"paddle":1,"newWidth":70,"type":"paddles","time":64.25},{"ease":"linear","angle":360,"duration":0,"paddle":1,"newWidth":120,"type":"paddles","time":52},{"ease":"linear","angle":315,"duration":0,"paddle":1,"newWidth":70,"type":"paddles","time":54},{"value":1,"angle":300,"duration":1,"type":"ease","ease":"inOutSine","time":95,"var":"scrollSpeed"},{"ease":"linear","angle":60,"duration":0,"paddle":1,"newWidth":120,"type":"paddles","time":95},{"duration":0,"ease":"linear","enabled":false,"paddle":0,"type":"paddles","angle":315,"time":109.75},{"duration":0,"ease":"linear","enabled":false,"paddle":0,"type":"paddles","angle":315,"time":125.75},{"enabled":true,"time":111.75,"duration":0,"angle":225,"ease":"linear","type":"paddles","newWidth":120,"paddle":1},{"enabled":true,"time":127.75,"duration":0,"angle":240,"ease":"linear","type":"paddles","newWidth":120,"paddle":1},{"value":300,"angle":45,"duration":1,"type":"ease","ease":"outSine","time":95,"var":"p.y"},{"value":180,"angle":180,"duration":4,"type":"ease","time":124,"var":"p.y"},{"ease":"linear","angle":285,"duration":0,"paddle":1,"newWidth":70,"type":"paddles","time":158},{"value":1.5,"angle":180,"duration":1,"type":"ease","ease":"inOutSine","time":159,"var":"scrollSpeed"},{"value":60,"angle":360,"duration":1,"type":"ease","ease":"inOutSine","time":223,"var":"p.y"},{"ease":"linear","angle":360,"duration":0,"paddle":1,"newWidth":150,"type":"paddles","time":223.75},{"paddle":0,"ease":"linear","duration":0,"type":"paddles","enabled":false,"angle":315,"time":237.75},{"enabled":true,"time":239.75,"duration":0,"angle":240,"ease":"linear","type":"paddles","newWidth":150,"paddle":1},{"value":1,"angle":345,"duration":1,"type":"ease","ease":"inOutSine","time":223,"var":"scrollSpeed"},{"duration":0,"ease":"linear","enabled":false,"paddle":0,"type":"paddles","angle":315,"time":253.75},{"enabled":true,"time":255.75,"duration":0,"angle":240,"ease":"linear","type":"paddles","newWidth":70,"paddle":1},{"value":180,"angle":345,"duration":4,"type":"ease","ease":"inOutSine","time":251,"var":"p.y"},{"r":0,"angle":180,"type":"setColor","g":0,"time":0,"color":0,"b":0},{"r":255,"angle":202.5,"type":"setColor","g":255,"time":0,"color":1,"b":255},{"r":50,"g":0,"duration":4,"time":16,"angle":112.5,"type":"setColor","color":0,"b":0},{"r":0,"g":0,"duration":4,"time":20,"angle":90,"type":"setColor","color":0,"b":0},{"r":50,"g":0,"duration":4,"time":25,"angle":22.5,"type":"setColor","color":0,"b":0},{"r":50,"g":0,"duration":1,"time":29,"angle":0,"type":"setColor","color":0,"b":0},{"angle":180,"time":287.5,"type":"showResults"},{"r":158,"angle":157.5,"type":"setColor","g":0,"time":30,"color":1,"b":255},{"r":0,"angle":495,"type":"setColor","g":255,"time":30,"color":0,"b":0},{"r":158,"angle":157.5,"type":"setColor","g":0,"time":30.5,"color":0,"b":255},{"r":0,"angle":495,"type":"setColor","g":255,"time":30.5,"color":1,"b":0},{"r":158,"angle":157.5,"type":"setColor","g":0,"time":31,"color":1,"b":255},{"r":0,"angle":495,"type":"setColor","g":255,"time":31,"color":0,"b":0},{"r":158,"angle":157.5,"type":"setColor","g":0,"time":31.5,"color":0,"b":255},{"r":0,"angle":495,"type":"setColor","g":255,"time":31.5,"color":1,"b":0},{"r":255,"angle":157.5,"type":"setColor","g":0,"time":32,"color":1,"b":0},{"r":24,"angle":495,"type":"setColor","g":0,"time":32,"color":0,"b":0},{"r":255,"angle":15,"type":"setColor","g":0,"time":33,"color":0,"b":0},{"r":24,"angle":352.5,"type":"setColor","g":0,"time":33,"color":1,"b":0},{"r":255,"angle":7.5,"type":"setColor","g":255,"time":34,"color":1,"b":255},{"r":0,"angle":345,"type":"setColor","g":0,"time":34,"color":0,"b":0},{"r":158,"angle":157.5,"type":"setColor","g":0,"time":38.5,"color":1,"b":255},{"r":0,"angle":495,"type":"setColor","g":255,"time":38.5,"color":0,"b":0},{"r":158,"angle":157.5,"type":"setColor","g":0,"time":38.75,"color":0,"b":255},{"r":0,"angle":495,"type":"setColor","g":255,"time":38.75,"color":1,"b":0},{"r":158,"angle":157.5,"type":"setColor","g":0,"time":39.25,"color":1,"b":255},{"r":0,"angle":495,"type":"setColor","g":255,"time":39.25,"color":0,"b":0},{"r":158,"angle":157.5,"type":"setColor","g":0,"time":39.5,"color":0,"b":255},{"r":0,"angle":495,"type":"setColor","g":255,"time":39.5,"color":1,"b":0},{"r":158,"angle":157.5,"type":"setColor","g":0,"time":39.75,"color":1,"b":255},{"r":0,"angle":495,"type":"setColor","g":255,"time":39.75,"color":0,"b":0},{"r":255,"angle":157.5,"type":"setColor","g":255,"time":40,"color":1,"b":255},{"r":0,"angle":495,"type":"setColor","g":0,"time":40,"color":0,"b":0},{"r":255,"angle":157.5,"type":"setColor","g":0,"time":46,"color":1,"b":0},{"r":24,"angle":495,"type":"setColor","g":0,"time":46,"color":0,"b":0},{"r":158,"angle":157.5,"type":"setColor","g":0,"time":46.75,"color":1,"b":255},{"r":0,"angle":495,"type":"setColor","g":255,"time":46.75,"color":0,"b":0},{"r":158,"angle":157.5,"type":"setColor","g":0,"time":47.25,"color":0,"b":255},{"r":0,"angle":495,"type":"setColor","g":255,"time":47.25,"color":1,"b":0},{"r":158,"angle":157.5,"type":"setColor","g":0,"time":47.75,"color":1,"b":255},{"r":0,"angle":495,"type":"setColor","g":255,"time":47.75,"color":0,"b":0},{"r":255,"angle":157.5,"type":"setColor","g":255,"time":48,"color":1,"b":255},{"r":0,"angle":495,"type":"setColor","g":0,"time":48,"color":0,"b":0},{"r":158,"angle":157.5,"type":"setColor","g":0,"time":54.5,"color":1,"b":255},{"r":0,"angle":495,"type":"setColor","g":255,"time":54.5,"color":0,"b":0},{"r":158,"angle":157.5,"type":"setColor","g":0,"time":55.25,"color":0,"b":255},{"r":0,"angle":495,"type":"setColor","g":255,"time":55.25,"color":1,"b":0},{"r":158,"angle":157.5,"type":"setColor","g":0,"time":55.5,"color":1,"b":255},{"r":0,"angle":495,"type":"setColor","g":255,"time":55.5,"color":0,"b":0},{"r":158,"angle":157.5,"type":"setColor","g":0,"time":55.75,"color":0,"b":255},{"r":0,"angle":495,"type":"setColor","g":255,"time":55.75,"color":1,"b":0},{"r":255,"angle":157.5,"type":"setColor","g":255,"time":56,"color":1,"b":255},{"r":0,"angle":495,"type":"setColor","g":0,"time":56,"color":0,"b":0},{"r":158,"angle":97.5,"type":"setColor","g":0,"time":62,"color":0,"b":255},{"r":0,"angle":435,"type":"setColor","g":255,"time":62,"color":1,"b":0},{"r":158,"angle":97.5,"type":"setColor","g":0,"time":62.25,"color":1,"b":255},{"r":0,"angle":435,"type":"setColor","g":255,"time":62.25,"color":0,"b":0},{"r":158,"angle":97.5,"type":"setColor","g":0,"time":62.5,"color":0,"b":255},{"r":0,"angle":435,"type":"setColor","g":255,"time":62.5,"color":1,"b":0},{"r":158,"angle":97.5,"type":"setColor","g":0,"time":62.75,"color":1,"b":255},{"r":0,"angle":435,"type":"setColor","g":255,"time":62.75,"color":0,"b":0},{"r":158,"angle":97.5,"type":"setColor","g":0,"time":63,"color":0,"b":255},{"r":0,"angle":435,"type":"setColor","g":255,"time":63,"color":1,"b":0},{"r":158,"angle":97.5,"type":"setColor","g":0,"time":63.25,"color":1,"b":255},{"r":0,"angle":435,"type":"setColor","g":255,"time":63.25,"color":0,"b":0},{"r":158,"angle":97.5,"type":"setColor","g":0,"time":63.5,"color":0,"b":255},{"r":0,"angle":435,"type":"setColor","g":255,"time":63.5,"color":1,"b":0},{"r":150,"angle":97.5,"type":"setColor","g":0,"time":63.75,"color":1,"b":255},{"r":0,"angle":435,"type":"setColor","g":255,"time":63.75,"color":0,"b":0},{"r":0,"angle":97.5,"type":"setColor","g":0,"time":64,"color":0,"b":0},{"r":255,"angle":435,"type":"setColor","g":255,"time":64,"color":1,"b":255},{"r":158,"angle":142.5,"type":"setColor","g":0,"time":70,"color":0,"b":255},{"r":0,"angle":480,"type":"setColor","g":255,"time":70,"color":1,"b":0},{"r":158,"angle":142.5,"type":"setColor","g":0,"time":70.5,"color":1,"b":255},{"r":0,"angle":480,"type":"setColor","g":255,"time":70.5,"color":0,"b":0},{"r":158,"angle":142.5,"type":"setColor","g":0,"time":71,"color":0,"b":255},{"r":0,"angle":480,"type":"setColor","g":255,"time":71,"color":1,"b":0},{"r":150,"angle":142.5,"type":"setColor","g":0,"time":71.5,"color":1,"b":255},{"r":0,"angle":480,"type":"setColor","g":255,"time":71.5,"color":0,"b":0},{"r":0,"angle":142.5,"type":"setColor","g":0,"time":72,"color":0,"b":0},{"r":255,"angle":480,"type":"setColor","g":255,"time":72,"color":1,"b":255},{"r":158,"angle":142.5,"type":"setColor","g":0,"time":78,"color":0,"b":255},{"r":0,"angle":480,"type":"setColor","g":255,"time":78,"color":1,"b":0},{"r":158,"angle":142.5,"type":"setColor","g":0,"time":78.5,"color":1,"b":255},{"r":0,"angle":480,"type":"setColor","g":255,"time":78.5,"color":0,"b":0},{"r":158,"angle":142.5,"type":"setColor","g":0,"time":79,"color":0,"b":255},{"r":0,"angle":480,"type":"setColor","g":255,"time":79,"color":1,"b":0},{"r":150,"angle":142.5,"type":"setColor","g":0,"time":79.5,"color":1,"b":255},{"r":0,"angle":480,"type":"setColor","g":255,"time":79.5,"color":0,"b":0},{"r":0,"angle":142.5,"type":"setColor","g":0,"time":80,"color":0,"b":0},{"r":255,"angle":480,"type":"setColor","g":255,"time":80,"color":1,"b":255},{"r":255,"angle":142.5,"type":"setColor","g":0,"time":86,"color":0,"b":255},{"r":112,"angle":480,"type":"setColor","g":0,"time":86,"color":1,"b":180},{"r":0,"angle":142.5,"type":"setColor","g":0,"time":88,"color":0,"b":0},{"r":255,"angle":480,"type":"setColor","g":255,"time":88,"color":1,"b":255},{"r":255,"angle":142.5,"type":"setColor","g":0,"time":86.5,"color":1,"b":255},{"r":112,"angle":480,"type":"setColor","g":0,"time":86.5,"color":0,"b":180},{"r":255,"angle":142.5,"type":"setColor","g":0,"time":87,"color":0,"b":255},{"r":112,"angle":480,"type":"setColor","g":0,"time":87,"color":1,"b":180},{"r":255,"angle":142.5,"type":"setColor","g":0,"time":87.5,"color":1,"b":255},{"r":112,"angle":480,"type":"setColor","g":0,"time":87.5,"color":0,"b":180},{"r":40,"angle":75,"type":"setColor","g":0,"time":94,"color":0,"b":0},{"r":255,"angle":90,"type":"setColor","g":0,"time":94,"color":1,"b":0},{"r":40,"angle":75,"type":"setColor","g":0,"time":94.5,"color":1,"b":0},{"r":255,"angle":90,"type":"setColor","g":0,"time":94.5,"color":0,"b":0},{"r":40,"angle":75,"type":"setColor","g":0,"time":95,"color":0,"b":0},{"r":255,"angle":90,"type":"setColor","g":0,"time":95,"color":1,"b":0},{"r":40,"angle":75,"type":"setColor","g":0,"time":95.5,"color":1,"b":0},{"r":255,"angle":90,"type":"setColor","g":0,"time":95.5,"color":0,"b":0},{"r":25,"g":0,"duration":1,"order":1,"time":96,"angle":75,"type":"setColor","color":0,"b":50},{"r":255,"angle":90,"type":"setColor","g":255,"time":96,"color":1,"b":255},{"r":25,"g":0,"duration":1,"order":1,"time":100,"angle":75,"type":"setColor","color":0,"b":50},{"r":25,"g":0,"duration":1,"order":1,"time":104,"angle":75,"type":"setColor","color":0,"b":50},{"r":25,"g":0,"duration":1,"order":1,"time":108,"angle":75,"type":"setColor","color":0,"b":50},{"r":25,"g":0,"duration":1,"order":1,"time":112,"angle":75,"type":"setColor","color":0,"b":50},{"r":25,"g":0,"duration":1,"order":1,"time":116,"angle":75,"type":"setColor","color":0,"b":50},{"r":25,"g":0,"duration":1,"order":1,"time":120,"angle":75,"type":"setColor","color":0,"b":50},{"r":25,"g":0,"duration":1,"order":1,"time":124,"angle":75,"type":"setColor","color":0,"b":50},{"r":25,"g":0,"duration":0.5,"order":1,"time":128,"angle":75,"type":"setColor","color":0,"b":50},{"r":25,"g":0,"duration":0.5,"order":1,"time":129,"angle":75,"type":"setColor","color":0,"b":50},{"r":25,"g":0,"duration":0.5,"order":1,"time":130,"angle":75,"type":"setColor","color":0,"b":50},{"r":25,"g":0,"duration":0.5,"order":1,"time":131,"angle":75,"type":"setColor","color":0,"b":50},{"r":25,"g":0,"duration":0.5,"order":1,"time":132,"angle":75,"type":"setColor","color":0,"b":50},{"r":25,"g":0,"duration":0.5,"order":1,"time":133,"angle":75,"type":"setColor","color":0,"b":50},{"r":25,"g":0,"duration":0.5,"order":1,"time":134,"angle":75,"type":"setColor","color":0,"b":50},{"r":25,"g":0,"duration":0.5,"order":1,"time":135,"angle":75,"type":"setColor","color":0,"b":50},{"r":25,"g":0,"duration":0.5,"order":1,"time":136,"angle":75,"type":"setColor","color":0,"b":50},{"r":25,"g":0,"duration":0.5,"order":1,"time":137,"angle":75,"type":"setColor","color":0,"b":50},{"r":25,"g":0,"duration":0.5,"order":1,"time":138,"angle":75,"type":"setColor","color":0,"b":50},{"r":25,"g":0,"duration":0.5,"order":1,"time":139,"angle":75,"type":"setColor","color":0,"b":50},{"r":25,"g":0,"duration":0.5,"order":1,"time":140,"angle":75,"type":"setColor","color":0,"b":50},{"r":25,"g":0,"duration":0.5,"order":1,"time":141,"angle":75,"type":"setColor","color":0,"b":50},{"r":25,"g":0,"duration":0.5,"order":1,"time":142,"angle":75,"type":"setColor","color":0,"b":50},{"r":25,"g":0,"duration":0.5,"order":1,"time":143,"angle":75,"type":"setColor","color":0,"b":50},{"r":25,"g":0,"duration":0.5,"order":1,"time":144,"angle":75,"type":"setColor","color":0,"b":50},{"r":25,"g":0,"duration":0.5,"order":1,"time":145,"angle":75,"type":"setColor","color":0,"b":50},{"r":25,"g":0,"duration":0.5,"order":1,"time":146,"angle":75,"type":"setColor","color":0,"b":50},{"r":25,"g":0,"duration":0.5,"order":1,"time":147,"angle":75,"type":"setColor","color":0,"b":50},{"r":25,"g":0,"duration":0.5,"order":1,"time":148,"angle":75,"type":"setColor","color":0,"b":50},{"r":25,"g":0,"duration":0.5,"order":1,"time":149,"angle":75,"type":"setColor","color":0,"b":50},{"r":25,"g":0,"duration":0.5,"order":1,"time":150,"angle":75,"type":"setColor","color":0,"b":50},{"r":25,"g":0,"duration":0.5,"order":1,"time":151,"angle":75,"type":"setColor","color":0,"b":50},{"r":25,"g":0,"duration":0.5,"order":1,"time":152,"angle":75,"type":"setColor","color":0,"b":50},{"r":25,"g":0,"duration":0.5,"order":1,"time":153,"angle":75,"type":"setColor","color":0,"b":50},{"r":25,"g":0,"duration":0.5,"order":1,"time":154,"angle":75,"type":"setColor","color":0,"b":50},{"r":25,"g":0,"duration":0.5,"order":1,"time":155,"angle":75,"type":"setColor","color":0,"b":50},{"r":25,"g":0,"duration":0.5,"order":1,"time":156,"angle":75,"type":"setColor","color":0,"b":50},{"r":100,"angle":60,"type":"setColor","g":0,"time":96,"color":0,"b":150},{"r":100,"g":0,"order":0,"time":100,"angle":60,"type":"setColor","color":0,"b":150},{"r":100,"g":0,"order":0,"time":104,"angle":60,"type":"setColor","color":0,"b":150},{"r":100,"angle":60,"type":"setColor","g":0,"time":108,"color":0,"b":150},{"r":100,"angle":60,"type":"setColor","g":0,"time":112,"color":0,"b":150},{"r":100,"angle":60,"type":"setColor","g":0,"time":116,"color":0,"b":150},{"r":100,"angle":60,"type":"setColor","g":0,"time":120,"color":0,"b":150},{"r":100,"angle":60,"type":"setColor","g":0,"time":124,"color":0,"b":150},{"r":100,"angle":60,"type":"setColor","g":0,"time":128,"color":0,"b":150},{"r":100,"angle":60,"type":"setColor","g":0,"time":130,"color":0,"b":150},{"r":100,"angle":60,"type":"setColor","g":0,"time":131,"color":0,"b":150},{"r":100,"angle":60,"type":"setColor","g":0,"time":132,"color":0,"b":150},{"r":100,"angle":60,"type":"setColor","g":0,"time":133,"color":0,"b":150},{"r":100,"angle":60,"type":"setColor","g":0,"time":134,"color":0,"b":150},{"r":100,"angle":60,"type":"setColor","g":0,"time":135,"color":0,"b":150},{"r":100,"angle":60,"type":"setColor","g":0,"time":136,"color":0,"b":150},{"r":100,"angle":60,"type":"setColor","g":0,"time":137,"color":0,"b":150},{"r":100,"angle":60,"type":"setColor","g":0,"time":138,"color":0,"b":150},{"r":100,"angle":60,"type":"setColor","g":0,"time":139,"color":0,"b":150},{"r":100,"angle":60,"type":"setColor","g":0,"time":140,"color":0,"b":150},{"r":100,"angle":60,"type":"setColor","g":0,"time":141,"color":0,"b":150},{"r":100,"angle":60,"type":"setColor","g":0,"time":142,"color":0,"b":150},{"r":100,"angle":60,"type":"setColor","g":0,"time":143,"color":0,"b":150},{"r":100,"angle":60,"type":"setColor","g":0,"time":144,"color":0,"b":150},{"r":100,"angle":60,"type":"setColor","g":0,"time":145,"color":0,"b":150},{"r":100,"angle":60,"type":"setColor","g":0,"time":146,"color":0,"b":150},{"r":100,"angle":60,"type":"setColor","g":0,"time":147,"color":0,"b":150},{"r":100,"angle":60,"type":"setColor","g":0,"time":148,"color":0,"b":150},{"r":100,"angle":60,"type":"setColor","g":0,"time":149,"color":0,"b":150},{"r":100,"angle":60,"type":"setColor","g":0,"time":150,"color":0,"b":150},{"r":100,"angle":60,"type":"setColor","g":0,"time":151,"color":0,"b":150},{"r":100,"angle":60,"type":"setColor","g":0,"time":152,"color":0,"b":150},{"r":100,"angle":60,"type":"setColor","g":0,"time":153,"color":0,"b":150},{"r":100,"angle":60,"type":"setColor","g":0,"time":154,"color":0,"b":150},{"r":100,"angle":60,"type":"setColor","g":0,"time":155,"color":0,"b":150},{"r":100,"angle":60,"type":"setColor","g":0,"time":156,"color":0,"b":150},{"r":150,"angle":225,"type":"setColor","g":0,"time":158,"color":0,"b":255},{"r":0,"angle":210,"type":"setColor","g":255,"time":158,"color":1,"b":0},{"angle":195,"type":"noise","time":158,"chance":0.49999979138374,"color":1},{"r":25,"g":0,"duration":0.5,"order":1,"time":157,"angle":75,"type":"setColor","color":0,"b":50},{"r":100,"angle":60,"type":"setColor","g":0,"time":157,"color":0,"b":150},{"r":150,"angle":60,"type":"setColor","g":0,"time":129,"color":0,"b":255},{"angle":165,"type":"noise","time":160,"chance":0,"color":0},{"r":0,"angle":150,"type":"setColor","g":0,"time":160,"color":0,"b":0},{"r":255,"angle":135,"type":"setColor","g":255,"time":160,"color":1,"b":255},{"r":255,"angle":285,"type":"setColor","g":0,"time":161.5,"color":0,"b":0},{"r":50,"angle":255,"type":"setColor","g":0,"time":161.5,"color":1,"b":0},{"r":255,"angle":285,"type":"setColor","g":0,"time":162,"color":1,"b":0},{"r":50,"angle":255,"type":"setColor","g":0,"time":162,"color":0,"b":0},{"r":255,"angle":285,"type":"setColor","g":0,"time":162.5,"color":0,"b":0},{"r":50,"angle":255,"type":"setColor","g":0,"time":162.5,"color":1,"b":0},{"r":255,"angle":285,"type":"setColor","g":0,"time":163,"color":1,"b":0},{"r":50,"angle":255,"type":"setColor","g":0,"time":163,"color":0,"b":0},{"r":255,"angle":285,"type":"setColor","g":255,"time":163.5,"color":1,"b":255},{"r":0,"angle":255,"type":"setColor","g":0,"time":163.5,"color":0,"b":0},{"r":158,"angle":97.5,"type":"setColor","g":0,"time":167.25,"color":1,"b":255},{"r":0,"angle":435,"type":"setColor","g":255,"time":167.25,"color":0,"b":0},{"r":158,"angle":97.5,"type":"setColor","g":0,"time":167.5,"color":0,"b":255},{"r":0,"angle":435,"type":"setColor","g":255,"time":167.5,"color":1,"b":0},{"r":150,"angle":97.5,"type":"setColor","g":0,"time":167.75,"color":1,"b":255},{"r":0,"angle":435,"type":"setColor","g":255,"time":167.75,"color":0,"b":0},{"r":0,"angle":97.5,"type":"setColor","g":0,"time":168,"color":0,"b":0},{"r":255,"angle":435,"type":"setColor","g":255,"time":168,"color":1,"b":255},{"r":158,"angle":97.5,"type":"setColor","g":0,"time":167,"color":0,"b":255},{"r":0,"angle":435,"type":"setColor","g":255,"time":167,"color":1,"b":0},{"r":255,"angle":-285,"type":"setColor","g":0,"time":173,"color":1,"b":0},{"r":50,"angle":-255,"type":"setColor","g":0,"time":173,"color":0,"b":0},{"r":255,"angle":-285,"type":"setColor","g":255,"time":173.5,"color":1,"b":255},{"r":0,"angle":-255,"type":"setColor","g":0,"time":173.5,"color":0,"b":0},{"r":255,"angle":-285,"type":"setColor","g":0,"time":174,"color":1,"b":255},{"r":50,"angle":-255,"type":"setColor","g":0,"time":174,"color":0,"b":90},{"r":255,"angle":-285,"type":"setColor","g":0,"time":174.75,"color":0,"b":255},{"r":50,"angle":-255,"type":"setColor","g":0,"time":174.75,"color":1,"b":90},{"r":255,"angle":-285,"type":"setColor","g":0,"time":175.5,"color":0,"b":255},{"r":50,"angle":-255,"type":"setColor","g":0,"time":175.5,"color":1,"b":90},{"r":255,"angle":-285,"type":"setColor","g":0,"time":175.75,"color":1,"b":255},{"r":50,"angle":-255,"type":"setColor","g":0,"time":175.75,"color":0,"b":90},{"r":255,"angle":-285,"type":"setColor","g":255,"time":176,"color":1,"b":255},{"r":0,"angle":-255,"type":"setColor","g":0,"time":176,"color":0,"b":0},{"r":255,"angle":-285,"type":"setColor","g":0,"time":175.25,"color":1,"b":255},{"r":50,"angle":-255,"type":"setColor","g":0,"time":175.25,"color":0,"b":90},{"r":158,"angle":142.5,"type":"setColor","g":0,"time":190,"color":0,"b":255},{"r":0,"angle":480,"type":"setColor","g":255,"time":190,"color":1,"b":0},{"r":158,"angle":142.5,"type":"setColor","g":0,"time":190.5,"color":1,"b":255},{"r":0,"angle":480,"type":"setColor","g":255,"time":190.5,"color":0,"b":0},{"r":158,"angle":142.5,"type":"setColor","g":0,"time":191,"color":0,"b":255},{"r":0,"angle":480,"type":"setColor","g":255,"time":191,"color":1,"b":0},{"r":150,"angle":142.5,"type":"setColor","g":0,"time":191.5,"color":1,"b":255},{"r":0,"angle":480,"type":"setColor","g":255,"time":191.5,"color":0,"b":0},{"r":0,"angle":142.5,"type":"setColor","g":0,"time":192,"color":0,"b":0},{"r":255,"angle":480,"type":"setColor","g":255,"time":192,"color":1,"b":255},{"r":158,"angle":142.5,"type":"setColor","g":0,"time":198,"color":0,"b":255},{"r":0,"angle":480,"type":"setColor","g":255,"time":198,"color":1,"b":0},{"r":158,"angle":142.5,"type":"setColor","g":0,"time":198.5,"color":1,"b":255},{"r":0,"angle":480,"type":"setColor","g":255,"time":198.5,"color":0,"b":0},{"r":158,"angle":142.5,"type":"setColor","g":0,"time":199,"color":0,"b":255},{"r":0,"angle":480,"type":"setColor","g":255,"time":199,"color":1,"b":0},{"r":150,"angle":142.5,"type":"setColor","g":0,"time":199.5,"color":1,"b":255},{"r":0,"angle":480,"type":"setColor","g":255,"time":199.5,"color":0,"b":0},{"r":0,"angle":142.5,"type":"setColor","g":0,"time":200,"color":0,"b":0},{"r":255,"angle":480,"type":"setColor","g":255,"time":200,"color":1,"b":255},{"r":158,"angle":142.5,"type":"setColor","g":0,"time":206,"color":0,"b":255},{"r":0,"angle":480,"type":"setColor","g":255,"time":206,"color":1,"b":0},{"r":158,"angle":142.5,"type":"setColor","g":0,"time":206.25,"color":1,"b":255},{"r":0,"angle":480,"type":"setColor","g":255,"time":206.25,"color":0,"b":0},{"r":158,"angle":142.5,"type":"setColor","g":0,"time":206.5,"color":0,"b":255},{"r":0,"angle":480,"type":"setColor","g":255,"time":206.5,"color":1,"b":0},{"r":150,"angle":142.5,"type":"setColor","g":0,"time":206.75,"color":1,"b":255},{"r":0,"angle":480,"type":"setColor","g":255,"time":206.75,"color":0,"b":0},{"r":0,"angle":142.5,"type":"setColor","g":0,"time":208,"color":0,"b":0},{"r":255,"angle":480,"type":"setColor","g":255,"time":208,"color":1,"b":255},{"angle":60,"type":"noise","time":206,"chance":0.49999979138374,"color":1},{"r":158,"angle":142.5,"type":"setColor","g":0,"time":207,"color":0,"b":255},{"r":0,"angle":480,"type":"setColor","g":255,"time":207,"color":1,"b":0},{"angle":60,"type":"noise","time":208,"chance":0,"color":0},{"r":0,"angle":142.5,"type":"setColor","g":25,"time":214,"color":0,"b":80},{"r":0,"angle":480,"type":"setColor","g":141,"time":214,"color":1,"b":235},{"r":0,"angle":142.5,"type":"setColor","g":25,"time":214.5,"color":1,"b":80},{"r":0,"angle":480,"type":"setColor","g":141,"time":214.5,"color":0,"b":235},{"r":0,"angle":142.5,"type":"setColor","g":25,"time":215,"color":0,"b":80},{"r":0,"angle":480,"type":"setColor","g":141,"time":215,"color":1,"b":235},{"r":0,"angle":142.5,"type":"setColor","g":25,"time":215.5,"color":1,"b":80},{"r":0,"angle":480,"type":"setColor","g":141,"time":215.5,"color":0,"b":235},{"r":0,"angle":142.5,"type":"setColor","g":0,"time":216,"color":0,"b":0},{"r":255,"angle":480,"type":"setColor","g":255,"time":216,"color":1,"b":255},{"r":158,"angle":142.5,"type":"setColor","g":0,"time":222,"color":1,"b":255},{"r":0,"angle":480,"type":"setColor","g":255,"time":222,"color":0,"b":0},{"r":158,"angle":142.5,"type":"setColor","g":0,"time":222.5,"color":0,"b":255},{"r":0,"angle":480,"type":"setColor","g":255,"time":222.5,"color":1,"b":0},{"r":150,"angle":142.5,"type":"setColor","g":0,"time":223,"color":1,"b":255},{"r":0,"angle":480,"type":"setColor","g":255,"time":223,"color":0,"b":0},{"r":0,"angle":142.5,"type":"setColor","g":0,"time":223.5,"color":0,"b":0},{"r":255,"angle":480,"type":"setColor","g":255,"time":223.5,"color":1,"b":255},{"r":25,"g":0,"duration":1,"order":1,"time":224,"angle":75,"type":"setColor","color":0,"b":50},{"r":255,"angle":90,"type":"setColor","g":255,"time":224,"color":1,"b":255},{"r":25,"g":0,"duration":1,"order":1,"time":228,"angle":75,"type":"setColor","color":0,"b":50},{"r":25,"g":0,"duration":1,"order":1,"time":232,"angle":75,"type":"setColor","color":0,"b":50},{"r":25,"g":0,"duration":1,"order":1,"time":236,"angle":75,"type":"setColor","color":0,"b":50},{"r":25,"g":0,"duration":1,"order":1,"time":240,"angle":75,"type":"setColor","color":0,"b":50},{"r":25,"g":0,"duration":1,"order":1,"time":244,"angle":75,"type":"setColor","color":0,"b":50},{"r":25,"g":0,"duration":1,"order":1,"time":248,"angle":75,"type":"setColor","color":0,"b":50},{"r":25,"g":0,"duration":1,"order":1,"time":252,"angle":75,"type":"setColor","color":0,"b":50},{"r":100,"angle":60,"type":"setColor","g":0,"time":224,"color":0,"b":150},{"r":100,"g":0,"order":0,"time":228,"angle":60,"type":"setColor","color":0,"b":150},{"r":100,"g":0,"order":0,"time":232,"angle":60,"type":"setColor","color":0,"b":150},{"r":100,"angle":60,"type":"setColor","g":0,"time":236,"color":0,"b":150},{"r":100,"angle":60,"type":"setColor","g":0,"time":240,"color":0,"b":150},{"r":100,"angle":60,"type":"setColor","g":0,"time":244,"color":0,"b":150},{"r":100,"angle":60,"type":"setColor","g":0,"time":248,"color":0,"b":150},{"r":100,"angle":60,"type":"setColor","g":0,"time":252,"color":0,"b":150},{"r":0,"angle":60,"type":"setColor","g":0,"time":256,"color":0,"b":0},{"r":255,"angle":75,"type":"setColor","g":255,"time":256,"color":1,"b":255}],"metadata":{"songName":"P3T","description":"!!FLASH WARNING!!\nFun song, fun chart c:\nDied while charted this that's THE whackiest yet coolest chart that i made lol\n\nMechanics: sides, mines\nDon't die, please.","difficulty":12,"artistLink":"","artist":"femtanyl","bg":false,"charter":"himych"}}