[{"angle":192.36663818359,"time":8.5,"type":"block"},{"angle":198.01737976074,"time":8.75,"type":"block"},{"angle":203.06802368164,"time":9,"type":"block"},{"angle":161.69982910156,"time":9.4881563186646,"type":"block"},{"angle":157.25621032715,"time":9.75,"type":"block"},{"angle":156.24510192871,"time":10,"type":"block"},{"angle":192.17918395996,"time":10.5,"type":"block"},{"angle":197.00201416016,"time":10.75,"type":"block"},{"angle":202.30924987793,"time":11,"type":"block"},{"angle":161.06098937988,"time":11.5,"type":"block"},{"angle":156.63369750977,"time":11.75,"type":"block"},{"angle":156.2216796875,"time":12,"type":"block"},{"angle":189.9787902832,"time":12.5,"type":"block"},{"angle":195.33462524414,"time":12.75,"type":"block"},{"angle":200.00128173828,"time":13,"type":"block"},{"angle":161.69982910156,"time":13.488156318665,"type":"block"},{"angle":156.93585205078,"time":13.75,"type":"block"},{"angle":156.52444458008,"time":14,"type":"block"},{"angle":213.46846008301,"time":14.5,"type":"block"},{"angle":214.77056884766,"time":14.759179115295,"type":"block"},{"angle":217.01679992676,"time":15,"type":"block"},{"angle":150.03248596191,"time":15.5,"type":"inverse"},{"angle":192.93473815918,"time":24.5,"type":"block"},{"angle":197.75946044922,"time":24.75,"type":"block"},{"angle":202.92924499512,"time":25,"type":"block"},{"angle":159.47505187988,"time":25.5,"type":"block"},{"angle":156.97982788086,"time":25.75,"type":"block"},{"angle":156.37837219238,"time":26,"type":"block"},{"angle":193.36250305176,"time":26.5,"type":"block"},{"angle":198.37686157227,"time":26.75,"type":"block"},{"angle":204.11921691895,"time":27,"type":"block"},{"angle":162.58668518066,"time":27.5,"type":"block"},{"angle":158.56611633301,"time":27.75,"type":"block"},{"angle":157.78536987305,"time":28,"type":"block"},{"angle":195.15005493164,"time":28.5,"type":"block"},{"angle":198.86422729492,"time":28.75,"type":"block"},{"angle":202.90405273438,"time":29,"type":"block"},{"angle":161.48835754395,"time":29.5,"type":"block"},{"angle":158.62686157227,"time":29.75,"type":"block"},{"angle":158.27264404297,"time":30,"type":"block"},{"angle":198.01071166992,"time":30.5,"type":"block"},{"angle":201.45304870605,"time":30.75,"type":"block"},{"angle":204.75672912598,"time":31,"type":"block"},{"angle":161.26091003418,"time":31.5,"type":"inverse"},{"angle":193.1015625,"time":40.5,"type":"block"},{"angle":198.79684448242,"time":40.732753753662,"type":"block"},{"angle":203.86264038086,"time":41,"type":"block"},{"angle":162.00225830078,"time":41.5,"type":"block"},{"angle":158.14788818359,"time":41.75,"type":"block"},{"angle":156.16636657715,"time":42,"type":"block"},{"angle":193.42524719238,"time":42.5,"type":"block"},{"angle":198.02685546875,"time":42.75,"type":"block"},{"angle":203.40800476074,"time":43,"type":"block"},{"angle":160.55526733398,"time":43.5,"type":"block"},{"angle":157.38014221191,"time":43.75,"type":"block"},{"angle":156.29457092285,"time":44,"type":"block"},{"angle":195.53141784668,"time":44.5,"type":"block"},{"angle":200.36930847168,"time":44.75,"type":"block"},{"angle":205.30490112305,"time":45,"type":"block"},{"angle":166.30128479004,"time":45.5,"type":"block"},{"angle":161.38511657715,"time":45.75,"type":"block"},{"angle":159.56797790527,"time":46,"type":"block"},{"angle":202.26080322266,"time":46.5,"type":"block"},{"angle":204.30397033691,"time":46.75,"type":"block"},{"angle":207.99859619141,"time":47,"type":"block"},{"angle":159.85987854004,"time":47.5,"type":"inverse"},{"angle":192.08842468262,"time":56.5,"type":"block"},{"angle":199.16184997559,"time":56.75,"type":"block"},{"angle":204.88896179199,"time":57,"type":"block"},{"angle":160.93850708008,"time":57.5,"type":"block"},{"angle":157.46722412109,"time":57.75,"type":"block"},{"angle":155.50924682617,"time":58,"type":"block"},{"angle":194.40199279785,"time":58.5,"type":"block"},{"angle":198.79684448242,"time":58.732753753662,"type":"block"},{"angle":203.24627685547,"time":59,"type":"block"},{"angle":161.53955078125,"time":59.5,"type":"block"},{"angle":157.26058959961,"time":59.75,"type":"block"},{"angle":153.98851013184,"time":60,"type":"block"},{"angle":195.74226379395,"time":60.5,"type":"block"},{"angle":200.33984375,"time":60.75,"type":"block"},{"angle":203.98693847656,"time":61,"type":"block"},{"angle":162.17301940918,"time":61.5,"type":"block"},{"angle":157.50932312012,"time":61.75,"type":"block"},{"angle":156.27676391602,"time":62,"type":"block"},{"angle":199.22686767578,"time":62.5,"type":"block"},{"angle":204.02462768555,"time":62.75,"type":"block"},{"angle":205.87742614746,"time":63,"type":"block"},{"angle":150.48352050781,"time":63.5,"type":"inverse"},{"angle2":195.18333435059,"type":"hold","time":72,"duration":2,"angle":185.31935119629},{"angle2":194.10313415527,"type":"hold","time":74,"duration":2,"angle":195.26268005371},{"angle2":193.0548248291,"type":"hold","time":76,"duration":2,"angle":194.50857543945},{"angle2":211.83338928223,"type":"hold","time":78,"duration":1,"angle":192.18882751465},{"angle2":101,"type":"hold","time":79,"duration":1,"angle":212.30682373047},{"angle":92.337303161621,"time":80.083335876465,"type":"block"},{"angle":79.411254882813,"time":80.083335876465,"type":"block"},{"angle":63.53689956665,"time":80.166664123535,"type":"block"},{"angle":46.364078521729,"time":80.25,"type":"block"},{"angle":31.118209838867,"time":80.166664123535,"type":"block"},{"angle2":196.3966217041,"type":"hold","time":88,"duration":2,"angle":235.80760192871},{"angle2":196.59144592285,"type":"hold","time":90,"duration":2,"angle":196.23124694824},{"angle2":177.76791381836,"type":"hold","time":92,"duration":2,"angle":197.39239501953},{"angle2":202.27792358398,"type":"hold","time":94,"duration":1,"angle":177.20318603516},{"angle2":101,"type":"hold","time":95,"duration":1,"angle":202.61985778809},{"angle2":32.179634094238,"type":"hold","time":96,"duration":1,"angle":101.20221710205},{"angle2":179.61633300781,"type":"hold","time":97.916664123535,"duration":1,"angle":179.61633300781},{"angle2":181.50427246094,"type":"hold","time":98.916664123535,"duration":1,"angle":179.40649414063},{"angle2":221.46794128418,"type":"hold","time":99.916664123535,"duration":1,"angle":181.91279602051},{"angle2":298.81079101563,"type":"hold","time":100.91666412353,"duration":1,"angle":221.30819702148},{"angle":192.58296203613,"time":144.54947455724,"type":"block"},{"angle":198.18244934082,"time":144.75,"type":"block"},{"angle":203.1580657959,"time":145,"type":"block"},{"angle":161.81207275391,"time":145.5,"type":"block"},{"angle":156.40728759766,"time":145.73161315918,"type":"block"},{"angle":155.48612976074,"time":146,"type":"block"},{"angle":191.71960449219,"time":146.5,"type":"block"},{"angle":197.58842468262,"time":146.75,"type":"block"},{"angle":203.21553039551,"time":147,"type":"block"},{"angle":161.14277648926,"time":147.5,"type":"block"},{"angle":155.4998626709,"time":147.75,"type":"block"},{"angle":153.35075378418,"time":148,"type":"block"},{"angle":193.74279785156,"time":148.5,"type":"block"},{"angle":199.30104064941,"time":148.75,"type":"block"},{"angle":203.04789733887,"time":149,"type":"block"},{"angle":163.22416687012,"time":149.5,"type":"block"},{"angle":157.93621826172,"time":149.75,"type":"block"},{"angle":159.02340698242,"time":151.5,"type":"side"},{"angle":191.62870788574,"time":160.5,"type":"block"},{"angle":198.20213317871,"time":160.75,"type":"block"},{"angle":204.58651733398,"time":161,"type":"block"},{"angle":161.89045715332,"time":161.5,"type":"block"},{"angle":157.98101806641,"time":161.75,"type":"block"},{"angle":155.81881713867,"time":162,"type":"block"},{"angle":192.52352905273,"time":162.5,"type":"block"},{"angle":197.74389648438,"time":162.75,"type":"block"},{"angle":202.61985778809,"time":163,"type":"block"},{"angle":159.19462585449,"time":163.5,"type":"block"},{"angle":154.11477661133,"time":163.75,"type":"block"},{"angle":153.56719970703,"time":164,"type":"block"},{"angle":191.85659790039,"time":164.5,"type":"block"},{"angle":198.23146057129,"time":164.75,"type":"block"},{"angle":204.1149597168,"time":165,"type":"block"},{"angle":159.88049316406,"time":165.5,"type":"block"},{"angle":154.80212402344,"time":165.75,"type":"block"},{"angle":205.22593688965,"time":167.5,"type":"side"},{"angle":190.92459106445,"time":176.5,"type":"block"},{"angle":198.35885620117,"time":176.75,"type":"block"},{"angle":205.19664001465,"time":177,"type":"block"},{"angle":158.2758026123,"time":177.5,"type":"block"},{"angle":153.81188964844,"time":177.75,"type":"block"},{"angle":152.68601989746,"time":178,"type":"block"},{"angle":194.92718505859,"time":178.5,"type":"block"},{"angle":201.74452209473,"time":178.75,"type":"block"},{"angle":207.84631347656,"time":179,"type":"block"},{"angle":152.4549407959,"time":179.5,"type":"block"},{"angle":151.36238098145,"time":179.75,"type":"block"},{"angle":152.04360961914,"time":180,"type":"block"},{"angle":194.85366821289,"time":180.5,"type":"block"},{"angle":200.85926818848,"time":180.75,"type":"block"},{"angle":204.8920135498,"time":181,"type":"block"},{"angle":155.23199462891,"time":181.5,"type":"block"},{"angle":150.09832763672,"time":181.75,"type":"block"},{"angle":205.30683898926,"time":183.5,"type":"side"},{"angle":192.58296203613,"time":192.5,"type":"block"},{"angle":199.28555297852,"time":192.75,"type":"block"},{"angle":203.29650878906,"time":193,"type":"block"},{"angle":161.3024597168,"time":193.5,"type":"block"},{"angle":155.59957885742,"time":193.75,"type":"block"},{"angle":154.13061523438,"time":194,"type":"block"},{"angle":193.35163879395,"time":194.5,"type":"block"},{"angle":198.59184265137,"time":194.75,"type":"block"},{"angle":203.59202575684,"time":195,"type":"block"},{"angle":160.63023376465,"time":195.5,"type":"block"},{"angle":156.30670166016,"time":195.75,"type":"block"},{"angle":155.84439086914,"time":196,"type":"block"},{"angle":191.72988891602,"time":196.5,"type":"block"},{"angle":197.16020202637,"time":196.75,"type":"block"},{"angle":201.38917541504,"time":197,"type":"block"},{"angle":161.39227294922,"time":197.5,"type":"block"},{"angle":156.9930267334,"time":197.75,"type":"block"},{"angle":203.59400939941,"time":199.5,"type":"side"},{"angle":156.1940612793,"time":150,"type":"block"},{"angle":196.52442932129,"time":150.5,"type":"block"},{"angle":202.47766113281,"time":150.75,"type":"block"},{"angle":205.71885681152,"time":151,"type":"block"},{"angle":152.99681091309,"time":166,"type":"block"},{"angle":195.35749816895,"time":166.5,"type":"block"},{"angle":200.70384216309,"time":166.75,"type":"block"},{"angle":204.02236938477,"time":167,"type":"block"},{"angle":155.63496398926,"time":198,"type":"block"},{"angle":192.52352905273,"time":198.5,"type":"block"},{"angle":198.59278869629,"time":198.75,"type":"block"},{"angle":201.10079956055,"time":199,"type":"block"},{"angle2":-150,"type":"hold","time":208,"duration":2,"angle":-120},{"angle2":-150,"type":"hold","time":210,"duration":2,"angle":-150},{"angle2":-105,"type":"hold","time":212,"duration":3,"angle":-150},{"angle2":-105,"type":"hold","time":215,"duration":1,"angle":-105},{"angle2":-75,"type":"hold","time":216,"duration":1,"angle":-105},{"angle2":-60,"type":"hold","time":217,"duration":1,"angle":-75},{"type":"block","time":182,"angle":150.0530090332},{"type":"block","time":182.5,"angle":201.58433532715},{"type":"block","time":182.75,"angle":205.39292907715},{"type":"block","time":183,"angle":205.70704650879}]