{"metadata":{"artist":"Dan Salvato","charter":"Charter","difficulty":0,"bgData":{"image":"Doki.png","blueChannel":{"r":222,"g":153,"b":222},"redChannel":{"r":228,"g":87,"b":236}},"songName":"Poem Panic!","bg":true,"artistLink":"","description":"POV: Yuri and Natsuki's conversation:"},"events":[{"volume":1,"bpm":118,"offset":0,"angle":182.27485656738,"time":0,"file":"1-06. Poem Panic!.ogg","type":"play"},{"time":0,"spriteName":"angry","angle":210.896484375,"type":"forcePlayerSprite"},{"time":15.262983322144,"spriteName":"idle","angle":157.41284179688,"type":"forcePlayerSprite"},{"time":23.832735061646,"spriteName":"angry","angle":156.22593688965,"type":"forcePlayerSprite"},{"time":31.5,"spriteName":"idle","angle":167.47479248047,"type":"forcePlayerSprite"},{"time":40.067623138428,"spriteName":"angry","angle":148.53749084473,"type":"forcePlayerSprite"},{"time":47.5,"spriteName":"idle","angle":164.4430847168,"type":"forcePlayerSprite"},{"time":53.916667938232,"spriteName":"angry","angle":175.73512268066,"type":"forcePlayerSprite"},{"time":63.5,"spriteName":"idle","angle":158.53796386719,"type":"forcePlayerSprite"},{"time":72.25,"spriteName":"angry","angle":140.2872467041,"type":"forcePlayerSprite"},{"angle":190.43827819824,"time":218.83332824707,"type":"showResults"},{"id":"1","drawLayer":"bg","x":0,"y":0,"sprite":"Doki.png","time":0,"type":"deco","angle":238.833984375},{"r":228,"time":0,"b":234,"type":"setColor","color":2,"g":171,"angle":162.0852355957},{"color":3,"time":0,"b":235,"angle":130.32278442383,"r":235,"g":195,"type":"setColor"}],"properties":{"startBeat":0,"speed":70,"formatversion":12,"offset":8}}