[{"type":"deco","time":0,"hide":true,"id":"bl1","angle":0},{"type":"deco","time":0,"angle":11.25,"id":"bl2","hide":true},{"type":"deco","time":0,"angle":22.5,"id":"b1","hide":true},{"type":"deco","time":0,"angle":33.75,"id":"b2","hide":true},{"type":"deco","time":0,"angle":45,"id":"b3","hide":true},{"type":"deco","time":0,"angle":56.25,"id":"b4","hide":true},{"type":"deco","time":0,"angle":67.5,"id":"b5","hide":true},{"type":"deco","time":0,"angle":78.75,"id":"b6","hide":true},{"type":"deco","time":0,"angle":90,"id":"b7","hide":true},{"type":"deco","time":0,"angle":101.25,"id":"b8","hide":true},{"type":"deco","time":0,"angle":112.5,"id":"b9","hide":true},{"type":"deco","time":0,"angle":123.75,"id":"b10","hide":true},{"type":"deco","time":0,"angle":135,"id":"b11","hide":true},{"type":"deco","time":0,"angle":146.25,"id":"b12","hide":true},{"type":"deco","time":0,"angle":157.5,"id":"b13","hide":true},{"type":"deco","time":0,"angle":168.75,"id":"b14","hide":true}]