[{"type":"deco","time":0,"hide":false,"id":"col","angle":112.5},{"type":"deco","time":0.375,"hide":true,"id":"col","angle":112.5},{"type":"deco","time":0.75,"hide":false,"id":"col","angle":112.5},{"type":"deco","time":1.125,"hide":true,"id":"col","angle":112.5},{"type":"deco","time":1.5,"hide":false,"id":"col","angle":112.5},{"type":"deco","time":1.875,"hide":true,"id":"col","angle":112.5},{"type":"deco","time":2.25,"hide":false,"id":"col","angle":112.5},{"type":"deco","time":2.625,"hide":true,"id":"col","angle":112.5},{"type":"deco","time":3,"hide":false,"id":"col","angle":112.5},{"type":"deco","time":3.375,"hide":true,"id":"col","angle":112.5},{"type":"deco","time":3.75,"hide":false,"id":"col","angle":112.5},{"type":"deco","time":4.125,"hide":true,"id":"col","angle":112.5},{"type":"deco","time":4.5,"hide":false,"id":"col","angle":112.5},{"type":"deco","time":4.875,"hide":true,"id":"col","angle":112.5},{"type":"deco","time":5.25,"hide":false,"id":"col","angle":112.5},{"type":"deco","time":5.625,"hide":true,"id":"col","angle":112.5},{"type":"deco","time":6,"hide":false,"id":"col","angle":112.5},{"type":"deco","time":6.375,"hide":true,"id":"col","angle":112.5},{"type":"deco","time":6.75,"hide":false,"id":"col","angle":112.5},{"type":"deco","time":7.125,"hide":true,"id":"col","angle":112.5},{"type":"deco","time":7.5,"hide":false,"id":"col","angle":112.5},{"type":"deco","time":7.875,"hide":true,"id":"col","angle":112.5},{"type":"deco","time":8.25,"hide":false,"id":"col","angle":112.5},{"type":"deco","time":8.625,"hide":true,"id":"col","angle":112.5},{"type":"deco","time":9,"hide":false,"id":"col","angle":112.5},{"type":"deco","time":9.1875,"hide":true,"id":"col","angle":112.5},{"type":"deco","time":9.375,"hide":false,"id":"col","angle":112.5},{"type":"deco","time":9.5625,"hide":true,"id":"col","angle":112.5},{"type":"deco","time":9.75,"hide":false,"id":"col","angle":112.5},{"type":"deco","time":9.9375,"hide":true,"id":"col","angle":112.5},{"type":"deco","time":10.125,"hide":false,"id":"col","angle":112.5},{"type":"deco","time":10.3125,"hide":true,"id":"col","angle":112.5},{"type":"deco","time":10.5,"hide":false,"id":"col","angle":112.5},{"type":"deco","time":10.6875,"hide":true,"id":"col","angle":112.5},{"type":"deco","time":10.875,"hide":false,"id":"col","angle":112.5},{"type":"deco","time":11.0625,"hide":true,"id":"col","angle":112.5},{"type":"deco","time":11.25,"hide":false,"id":"col","angle":112.5},{"type":"deco","time":11.4375,"hide":true,"id":"col","angle":112.5}]