[{"sx":2,"sy":2,"ox":70,"drawOrder":20,"angle":157.5,"time":0,"oy":70,"sprite":"col#0","id":"col","type":"deco"},{"type":"deco","time":0.1875,"sprite":"col#1","id":"col","angle":157.5},{"type":"deco","time":0.375,"sprite":"col#2","id":"col","angle":157.5},{"type":"deco","time":0.5625,"sprite":"col#3","id":"col","angle":157.5},{"type":"deco","time":0.75,"sprite":"col#4","id":"col","angle":157.5},{"type":"deco","time":0.9375,"sprite":"col#5","id":"col","angle":157.5},{"type":"deco","time":1.125,"sprite":"col#6","id":"col","angle":157.5},{"type":"deco","time":1.3125,"sprite":"col#7","id":"col","angle":157.5},{"type":"deco","time":1.5,"sprite":"col#8","id":"col","angle":157.5},{"type":"deco","time":1.6875,"sprite":"col#9","id":"col","angle":157.5},{"type":"deco","time":1.875,"sprite":"col#10","id":"col","angle":157.5},{"type":"deco","time":2.0625,"sprite":"col#11","id":"col","angle":157.5},{"type":"deco","sy":1,"ox":300,"oy":180,"time":2.25,"sx":1,"sprite":"colg#0","id":"col","angle":157.5},{"type":"deco","time":2.375,"sprite":"colg#1","id":"col","angle":157.5},{"type":"deco","time":2.5,"sprite":"colg#2","id":"col","angle":157.5},{"type":"deco","time":2.625,"sprite":"colg#3","id":"col","angle":157.5},{"type":"deco","time":2.75,"sprite":"colg#4","id":"col","angle":157.5},{"type":"deco","time":2.875,"sprite":"colg#5","id":"col","angle":157.5}]