[
{"angle":135,"time":0,"b":0,"g":191,"color":4,"type":"setColor","r":0},
{"angle":135,"time":0.25,"b":0,"g":191,"color":4,"type":"setColor","r":0},
{"angle":135,"time":0.5,"b":0,"g":191,"color":4,"type":"setColor","r":0},
{"angle":135,"time":0.75,"b":0,"g":191,"color":4,"type":"setColor","r":0},
{"angle":135,"time":1,"b":0,"g":191,"color":4,"type":"setColor","r":0},
{"angle":135,"time":1.25,"b":0,"g":191,"color":4,"type":"setColor","r":0},
{"angle":135,"time":1.5,"b":0,"g":191,"color":4,"type":"setColor","r":0},
{"angle":135,"time":1.75,"b":0,"g":191,"color":4,"type":"setColor","r":0},
{"angle":135,"time":2,"b":0,"g":191,"color":4,"type":"setColor","r":0},
{"angle":135,"time":2.25,"b":0,"g":191,"color":4,"type":"setColor","r":0},
{"angle":135,"time":2.5,"b":0,"g":191,"color":4,"type":"setColor","r":0},
{"angle":135,"time":2.75,"b":0,"g":191,"color":4,"type":"setColor","r":0},
{"angle":135,"time":3,"b":0,"g":191,"color":4,"type":"setColor","r":0},
{"angle":135,"time":3.25,"b":0,"g":191,"color":4,"type":"setColor","r":0},
{"angle":135,"time":3.5,"b":0,"g":191,"color":4,"type":"setColor","r":0},
{"angle":135,"time":3.75,"b":0,"g":191,"color":4,"type":"setColor","r":0},
{"angle":135,"time":4,"b":0,"g":191,"color":4,"type":"setColor","r":0},
{"angle":135,"time":4.25,"b":0,"g":191,"color":4,"type":"setColor","r":0},
{"angle":135,"time":4.5,"b":0,"g":191,"color":4,"type":"setColor","r":0},
{"angle":135,"time":4.75,"b":0,"g":191,"color":4,"type":"setColor","r":0},
{"angle":135,"time":5,"b":0,"g":191,"color":4,"type":"setColor","r":0},
{"angle":135,"time":5.25,"b":0,"g":191,"color":4,"type":"setColor","r":0},
{"angle":135,"time":5.5,"b":0,"g":191,"color":4,"type":"setColor","r":0},
{"angle":135,"time":5.75,"b":0,"g":191,"color":4,"type":"setColor","r":0},
{"angle":135,"time":6,"b":0,"g":191,"color":4,"type":"setColor","r":0},
{"angle":135,"time":6.25,"b":0,"g":191,"color":4,"type":"setColor","r":0},
{"angle":135,"time":6.5,"b":0,"g":191,"color":4,"type":"setColor","r":0},
{"angle":135,"time":6.75,"b":0,"g":191,"color":4,"type":"setColor","r":0},
{"angle":135,"time":7,"b":0,"g":191,"color":4,"type":"setColor","r":0},
{"angle":135,"time":7.25,"b":0,"g":191,"color":4,"type":"setColor","r":0},
{"angle":135,"time":7.5,"b":0,"g":191,"color":4,"type":"setColor","r":0},
{"angle":135,"time":7.75,"b":0,"g":191,"color":4,"type":"setColor","r":0},
{"angle":135,"time":8,"b":0,"g":191,"color":4,"type":"setColor","r":0},
{"angle":135,"time":8.25,"b":0,"g":191,"color":4,"type":"setColor","r":0},
{"angle":135,"time":8.5,"b":0,"g":191,"color":4,"type":"setColor","r":0},
{"angle":135,"time":8.75,"b":0,"g":191,"color":4,"type":"setColor","r":0},
{"angle":135,"time":9,"b":0,"g":191,"color":4,"type":"setColor","r":0},
{"angle":135,"time":9.25,"b":0,"g":191,"color":4,"type":"setColor","r":0},
{"angle":135,"time":9.5,"b":0,"g":191,"color":4,"type":"setColor","r":0},
{"angle":135,"time":9.75,"b":0,"g":191,"color":4,"type":"setColor","r":0},
{"angle":135,"time":10,"b":0,"g":191,"color":4,"type":"setColor","r":0},
{"angle":135,"time":10.25,"b":0,"g":191,"color":4,"type":"setColor","r":0},
{"angle":135,"time":10.5,"b":0,"g":191,"color":4,"type":"setColor","r":0},
{"angle":135,"time":10.75,"b":0,"g":191,"color":4,"type":"setColor","r":0},
{"angle":135,"time":11,"b":0,"g":191,"color":4,"type":"setColor","r":0},
{"angle":135,"time":11.25,"b":0,"g":191,"color":4,"type":"setColor","r":0},
{"angle":135,"time":11.5,"b":0,"g":191,"color":4,"type":"setColor","r":0},
{"angle":135,"time":11.75,"b":0,"g":191,"color":4,"type":"setColor","r":0},
{"angle":135,"time":12,"b":0,"g":191,"color":4,"type":"setColor","r":0},
{"angle":135,"time":12.25,"b":0,"g":191,"color":4,"type":"setColor","r":0},
{"angle":135,"time":12.5,"b":0,"g":191,"color":4,"type":"setColor","r":0},
{"angle":135,"time":12.75,"b":0,"g":191,"color":4,"type":"setColor","r":0},
{"angle":135,"time":13,"b":0,"g":191,"color":4,"type":"setColor","r":0},
{"angle":135,"time":13.25,"b":0,"g":191,"color":4,"type":"setColor","r":0},
{"angle":135,"time":13.5,"b":0,"g":191,"color":4,"type":"setColor","r":0},
{"angle":135,"time":13.75,"b":0,"g":191,"color":4,"type":"setColor","r":0},
{"angle":135,"time":14,"b":0,"g":191,"color":4,"type":"setColor","r":0},
{"angle":135,"time":14.25,"b":0,"g":191,"color":4,"type":"setColor","r":0},
{"angle":135,"time":14.5,"b":0,"g":191,"color":4,"type":"setColor","r":0},
{"angle":135,"time":14.75,"b":0,"g":191,"color":4,"type":"setColor","r":0},
{"angle":135,"time":15,"b":0,"g":191,"color":4,"type":"setColor","r":0},
{"angle":135,"time":15.25,"b":0,"g":191,"color":4,"type":"setColor","r":0},
{"angle":135,"time":15,"b":0,"g":191,"color":4,"type":"setColor","r":0},
{"angle":135,"time":15.75,"b":0,"g":191,"color":4,"type":"setColor","r":0},
{"angle":135,"time":16,"b":0,"g":191,"color":4,"type":"setColor","r":0},
{"angle":135,"time":16.25,"b":0,"g":191,"color":4,"type":"setColor","r":0},
{"angle":135,"time":16.5,"b":0,"g":191,"color":4,"type":"setColor","r":0},
{"angle":135,"time":16.75,"b":0,"g":191,"color":4,"type":"setColor","r":0},
{"angle":135,"time":17,"b":0,"g":191,"color":4,"type":"setColor","r":0},
{"angle":135,"time":17.25,"b":0,"g":191,"color":4,"type":"setColor","r":0},
{"angle":135,"time":17.5,"b":0,"g":191,"color":4,"type":"setColor","r":0},
{"angle":135,"time":17.75,"b":0,"g":191,"color":4,"type":"setColor","r":0},
{"angle":135,"time":18,"b":0,"g":191,"color":4,"type":"setColor","r":0},
{"angle":135,"time":18.25,"b":0,"g":191,"color":4,"type":"setColor","r":0},
{"angle":135,"time":18.5,"b":0,"g":191,"color":4,"type":"setColor","r":0},
{"angle":135,"time":18.75,"b":0,"g":191,"color":4,"type":"setColor","r":0},
{"angle":135,"time":19,"b":0,"g":191,"color":4,"type":"setColor","r":0},
{"angle":135,"time":19.25,"b":0,"g":191,"color":4,"type":"setColor","r":0},
{"angle":135,"time":19.5,"b":0,"g":191,"color":4,"type":"setColor","r":0},
{"angle":135,"time":19.75,"b":0,"g":191,"color":4,"type":"setColor","r":0},
{"angle":135,"time":20,"b":0,"g":191,"color":4,"type":"setColor","r":0},
{"angle":135,"time":20.25,"b":0,"g":191,"color":4,"type":"setColor","r":0},
{"angle":135,"time":20.5,"b":0,"g":191,"color":4,"type":"setColor","r":0},
{"angle":135,"time":20.75,"b":0,"g":191,"color":4,"type":"setColor","r":0},
{"angle":135,"time":21,"b":0,"g":191,"color":4,"type":"setColor","r":0},
{"angle":135,"time":21.25,"b":0,"g":191,"color":4,"type":"setColor","r":0},
{"angle":135,"time":21.5,"b":0,"g":191,"color":4,"type":"setColor","r":0},
{"angle":135,"time":21.75,"b":0,"g":191,"color":4,"type":"setColor","r":0},
{"angle":135,"time":22,"b":0,"g":191,"color":4,"type":"setColor","r":0},
{"angle":135,"time":22.25,"b":0,"g":191,"color":4,"type":"setColor","r":0},
{"angle":135,"time":22.5,"b":0,"g":191,"color":4,"type":"setColor","r":0},
{"angle":135,"time":22.75,"b":0,"g":191,"color":4,"type":"setColor","r":0},
{"angle":135,"time":23,"b":0,"g":191,"color":4,"type":"setColor","r":0},
{"angle":135,"time":23.25,"b":0,"g":191,"color":4,"type":"setColor","r":0},
{"angle":135,"time":23.5,"b":0,"g":191,"color":4,"type":"setColor","r":0},
{"angle":135,"time":23.75,"b":0,"g":191,"color":4,"type":"setColor","r":0},
{"angle":135,"time":24,"b":0,"g":191,"color":4,"type":"setColor","r":0},
{"angle":135,"time":24.25,"b":0,"g":191,"color":4,"type":"setColor","r":0},
{"angle":135,"time":24.5,"b":0,"g":191,"color":4,"type":"setColor","r":0},
{"angle":135,"time":24.75,"b":0,"g":191,"color":4,"type":"setColor","r":0},
{"angle":135,"time":25,"b":0,"g":191,"color":4,"type":"setColor","r":0},
{"angle":135,"time":25.25,"b":0,"g":191,"color":4,"type":"setColor","r":0},
{"angle":135,"time":25.5,"b":0,"g":191,"color":4,"type":"setColor","r":0},
{"angle":135,"time":25.75,"b":0,"g":191,"color":4,"type":"setColor","r":0},
{"angle":135,"time":26,"b":0,"g":191,"color":4,"type":"setColor","r":0},
{"angle":135,"time":26.25,"b":0,"g":191,"color":4,"type":"setColor","r":0},
{"angle":135,"time":26.5,"b":0,"g":191,"color":4,"type":"setColor","r":0},
{"angle":135,"time":26.75,"b":0,"g":191,"color":4,"type":"setColor","r":0},
{"angle":135,"time":27,"b":0,"g":191,"color":4,"type":"setColor","r":0},
{"angle":135,"time":27.25,"b":0,"g":191,"color":4,"type":"setColor","r":0},
{"angle":135,"time":27.5,"b":0,"g":191,"color":4,"type":"setColor","r":0},
{"angle":135,"time":27.75,"b":0,"g":191,"color":4,"type":"setColor","r":0},
{"angle":135,"time":28,"b":0,"g":191,"color":4,"type":"setColor","r":0},
{"angle":135,"time":28.25,"b":0,"g":191,"color":4,"type":"setColor","r":0},
{"angle":135,"time":28.5,"b":0,"g":191,"color":4,"type":"setColor","r":0},
{"angle":135,"time":28.75,"b":0,"g":191,"color":4,"type":"setColor","r":0},
{"angle":135,"time":29,"b":0,"g":191,"color":4,"type":"setColor","r":0},
{"angle":135,"time":29.25,"b":0,"g":191,"color":4,"type":"setColor","r":0},
{"angle":135,"time":29.5,"b":0,"g":191,"color":4,"type":"setColor","r":0},
{"angle":135,"time":29.75,"b":0,"g":191,"color":4,"type":"setColor","r":0},
{"angle":135,"time":30,"b":0,"g":191,"color":4,"type":"setColor","r":0},
{"angle":135,"time":30.25,"b":0,"g":191,"color":4,"type":"setColor","r":0},
{"angle":135,"time":30.5,"b":0,"g":191,"color":4,"type":"setColor","r":0},
{"angle":135,"time":30.75,"b":0,"g":191,"color":4,"type":"setColor","r":0},
{"angle":135,"time":31,"b":0,"g":191,"color":4,"type":"setColor","r":0},
{"angle":135,"time":31.25,"b":0,"g":191,"color":4,"type":"setColor","r":0},
{"angle":135,"time":31.5,"b":0,"g":191,"color":4,"type":"setColor","r":0},
{"angle":135,"time":31.75,"b":0,"g":191,"color":4,"type":"setColor","r":0},

{"angle":135,"time":0.125,"b":0,"g":127,"color":4,"type":"setColor","r":0},
{"angle":135,"time":0.375,"b":0,"g":127,"color":4,"type":"setColor","r":0},
{"angle":135,"time":0.625,"b":0,"g":127,"color":4,"type":"setColor","r":0},
{"angle":135,"time":0.875,"b":0,"g":127,"color":4,"type":"setColor","r":0},
{"angle":135,"time":1.125,"b":0,"g":127,"color":4,"type":"setColor","r":0},
{"angle":135,"time":1.375,"b":0,"g":127,"color":4,"type":"setColor","r":0},
{"angle":135,"time":1.625,"b":0,"g":127,"color":4,"type":"setColor","r":0},
{"angle":135,"time":1.875,"b":0,"g":127,"color":4,"type":"setColor","r":0},
{"angle":135,"time":2.125,"b":0,"g":127,"color":4,"type":"setColor","r":0},
{"angle":135,"time":2.375,"b":0,"g":127,"color":4,"type":"setColor","r":0},
{"angle":135,"time":2.625,"b":0,"g":127,"color":4,"type":"setColor","r":0},
{"angle":135,"time":2.875,"b":0,"g":127,"color":4,"type":"setColor","r":0},
{"angle":135,"time":3.125,"b":0,"g":127,"color":4,"type":"setColor","r":0},
{"angle":135,"time":3.375,"b":0,"g":127,"color":4,"type":"setColor","r":0},
{"angle":135,"time":3.625,"b":0,"g":127,"color":4,"type":"setColor","r":0},
{"angle":135,"time":3.875,"b":0,"g":127,"color":4,"type":"setColor","r":0},
{"angle":135,"time":4.125,"b":0,"g":127,"color":4,"type":"setColor","r":0},
{"angle":135,"time":4.375,"b":0,"g":127,"color":4,"type":"setColor","r":0},
{"angle":135,"time":4.625,"b":0,"g":127,"color":4,"type":"setColor","r":0},
{"angle":135,"time":4.875,"b":0,"g":127,"color":4,"type":"setColor","r":0},
{"angle":135,"time":5.125,"b":0,"g":127,"color":4,"type":"setColor","r":0},
{"angle":135,"time":5.375,"b":0,"g":127,"color":4,"type":"setColor","r":0},
{"angle":135,"time":5.625,"b":0,"g":127,"color":4,"type":"setColor","r":0},
{"angle":135,"time":5.875,"b":0,"g":127,"color":4,"type":"setColor","r":0},
{"angle":135,"time":6.125,"b":0,"g":127,"color":4,"type":"setColor","r":0},
{"angle":135,"time":6.375,"b":0,"g":127,"color":4,"type":"setColor","r":0},
{"angle":135,"time":6.625,"b":0,"g":127,"color":4,"type":"setColor","r":0},
{"angle":135,"time":6.875,"b":0,"g":127,"color":4,"type":"setColor","r":0},
{"angle":135,"time":7.125,"b":0,"g":127,"color":4,"type":"setColor","r":0},
{"angle":135,"time":7.375,"b":0,"g":127,"color":4,"type":"setColor","r":0},
{"angle":135,"time":7.625,"b":0,"g":127,"color":4,"type":"setColor","r":0},
{"angle":135,"time":7.875,"b":0,"g":127,"color":4,"type":"setColor","r":0},
{"angle":135,"time":8.125,"b":0,"g":127,"color":4,"type":"setColor","r":0},
{"angle":135,"time":8.375,"b":0,"g":127,"color":4,"type":"setColor","r":0},
{"angle":135,"time":8.625,"b":0,"g":127,"color":4,"type":"setColor","r":0},
{"angle":135,"time":8.875,"b":0,"g":127,"color":4,"type":"setColor","r":0},
{"angle":135,"time":9.125,"b":0,"g":127,"color":4,"type":"setColor","r":0},
{"angle":135,"time":9.375,"b":0,"g":127,"color":4,"type":"setColor","r":0},
{"angle":135,"time":9.625,"b":0,"g":127,"color":4,"type":"setColor","r":0},
{"angle":135,"time":9.875,"b":0,"g":127,"color":4,"type":"setColor","r":0},
{"angle":135,"time":10.125,"b":0,"g":127,"color":4,"type":"setColor","r":0},
{"angle":135,"time":10.375,"b":0,"g":127,"color":4,"type":"setColor","r":0},
{"angle":135,"time":10.625,"b":0,"g":127,"color":4,"type":"setColor","r":0},
{"angle":135,"time":10.875,"b":0,"g":127,"color":4,"type":"setColor","r":0},
{"angle":135,"time":11.125,"b":0,"g":127,"color":4,"type":"setColor","r":0},
{"angle":135,"time":11.375,"b":0,"g":127,"color":4,"type":"setColor","r":0},
{"angle":135,"time":11.625,"b":0,"g":127,"color":4,"type":"setColor","r":0},
{"angle":135,"time":11.875,"b":0,"g":127,"color":4,"type":"setColor","r":0},
{"angle":135,"time":12.125,"b":0,"g":127,"color":4,"type":"setColor","r":0},
{"angle":135,"time":12.375,"b":0,"g":127,"color":4,"type":"setColor","r":0},
{"angle":135,"time":12.625,"b":0,"g":127,"color":4,"type":"setColor","r":0},
{"angle":135,"time":12.875,"b":0,"g":127,"color":4,"type":"setColor","r":0},
{"angle":135,"time":13.125,"b":0,"g":127,"color":4,"type":"setColor","r":0},
{"angle":135,"time":13.375,"b":0,"g":127,"color":4,"type":"setColor","r":0},
{"angle":135,"time":13.625,"b":0,"g":127,"color":4,"type":"setColor","r":0},
{"angle":135,"time":13.875,"b":0,"g":127,"color":4,"type":"setColor","r":0},
{"angle":135,"time":14.125,"b":0,"g":127,"color":4,"type":"setColor","r":0},
{"angle":135,"time":14.375,"b":0,"g":127,"color":4,"type":"setColor","r":0},
{"angle":135,"time":14.625,"b":0,"g":127,"color":4,"type":"setColor","r":0},
{"angle":135,"time":14.875,"b":0,"g":127,"color":4,"type":"setColor","r":0},
{"angle":135,"time":15.125,"b":0,"g":127,"color":4,"type":"setColor","r":0},
{"angle":135,"time":15.375,"b":0,"g":127,"color":4,"type":"setColor","r":0},
{"angle":135,"time":15.125,"b":0,"g":127,"color":4,"type":"setColor","r":0},
{"angle":135,"time":15.875,"b":0,"g":127,"color":4,"type":"setColor","r":0},
{"angle":135,"time":16.125,"b":0,"g":127,"color":4,"type":"setColor","r":0},
{"angle":135,"time":16.375,"b":0,"g":127,"color":4,"type":"setColor","r":0},
{"angle":135,"time":16.625,"b":0,"g":127,"color":4,"type":"setColor","r":0},
{"angle":135,"time":16.875,"b":0,"g":127,"color":4,"type":"setColor","r":0},
{"angle":135,"time":17.125,"b":0,"g":127,"color":4,"type":"setColor","r":0},
{"angle":135,"time":17.375,"b":0,"g":127,"color":4,"type":"setColor","r":0},
{"angle":135,"time":17.625,"b":0,"g":127,"color":4,"type":"setColor","r":0},
{"angle":135,"time":17.875,"b":0,"g":127,"color":4,"type":"setColor","r":0},
{"angle":135,"time":18.125,"b":0,"g":127,"color":4,"type":"setColor","r":0},
{"angle":135,"time":18.375,"b":0,"g":127,"color":4,"type":"setColor","r":0},
{"angle":135,"time":18.625,"b":0,"g":127,"color":4,"type":"setColor","r":0},
{"angle":135,"time":18.875,"b":0,"g":127,"color":4,"type":"setColor","r":0},
{"angle":135,"time":19.125,"b":0,"g":127,"color":4,"type":"setColor","r":0},
{"angle":135,"time":19.375,"b":0,"g":127,"color":4,"type":"setColor","r":0},
{"angle":135,"time":19.625,"b":0,"g":127,"color":4,"type":"setColor","r":0},
{"angle":135,"time":19.875,"b":0,"g":127,"color":4,"type":"setColor","r":0},
{"angle":135,"time":20.125,"b":0,"g":127,"color":4,"type":"setColor","r":0},
{"angle":135,"time":20.375,"b":0,"g":127,"color":4,"type":"setColor","r":0},
{"angle":135,"time":20.625,"b":0,"g":127,"color":4,"type":"setColor","r":0},
{"angle":135,"time":20.875,"b":0,"g":127,"color":4,"type":"setColor","r":0},
{"angle":135,"time":21.125,"b":0,"g":127,"color":4,"type":"setColor","r":0},
{"angle":135,"time":21.375,"b":0,"g":127,"color":4,"type":"setColor","r":0},
{"angle":135,"time":21.625,"b":0,"g":127,"color":4,"type":"setColor","r":0},
{"angle":135,"time":21.875,"b":0,"g":127,"color":4,"type":"setColor","r":0},
{"angle":135,"time":22.125,"b":0,"g":127,"color":4,"type":"setColor","r":0},
{"angle":135,"time":22.375,"b":0,"g":127,"color":4,"type":"setColor","r":0},
{"angle":135,"time":22.625,"b":0,"g":127,"color":4,"type":"setColor","r":0},
{"angle":135,"time":22.875,"b":0,"g":127,"color":4,"type":"setColor","r":0},
{"angle":135,"time":23.125,"b":0,"g":127,"color":4,"type":"setColor","r":0},
{"angle":135,"time":23.375,"b":0,"g":127,"color":4,"type":"setColor","r":0},
{"angle":135,"time":23.625,"b":0,"g":127,"color":4,"type":"setColor","r":0},
{"angle":135,"time":23.875,"b":0,"g":127,"color":4,"type":"setColor","r":0},
{"angle":135,"time":24.125,"b":0,"g":127,"color":4,"type":"setColor","r":0},
{"angle":135,"time":24.375,"b":0,"g":127,"color":4,"type":"setColor","r":0},
{"angle":135,"time":24.625,"b":0,"g":127,"color":4,"type":"setColor","r":0},
{"angle":135,"time":24.875,"b":0,"g":127,"color":4,"type":"setColor","r":0},
{"angle":135,"time":25.125,"b":0,"g":127,"color":4,"type":"setColor","r":0},
{"angle":135,"time":25.375,"b":0,"g":127,"color":4,"type":"setColor","r":0},
{"angle":135,"time":25.625,"b":0,"g":127,"color":4,"type":"setColor","r":0},
{"angle":135,"time":25.875,"b":0,"g":127,"color":4,"type":"setColor","r":0},
{"angle":135,"time":26.125,"b":0,"g":127,"color":4,"type":"setColor","r":0},
{"angle":135,"time":26.375,"b":0,"g":127,"color":4,"type":"setColor","r":0},
{"angle":135,"time":26.625,"b":0,"g":127,"color":4,"type":"setColor","r":0},
{"angle":135,"time":26.875,"b":0,"g":127,"color":4,"type":"setColor","r":0},
{"angle":135,"time":27.125,"b":0,"g":127,"color":4,"type":"setColor","r":0},
{"angle":135,"time":27.375,"b":0,"g":127,"color":4,"type":"setColor","r":0},
{"angle":135,"time":27.625,"b":0,"g":127,"color":4,"type":"setColor","r":0},
{"angle":135,"time":27.875,"b":0,"g":127,"color":4,"type":"setColor","r":0},
{"angle":135,"time":28.125,"b":0,"g":127,"color":4,"type":"setColor","r":0},
{"angle":135,"time":28.375,"b":0,"g":127,"color":4,"type":"setColor","r":0},
{"angle":135,"time":28.625,"b":0,"g":127,"color":4,"type":"setColor","r":0},
{"angle":135,"time":28.875,"b":0,"g":127,"color":4,"type":"setColor","r":0},
{"angle":135,"time":29.125,"b":0,"g":127,"color":4,"type":"setColor","r":0},
{"angle":135,"time":29.375,"b":0,"g":127,"color":4,"type":"setColor","r":0},
{"angle":135,"time":29.625,"b":0,"g":127,"color":4,"type":"setColor","r":0},
{"angle":135,"time":29.875,"b":0,"g":127,"color":4,"type":"setColor","r":0},
{"angle":135,"time":30.125,"b":0,"g":127,"color":4,"type":"setColor","r":0},
{"angle":135,"time":30.375,"b":0,"g":127,"color":4,"type":"setColor","r":0},
{"angle":135,"time":30.625,"b":0,"g":127,"color":4,"type":"setColor","r":0},
{"angle":135,"time":30.875,"b":0,"g":127,"color":4,"type":"setColor","r":0},
{"angle":135,"time":31.125,"b":0,"g":127,"color":4,"type":"setColor","r":0},
{"angle":135,"time":31.375,"b":0,"g":127,"color":4,"type":"setColor","r":0},
{"angle":135,"time":31.625,"b":0,"g":127,"color":4,"type":"setColor","r":0},
{"angle":135,"time":31.875,"b":0,"g":127,"color":4,"type":"setColor","r":0}
]