[{"angle":45,"x":-32,"parentid":"line","id":"lines","sprite":"lines.png","type":"deco","order":0,"time":0},{"duration":4,"x":160,"id":"lines","angle":67.5,"type":"deco","order":1,"time":0},{"angle":45,"x":-32,"parentid":"line","id":"lines","sprite":"lines.png","type":"deco","order":0,"time":4},{"duration":4,"x":160,"id":"lines","angle":67.5,"type":"deco","order":1,"time":4},{"angle":45,"x":-32,"parentid":"line","id":"lines","sprite":"lines.png","type":"deco","order":0,"time":8},{"duration":4,"x":160,"id":"lines","angle":67.5,"type":"deco","order":1,"time":8},{"angle":45,"x":-32,"parentid":"line","id":"lines","sprite":"lines.png","type":"deco","order":0,"time":12},{"duration":4,"x":160,"id":"lines","angle":67.5,"type":"deco","order":1,"time":12},{"angle":45,"x":-32,"parentid":"line","id":"lines","order":0,"type":"deco","sprite":"lines.png","time":16},{"duration":4,"x":160,"id":"lines","angle":67.5,"type":"deco","order":1,"time":16},{"angle":45,"x":-32,"parentid":"line","id":"lines","sprite":"lines.png","type":"deco","order":0,"time":20},{"duration":4,"x":160,"id":"lines","angle":67.5,"type":"deco","order":1,"time":20},{"angle":45,"x":-32,"parentid":"line","id":"lines","sprite":"lines.png","type":"deco","order":0,"time":24},{"duration":4,"x":160,"id":"lines","angle":67.5,"type":"deco","order":1,"time":24},{"angle":45,"x":-32,"parentid":"line","id":"lines","sprite":"lines.png","type":"deco","order":0,"time":28},{"duration":4,"x":160,"id":"lines","angle":67.5,"type":"deco","order":1,"time":28},{"angle":45,"x":-32,"parentid":"line","id":"lines","sprite":"lines.png","type":"deco","order":0,"time":32},{"duration":4,"x":160,"id":"lines","angle":67.5,"type":"deco","order":1,"time":32},{"angle":45,"x":-32,"parentid":"line","id":"lines","order":0,"type":"deco","sprite":"lines.png","time":36},{"duration":4,"x":160,"id":"lines","angle":67.5,"type":"deco","order":1,"time":36},{"angle":45,"x":-32,"parentid":"line","id":"lines","sprite":"lines.png","type":"deco","order":0,"time":40},{"duration":4,"x":160,"id":"lines","angle":67.5,"type":"deco","order":1,"time":40},{"angle":45,"x":-32,"parentid":"line","id":"lines","sprite":"lines.png","type":"deco","order":0,"time":44},{"duration":4,"x":160,"id":"lines","angle":67.5,"type":"deco","order":1,"time":44},{"angle":45,"x":-32,"parentid":"line","id":"lines","sprite":"lines.png","type":"deco","order":0,"time":48},{"duration":4,"x":160,"id":"lines","angle":67.5,"type":"deco","order":1,"time":48},{"angle":45,"x":-32,"parentid":"line","id":"lines","order":0,"type":"deco","sprite":"lines.png","time":52},{"duration":4,"x":160,"id":"lines","angle":67.5,"type":"deco","order":1,"time":52},{"angle":45,"x":-32,"parentid":"line","id":"lines","sprite":"lines.png","type":"deco","order":0,"time":56},{"duration":4,"x":160,"id":"lines","angle":67.5,"type":"deco","order":1,"time":56},{"angle":45,"x":-32,"parentid":"line","id":"lines","sprite":"lines.png","type":"deco","order":0,"time":60},{"duration":4,"x":160,"id":"lines","angle":67.5,"type":"deco","order":1,"time":60},{"angle":45,"x":-32,"parentid":"line","id":"lines","order":0,"type":"deco","sprite":"lines.png","time":64},{"duration":4,"x":160,"id":"lines","angle":67.5,"type":"deco","order":1,"time":64},{"angle":45,"x":-32,"parentid":"line","id":"lines","order":0,"type":"deco","sprite":"lines.png","time":68},{"duration":4,"x":160,"id":"lines","angle":67.5,"type":"deco","order":1,"time":68},{"angle":45,"x":-32,"parentid":"line","id":"lines","sprite":"lines.png","type":"deco","order":0,"time":72},{"duration":4,"x":160,"id":"lines","angle":67.5,"type":"deco","order":1,"time":72},{"angle":45,"x":-32,"parentid":"line","id":"lines","order":0,"type":"deco","sprite":"lines.png","time":76},{"duration":4,"x":160,"id":"lines","angle":67.5,"type":"deco","order":1,"time":76},{"angle":45,"x":-32,"parentid":"line","id":"lines","sprite":"lines.png","type":"deco","order":0,"time":80},{"duration":4,"x":160,"id":"lines","angle":67.5,"type":"deco","order":1,"time":80},{"angle":45,"x":-32,"parentid":"line","id":"lines","sprite":"lines.png","type":"deco","order":0,"time":84},{"duration":4,"x":160,"id":"lines","angle":67.5,"type":"deco","order":1,"time":84},{"angle":45,"x":-32,"parentid":"line","id":"lines","order":0,"type":"deco","sprite":"lines.png","time":88},{"duration":4,"x":160,"id":"lines","angle":67.5,"type":"deco","order":1,"time":88}]