[{"angle2":675,"type":"hold","angle":157.5,"time":10.5,"duration":2},{"time":13,"type":"block","angle":326.25},{"time":13.5,"type":"block","angle":337.5},{"time":12.760000228882,"type":"block","angle":320},{"time":14.666000366211,"type":"block","angle":236.25},{"time":15.333000183105,"type":"block","angle":157.5},{"time":14,"type":"block","angle":292.5},{"time":16,"type":"block","angle":78.75},{"time":16.5,"type":"side","angle":123.75},{"time":17,"type":"block","angle":202.5},{"time":17.5,"type":"block","angle":236.25},{"time":17.25,"type":"block","angle":219},{"type":"block","angle":285,"time":18,"tap":true},{"time":18.5,"type":"block","angle":225},{"time":18.75,"type":"block","angle":236.25},{"angle2":360,"type":"hold","angle":247.5,"time":19,"duration":0.66600000858307},{"time":20.5,"type":"side","angle":315},{"time":21.75,"type":"block","angle":78.75},{"time":22,"type":"block","angle":90},{"time":22.25,"type":"block","angle":101.25},{"time":21.5,"type":"block","angle":67.5},{"time":21,"type":"side","angle":315},{"angle2":180,"type":"hold","angle":112.5,"time":22.5,"duration":0.66600000858307},{"angle2":67.5,"type":"hold","angle":180,"time":23.166000366211,"duration":0.66600000858307},{"time":24.5,"type":"side","angle":123.75},{"time":25,"type":"block","angle":168.75},{"time":25.25,"type":"block","angle":180},{"time":25.5,"type":"block","angle":191.25},{"time":26,"type":"block","angle":168.75},{"time":26.5,"type":"block","angle":191.25},{"time":26.75,"type":"block","angle":180},{"time":27,"type":"block","angle":168.75},{"time":27.5,"type":"block","angle":123.75},{"time":29,"type":"block","angle":-326.25},{"time":29.5,"type":"block","angle":-337.5},{"time":28.760000228882,"type":"block","angle":-320},{"time":30.666000366211,"type":"block","angle":-236.25},{"time":31.333000183105,"type":"block","angle":-157.5},{"time":30,"type":"block","angle":-292.5},{"time":32,"type":"block","angle":-78.75},{"time":32.5,"type":"side","angle":-123.75},{"time":33,"type":"block","angle":-202.5},{"time":33.5,"type":"block","angle":-236.25},{"time":33.25,"type":"block","angle":-219},{"type":"block","angle":-285,"time":34,"tap":true},{"time":34.5,"type":"block","angle":-225},{"time":34.75,"type":"block","angle":-236.25},{"angle2":-360,"type":"hold","angle":-247.5,"time":35,"duration":0.66600000858307},{"time":36.5,"type":"side","angle":-315},{"time":37.75,"type":"block","angle":-78.75},{"time":38,"type":"block","angle":-90},{"time":38.25,"type":"block","angle":-101.25},{"time":37.5,"type":"block","angle":-67.5},{"time":37,"type":"side","angle":-315},{"angle2":-180,"type":"hold","angle":-112.5,"time":38.5,"duration":0.66600000858307},{"angle2":-67.5,"type":"hold","angle":-180,"time":39.166000366211,"duration":0.66600000858307},{"time":40.5,"type":"side","angle":-123.75},{"time":41,"type":"block","angle":-168.75},{"time":41.25,"type":"block","angle":-180},{"time":41.5,"type":"block","angle":-191.25},{"time":42,"type":"block","angle":-168.75},{"time":42.5,"type":"block","angle":-191.25},{"time":42.75,"type":"block","angle":-180},{"time":43,"type":"block","angle":-168.75},{"time":43.5,"type":"block","angle":-123.75},{"time":44.5,"type":"block","angle":0},{"time":44.5,"type":"block","angle":348.75},{"time":44.5,"type":"block","angle":11.25},{"time":28.5,"type":"block","angle":45},{"angle2":0,"type":"hold","angle":90,"time":45.5,"duration":1},{"angle2":292.5,"type":"hold","angle":360,"time":46.5,"duration":0.5},{"angle2":360,"type":"hold","angle":292.5,"time":47,"duration":0.5},{"angle2":67.5,"type":"hold","angle":0,"time":47.5,"duration":0.5},{"time":49,"type":"side","angle":90},{"time":49,"type":"side","angle":90},{"time":49.5,"type":"side","angle":112.5},{"time":50,"type":"block","angle":146.25},{"angle2":258.75,"type":"hold","angle":202.5,"time":50.5,"duration":1},{"angle2":360,"type":"hold","angle":258.75,"time":51.5,"duration":1},{"time":53,"type":"block","angle":0},{"time":53.25,"type":"block","angle":11.25},{"time":53.5,"type":"block","angle":0},{"time":54,"type":"block","angle":348.75},{"time":54.5,"type":"block","angle":315},{"time":55,"type":"block","angle":360},{"angle2":33.75,"time":55.5,"type":"hold","angle":33.75,"startTap":true,"duration":0.5,"endTap":true},{"angle2":45,"time":55.5,"type":"hold","angle":45,"startTap":true,"duration":0.5,"endTap":true},{"angle2":11.25,"type":"hold","angle":78.75,"time":57,"duration":1},{"angle2":67.5,"type":"hold","angle":90,"time":57,"duration":0.5},{"time":58.5,"type":"side","angle":191.25},{"time":58.5,"type":"side","angle":180},{"time":58.5,"type":"side","angle":168.75},{"time":59.5,"type":"side","angle":191.25},{"time":59.5,"type":"side","angle":180},{"time":59.5,"type":"side","angle":168.75},{"angle2":720,"type":"mineHold","angle":360,"time":59.5,"duration":1},{"time":60.5,"type":"side","angle":168.75},{"time":60.5,"type":"side","angle":180},{"time":60.5,"type":"side","angle":191.25},{"angle2":0,"type":"hold","angle":-90,"time":61.5,"duration":1},{"angle2":-292.5,"type":"hold","angle":-360,"time":62.5,"duration":0.5},{"angle2":-360,"type":"hold","angle":-292.5,"time":63,"duration":0.5},{"angle2":-67.5,"type":"hold","angle":0,"time":63.5,"duration":0.5},{"time":65,"type":"side","angle":-90},{"time":65,"type":"side","angle":-90},{"time":65.5,"type":"side","angle":-112.5},{"time":66,"type":"block","angle":-146.25},{"angle2":-258.75,"type":"hold","angle":-202.5,"time":66.5,"duration":1},{"angle2":-101.25,"type":"hold","angle":78.75,"time":74.5,"duration":1},{"angle2":-90,"type":"hold","angle":90,"time":74.5,"duration":1},{"angle2":-78.75,"type":"hold","angle":101.25,"time":74.5,"duration":1},{"time":76.5,"type":"block","angle":225},{"time":76.5,"type":"block","angle":236.25},{"time":76.5,"type":"block","angle":213.75},{"time":77.5,"type":"side","angle":90},{"time":78.5,"type":"block","angle":-33.75},{"time":78.5,"type":"block","angle":303.75},{"time":78.5,"type":"block","angle":-45},{"time":79.5,"type":"side","angle":90},{"time":80.5,"type":"block","angle":225},{"time":80.5,"type":"block","angle":236.25},{"time":80.5,"type":"block","angle":213.75},{"time":81.5,"type":"side","angle":90},{"angle2":461.25,"type":"hold","angle":337.5,"time":82.5,"duration":1},{"angle2":450,"type":"hold","angle":326.25,"time":82.5,"duration":1},{"angle2":438.75,"type":"hold","angle":315,"time":82.5,"duration":1},{"time":84.5,"type":"block","angle":-225},{"time":84.5,"type":"block","angle":-236.25},{"time":84.5,"type":"block","angle":-213.75},{"time":85.5,"type":"side","angle":-90},{"time":86.5,"type":"block","angle":33.75},{"time":86.5,"type":"block","angle":-303.75},{"time":86.5,"type":"block","angle":45},{"time":87.5,"type":"side","angle":-90},{"time":88.5,"type":"block","angle":-225},{"time":88.5,"type":"block","angle":-236.25},{"time":88.5,"type":"block","angle":-213.75},{"time":89.5,"type":"side","angle":-90},{"time":90.5,"type":"extraTap","angle":360},{"time":91.5,"type":"extraTap","angle":360},{"time":92.5,"type":"extraTap","angle":0},{"time":92.5,"type":"block","angle":180},{"time":92.5,"type":"block","angle":528.75},{"time":92.5,"type":"block","angle":191.25},{"angle2":180,"type":"hold","angle":270,"time":93.5,"duration":1},{"angle2":495,"type":"hold","angle":540,"time":94.5,"duration":0.5},{"angle2":540,"type":"hold","angle":495,"time":95,"duration":0.5},{"angle2":247.5,"type":"hold","angle":180,"time":95.5,"duration":0.5},{"time":97,"type":"side","angle":270},{"time":97,"type":"side","angle":270},{"time":97.5,"type":"side","angle":292.5},{"time":98,"type":"block","angle":326.25},{"angle2":438.75,"type":"hold","angle":382.5,"time":98.5,"duration":1},{"angle2":540,"type":"hold","angle":438.75,"time":99.5,"duration":1},{"time":101,"type":"block","angle":180},{"time":101.25,"type":"block","angle":191.25},{"time":101.5,"type":"block","angle":180},{"time":102,"type":"block","angle":528.75},{"time":102.5,"type":"block","angle":495},{"time":103,"type":"block","angle":540},{"angle2":213.75,"time":103.5,"type":"hold","angle":213.75,"startTap":true,"duration":0.5,"endTap":true},{"angle2":225,"time":103.5,"type":"hold","angle":225,"startTap":true,"duration":0.5,"endTap":true},{"angle2":191.25,"type":"hold","angle":258.75,"time":105,"duration":1},{"angle2":247.5,"type":"hold","angle":270,"time":105,"duration":0.5},{"time":106.5,"type":"side","angle":371.25},{"time":106.5,"type":"side","angle":360},{"time":106.5,"type":"side","angle":348.75},{"time":107.5,"type":"side","angle":371.25},{"time":107.5,"type":"side","angle":360},{"time":107.5,"type":"side","angle":348.75},{"angle2":900,"type":"mineHold","angle":540,"time":107.5,"duration":1},{"time":108.5,"type":"side","angle":348.75},{"time":108.5,"type":"side","angle":360},{"time":108.5,"type":"side","angle":371.25},{"angle2":180,"type":"hold","angle":90,"time":109.5,"duration":1},{"angle2":-135,"type":"hold","angle":-180,"time":110.5,"duration":0.5},{"angle2":-180,"type":"hold","angle":-135,"time":111,"duration":0.5},{"angle2":112.5,"type":"hold","angle":180,"time":111.5,"duration":0.5},{"time":113,"type":"side","angle":90},{"time":113,"type":"side","angle":90},{"time":113.5,"type":"side","angle":67.5},{"time":114,"type":"block","angle":33.75},{"angle2":-78.75,"type":"hold","angle":-22.5,"time":114.5,"duration":1},{"angle2":123.75,"type":"mineHold","angle":-123.75,"time":116.5,"duration":0},{"time":116.5,"type":"inverse","angle":180},{"time":116,"type":"inverse","angle":180},{"time":116.25,"type":"inverse","angle":-180},{"time":116.5,"type":"extraTap","angle":-180},{"time":118,"type":"inverse","angle":-630},{"time":118,"type":"extraTap","angle":-270},{"angle2":123.75,"type":"mineHold","angle":-123.75,"time":117,"duration":0},{"time":117,"type":"inverse","angle":180},{"time":117,"type":"extraTap","angle":-180},{"time":119.5,"type":"inverse","angle":-720},{"time":119.5,"type":"extraTap","angle":-360},{"time":120,"type":"inverse","angle":-720},{"time":120,"type":"extraTap","angle":-360},{"time":121.25,"type":"inverse","angle":-90},{"time":121.5,"type":"inverse","angle":-90},{"time":121.25,"type":"inverse","angle":-90},{"time":121,"type":"inverse","angle":-90},{"time":122,"type":"inverse","angle":-90},{"time":121,"type":"inverse","angle":270},{"time":121.5,"type":"inverse","angle":270},{"angle2":-281.25,"type":"hold","angle":-101.25,"time":122.5,"duration":1},{"angle2":-270,"type":"hold","angle":-90,"time":122.5,"duration":1},{"angle2":-258.75,"type":"hold","angle":-78.75,"time":122.5,"duration":1},{"time":128,"type":"inverse","angle":168.75},{"time":128,"type":"inverse","angle":180},{"time":128,"type":"inverse","angle":191.25},{"angle2":56.25,"type":"hold","angle":78.75,"time":124.5,"duration":1},{"angle2":67.5,"type":"hold","angle":90,"time":124.5,"duration":1},{"angle2":78.75,"type":"hold","angle":101.25,"time":124.5,"duration":1},{"time":126.5,"type":"block","angle":67.5},{"time":126.5,"type":"block","angle":78.75},{"time":126.5,"type":"block","angle":56.25},{"time":127,"type":"side","angle":326.25},{"time":127,"type":"side","angle":315},{"time":127,"type":"side","angle":-22.5},{"time":129,"type":"block","angle":168.75},{"time":129.25,"type":"block","angle":180},{"time":129.5,"type":"block","angle":191.25},{"time":130,"type":"block","angle":191.25},{"time":130.25,"type":"block","angle":180},{"time":130.5,"type":"block","angle":168.75},{"time":131,"type":"block","angle":180},{"time":131.5,"type":"block","angle":191.25},{"time":132,"type":"block","angle":168.75},{"time":136,"type":"inverse","angle":-168.75},{"time":136,"type":"inverse","angle":-180},{"time":136,"type":"inverse","angle":-191.25},{"angle2":-56.25,"type":"hold","angle":-78.75,"time":132.5,"duration":1},{"angle2":-67.5,"type":"hold","angle":-90,"time":132.5,"duration":1},{"angle2":-78.75,"type":"hold","angle":-101.25,"time":132.5,"duration":1},{"time":134.5,"type":"block","angle":-67.5},{"time":134.5,"type":"block","angle":-78.75},{"time":134.5,"type":"block","angle":-56.25},{"time":135,"type":"side","angle":-326.25},{"time":135,"type":"side","angle":-315},{"time":135,"type":"side","angle":22.5},{"time":137,"type":"block","angle":-168.75},{"time":137.25,"type":"block","angle":-180},{"time":137.5,"type":"block","angle":-191.25},{"angle2":202.5,"type":"hold","angle":157.5,"time":138,"duration":0.5},{"angle2":90,"type":"hold","angle":202.5,"time":139,"duration":0.5},{"time":139,"type":"block","angle":-168.75},{"time":144,"type":"inverse","angle":168.75},{"time":144,"type":"inverse","angle":180},{"time":144,"type":"inverse","angle":191.25},{"angle2":56.25,"type":"hold","angle":78.75,"time":140.5,"duration":1},{"angle2":78.75,"type":"hold","angle":101.25,"time":140.5,"duration":1},{"time":142.5,"type":"block","angle":67.5},{"time":142.5,"type":"block","angle":78.75},{"time":142.5,"type":"block","angle":56.25},{"time":143,"type":"side","angle":326.25},{"time":143,"type":"side","angle":315},{"time":143,"type":"side","angle":-22.5},{"time":145,"type":"block","angle":168.75},{"time":145.25,"type":"block","angle":180},{"time":145.5,"type":"block","angle":191.25},{"angle2":-202.5,"type":"hold","angle":-157.5,"time":146,"duration":0.5},{"angle2":67.5,"type":"hold","angle":90,"time":140.5,"duration":1},{"angle2":360,"type":"hold","angle":157.5,"time":147,"duration":1},{"time":148.5,"type":"side","angle":90},{"time":149.5,"type":"block","angle":0},{"time":150.5,"type":"side","angle":270},{"time":151.5,"type":"block","angle":360},{"angle2":-450,"type":"mineHold","angle":-483.75,"time":128,"duration":0.5},{"angle2":-427.5,"type":"mineHold","angle":-472.5,"time":128,"duration":0.5},{"angle2":-405,"type":"mineHold","angle":-450,"time":128,"duration":0.5},{"time":128,"type":"inverse","angle":-168.75},{"time":128,"type":"inverse","angle":-180},{"time":128,"type":"inverse","angle":-191.25},{"angle2":90,"type":"mineHold","angle":123.75,"time":128,"duration":0.5},{"angle2":67.5,"type":"mineHold","angle":112.5,"time":128,"duration":0.5},{"angle2":45,"type":"mineHold","angle":90,"time":128,"duration":0.5},{"type":"block","angle":45,"time":152.5,"tap":true},{"type":"block","angle":30,"time":152.5,"tap":true},{"type":"block","angle":60,"time":152.5,"tap":true},{"type":"block","angle":285,"time":153.5,"tap":true},{"type":"block","angle":300,"time":153.5,"tap":true},{"type":"block","angle":270,"time":153.5,"tap":true},{"angle2":300,"type":"hold","angle":150,"time":154.5,"duration":0.5},{"angle2":285,"type":"hold","angle":165,"time":154.5,"duration":0.5},{"angle2":270,"type":"hold","angle":180,"time":154.5,"duration":0.5},{"angle2":-450,"type":"mineHold","angle":-483.75,"time":136,"duration":0.5},{"angle2":-427.5,"type":"mineHold","angle":-472.5,"time":136,"duration":0.5},{"angle2":-405,"type":"mineHold","angle":-450,"time":136,"duration":0.5},{"angle2":90,"type":"mineHold","angle":123.75,"time":136,"duration":0.5},{"angle2":67.5,"type":"mineHold","angle":112.5,"time":136,"duration":0.5},{"angle2":45,"type":"mineHold","angle":90,"time":136,"duration":0.5},{"angle2":-450,"type":"mineHold","angle":-483.75,"time":144,"duration":0.5},{"angle2":-427.5,"type":"mineHold","angle":-472.5,"time":144,"duration":0.5},{"angle2":-405,"type":"mineHold","angle":-450,"time":144,"duration":0.5},{"angle2":90,"type":"mineHold","angle":123.75,"time":144,"duration":0.5},{"angle2":67.5,"type":"mineHold","angle":112.5,"time":144,"duration":0.5},{"angle2":45,"type":"mineHold","angle":90,"time":144,"duration":0.5},{"time":155.5,"type":"extraTap","angle":300},{"time":156,"type":"block","angle":0},{"time":157,"type":"block","angle":120},{"time":156,"type":"block","angle":15},{"time":156,"type":"block","angle":345},{"time":157,"type":"block","angle":135},{"time":157,"type":"block","angle":150},{"time":158,"type":"block","angle":240},{"time":158,"type":"block","angle":255},{"time":158,"type":"block","angle":225},{"time":159,"type":"extraTap","angle":255},{"time":159.5,"type":"extraTap","angle":255},{"time":160,"type":"side","angle":45},{"type":"side","angle":315,"time":160.5,"tap":true},{"time":161,"type":"block","angle":266.25},{"time":161.25,"type":"block","angle":247.5},{"time":163.25,"type":"block","angle":281.25},{"time":163,"type":"block","angle":-45},{"time":164,"type":"block","angle":157.5},{"time":164.25,"type":"block","angle":112.5},{"type":"side","angle":303.75,"time":161.5,"tap":true},{"time":162,"type":"block","angle":56.25},{"time":162.25,"type":"block","angle":90},{"type":"side","angle":360,"time":162.5,"tap":true},{"type":"side","angle":-168.75,"time":163.5,"tap":true},{"type":"side","angle":236.25,"time":164.5,"tap":true},{"angle2":393.75,"type":"hold","angle":225,"time":164.5,"duration":1},{"angle2":-135,"type":"hold","angle":33.75,"time":165.5,"duration":1},{"time":167,"type":"block","angle":153.75},{"time":167.5,"type":"block","angle":112.5},{"type":"side","angle":236.25,"time":168,"tap":true},{"angle2":393.75,"type":"hold","angle":225,"time":168,"duration":1},{"time":169.5,"type":"side","angle":135},{"time":169.5,"type":"side","angle":146.25},{"time":169.5,"type":"side","angle":157.5},{"time":170.5,"type":"side","angle":33.75},{"time":170.5,"type":"side","angle":45},{"time":170.5,"type":"side","angle":56.25},{"time":171,"type":"block","angle":326.25},{"time":171.5,"type":"block","angle":292.5},{"angle2":168.75,"type":"hold","angle":191.25,"time":144,"duration":1},{"angle2":596.25,"type":"hold","angle":236.25,"time":172,"duration":1},{"time":175,"type":"inverse","angle":180},{"time":175.5,"type":"inverse","angle":180},{"type":"side","angle":495,"time":176.5,"tap":true},{"time":177,"type":"block","angle":446.25},{"time":177.25,"type":"block","angle":427.5},{"time":179.25,"type":"block","angle":461.25},{"time":179,"type":"block","angle":135},{"time":180,"type":"block","angle":337.5},{"time":180.25,"type":"block","angle":292.5},{"type":"side","angle":483.75,"time":177.5,"tap":true},{"time":178,"type":"block","angle":236.25},{"time":178.25,"type":"block","angle":270},{"type":"side","angle":540,"time":178.5,"tap":true},{"type":"side","angle":11.25,"time":179.5,"tap":true},{"type":"side","angle":416.25,"time":180.5,"tap":true},{"angle2":573.75,"type":"hold","angle":405,"time":180.5,"duration":1},{"angle2":45,"type":"hold","angle":213.75,"time":181.5,"duration":1},{"time":183,"type":"block","angle":348.75},{"time":183.5,"type":"block","angle":292.5},{"type":"side","angle":416.25,"time":184,"tap":true},{"angle2":573.75,"type":"hold","angle":405,"time":184,"duration":1},{"time":185.5,"type":"side","angle":315},{"time":185.5,"type":"side","angle":326.25},{"time":185.5,"type":"side","angle":337.5},{"time":186.5,"type":"side","angle":213.75},{"time":186.5,"type":"side","angle":225},{"time":186.5,"type":"side","angle":236.25},{"time":187,"type":"block","angle":506.25},{"time":187.5,"type":"block","angle":427.5},{"time":173.5,"type":"block","angle":33.75},{"time":173.5,"type":"block","angle":56.25},{"time":173.5,"type":"block","angle":78.75},{"time":174.5,"type":"block","angle":326.25},{"time":174.5,"type":"block","angle":315},{"time":174.5,"type":"block","angle":303.75},{"time":188,"type":"block","angle":0},{"time":189,"type":"inverse","angle":360},{"time":189.5,"type":"inverse","angle":360},{"time":190,"type":"inverse","angle":360},{"time":190.5,"type":"inverse","angle":360},{"time":189.5,"type":"inverse","angle":348.75},{"time":189.5,"type":"inverse","angle":11.25},{"time":190,"type":"inverse","angle":11.25},{"time":190,"type":"inverse","angle":348.75},{"time":190.5,"type":"inverse","angle":345},{"time":190.5,"type":"inverse","angle":15},{"angle2":315,"type":"hold","angle":0,"time":191.5,"duration":1},{"angle2":686.25,"type":"hold","angle":348.75,"time":191.5,"duration":1},{"angle2":303.75,"type":"hold","angle":11.25,"time":191.5,"duration":1},{"type":"inverse","angle":168.75,"time":196,"tap":true},{"type":"inverse","angle":180,"time":196,"tap":true},{"type":"inverse","angle":191.25,"time":196,"tap":true},{"time":193.5,"type":"block","angle":56.25},{"time":193.5,"type":"block","angle":67.5},{"time":193.5,"type":"block","angle":78.75},{"time":156.5,"type":"block","angle":345},{"time":156.5,"type":"block","angle":0},{"time":156.5,"type":"block","angle":15},{"time":157.5,"type":"block","angle":120},{"time":157.5,"type":"block","angle":135},{"time":157.5,"type":"block","angle":150},{"time":158.5,"type":"block","angle":255},{"time":158.5,"type":"block","angle":225},{"time":158.5,"type":"block","angle":240},{"time":159,"type":"block","angle":360},{"time":159,"type":"block","angle":345},{"time":159.5,"type":"block","angle":345},{"time":159.5,"type":"block","angle":0},{"time":159.5,"type":"block","angle":15},{"time":159,"type":"block","angle":15},{"time":175,"type":"block","angle":180},{"time":175.5,"type":"block","angle":180},{"angle2":427.5,"type":"hold","angle":315,"time":194.5,"duration":0.5},{"angle2":405,"type":"hold","angle":292.5,"time":194.5,"duration":0.5},{"angle2":416.25,"type":"hold","angle":303.75,"time":194.5,"duration":0.5},{"time":197,"type":"block","angle":67.5},{"time":197.25,"type":"block","angle":78.75},{"time":197.5,"type":"block","angle":90},{"time":198.5,"type":"block","angle":270},{"time":198,"type":"block","angle":247.5},{"time":198.25,"type":"block","angle":258.75},{"time":199,"type":"block","angle":292.5},{"time":199.5,"type":"block","angle":326.25},{"angle2":416.25,"type":"hold","angle":360,"time":200,"duration":0.5},{"time":194.5,"type":"extraTap","angle":270},{"time":193.5,"type":"extraTap","angle":270},{"time":195,"type":"extraTap","angle":270},{"time":192.5,"type":"extraTap","angle":0},{"time":200.5,"type":"extraTap","angle":270},{"time":201.5,"type":"extraTap","angle":450},{"time":202.5,"type":"extraTap","angle":495},{"time":203,"type":"extraTap","angle":450},{"time":204,"type":"extraTap","angle":270},{"time":201.5,"type":"block","angle":303.75},{"time":201.5,"type":"block","angle":315},{"time":201.5,"type":"block","angle":326.25},{"angle2":393.75,"type":"hold","angle":528.75,"time":202.5,"duration":0.5},{"angle2":405,"type":"hold","angle":540,"time":202.5,"duration":0.5},{"angle2":416.25,"type":"hold","angle":551.25,"time":202.5,"duration":0.5},{"type":"inverse","angle":168.75,"time":204,"tap":true},{"type":"inverse","angle":180,"time":204,"tap":true},{"type":"inverse","angle":191.25,"time":204,"tap":true},{"time":205,"type":"block","angle":-45},{"time":205.25,"type":"block","angle":-56.25},{"time":205.5,"type":"block","angle":-67.5},{"time":206,"type":"block","angle":45},{"time":206.25,"type":"block","angle":33.75},{"time":206.5,"type":"block","angle":360},{"time":206.60000610352,"type":"block","angle":0},{"time":206.55000305176,"type":"block","angle":0},{"time":206.52499389648,"type":"block","angle":11.25},{"time":206.57499694824,"type":"block","angle":348.75},{"time":207.5,"type":"block","angle":360},{"time":207.60000610352,"type":"block","angle":0},{"time":207.55000305176,"type":"block","angle":0},{"time":207.52499389648,"type":"block","angle":11.25},{"time":207.57499694824,"type":"block","angle":348.75},{"angle2":-315,"type":"hold","angle":0,"time":207.5,"duration":1},{"angle2":-686.25,"type":"hold","angle":-348.75,"time":207.5,"duration":1},{"angle2":-303.75,"type":"hold","angle":-11.25,"time":207.5,"duration":1},{"type":"inverse","angle":-168.75,"time":212,"tap":true},{"type":"inverse","angle":-180,"time":212,"tap":true},{"type":"inverse","angle":-191.25,"time":212,"tap":true},{"time":209.5,"type":"block","angle":-56.25},{"time":209.5,"type":"block","angle":-67.5},{"time":209.5,"type":"block","angle":-78.75},{"angle2":-427.5,"type":"hold","angle":-315,"time":210.5,"duration":0.5},{"angle2":-405,"type":"hold","angle":-292.5,"time":210.5,"duration":0.5},{"angle2":-416.25,"type":"hold","angle":-303.75,"time":210.5,"duration":0.5},{"time":210.5,"type":"extraTap","angle":-270},{"time":209.5,"type":"extraTap","angle":-270},{"time":211,"type":"extraTap","angle":-270},{"time":208.5,"type":"extraTap","angle":0},{"time":213,"type":"block","angle":-67.5},{"time":213.25,"type":"block","angle":-78.75},{"time":213.5,"type":"block","angle":-90},{"time":214.5,"type":"block","angle":-270},{"time":214,"type":"block","angle":-247.5},{"time":214.25,"type":"block","angle":-258.75},{"time":215,"type":"block","angle":-292.5},{"time":215.5,"type":"block","angle":-326.25},{"angle2":-416.25,"type":"hold","angle":-360,"time":216,"duration":0.5},{"time":216.5,"type":"extraTap","angle":-270},{"time":217.5,"type":"extraTap","angle":-450},{"time":218.5,"type":"extraTap","angle":-495},{"time":219,"type":"extraTap","angle":-450},{"time":220,"type":"extraTap","angle":-270},{"time":217.5,"type":"block","angle":-303.75},{"time":217.5,"type":"block","angle":-315},{"time":217.5,"type":"block","angle":-326.25},{"angle2":-393.75,"type":"hold","angle":-528.75,"time":218.5,"duration":0.5},{"angle2":-405,"type":"hold","angle":-540,"time":218.5,"duration":0.5},{"angle2":-416.25,"type":"hold","angle":-551.25,"time":218.5,"duration":0.5},{"type":"inverse","angle":-168.75,"time":220,"tap":true},{"type":"inverse","angle":-180,"time":220,"tap":true},{"type":"inverse","angle":-191.25,"time":220,"tap":true},{"time":221,"type":"block","angle":165},{"time":221.5,"type":"block","angle":180},{"time":222,"type":"block","angle":195},{"time":222.5,"type":"block","angle":180},{"angle2":337.5,"type":"hold","angle":326.25,"time":223.5,"duration":0.5},{"angle2":360,"type":"hold","angle":348.75,"time":223.5,"duration":0.5},{"angle2":348.75,"type":"hold","angle":337.5,"time":223.75,"duration":0},{"angle2":22.5,"type":"hold","angle":22.5,"time":223.75,"duration":0.5},{"angle2":22.5,"type":"hold","angle":0,"time":223.75,"duration":0.5},{"angle2":11.25,"type":"hold","angle":22.5,"time":224,"duration":0},{"time":225,"type":"block","angle":-371.25},{"time":224.75999450684,"type":"block","angle":-365},{"time":226.66600036621,"type":"block","angle":-281.25},{"time":227.33300018311,"type":"block","angle":-202.5},{"time":226,"type":"block","angle":-337.5},{"time":228,"type":"block","angle":-123.75},{"time":228.5,"type":"side","angle":-168.75},{"time":229,"type":"block","angle":-247.5},{"time":229.5,"type":"block","angle":-281.25},{"time":229.25,"type":"block","angle":-264},{"type":"block","angle":-330,"time":230,"tap":true},{"time":230.5,"type":"block","angle":-270},{"time":230.75,"type":"block","angle":-281.25},{"angle2":-405,"type":"hold","angle":-292.5,"time":231,"duration":0.66600000858307},{"time":232.5,"type":"side","angle":-360},{"time":233.75,"type":"block","angle":-123.75},{"time":234,"type":"block","angle":-135},{"time":234.25,"type":"block","angle":-146.25},{"time":233.5,"type":"block","angle":-112.5},{"time":233,"type":"side","angle":-360},{"angle2":-225,"type":"hold","angle":-157.5,"time":234.5,"duration":0.66600000858307},{"angle2":-112.5,"type":"hold","angle":-225,"time":235.16600036621,"duration":0.66600000858307},{"time":236.5,"type":"side","angle":-168.75},{"time":237,"type":"block","angle":-213.75},{"time":237.25,"type":"block","angle":-225},{"time":237.5,"type":"block","angle":-236.25},{"time":238,"type":"block","angle":-213.75},{"time":238.5,"type":"block","angle":-236.25},{"time":238.75,"type":"block","angle":-225},{"time":239,"type":"block","angle":-213.75},{"time":239.5,"type":"block","angle":-168.75},{"time":224.5,"type":"block","angle":0},{"time":225.5,"type":"block","angle":-22.5},{"time":241,"type":"block","angle":191.25},{"time":241.5,"type":"block","angle":202.5},{"time":240.76000022888,"type":"block","angle":185},{"time":242.66600036621,"type":"block","angle":101.25},{"time":243.33300018311,"type":"block","angle":22.5},{"time":242,"type":"block","angle":157.5},{"time":244,"type":"block","angle":-56.25},{"time":244.5,"type":"side","angle":-11.25},{"time":245,"type":"block","angle":67.5},{"time":245.5,"type":"block","angle":101.25},{"time":245.25,"type":"block","angle":84},{"type":"block","angle":150,"time":246,"tap":true},{"time":246.5,"type":"block","angle":90},{"time":246.75,"type":"block","angle":101.25},{"angle2":225,"type":"hold","angle":112.5,"time":247,"duration":0.66600000858307},{"time":248.5,"type":"side","angle":180},{"time":249.75,"type":"block","angle":-56.25},{"time":250,"type":"block","angle":-45},{"time":250.25,"type":"block","angle":-33.75},{"time":249.5,"type":"block","angle":-67.5},{"time":249,"type":"side","angle":180},{"angle2":45,"type":"hold","angle":-22.5,"time":250.5,"duration":0.66600000858307},{"angle2":-67.5,"type":"hold","angle":45,"time":251.16600036621,"duration":0.66600000858307},{"time":252.5,"type":"side","angle":-11.25},{"time":253,"type":"block","angle":33.75},{"time":253.25,"type":"block","angle":45},{"time":253.5,"type":"block","angle":56.25},{"time":254,"type":"block","angle":33.75},{"time":254.5,"type":"block","angle":56.25},{"time":254.75,"type":"block","angle":45},{"time":255,"type":"block","angle":33.75},{"time":255.5,"type":"block","angle":-11.25},{"time":240.5,"type":"block","angle":180},{"time":256.5,"type":"block","angle":-180},{"time":256.5,"type":"block","angle":-528.75},{"time":256.5,"type":"block","angle":-191.25},{"angle2":-180,"type":"hold","angle":-270,"time":257.5,"duration":1},{"angle2":-472.5,"type":"hold","angle":-540,"time":258.5,"duration":0.5},{"angle2":-540,"type":"hold","angle":-472.5,"time":259,"duration":0.5},{"angle2":-247.5,"type":"hold","angle":-180,"time":259.5,"duration":0.5},{"time":261,"type":"side","angle":-270},{"time":261,"type":"side","angle":-270},{"time":261.5,"type":"side","angle":-292.5},{"time":262,"type":"block","angle":-326.25},{"angle2":-438.75,"type":"hold","angle":-382.5,"time":262.5,"duration":1},{"angle2":-540,"type":"hold","angle":-438.75,"time":263.5,"duration":1},{"time":265,"type":"block","angle":-180},{"time":265.25,"type":"block","angle":-191.25},{"time":265.5,"type":"block","angle":-180},{"time":266,"type":"block","angle":-528.75},{"time":266.5,"type":"block","angle":-495},{"time":267,"type":"block","angle":-540},{"angle2":-213.75,"time":267.5,"type":"hold","angle":-213.75,"startTap":true,"duration":0.5,"endTap":true},{"angle2":-225,"time":267.5,"type":"hold","angle":-225,"startTap":true,"duration":0.5,"endTap":true},{"angle2":-191.25,"type":"hold","angle":-258.75,"time":269,"duration":1},{"angle2":-247.5,"type":"hold","angle":-270,"time":269,"duration":0.5},{"time":270.5,"type":"side","angle":-371.25},{"time":270.5,"type":"side","angle":-360},{"time":270.5,"type":"side","angle":-348.75},{"time":271.5,"type":"side","angle":-371.25},{"time":271.5,"type":"side","angle":-360},{"time":271.5,"type":"side","angle":-348.75},{"angle2":-900,"type":"mineHold","angle":-540,"time":271.5,"duration":1},{"time":272.5,"type":"side","angle":-348.75},{"time":272.5,"type":"side","angle":-360},{"time":272.5,"type":"side","angle":-371.25},{"angle2":-180,"type":"hold","angle":-90,"time":273.5,"duration":1},{"angle2":112.5,"type":"hold","angle":180,"time":274.5,"duration":0.5},{"angle2":180,"type":"hold","angle":112.5,"time":275,"duration":0.5},{"angle2":-112.5,"type":"hold","angle":-180,"time":275.5,"duration":0.5},{"time":277,"type":"side","angle":-90},{"time":277,"type":"side","angle":-90},{"time":277.5,"type":"side","angle":-67.5},{"time":278,"type":"block","angle":-33.75},{"angle2":78.75,"type":"hold","angle":22.5,"time":278.5,"duration":1},{"angle2":-78.75,"type":"hold","angle":-258.75,"time":286.5,"duration":1},{"angle2":-90,"type":"hold","angle":-270,"time":286.5,"duration":1},{"angle2":-101.25,"type":"hold","angle":-281.25,"time":286.5,"duration":1},{"angle2":427.5,"type":"mineHold","angle":-22.5,"time":8.5,"duration":2},{"time":288.5,"type":"block","angle":78.75},{"time":288.5,"type":"block","angle":90},{"time":288.5,"type":"block","angle":101.25},{"time":289.5,"type":"block","angle":-33.75},{"time":290,"type":"block","angle":281.25},{"time":290.5,"type":"block","angle":247.5},{"time":291,"type":"side","angle":56.25},{"time":291,"type":"side","angle":45},{"time":291,"type":"side","angle":33.75},{"time":292,"type":"inverse","angle":180},{"time":292,"type":"inverse","angle":191.25},{"time":292,"type":"inverse","angle":168.75},{"time":289,"type":"mine","angle":146.25},{"time":290,"type":"mine","angle":101.25},{"time":290.5,"type":"mine","angle":67.5},{"time":289,"type":"block","angle":348.75},{"time":289.25,"type":"block","angle":337.5},{"time":293,"type":"block","angle":247.5},{"time":293.25,"type":"block","angle":225},{"time":293.5,"type":"block","angle":202.5},{"time":294,"type":"block","angle":112.5},{"time":294.25,"type":"block","angle":135},{"time":294.5,"type":"block","angle":157.5},{"time":295,"type":"block","angle":191.25},{"time":295.25,"type":"block","angle":180},{"angle2":0,"type":"hold","angle":168.75,"time":295.5,"duration":0.5},{"time":296.5,"type":"block","angle":-78.75},{"time":296.5,"type":"block","angle":-90},{"time":296.5,"type":"block","angle":-101.25},{"time":297.5,"type":"block","angle":33.75},{"time":298,"type":"block","angle":-281.25},{"time":298.5,"type":"block","angle":-247.5},{"time":299,"type":"side","angle":-56.25},{"time":299,"type":"side","angle":-45},{"time":299,"type":"side","angle":-33.75},{"time":300,"type":"inverse","angle":-180},{"time":300,"type":"inverse","angle":-191.25},{"time":300,"type":"inverse","angle":-168.75},{"time":297,"type":"mine","angle":-146.25},{"time":298,"type":"mine","angle":-101.25},{"time":298.5,"type":"mine","angle":-67.5},{"time":297,"type":"block","angle":-348.75},{"time":297.25,"type":"block","angle":-337.5},{"time":301,"type":"block","angle":-247.5},{"time":301.25,"type":"block","angle":-225},{"time":301.5,"type":"block","angle":-202.5},{"time":302,"type":"block","angle":-112.5},{"time":302.25,"type":"block","angle":-135},{"time":302.5,"type":"block","angle":-157.5},{"time":303,"type":"block","angle":-191.25},{"time":303.25,"type":"block","angle":-180},{"angle2":0,"type":"hold","angle":-168.75,"time":303.5,"duration":0.5},{"time":304.5,"type":"block","angle":101.25},{"time":305,"type":"block","angle":90},{"time":304.5,"type":"block","angle":438.75},{"speedMult":1.4999995231628,"angle":168.75,"type":"inverse","time":308},{"speedMult":1.4999995231628,"angle":180,"type":"inverse","time":308},{"speedMult":1.4999995231628,"angle":191.25,"type":"inverse","time":308},{"time":305.5,"type":"block","angle":281.25},{"time":306,"type":"block","angle":270},{"time":305.5,"type":"block","angle":258.75},{"time":312.5,"type":"side","angle":90},{"time":313,"type":"block","angle":180},{"time":313.5,"type":"side","angle":270},{"time":314,"type":"block","angle":0},{"time":314.5,"type":"side","angle":78.75},{"time":314.5,"type":"side","angle":90},{"time":315,"type":"block","angle":180},{"time":315,"type":"block","angle":168.75},{"time":315.5,"type":"side","angle":270},{"time":315.5,"type":"side","angle":258.75},{"time":316,"type":"block","angle":360},{"time":316,"type":"block","angle":348.75},{"time":316.5,"type":"block","angle":101.25},{"time":316.5,"type":"block","angle":112.5},{"time":317,"type":"block","angle":101.25},{"time":317,"type":"block","angle":112.5},{"time":317.5,"type":"block","angle":258.75},{"time":317.5,"type":"block","angle":247.5},{"time":318,"type":"block","angle":258.75},{"time":318,"type":"block","angle":247.5},{"time":319,"type":"block","angle":348.75},{"time":319,"type":"block","angle":0},{"time":319,"type":"block","angle":11.25},{"time":319.5,"type":"block","angle":11.25},{"time":319.5,"type":"block","angle":360},{"time":319.5,"type":"block","angle":348.75},{"time":319,"type":"extraTap","angle":315},{"time":319.5,"type":"extraTap","angle":326.25},{"time":318.5,"type":"block","angle":168.75},{"time":318.5,"type":"block","angle":191.25},{"time":318.5,"type":"block","angle":180},{"time":320,"type":"side","angle":-45},{"type":"side","angle":-315,"time":320.5,"tap":true},{"time":321,"type":"block","angle":-266.25},{"time":321.25,"type":"block","angle":-247.5},{"time":323.25,"type":"block","angle":-281.25},{"time":323,"type":"block","angle":45},{"time":324,"type":"block","angle":-157.5},{"time":324.25,"type":"block","angle":-112.5},{"type":"side","angle":-303.75,"time":321.5,"tap":true},{"time":322,"type":"block","angle":-56.25},{"time":322.25,"type":"block","angle":-90},{"type":"side","angle":-360,"time":322.5,"tap":true},{"type":"side","angle":168.75,"time":323.5,"tap":true},{"type":"side","angle":-236.25,"time":324.5,"tap":true},{"angle2":-393.75,"type":"hold","angle":-225,"time":324.5,"duration":1},{"angle2":135,"type":"hold","angle":-33.75,"time":325.5,"duration":1},{"time":327,"type":"block","angle":-153.75},{"time":327.5,"type":"block","angle":-112.5},{"type":"side","angle":-236.25,"time":328,"tap":true},{"angle2":-393.75,"type":"hold","angle":-225,"time":328,"duration":1},{"time":329.5,"type":"side","angle":-135},{"time":329.5,"type":"side","angle":-146.25},{"time":329.5,"type":"side","angle":-157.5},{"time":330.5,"type":"side","angle":-33.75},{"time":330.5,"type":"side","angle":-45},{"time":330.5,"type":"side","angle":-56.25},{"time":331,"type":"block","angle":-326.25},{"time":331.5,"type":"block","angle":-292.5},{"angle2":-596.25,"type":"hold","angle":-236.25,"time":332,"duration":1},{"time":335,"type":"inverse","angle":-180},{"time":335.5,"type":"inverse","angle":-180},{"type":"side","angle":-495,"time":336.5,"tap":true},{"time":337,"type":"block","angle":-446.25},{"time":337.25,"type":"block","angle":-427.5},{"time":339.25,"type":"block","angle":-461.25},{"time":339,"type":"block","angle":-135},{"time":340,"type":"block","angle":-337.5},{"time":340.25,"type":"block","angle":-292.5},{"type":"side","angle":-483.75,"time":337.5,"tap":true},{"time":338,"type":"block","angle":-236.25},{"time":338.25,"type":"block","angle":-270},{"type":"side","angle":-540,"time":338.5,"tap":true},{"type":"side","angle":-11.25,"time":339.5,"tap":true},{"type":"side","angle":-416.25,"time":340.5,"tap":true},{"angle2":-573.75,"type":"hold","angle":-405,"time":340.5,"duration":1},{"angle2":-45,"type":"hold","angle":-213.75,"time":341.5,"duration":1},{"time":343,"type":"block","angle":-348.75},{"time":343.5,"type":"block","angle":-292.5},{"type":"side","angle":-416.25,"time":344,"tap":true},{"angle2":-573.75,"type":"hold","angle":-405,"time":344,"duration":1},{"time":345.5,"type":"side","angle":-315},{"time":345.5,"type":"side","angle":-326.25},{"time":345.5,"type":"side","angle":-337.5},{"time":346.5,"type":"side","angle":-213.75},{"time":346.5,"type":"side","angle":-225},{"time":346.5,"type":"side","angle":-236.25},{"time":347,"type":"block","angle":-506.25},{"time":347.5,"type":"block","angle":-427.5},{"time":333.5,"type":"block","angle":-33.75},{"time":333.5,"type":"block","angle":-56.25},{"time":333.5,"type":"block","angle":-78.75},{"time":334.5,"type":"block","angle":-326.25},{"time":334.5,"type":"block","angle":-315},{"time":334.5,"type":"block","angle":-303.75},{"time":348,"type":"block","angle":0},{"time":349,"type":"inverse","angle":-360},{"time":349.5,"type":"inverse","angle":-360},{"time":350,"type":"inverse","angle":-360},{"time":350.5,"type":"inverse","angle":-360},{"time":349.5,"type":"inverse","angle":-348.75},{"time":349.5,"type":"inverse","angle":-11.25},{"time":350,"type":"inverse","angle":-11.25},{"time":350,"type":"inverse","angle":-348.75},{"time":350.5,"type":"inverse","angle":-345},{"time":350.5,"type":"inverse","angle":-15},{"time":335,"type":"block","angle":-180},{"time":335.5,"type":"block","angle":-180},{"time":306.5,"type":"block","angle":348.75},{"time":306.5,"type":"block","angle":11.25},{"time":307,"type":"block","angle":360},{"time":307,"type":"block","angle":11.25},{"time":307,"type":"block","angle":348.75},{"time":306.5,"type":"block","angle":0},{"time":306.54998779297,"type":"block","angle":11.25},{"time":306.52499389648,"type":"block","angle":348.75},{"time":306.57501220703,"type":"block","angle":360},{"time":307,"type":"block","angle":348.75},{"time":307,"type":"block","angle":11.25},{"time":307,"type":"block","angle":0},{"time":307.04998779297,"type":"block","angle":11.25},{"time":307.02499389648,"type":"block","angle":348.75},{"time":307.07501220703,"type":"block","angle":360},{"angle2":270,"type":"hold","angle":180,"time":309,"duration":0.5},{"angle2":360,"type":"hold","angle":270,"time":310,"duration":0.5},{"time":311.5,"type":"side","angle":326.25},{"angle2":247.5,"type":"mineHold","angle":247.5,"time":352.5,"duration":0.5},{"angle2":247.5,"type":"mineHold","angle":270,"time":352.5,"duration":0.5},{"angle2":270,"type":"mineHold","angle":315,"time":352.5,"duration":0.5},{"angle2":315,"type":"mineHold","angle":337.5,"time":352.5,"duration":0.5},{"angle2":0,"type":"mineHold","angle":0,"time":352.5,"duration":0.5},{"angle2":45,"type":"mineHold","angle":22.5,"time":352.5,"duration":0.5},{"angle2":90,"type":"mineHold","angle":45,"time":352.5,"duration":0.5},{"angle2":112.5,"type":"mineHold","angle":90,"time":352.5,"duration":0.5},{"angle2":112.5,"type":"mineHold","angle":112.5,"time":352.5,"duration":0.5},{"angle2":472.5,"type":"mineHold","angle":247.5,"time":352.5,"duration":0},{"angle2":472.5,"type":"mineHold","angle":247.5,"time":353,"duration":0},{"angle2":315,"type":"mineHold","angle":315,"time":353.5,"duration":0.5},{"angle2":315,"type":"mineHold","angle":337.5,"time":353.5,"duration":0.5},{"angle2":337.5,"type":"mineHold","angle":382.5,"time":353.5,"duration":0.5},{"angle2":382.5,"type":"mineHold","angle":405,"time":353.5,"duration":0.5},{"angle2":67.5,"type":"mineHold","angle":67.5,"time":353.5,"duration":0.5},{"angle2":112.5,"type":"mineHold","angle":90,"time":353.5,"duration":0.5},{"angle2":157.5,"type":"mineHold","angle":112.5,"time":353.5,"duration":0.5},{"angle2":180,"type":"mineHold","angle":157.5,"time":353.5,"duration":0.5},{"angle2":180,"type":"mineHold","angle":180,"time":353.5,"duration":0.5},{"angle2":540,"type":"mineHold","angle":315,"time":353.5,"duration":0},{"angle2":540,"type":"mineHold","angle":315,"time":354,"duration":0},{"angle2":382.5,"type":"mineHold","angle":382.5,"time":354.5,"duration":0.5},{"angle2":382.5,"type":"mineHold","angle":405,"time":354.5,"duration":0.5},{"angle2":405,"type":"mineHold","angle":450,"time":354.5,"duration":0.5},{"angle2":450,"type":"mineHold","angle":472.5,"time":354.5,"duration":0.5},{"angle2":135,"type":"mineHold","angle":135,"time":354.5,"duration":0.5},{"angle2":180,"type":"mineHold","angle":157.5,"time":354.5,"duration":0.5},{"angle2":225,"type":"mineHold","angle":180,"time":354.5,"duration":0.5},{"angle2":247.5,"type":"mineHold","angle":225,"time":354.5,"duration":0.5},{"angle2":247.5,"type":"mineHold","angle":247.5,"time":354.5,"duration":0.5},{"angle2":607.5,"type":"mineHold","angle":382.5,"time":354.5,"duration":0},{"angle2":607.5,"type":"mineHold","angle":382.5,"time":355,"duration":0},{"angle2":450,"type":"mineHold","angle":450,"time":355.5,"duration":0.5},{"angle2":450,"type":"mineHold","angle":472.5,"time":355.5,"duration":0.5},{"angle2":472.5,"type":"mineHold","angle":517.5,"time":355.5,"duration":0.5},{"angle2":517.5,"type":"mineHold","angle":540,"time":355.5,"duration":0.5},{"angle2":202.5,"type":"mineHold","angle":202.5,"time":355.5,"duration":0.5},{"angle2":247.5,"type":"mineHold","angle":225,"time":355.5,"duration":0.5},{"angle2":292.5,"type":"mineHold","angle":247.5,"time":355.5,"duration":0.5},{"angle2":315,"type":"mineHold","angle":292.5,"time":355.5,"duration":0.5},{"angle2":315,"type":"mineHold","angle":315,"time":355.5,"duration":0.5},{"angle2":675,"type":"mineHold","angle":450,"time":355.5,"duration":0},{"angle2":675,"type":"mineHold","angle":450,"time":356,"duration":0},{"angle2":517.5,"type":"mineHold","angle":517.5,"time":356.5,"duration":0.5},{"angle2":517.5,"type":"mineHold","angle":540,"time":356.5,"duration":0.5},{"angle2":540,"type":"mineHold","angle":585,"time":356.5,"duration":0.5},{"angle2":585,"type":"mineHold","angle":607.5,"time":356.5,"duration":0.5},{"angle2":270,"type":"mineHold","angle":270,"time":356.5,"duration":0.5},{"angle2":315,"type":"mineHold","angle":292.5,"time":356.5,"duration":0.5},{"angle2":360,"type":"mineHold","angle":315,"time":356.5,"duration":0.5},{"angle2":382.5,"type":"mineHold","angle":360,"time":356.5,"duration":0.5},{"angle2":382.5,"type":"mineHold","angle":382.5,"time":356.5,"duration":0.5},{"angle2":742.5,"type":"mineHold","angle":517.5,"time":356.5,"duration":0},{"angle2":742.5,"type":"mineHold","angle":517.5,"time":357,"duration":0},{"angle2":225,"type":"mineHold","angle":225,"time":357.5,"duration":0.5},{"angle2":225,"type":"mineHold","angle":247.5,"time":357.5,"duration":0.5},{"angle2":247.5,"type":"mineHold","angle":292.5,"time":357.5,"duration":0.5},{"angle2":292.5,"type":"mineHold","angle":315,"time":357.5,"duration":0.5},{"angle2":-22.5,"type":"mineHold","angle":-22.5,"time":357.5,"duration":0.5},{"angle2":22.5,"type":"mineHold","angle":0,"time":357.5,"duration":0.5},{"angle2":67.5,"type":"mineHold","angle":22.5,"time":357.5,"duration":0.5},{"angle2":90,"type":"mineHold","angle":67.5,"time":357.5,"duration":0.5},{"angle2":90,"type":"mineHold","angle":90,"time":357.5,"duration":0.5},{"angle2":450,"type":"mineHold","angle":225,"time":357.5,"duration":0},{"angle2":450,"type":"mineHold","angle":225,"time":358,"duration":0},{"time":352.5,"type":"block","angle":180},{"time":353.5,"type":"block","angle":247.5},{"time":354.5,"type":"block","angle":315},{"time":355.5,"type":"block","angle":22.5},{"time":356.5,"type":"block","angle":90},{"time":357.5,"type":"block","angle":157.5},{"angle2":360,"type":"hold","angle":180,"time":358.5,"duration":1},{"angle2":348.75,"type":"hold","angle":168.75,"time":358.5,"duration":1},{"angle2":371.25,"type":"hold","angle":191.25,"time":358.5,"duration":1},{"time":360.5,"type":"extraTap","angle":11.25},{"time":361.5,"type":"extraTap","angle":11.25},{"time":362.5,"type":"extraTap","angle":11.25},{"time":363,"type":"extraTap","angle":11.25},{"time":364,"type":"extraTap","angle":11.25},{"time":365,"type":"extraTap","angle":11.25},{"time":366,"type":"extraTap","angle":22.5},{"time":366.5,"type":"extraTap","angle":11.25},{"time":360.5,"type":"block","angle":180},{"time":361.5,"type":"block","angle":247.5},{"time":362.5,"type":"block","angle":315},{"time":363,"type":"block","angle":315},{"time":364,"type":"block","angle":22.5},{"time":365,"type":"block","angle":90},{"time":366,"type":"block","angle":157.5},{"time":366.5,"type":"block","angle":157.5},{"angle2":-247.5,"type":"mineHold","angle":-247.5,"time":368.5,"duration":0.5},{"angle2":-247.5,"type":"mineHold","angle":-270,"time":368.5,"duration":0.5},{"angle2":-270,"type":"mineHold","angle":-315,"time":368.5,"duration":0.5},{"angle2":-315,"type":"mineHold","angle":-337.5,"time":368.5,"duration":0.5},{"angle2":0,"type":"mineHold","angle":0,"time":368.5,"duration":0.5},{"angle2":-45,"type":"mineHold","angle":-22.5,"time":368.5,"duration":0.5},{"angle2":-90,"type":"mineHold","angle":-45,"time":368.5,"duration":0.5},{"angle2":-112.5,"type":"mineHold","angle":-90,"time":368.5,"duration":0.5},{"angle2":-112.5,"type":"mineHold","angle":-112.5,"time":368.5,"duration":0.5},{"angle2":-472.5,"type":"mineHold","angle":-247.5,"time":368.5,"duration":0},{"angle2":-472.5,"type":"mineHold","angle":-247.5,"time":369,"duration":0},{"angle2":-315,"type":"mineHold","angle":-315,"time":369.5,"duration":0.5},{"angle2":-315,"type":"mineHold","angle":-337.5,"time":369.5,"duration":0.5},{"angle2":-337.5,"type":"mineHold","angle":-382.5,"time":369.5,"duration":0.5},{"angle2":-382.5,"type":"mineHold","angle":-405,"time":369.5,"duration":0.5},{"angle2":-67.5,"type":"mineHold","angle":-67.5,"time":369.5,"duration":0.5},{"angle2":-112.5,"type":"mineHold","angle":-90,"time":369.5,"duration":0.5},{"angle2":-157.5,"type":"mineHold","angle":-112.5,"time":369.5,"duration":0.5},{"angle2":-180,"type":"mineHold","angle":-157.5,"time":369.5,"duration":0.5},{"angle2":-180,"type":"mineHold","angle":-180,"time":369.5,"duration":0.5},{"angle2":-540,"type":"mineHold","angle":-315,"time":369.5,"duration":0},{"angle2":-540,"type":"mineHold","angle":-315,"time":370,"duration":0},{"angle2":-382.5,"type":"mineHold","angle":-382.5,"time":370.5,"duration":0.5},{"angle2":-382.5,"type":"mineHold","angle":-405,"time":370.5,"duration":0.5},{"angle2":-405,"type":"mineHold","angle":-450,"time":370.5,"duration":0.5},{"angle2":-450,"type":"mineHold","angle":-472.5,"time":370.5,"duration":0.5},{"angle2":-135,"type":"mineHold","angle":-135,"time":370.5,"duration":0.5},{"angle2":-180,"type":"mineHold","angle":-157.5,"time":370.5,"duration":0.5},{"angle2":-225,"type":"mineHold","angle":-180,"time":370.5,"duration":0.5},{"angle2":-247.5,"type":"mineHold","angle":-225,"time":370.5,"duration":0.5},{"angle2":-247.5,"type":"mineHold","angle":-247.5,"time":370.5,"duration":0.5},{"angle2":-607.5,"type":"mineHold","angle":-382.5,"time":370.5,"duration":0},{"angle2":-607.5,"type":"mineHold","angle":-382.5,"time":371,"duration":0},{"angle2":-450,"type":"mineHold","angle":-450,"time":371.5,"duration":0.5},{"angle2":-450,"type":"mineHold","angle":-472.5,"time":371.5,"duration":0.5},{"angle2":-472.5,"type":"mineHold","angle":-517.5,"time":371.5,"duration":0.5},{"angle2":-517.5,"type":"mineHold","angle":-540,"time":371.5,"duration":0.5},{"angle2":-202.5,"type":"mineHold","angle":-202.5,"time":371.5,"duration":0.5},{"angle2":-247.5,"type":"mineHold","angle":-225,"time":371.5,"duration":0.5},{"angle2":-292.5,"type":"mineHold","angle":-247.5,"time":371.5,"duration":0.5},{"angle2":-315,"type":"mineHold","angle":-292.5,"time":371.5,"duration":0.5},{"angle2":-315,"type":"mineHold","angle":-315,"time":371.5,"duration":0.5},{"angle2":-675,"type":"mineHold","angle":-450,"time":371.5,"duration":0},{"angle2":-675,"type":"mineHold","angle":-450,"time":372,"duration":0},{"angle2":-517.5,"type":"mineHold","angle":-517.5,"time":372.5,"duration":0.5},{"angle2":-517.5,"type":"mineHold","angle":-540,"time":372.5,"duration":0.5},{"angle2":-540,"type":"mineHold","angle":-585,"time":372.5,"duration":0.5},{"angle2":-585,"type":"mineHold","angle":-607.5,"time":372.5,"duration":0.5},{"angle2":-270,"type":"mineHold","angle":-270,"time":372.5,"duration":0.5},{"angle2":-315,"type":"mineHold","angle":-292.5,"time":372.5,"duration":0.5},{"angle2":-360,"type":"mineHold","angle":-315,"time":372.5,"duration":0.5},{"angle2":-382.5,"type":"mineHold","angle":-360,"time":372.5,"duration":0.5},{"angle2":-382.5,"type":"mineHold","angle":-382.5,"time":372.5,"duration":0.5},{"angle2":-742.5,"type":"mineHold","angle":-517.5,"time":372.5,"duration":0},{"angle2":-742.5,"type":"mineHold","angle":-517.5,"time":373,"duration":0},{"angle2":-225,"type":"mineHold","angle":-225,"time":373.5,"duration":0.5},{"angle2":-225,"type":"mineHold","angle":-247.5,"time":373.5,"duration":0.5},{"angle2":-247.5,"type":"mineHold","angle":-292.5,"time":373.5,"duration":0.5},{"angle2":-292.5,"type":"mineHold","angle":-315,"time":373.5,"duration":0.5},{"angle2":22.5,"type":"mineHold","angle":22.5,"time":373.5,"duration":0.5},{"angle2":-22.5,"type":"mineHold","angle":0,"time":373.5,"duration":0.5},{"angle2":-67.5,"type":"mineHold","angle":-22.5,"time":373.5,"duration":0.5},{"angle2":-90,"type":"mineHold","angle":-67.5,"time":373.5,"duration":0.5},{"angle2":-90,"type":"mineHold","angle":-90,"time":373.5,"duration":0.5},{"angle2":-450,"type":"mineHold","angle":-225,"time":373.5,"duration":0},{"angle2":-450,"type":"mineHold","angle":-225,"time":374,"duration":0},{"time":368.5,"type":"block","angle":-180},{"time":369.5,"type":"block","angle":-247.5},{"time":370.5,"type":"block","angle":-315},{"time":371.5,"type":"block","angle":-22.5},{"time":372.5,"type":"block","angle":-90},{"time":373.5,"type":"block","angle":-157.5},{"angle2":-360,"type":"hold","angle":-180,"time":374.5,"duration":1},{"angle2":-348.75,"type":"hold","angle":-168.75,"time":374.5,"duration":1},{"angle2":-371.25,"type":"hold","angle":-191.25,"time":374.5,"duration":1},{"time":376.5,"type":"extraTap","angle":-11.25},{"time":377.5,"type":"extraTap","angle":-11.25},{"time":378.5,"type":"extraTap","angle":-11.25},{"time":379,"type":"extraTap","angle":-11.25},{"time":380,"type":"extraTap","angle":-11.25},{"time":381,"type":"extraTap","angle":-11.25},{"time":382,"type":"extraTap","angle":-11.25},{"time":382.5,"type":"extraTap","angle":-11.25},{"time":376.5,"type":"block","angle":-180},{"time":377.5,"type":"block","angle":-247.5},{"time":378.5,"type":"block","angle":-315},{"time":379,"type":"block","angle":-315},{"time":380,"type":"block","angle":-22.5},{"time":381,"type":"block","angle":-90},{"time":382,"type":"block","angle":-157.5},{"time":382.5,"type":"block","angle":-157.5},{"angle2":-427.5,"type":"mineHold","angle":-427.5,"time":384.5,"duration":0.5},{"angle2":-427.5,"type":"mineHold","angle":-450,"time":384.5,"duration":0.5},{"angle2":-450,"type":"mineHold","angle":-495,"time":384.5,"duration":0.5},{"angle2":-495,"type":"mineHold","angle":-517.5,"time":384.5,"duration":0.5},{"angle2":-180,"type":"mineHold","angle":-180,"time":384.5,"duration":0.5},{"angle2":-225,"type":"mineHold","angle":-202.5,"time":384.5,"duration":0.5},{"angle2":-270,"type":"mineHold","angle":-225,"time":384.5,"duration":0.5},{"angle2":-292.5,"type":"mineHold","angle":-270,"time":384.5,"duration":0.5},{"angle2":-292.5,"type":"mineHold","angle":-292.5,"time":384.5,"duration":0.5},{"angle2":-652.5,"type":"mineHold","angle":-427.5,"time":384.5,"duration":0},{"angle2":-652.5,"type":"mineHold","angle":-427.5,"time":385,"duration":0},{"angle2":-495,"type":"mineHold","angle":-495,"time":385.5,"duration":0.5},{"angle2":-495,"type":"mineHold","angle":-517.5,"time":385.5,"duration":0.5},{"angle2":-517.5,"type":"mineHold","angle":-562.5,"time":385.5,"duration":0.5},{"angle2":-562.5,"type":"mineHold","angle":-585,"time":385.5,"duration":0.5},{"angle2":-247.5,"type":"mineHold","angle":-247.5,"time":385.5,"duration":0.5},{"angle2":-292.5,"type":"mineHold","angle":-270,"time":385.5,"duration":0.5},{"angle2":-337.5,"type":"mineHold","angle":-292.5,"time":385.5,"duration":0.5},{"angle2":-360,"type":"mineHold","angle":-337.5,"time":385.5,"duration":0.5},{"angle2":-360,"type":"mineHold","angle":-360,"time":385.5,"duration":0.5},{"angle2":-720,"type":"mineHold","angle":-495,"time":385.5,"duration":0},{"angle2":-720,"type":"mineHold","angle":-495,"time":386,"duration":0},{"angle2":-562.5,"type":"mineHold","angle":-562.5,"time":386.5,"duration":0.5},{"angle2":-562.5,"type":"mineHold","angle":-585,"time":386.5,"duration":0.5},{"angle2":-585,"type":"mineHold","angle":-630,"time":386.5,"duration":0.5},{"angle2":-630,"type":"mineHold","angle":-652.5,"time":386.5,"duration":0.5},{"angle2":-315,"type":"mineHold","angle":-315,"time":386.5,"duration":0.5},{"angle2":-360,"type":"mineHold","angle":-337.5,"time":386.5,"duration":0.5},{"angle2":-405,"type":"mineHold","angle":-360,"time":386.5,"duration":0.5},{"angle2":-427.5,"type":"mineHold","angle":-405,"time":386.5,"duration":0.5},{"angle2":-427.5,"type":"mineHold","angle":-427.5,"time":386.5,"duration":0.5},{"angle2":-787.5,"type":"mineHold","angle":-562.5,"time":386.5,"duration":0},{"angle2":-787.5,"type":"mineHold","angle":-562.5,"time":387,"duration":0},{"angle2":-630,"type":"mineHold","angle":-630,"time":387.5,"duration":0.5},{"angle2":-630,"type":"mineHold","angle":-652.5,"time":387.5,"duration":0.5},{"angle2":-652.5,"type":"mineHold","angle":-697.5,"time":387.5,"duration":0.5},{"angle2":-697.5,"type":"mineHold","angle":-720,"time":387.5,"duration":0.5},{"angle2":-382.5,"type":"mineHold","angle":-382.5,"time":387.5,"duration":0.5},{"angle2":-427.5,"type":"mineHold","angle":-405,"time":387.5,"duration":0.5},{"angle2":-472.5,"type":"mineHold","angle":-427.5,"time":387.5,"duration":0.5},{"angle2":-495,"type":"mineHold","angle":-472.5,"time":387.5,"duration":0.5},{"angle2":-495,"type":"mineHold","angle":-495,"time":387.5,"duration":0.5},{"angle2":-855,"type":"mineHold","angle":-630,"time":387.5,"duration":0},{"angle2":-855,"type":"mineHold","angle":-630,"time":388,"duration":0},{"angle2":-697.5,"type":"mineHold","angle":-697.5,"time":388.5,"duration":0.5},{"angle2":-697.5,"type":"mineHold","angle":-720,"time":388.5,"duration":0.5},{"angle2":-720,"type":"mineHold","angle":-765,"time":388.5,"duration":0.5},{"angle2":-765,"type":"mineHold","angle":-787.5,"time":388.5,"duration":0.5},{"angle2":-450,"type":"mineHold","angle":-450,"time":388.5,"duration":0.5},{"angle2":-495,"type":"mineHold","angle":-472.5,"time":388.5,"duration":0.5},{"angle2":-540,"type":"mineHold","angle":-495,"time":388.5,"duration":0.5},{"angle2":-562.5,"type":"mineHold","angle":-540,"time":388.5,"duration":0.5},{"angle2":-562.5,"type":"mineHold","angle":-562.5,"time":388.5,"duration":0.5},{"angle2":-922.5,"type":"mineHold","angle":-697.5,"time":388.5,"duration":0},{"angle2":-922.5,"type":"mineHold","angle":-697.5,"time":389,"duration":0},{"angle2":-405,"type":"mineHold","angle":-405,"time":389.5,"duration":0.5},{"angle2":-405,"type":"mineHold","angle":-427.5,"time":389.5,"duration":0.5},{"angle2":-427.5,"type":"mineHold","angle":-472.5,"time":389.5,"duration":0.5},{"angle2":-472.5,"type":"mineHold","angle":-495,"time":389.5,"duration":0.5},{"angle2":-157.5,"type":"mineHold","angle":-157.5,"time":389.5,"duration":0.5},{"angle2":-202.5,"type":"mineHold","angle":-180,"time":389.5,"duration":0.5},{"angle2":-247.5,"type":"mineHold","angle":-202.5,"time":389.5,"duration":0.5},{"angle2":-270,"type":"mineHold","angle":-247.5,"time":389.5,"duration":0.5},{"angle2":-270,"type":"mineHold","angle":-270,"time":389.5,"duration":0.5},{"angle2":-630,"type":"mineHold","angle":-405,"time":389.5,"duration":0},{"angle2":-630,"type":"mineHold","angle":-405,"time":390,"duration":0},{"time":384.5,"type":"block","angle":-360},{"time":385.5,"type":"block","angle":-427.5},{"time":386.5,"type":"block","angle":-495},{"time":387.5,"type":"block","angle":-202.5},{"time":388.5,"type":"block","angle":-270},{"time":389.5,"type":"block","angle":-337.5},{"angle2":-540,"type":"hold","angle":-360,"time":390.5,"duration":1},{"angle2":-528.75,"type":"hold","angle":-348.75,"time":390.5,"duration":1},{"angle2":-551.25,"type":"hold","angle":-371.25,"time":390.5,"duration":1},{"time":392.5,"type":"extraTap","angle":-191.25},{"time":393.5,"type":"extraTap","angle":-191.25},{"time":394.5,"type":"extraTap","angle":-191.25},{"time":395,"type":"extraTap","angle":-191.25},{"time":396,"type":"extraTap","angle":-191.25},{"time":397,"type":"extraTap","angle":-191.25},{"time":398,"type":"extraTap","angle":-191.25},{"time":398.5,"type":"extraTap","angle":-191.25},{"time":392.5,"type":"block","angle":-360},{"time":393.5,"type":"block","angle":-427.5},{"time":394.5,"type":"block","angle":-495},{"time":395,"type":"block","angle":-495},{"time":396,"type":"block","angle":-202.5},{"time":397,"type":"block","angle":-270},{"time":398,"type":"block","angle":-337.5},{"time":398.5,"type":"block","angle":-337.5},{"angle2":427.5,"type":"mineHold","angle":427.5,"time":400.5,"duration":0.5},{"angle2":427.5,"type":"mineHold","angle":450,"time":400.5,"duration":0.5},{"angle2":450,"type":"mineHold","angle":495,"time":400.5,"duration":0.5},{"angle2":495,"type":"mineHold","angle":517.5,"time":400.5,"duration":0.5},{"angle2":180,"type":"mineHold","angle":180,"time":400.5,"duration":0.5},{"angle2":225,"type":"mineHold","angle":202.5,"time":400.5,"duration":0.5},{"angle2":270,"type":"mineHold","angle":225,"time":400.5,"duration":0.5},{"angle2":292.5,"type":"mineHold","angle":270,"time":400.5,"duration":0.5},{"angle2":292.5,"type":"mineHold","angle":292.5,"time":400.5,"duration":0.5},{"angle2":652.5,"type":"mineHold","angle":427.5,"time":400.5,"duration":0},{"angle2":652.5,"type":"mineHold","angle":427.5,"time":401,"duration":0},{"angle2":495,"type":"mineHold","angle":495,"time":401.5,"duration":0.5},{"angle2":495,"type":"mineHold","angle":517.5,"time":401.5,"duration":0.5},{"angle2":517.5,"type":"mineHold","angle":562.5,"time":401.5,"duration":0.5},{"angle2":562.5,"type":"mineHold","angle":585,"time":401.5,"duration":0.5},{"angle2":247.5,"type":"mineHold","angle":247.5,"time":401.5,"duration":0.5},{"angle2":292.5,"type":"mineHold","angle":270,"time":401.5,"duration":0.5},{"angle2":337.5,"type":"mineHold","angle":292.5,"time":401.5,"duration":0.5},{"angle2":360,"type":"mineHold","angle":337.5,"time":401.5,"duration":0.5},{"angle2":360,"type":"mineHold","angle":360,"time":401.5,"duration":0.5},{"angle2":720,"type":"mineHold","angle":495,"time":401.5,"duration":0},{"angle2":720,"type":"mineHold","angle":495,"time":402,"duration":0},{"angle2":562.5,"type":"mineHold","angle":562.5,"time":402.5,"duration":0.5},{"angle2":562.5,"type":"mineHold","angle":585,"time":402.5,"duration":0.5},{"angle2":585,"type":"mineHold","angle":630,"time":402.5,"duration":0.5},{"angle2":630,"type":"mineHold","angle":652.5,"time":402.5,"duration":0.5},{"angle2":315,"type":"mineHold","angle":315,"time":402.5,"duration":0.5},{"angle2":360,"type":"mineHold","angle":337.5,"time":402.5,"duration":0.5},{"angle2":405,"type":"mineHold","angle":360,"time":402.5,"duration":0.5},{"angle2":427.5,"type":"mineHold","angle":405,"time":402.5,"duration":0.5},{"angle2":427.5,"type":"mineHold","angle":427.5,"time":402.5,"duration":0.5},{"angle2":787.5,"type":"mineHold","angle":562.5,"time":402.5,"duration":0},{"angle2":787.5,"type":"mineHold","angle":562.5,"time":403,"duration":0},{"angle2":630,"type":"mineHold","angle":630,"time":403.5,"duration":0.5},{"angle2":630,"type":"mineHold","angle":652.5,"time":403.5,"duration":0.5},{"angle2":652.5,"type":"mineHold","angle":697.5,"time":403.5,"duration":0.5},{"angle2":697.5,"type":"mineHold","angle":720,"time":403.5,"duration":0.5},{"angle2":382.5,"type":"mineHold","angle":382.5,"time":403.5,"duration":0.5},{"angle2":427.5,"type":"mineHold","angle":405,"time":403.5,"duration":0.5},{"angle2":472.5,"type":"mineHold","angle":427.5,"time":403.5,"duration":0.5},{"angle2":495,"type":"mineHold","angle":472.5,"time":403.5,"duration":0.5},{"angle2":495,"type":"mineHold","angle":495,"time":403.5,"duration":0.5},{"angle2":855,"type":"mineHold","angle":630,"time":403.5,"duration":0},{"angle2":855,"type":"mineHold","angle":630,"time":404,"duration":0},{"angle2":697.5,"type":"mineHold","angle":697.5,"time":404.5,"duration":0.5},{"angle2":697.5,"type":"mineHold","angle":720,"time":404.5,"duration":0.5},{"angle2":720,"type":"mineHold","angle":765,"time":404.5,"duration":0.5},{"angle2":765,"type":"mineHold","angle":787.5,"time":404.5,"duration":0.5},{"angle2":450,"type":"mineHold","angle":450,"time":404.5,"duration":0.5},{"angle2":495,"type":"mineHold","angle":472.5,"time":404.5,"duration":0.5},{"angle2":540,"type":"mineHold","angle":495,"time":404.5,"duration":0.5},{"angle2":562.5,"type":"mineHold","angle":540,"time":404.5,"duration":0.5},{"angle2":562.5,"type":"mineHold","angle":562.5,"time":404.5,"duration":0.5},{"angle2":922.5,"type":"mineHold","angle":697.5,"time":404.5,"duration":0},{"angle2":922.5,"type":"mineHold","angle":697.5,"time":405,"duration":0},{"angle2":405,"type":"mineHold","angle":405,"time":405.5,"duration":0.5},{"angle2":405,"type":"mineHold","angle":427.5,"time":405.5,"duration":0.5},{"angle2":427.5,"type":"mineHold","angle":472.5,"time":405.5,"duration":0.5},{"angle2":472.5,"type":"mineHold","angle":495,"time":405.5,"duration":0.5},{"angle2":157.5,"type":"mineHold","angle":157.5,"time":405.5,"duration":0.5},{"angle2":202.5,"type":"mineHold","angle":180,"time":405.5,"duration":0.5},{"angle2":247.5,"type":"mineHold","angle":202.5,"time":405.5,"duration":0.5},{"angle2":270,"type":"mineHold","angle":247.5,"time":405.5,"duration":0.5},{"angle2":270,"type":"mineHold","angle":270,"time":405.5,"duration":0.5},{"angle2":630,"type":"mineHold","angle":405,"time":405.5,"duration":0},{"angle2":630,"type":"mineHold","angle":405,"time":406,"duration":0},{"time":400.5,"type":"block","angle":360},{"time":401.5,"type":"block","angle":427.5},{"time":402.5,"type":"block","angle":495},{"time":403.5,"type":"block","angle":202.5},{"time":404.5,"type":"block","angle":270},{"time":405.5,"type":"block","angle":337.5},{"angle2":540,"type":"hold","angle":360,"time":406.5,"duration":1},{"angle2":528.75,"type":"hold","angle":348.75,"time":406.5,"duration":1},{"angle2":551.25,"type":"hold","angle":371.25,"time":406.5,"duration":1},{"time":408.5,"type":"extraTap","angle":191.25},{"time":409.5,"type":"extraTap","angle":191.25},{"time":410.5,"type":"extraTap","angle":191.25},{"time":411,"type":"extraTap","angle":191.25},{"time":408.5,"type":"block","angle":360},{"time":409.5,"type":"block","angle":427.5},{"time":410.5,"type":"block","angle":495},{"time":411,"type":"block","angle":495},{"angle2":33.75,"type":"mineHold","angle":-213.75,"time":118,"duration":0},{"angle2":33.75,"type":"mineHold","angle":-213.75,"time":118.5,"duration":0},{"angle2":-303.75,"type":"mineHold","angle":-56.25,"time":119.5,"duration":0},{"angle2":-303.75,"type":"mineHold","angle":-56.25,"time":120,"duration":0},{"angle2":-393.75,"type":"mineHold","angle":-146.25,"time":120.5,"duration":0},{"angle2":-393.75,"type":"mineHold","angle":-146.25,"time":121,"duration":0},{"time":118.5,"type":"extraTap","angle":90},{"time":118.5,"type":"inverse","angle":90},{"time":118.25,"type":"inverse","angle":90},{"angle2":303.75,"type":"mineHold","angle":56.25,"time":68.5,"duration":0},{"time":68.5,"type":"inverse","angle":360},{"time":68,"type":"inverse","angle":360},{"time":68.25,"type":"inverse","angle":0},{"time":68.5,"type":"extraTap","angle":0},{"time":70,"type":"inverse","angle":-450},{"time":70,"type":"extraTap","angle":-90},{"angle2":303.75,"type":"mineHold","angle":56.25,"time":69,"duration":0},{"time":69,"type":"inverse","angle":360},{"time":69,"type":"extraTap","angle":0},{"time":71.5,"type":"inverse","angle":-540},{"time":71.5,"type":"extraTap","angle":-180},{"time":72,"type":"inverse","angle":-540},{"time":72,"type":"extraTap","angle":-180},{"time":73.25,"type":"inverse","angle":90},{"time":73.5,"type":"inverse","angle":90},{"time":73.25,"type":"inverse","angle":90},{"time":73,"type":"inverse","angle":90},{"time":74,"type":"inverse","angle":90},{"time":73,"type":"inverse","angle":450},{"time":73.5,"type":"inverse","angle":450},{"angle2":213.75,"type":"mineHold","angle":-33.75,"time":70,"duration":0},{"angle2":213.75,"type":"mineHold","angle":-33.75,"time":70.5,"duration":0},{"angle2":-123.75,"type":"mineHold","angle":123.75,"time":71.5,"duration":0},{"angle2":-123.75,"type":"mineHold","angle":123.75,"time":72,"duration":0},{"angle2":-213.75,"type":"mineHold","angle":33.75,"time":72.5,"duration":0},{"angle2":-213.75,"type":"mineHold","angle":33.75,"time":73,"duration":0},{"time":70.5,"type":"extraTap","angle":270},{"time":70.5,"type":"inverse","angle":270},{"time":70.25,"type":"inverse","angle":270},{"angle2":-483.75,"type":"mineHold","angle":-236.25,"time":280.5,"duration":0},{"time":280.5,"type":"inverse","angle":-540},{"time":280,"type":"inverse","angle":-540},{"time":280.25,"type":"inverse","angle":-180},{"time":280.5,"type":"extraTap","angle":-180},{"time":282,"type":"inverse","angle":270},{"time":282,"type":"extraTap","angle":-90},{"angle2":-483.75,"type":"mineHold","angle":-236.25,"time":281,"duration":0},{"time":281,"type":"inverse","angle":-540},{"time":281,"type":"extraTap","angle":-180},{"time":283.5,"type":"inverse","angle":360},{"time":283.5,"type":"extraTap","angle":0},{"time":284,"type":"inverse","angle":360},{"time":284,"type":"extraTap","angle":0},{"time":285.25,"type":"inverse","angle":-270},{"time":285.5,"type":"inverse","angle":-270},{"time":285.25,"type":"inverse","angle":-270},{"time":285,"type":"inverse","angle":-270},{"time":286,"type":"inverse","angle":-270},{"time":285,"type":"inverse","angle":-630},{"time":285.5,"type":"inverse","angle":-630},{"angle2":-393.75,"type":"mineHold","angle":-146.25,"time":282,"duration":0},{"angle2":-393.75,"type":"mineHold","angle":-146.25,"time":282.5,"duration":0},{"angle2":-56.25,"type":"mineHold","angle":-303.75,"time":283.5,"duration":0},{"angle2":-56.25,"type":"mineHold","angle":-303.75,"time":284,"duration":0},{"angle2":33.75,"type":"mineHold","angle":-213.75,"time":284.5,"duration":0},{"angle2":33.75,"type":"mineHold","angle":-213.75,"time":285,"duration":0},{"time":282.5,"type":"extraTap","angle":-450},{"time":282.5,"type":"inverse","angle":-450},{"time":282.25,"type":"inverse","angle":-450},{"time":353,"type":"block","angle":180},{"time":354,"type":"block","angle":247.5},{"time":355,"type":"block","angle":315},{"time":356,"type":"block","angle":22.5},{"time":357,"type":"block","angle":90},{"time":358,"type":"block","angle":157.5},{"time":369,"type":"block","angle":180},{"time":370,"type":"block","angle":112.5},{"time":371,"type":"block","angle":45},{"time":372,"type":"block","angle":337.5},{"time":373,"type":"block","angle":270},{"time":374,"type":"block","angle":202.5},{"time":386,"type":"block","angle":292.5},{"time":387,"type":"block","angle":225},{"time":388,"type":"block","angle":157.5},{"time":389,"type":"block","angle":90},{"time":390,"type":"block","angle":22.5},{"time":402,"type":"block","angle":67.5},{"time":403,"type":"block","angle":135},{"time":404,"type":"block","angle":202.5},{"time":405,"type":"block","angle":270},{"time":406,"type":"block","angle":337.5},{"time":385,"type":"block","angle":0},{"time":401,"type":"block","angle":0},{"time":418.5,"type":"block","angle":45},{"time":419.5,"type":"block","angle":315},{"time":420.5,"type":"block","angle":225},{"time":420.5,"type":"block","angle":236.25},{"time":420.5,"type":"block","angle":213.75},{"time":421.5,"type":"block","angle":348.75},{"time":421.5,"type":"block","angle":360},{"time":421.5,"type":"block","angle":11.25},{"time":422.5,"type":"block","angle":123.75},{"time":422.5,"type":"block","angle":135},{"time":422.5,"type":"block","angle":146.25},{"time":424,"type":"block","angle":270},{"time":424.5,"type":"block","angle":247.5},{"time":425,"type":"block","angle":247.5},{"time":425.5,"type":"block","angle":225},{"time":426,"type":"block","angle":202.5},{"time":426.5,"type":"block","angle":225},{"time":428,"type":"block","angle":90},{"time":428.5,"type":"block","angle":112.5},{"time":429,"type":"block","angle":112.5},{"time":429.5,"type":"block","angle":225},{"time":430,"type":"block","angle":225},{"time":430.5,"type":"block","angle":315},{"time":431,"type":"block","angle":315},{"time":431.5,"type":"block","angle":56.25},{"time":432,"type":"block","angle":56.25},{"angle2":0,"type":"hold","angle":0,"time":432.5,"duration":3},{"angle2":11.25,"type":"hold","angle":11.25,"time":432.5,"duration":3},{"angle2":348.75,"type":"hold","angle":348.75,"time":432.5,"duration":3},{"angle2":427.5,"type":"mineHold","angle":427.5,"time":432.5,"duration":0.5},{"angle2":427.5,"type":"mineHold","angle":450,"time":432.5,"duration":0.5},{"angle2":450,"type":"mineHold","angle":495,"time":432.5,"duration":0.5},{"angle2":495,"type":"mineHold","angle":517.5,"time":432.5,"duration":0.5},{"angle2":180,"type":"mineHold","angle":180,"time":432.5,"duration":0.5},{"angle2":225,"type":"mineHold","angle":202.5,"time":432.5,"duration":0.5},{"angle2":270,"type":"mineHold","angle":225,"time":432.5,"duration":0.5},{"angle2":292.5,"type":"mineHold","angle":270,"time":432.5,"duration":0.5},{"angle2":292.5,"type":"mineHold","angle":292.5,"time":432.5,"duration":0.5},{"angle2":652.5,"type":"mineHold","angle":427.5,"time":432.5,"duration":0},{"angle2":652.5,"type":"mineHold","angle":427.5,"time":433,"duration":0},{"angle2":427.5,"type":"mineHold","angle":427.5,"time":433.5,"duration":0.5},{"angle2":427.5,"type":"mineHold","angle":450,"time":433.5,"duration":0.5},{"angle2":450,"type":"mineHold","angle":495,"time":433.5,"duration":0.5},{"angle2":495,"type":"mineHold","angle":517.5,"time":433.5,"duration":0.5},{"angle2":180,"type":"mineHold","angle":180,"time":433.5,"duration":0.5},{"angle2":225,"type":"mineHold","angle":202.5,"time":433.5,"duration":0.5},{"angle2":270,"type":"mineHold","angle":225,"time":433.5,"duration":0.5},{"angle2":292.5,"type":"mineHold","angle":270,"time":433.5,"duration":0.5},{"angle2":292.5,"type":"mineHold","angle":292.5,"time":433.5,"duration":0.5},{"angle2":652.5,"type":"mineHold","angle":427.5,"time":433.5,"duration":0},{"angle2":652.5,"type":"mineHold","angle":427.5,"time":434,"duration":0},{"angle2":427.5,"type":"mineHold","angle":427.5,"time":434.5,"duration":0.5},{"angle2":427.5,"type":"mineHold","angle":450,"time":434.5,"duration":0.5},{"angle2":450,"type":"mineHold","angle":495,"time":434.5,"duration":0.5},{"angle2":495,"type":"mineHold","angle":517.5,"time":434.5,"duration":0.5},{"angle2":180,"type":"mineHold","angle":180,"time":434.5,"duration":0.5},{"angle2":225,"type":"mineHold","angle":202.5,"time":434.5,"duration":0.5},{"angle2":270,"type":"mineHold","angle":225,"time":434.5,"duration":0.5},{"angle2":292.5,"type":"mineHold","angle":270,"time":434.5,"duration":0.5},{"angle2":292.5,"type":"mineHold","angle":292.5,"time":434.5,"duration":0.5},{"angle2":652.5,"type":"mineHold","angle":427.5,"time":434.5,"duration":0},{"angle2":652.5,"type":"mineHold","angle":427.5,"time":435,"duration":0},{"angle2":270,"type":"hold","angle":0,"time":436.5,"duration":3},{"time":440.5,"type":"block","angle":315},{"time":441.5,"type":"block","angle":45},{"time":442.5,"type":"block","angle":180},{"time":444,"type":"block","angle":225},{"time":444.5,"type":"side","angle":-371.25},{"time":444.5,"type":"side","angle":-360},{"time":444.5,"type":"side","angle":-348.75},{"time":445.5,"type":"side","angle":-371.25},{"time":445.5,"type":"side","angle":-360},{"time":445.5,"type":"side","angle":-348.75},{"angle2":-900,"type":"mineHold","angle":-540,"time":445.5,"duration":1},{"time":446.5,"type":"block","angle":0},{"time":447,"type":"block","angle":56.25},{"time":447.5,"type":"block","angle":90},{"angle2":0,"type":"hold","angle":180,"time":448,"duration":1},{"time":449.25,"type":"block","angle":345},{"time":449.5,"type":"block","angle":330},{"time":449.75,"type":"block","angle":315},{"time":450,"type":"block","angle":300},{"time":450.25,"type":"block","angle":285},{"time":450.5,"type":"block","angle":270},{"time":450.75,"type":"block","angle":255},{"time":451,"type":"block","angle":240},{"time":451.25,"type":"block","angle":225},{"time":451.5,"type":"block","angle":210},{"time":451.75,"type":"block","angle":195},{"time":452,"type":"block","angle":180},{"type":"side","angle":45,"time":452.5,"tap":true},{"time":453,"type":"block","angle":120},{"time":453.25,"type":"block","angle":135},{"type":"side","angle":315,"time":453.5,"tap":true},{"time":454,"type":"block","angle":360},{"time":454.25,"type":"block","angle":375},{"type":"side","angle":255,"time":454.5,"tap":true},{"time":455,"type":"block","angle":210},{"time":455.25,"type":"block","angle":180},{"type":"side","angle":60,"time":455.5,"tap":true},{"angle2":165,"type":"mineHold","angle":150,"time":452,"duration":0.5},{"time":456,"type":"block","angle":15},{"time":456.25,"type":"block","angle":-15},{"type":"side","angle":75,"time":456.5,"tap":true},{"time":457,"type":"block","angle":210},{"time":457.25,"type":"block","angle":240},{"type":"side","angle":150,"time":457.5,"tap":true},{"time":458,"type":"block","angle":75},{"time":458.25,"type":"block","angle":45},{"type":"side","angle":315,"time":458.5,"tap":true},{"time":459,"type":"block","angle":270},{"time":459.25,"type":"block","angle":255},{"type":"side","angle":390,"time":459.5,"tap":true},{"time":460,"type":"block","angle":90},{"time":460.25,"type":"block","angle":120},{"type":"side","angle":210,"time":460.5,"tap":true},{"time":461,"type":"block","angle":255},{"time":461.25,"type":"block","angle":285},{"type":"side","angle":165,"time":461.5,"tap":true},{"time":462,"type":"block","angle":75},{"time":462.25,"type":"block","angle":45},{"type":"side","angle":360,"time":462.5,"tap":true},{"time":463,"type":"block","angle":270},{"time":463.25,"type":"block","angle":240},{"type":"side","angle":-60,"time":463.5,"tap":true},{"time":464.25,"type":"block","angle":0},{"time":464,"type":"block","angle":345},{"type":"side","angle":90,"time":464.5,"tap":true},{"time":465,"type":"block","angle":180},{"time":465.5,"type":"block","angle":190},{"time":465.5,"type":"block","angle":180},{"time":466,"type":"block","angle":180},{"time":466,"type":"block","angle":169},{"time":466,"type":"block","angle":191},{"time":465.5,"type":"block","angle":170},{"time":470.5,"type":"extraTap","angle":270},{"time":469.5,"type":"extraTap","angle":270},{"time":471,"type":"extraTap","angle":270},{"time":468.5,"type":"extraTap","angle":0},{"time":476.5,"type":"extraTap","angle":270},{"time":477.5,"type":"extraTap","angle":450},{"time":478.5,"type":"extraTap","angle":495},{"time":479,"type":"extraTap","angle":450},{"time":480,"type":"extraTap","angle":270},{"time":486.5,"type":"extraTap","angle":-270},{"time":485.5,"type":"extraTap","angle":-270},{"time":487,"type":"extraTap","angle":-270},{"time":484.5,"type":"extraTap","angle":0},{"time":492.5,"type":"extraTap","angle":-270},{"time":493.5,"type":"extraTap","angle":-450},{"time":494.5,"type":"extraTap","angle":-495},{"time":495,"type":"extraTap","angle":-450},{"time":496,"type":"extraTap","angle":-270},{"time":488,"type":"extraTap","angle":90},{"time":472,"type":"extraTap","angle":270},{"angle2":0,"type":"hold","angle":180,"time":466.5,"duration":1},{"angle2":-11.25,"type":"hold","angle":168.75,"time":466.5,"duration":1},{"angle2":11.25,"type":"hold","angle":191.25,"time":466.5,"duration":1},{"time":468.5,"type":"block","angle":247.5},{"time":468.5,"type":"block","angle":236.25},{"time":468.5,"type":"block","angle":225},{"time":469.5,"type":"block","angle":78.75},{"time":469.5,"type":"block","angle":90},{"time":469.5,"type":"block","angle":101.25},{"angle2":416.25,"type":"hold","angle":292.5,"time":470.5,"duration":0.5},{"angle2":427.5,"type":"hold","angle":303.75,"time":470.5,"duration":0.5},{"angle2":438.75,"type":"hold","angle":315,"time":470.5,"duration":0.5},{"speedMult":1.5,"angle":168.75,"type":"inverse","time":472},{"speedMult":1.5,"angle":180,"type":"inverse","time":472},{"speedMult":1.4999995231628,"angle":191.25,"type":"inverse","time":472},{"time":473,"type":"block","angle":101.25},{"time":473.25,"type":"block","angle":90},{"time":473.5,"type":"block","angle":78.75},{"time":474.5,"type":"side","angle":168.75},{"time":474.5,"type":"side","angle":180},{"time":474.5,"type":"side","angle":191.25},{"time":475.5,"type":"side","angle":168.75},{"time":475.5,"type":"side","angle":180},{"time":475.5,"type":"side","angle":191.25},{"time":476.5,"type":"block","angle":45},{"time":476.5,"type":"block","angle":56.25},{"time":476.5,"type":"block","angle":67.5},{"time":477.5,"type":"block","angle":326.25},{"time":477.5,"type":"block","angle":315},{"time":477.5,"type":"block","angle":303.75},{"angle2":303.75,"type":"hold","angle":123.75,"time":478.5,"duration":0.5},{"angle2":326.25,"type":"hold","angle":146.25,"time":478.5,"duration":0.5},{"angle2":315,"type":"hold","angle":135,"time":478.5,"duration":0.5},{"speedMult":1.4999995231628,"angle":180,"type":"inverse","time":480},{"speedMult":1.5,"angle":168.75,"type":"inverse","time":480},{"speedMult":1.5,"angle":191.25,"type":"inverse","time":480},{"time":481,"type":"block","angle":-90},{"time":482.5,"type":"side","angle":-123.75},{"time":482.5,"type":"side","angle":-135},{"time":482.5,"type":"side","angle":-146.25},{"time":483.5,"type":"side","angle":-213.75},{"time":483.5,"type":"side","angle":-225},{"time":483.5,"type":"side","angle":-236.25},{"time":481.5,"type":"block","angle":157.5},{"time":482,"type":"block","angle":135},{"time":481.25,"type":"block","angle":247.5},{"time":482.25,"type":"block","angle":123.75},{"time":484.5,"type":"block","angle":292.5},{"time":484.5,"type":"block","angle":270},{"time":484.5,"type":"block","angle":281.25},{"time":485.5,"type":"block","angle":90},{"time":485.5,"type":"block","angle":78.75},{"time":485.5,"type":"block","angle":67.5},{"angle2":337.5,"type":"hold","angle":495,"time":486.5,"duration":0.5},{"angle2":360,"type":"hold","angle":517.5,"time":486.5,"duration":0.5},{"angle2":348.75,"type":"hold","angle":506.25,"time":486.5,"duration":0.5},{"speedMult":1.5,"angle":168.75,"type":"inverse","time":488},{"speedMult":1.5,"angle":180,"type":"inverse","time":488},{"speedMult":1.5,"angle":191.25,"type":"inverse","time":488},{"time":489,"type":"block","angle":0},{"time":489.25,"type":"block","angle":33.75},{"time":489.5,"type":"block","angle":67.5},{"time":490,"type":"block","angle":112.5},{"time":490.5,"type":"side","angle":225},{"time":490.5,"type":"side","angle":236.25},{"time":490.5,"type":"side","angle":247.5},{"time":491.5,"type":"side","angle":270},{"time":491.5,"type":"side","angle":258.75},{"time":491.5,"type":"side","angle":247.5},{"time":492.5,"type":"block","angle":78.75},{"time":492.5,"type":"block","angle":101.25},{"time":493.5,"type":"block","angle":281.25},{"time":493.5,"type":"block","angle":258.75},{"time":494.5,"type":"block","angle":33.75},{"time":494.5,"type":"block","angle":45},{"time":494.5,"type":"block","angle":56.25},{"time":495,"type":"block","angle":337.5},{"time":495,"type":"block","angle":326.25},{"time":495,"type":"block","angle":315},{"time":496,"type":"inverse","angle":168.75},{"time":496,"type":"inverse","angle":180},{"time":496,"type":"inverse","angle":191.25},{"time":493.5,"type":"block","angle":270},{"time":500.5,"type":"inverse","angle":168.75},{"time":500.5,"type":"inverse","angle":180},{"time":500.5,"type":"inverse","angle":191.25},{"speedMult":2,"angle":191.25,"type":"inverse","time":501.5},{"speedMult":2,"angle":180,"type":"inverse","time":501.5},{"speedMult":2,"angle":168.75,"type":"inverse","time":501.5},{"speedMult":3,"angle":168.75,"type":"inverse","time":502.5},{"speedMult":3,"angle":180,"type":"inverse","time":502.5},{"speedMult":3,"angle":191.25,"type":"inverse","time":502.5},{"speedMult":3,"angle":168.75,"type":"inverse","time":503},{"speedMult":3,"angle":180,"type":"inverse","time":503},{"speedMult":3,"angle":191.25,"type":"inverse","time":503},{"speedMult":10,"angle":168.75,"type":"inverse","time":504},{"speedMult":10,"angle":180,"type":"inverse","time":504},{"speedMult":10,"angle":191.25,"type":"inverse","time":504},{"time":501.5,"type":"extraTap","angle":123.75},{"time":502.5,"type":"extraTap","angle":123.75},{"time":500.5,"type":"extraTap","angle":123.75},{"time":503,"type":"extraTap","angle":123.75},{"time":504,"type":"extraTap","angle":123.75},{"time":497,"type":"block","angle":315},{"time":497.5,"type":"block","angle":337.5},{"time":498,"type":"block","angle":45},{"time":498.5,"type":"block","angle":22.5},{"time":505,"type":"block","angle":165},{"time":505.5,"type":"block","angle":180},{"time":506,"type":"block","angle":195},{"time":506.5,"type":"block","angle":180},{"angle2":337.5,"type":"hold","angle":326.25,"time":507.5,"duration":0.5},{"angle2":360,"type":"hold","angle":348.75,"time":507.5,"duration":0.5},{"angle2":348.75,"type":"hold","angle":337.5,"time":507.75,"duration":0},{"angle2":22.5,"type":"hold","angle":22.5,"time":507.75,"duration":0.5},{"angle2":22.5,"type":"hold","angle":0,"time":507.75,"duration":0.5},{"angle2":11.25,"type":"hold","angle":22.5,"time":508,"duration":0},{"time":508.5,"type":"block","angle":0},{"time":508.75,"type":"block","angle":345},{"time":509,"type":"block","angle":330},{"time":509.5,"type":"side","angle":90},{"time":510,"type":"block","angle":165},{"time":510.5,"type":"block","angle":210},{"time":511.33334350586,"type":"block","angle":240},{"time":511.5,"type":"side","angle":210},{"time":512,"type":"block","angle":165},{"time":513,"type":"block","angle":135},{"time":513.25,"type":"block","angle":157.5},{"time":513.5,"type":"side","angle":225},{"time":514,"type":"block","angle":270},{"time":514.5,"type":"block","angle":315},{"time":514.75,"type":"block","angle":337.5},{"time":515,"type":"block","angle":360},{"time":515.5,"type":"side","angle":112.5},{"time":515.5,"type":"side","angle":101.25},{"time":515.5,"type":"side","angle":90},{"time":516.5,"type":"block","angle":-180},{"time":516.75,"type":"block","angle":-525},{"time":517,"type":"block","angle":-510},{"time":517.5,"type":"side","angle":-270},{"time":518,"type":"block","angle":-345},{"time":518.5,"type":"block","angle":-390},{"time":519.33334350586,"type":"block","angle":-420},{"time":519.5,"type":"side","angle":-390},{"time":520,"type":"block","angle":-345},{"time":521,"type":"block","angle":-315},{"time":521.25,"type":"block","angle":-337.5},{"time":521.5,"type":"side","angle":-405},{"time":522,"type":"block","angle":-450},{"time":522.5,"type":"block","angle":-495},{"time":522.75,"type":"block","angle":-517.5},{"time":523,"type":"block","angle":-540},{"time":523.5,"type":"side","angle":-292.5},{"time":523.5,"type":"side","angle":-281.25},{"time":523.5,"type":"side","angle":-270},{"time":524.5,"type":"block","angle":-90},{"time":524.75,"type":"block","angle":255},{"time":525,"type":"block","angle":240},{"time":525.5,"type":"side","angle":0},{"time":526,"type":"block","angle":75},{"time":526.5,"type":"block","angle":120},{"time":527.33334350586,"type":"block","angle":150},{"time":527.5,"type":"side","angle":120},{"time":528,"type":"block","angle":75},{"time":529,"type":"block","angle":45},{"time":529.25,"type":"block","angle":67.5},{"time":529.5,"type":"side","angle":135},{"time":530,"type":"block","angle":180},{"time":530.5,"type":"block","angle":225},{"time":530.75,"type":"block","angle":247.5},{"time":531,"type":"block","angle":270},{"time":531.5,"type":"side","angle":22.5},{"time":531.5,"type":"side","angle":11.25},{"time":531.5,"type":"side","angle":0},{"time":532.5,"type":"block","angle":-270},{"time":532.75,"type":"block","angle":-615},{"time":533,"type":"block","angle":-600},{"time":533.5,"type":"side","angle":-360},{"time":534,"type":"block","angle":-435},{"time":534.5,"type":"block","angle":-480},{"time":535.33334350586,"type":"block","angle":-510},{"time":535.5,"type":"side","angle":-468.75},{"time":536,"type":"block","angle":-435},{"time":537,"type":"block","angle":-405},{"time":537.25,"type":"block","angle":-427.5},{"time":537.5,"type":"side","angle":-495},{"time":538,"type":"block","angle":-540},{"time":538.5,"type":"block","angle":-585},{"time":538.75,"type":"block","angle":-607.5},{"time":539,"type":"block","angle":-630},{"time":539.5,"type":"side","angle":-382.5},{"time":539.5,"type":"side","angle":-371.25},{"time":539.5,"type":"side","angle":-360},{"angle2":-180,"type":"hold","angle":270,"time":540.5,"duration":3.5},{"time":545,"type":"block","angle":168.75},{"time":545.25,"type":"block","angle":180},{"time":545.5,"type":"block","angle":191.25},{"time":546,"type":"block","angle":180},{"speedMult":8,"angle":191.25,"type":"inverse","time":546.5},{"speedMult":8,"angle":180,"type":"inverse","time":546.5},{"speedMult":8,"angle":168.75,"type":"inverse","time":546.5},{"time":546.5,"type":"block","angle":180},{"time":546.5,"type":"block","angle":168.75},{"time":546.5,"type":"block","angle":191.25},{"time":5,"type":"block","angle":157.5},{"time":5.5,"type":"block","angle":135},{"time":6,"type":"block","angle":112.5},{"time":6.5,"type":"block","angle":0},{"time":7,"type":"block","angle":-22.5},{"time":7.5,"type":"block","angle":-45},{"time":8,"type":"block","angle":-67.5},{"time":4.5,"type":"block","angle":180},{"time":4.5,"type":"block","angle":174.375},{"time":4.5,"type":"block","angle":185.625},{"time":6.5,"type":"block","angle":5.625},{"time":6.5,"type":"block","angle":354.375}]