{"properties":{"formatversion":12,"offset":8,"speed":80,"startBeat":5},"events":[{"file":"mental_chainsaw.ogg","type":"play","angle":360,"time":0.31999999284744,"volume":1,"bpm":188},{"ease":"linear","duration":0,"newWidth":45,"angle":180,"type":"paddles","time":115.5,"paddle":0},{"duration":0,"type":"paddles","angle":-78.75,"newWidth":70,"time":122,"paddle":0},{"type":"setColor","color":0,"r":219,"g":219,"b":219,"angle":135,"order":-999,"time":4.5},{"type":"setColor","color":3,"r":20,"g":133,"b":173,"angle":22.5,"order":-999,"time":4.5},{"type":"setColor","color":3,"r":244,"g":240,"b":16,"angle":67.5,"order":-999,"time":6.5},{"type":"setColor","color":3,"r":255,"g":53,"b":140,"angle":67.5,"order":-999,"time":8.5},{"type":"setColor","color":3,"r":244,"g":240,"b":16,"angle":67.5,"order":-999,"time":9.5},{"type":"setColor","color":3,"r":20,"g":133,"b":173,"angle":67.5,"order":-999,"time":10.5},{"type":"setBgColor","angle":67.5,"time":11.5,"color":3},{"type":"setBgColor","angle":67.5,"time":12.5,"color":3},{"r":244,"b":16,"angle":45,"g":240,"time":12.5,"color":3,"type":"setColor"},{"type":"deco","recolor":2,"angle":157.5,"id":"0","drawOrder":0,"sprite":"mchbggradient.png","drawLayer":"bg","x":0,"y":17,"order":-999,"time":12.5},{"type":"setBgColor","angle":67.5,"time":-10,"color":1},{"type":"setBgColor","angle":360,"time":-10,"color":3},{"r":0,"b":0,"angle":112.5,"g":0,"time":-10,"color":3,"type":"setColor"},{"r":246,"b":0,"angle":270,"g":206,"time":159,"color":3,"type":"setColor"},{"r":0,"b":0,"angle":270,"g":0,"time":159.5,"color":3,"type":"setColor"},{"r":244,"b":16,"angle":270,"g":240,"time":160.5,"color":3,"type":"setColor"},{"id":"0","type":"deco","angle":292.5,"time":11.5,"hide":true},{"id":"0","type":"deco","angle":90,"time":12.5,"hide":false},{"id":"0","type":"deco","angle":225,"time":159,"hide":true},{"id":"0","type":"deco","angle":247.5,"time":160.5,"hide":false},{"r":227,"b":42,"angle":157.5,"g":223,"time":-10,"color":2,"type":"setColor"},{"r":0,"b":0,"angle":191.25,"g":0,"time":159.5,"color":0,"type":"setColor"},{"r":255,"b":255,"angle":168.75,"g":255,"time":159.5,"color":1,"type":"setColor"},{"r":219,"b":219,"angle":168.75,"g":219,"time":160.5,"color":0,"type":"setColor"},{"r":0,"b":0,"angle":191.25,"g":0,"time":160.5,"color":1,"type":"setColor"},{"y":0,"type":"deco","x":0,"angle":210,"sprite":"blackbars.png","id":"1","time":159},{"id":"1","type":"deco","angle":210,"time":159.5,"hide":true},{"r":255,"b":255,"angle":120,"g":255,"time":11.5,"color":1,"type":"setColor"},{"r":0,"b":0,"angle":45,"g":0,"time":11.5,"color":3,"type":"setColor"},{"r":0,"b":0,"angle":135,"g":0,"time":11.5,"color":0,"type":"setColor"},{"r":217,"b":217,"angle":120,"g":217,"time":12.5,"color":0,"type":"setColor"},{"r":0,"b":0,"angle":135,"g":0,"time":12.5,"color":1,"type":"setColor"},{"r":246,"b":0,"angle":270,"g":206,"time":175,"color":3,"type":"setColor"},{"r":0,"b":0,"angle":270,"g":0,"time":175.5,"color":3,"type":"setColor"},{"r":244,"b":16,"angle":270,"g":240,"time":176.5,"color":3,"type":"setColor"},{"id":"0","type":"deco","angle":225,"time":175,"hide":true},{"id":"0","type":"deco","angle":247.5,"time":176.5,"hide":false},{"r":0,"b":0,"angle":191.25,"g":0,"time":175.5,"color":0,"type":"setColor"},{"r":255,"b":255,"angle":168.75,"g":255,"time":175.5,"color":1,"type":"setColor"},{"r":219,"b":219,"angle":168.75,"g":219,"time":176.5,"color":0,"type":"setColor"},{"r":0,"b":0,"angle":191.25,"g":0,"time":176.5,"color":1,"type":"setColor"},{"y":0,"type":"deco","x":0,"angle":210,"sprite":"blackbars.png","id":"1","time":175},{"id":"1","type":"deco","angle":210,"time":175.5,"hide":true},{"r":0,"b":0,"angle":157.5,"g":0,"time":222.5,"color":3,"type":"setColor"},{"r":0,"b":0,"angle":78.75,"g":0,"time":222.5,"color":0,"type":"setColor"},{"r":255,"b":255,"angle":56.25,"g":255,"time":222.5,"color":1,"type":"setColor"},{"id":"0","type":"deco","angle":97.5,"time":222.5,"hide":true},{"r":244,"b":16,"angle":270,"g":240,"time":223.5,"color":3,"type":"setColor"},{"id":"0","type":"deco","angle":247.5,"time":223.5,"hide":false},{"r":219,"b":219,"angle":168.75,"g":219,"time":223.5,"color":0,"type":"setColor"},{"r":0,"b":0,"angle":191.25,"g":0,"time":223.5,"color":1,"type":"setColor"},{"id":"1","type":"deco","angle":90,"time":223.5,"hide":false},{"id":"1","type":"deco","angle":112.5,"time":224.5,"hide":true},{"r":244,"b":16,"angle":-270,"g":240,"time":320.5,"color":3,"type":"setColor"},{"id":"0","type":"deco","angle":-247.5,"time":320.5,"hide":false},{"r":0,"b":0,"angle":-270,"g":0,"time":335.5,"color":3,"type":"setColor"},{"r":244,"b":16,"angle":-270,"g":240,"time":336.5,"color":3,"type":"setColor"},{"id":"0","type":"deco","angle":-225,"time":335,"hide":true},{"id":"0","type":"deco","angle":-247.5,"time":336.5,"hide":false},{"r":0,"b":0,"angle":-191.25,"g":0,"time":335.5,"color":0,"type":"setColor"},{"r":255,"b":255,"angle":-168.75,"g":255,"time":335.5,"color":1,"type":"setColor"},{"r":219,"b":219,"angle":-168.75,"g":219,"time":336.5,"color":0,"type":"setColor"},{"r":0,"b":0,"angle":-191.25,"g":0,"time":336.5,"color":1,"type":"setColor"},{"y":0,"type":"deco","x":0,"angle":-210,"sprite":"blackbars.png","id":"1","time":335},{"id":"1","type":"deco","angle":-210,"time":335.5,"hide":true},{"r":240,"b":124,"angle":270,"g":62,"time":319,"color":3,"type":"setColor"},{"r":0,"b":0,"angle":270,"g":0,"time":319.5,"color":3,"type":"setColor"},{"r":244,"b":16,"angle":270,"g":240,"time":320.5,"color":3,"type":"setColor"},{"id":"0","type":"deco","angle":225,"time":319,"hide":true},{"r":0,"b":0,"angle":191.25,"g":0,"time":319.5,"color":0,"type":"setColor"},{"r":255,"b":255,"angle":168.75,"g":255,"time":319.5,"color":1,"type":"setColor"},{"r":219,"b":219,"angle":168.75,"g":219,"time":320.5,"color":0,"type":"setColor"},{"r":0,"b":0,"angle":191.25,"g":0,"time":320.5,"color":1,"type":"setColor"},{"type":"deco","id":"1","hide":false,"angle":210,"x":0,"y":0,"sprite":"blackbars.png","time":319},{"id":"1","type":"deco","angle":210,"time":319.5,"hide":true},{"r":0,"b":0,"angle":-270,"g":0,"time":351.5,"color":3,"type":"setColor"},{"r":244,"b":16,"angle":-270,"g":240,"time":352.5,"color":3,"type":"setColor"},{"r":0,"b":0,"angle":-191.25,"g":0,"time":351.5,"color":0,"type":"setColor"},{"r":255,"b":255,"angle":-168.75,"g":255,"time":351.5,"color":1,"type":"setColor"},{"r":219,"b":219,"angle":-168.75,"g":219,"time":352.5,"color":0,"type":"setColor"},{"r":0,"b":0,"angle":-191.25,"g":0,"time":352.5,"color":1,"type":"setColor"},{"id":"0","type":"deco","angle":247.5,"time":352.5,"hide":false},{"id":"0","type":"deco","angle":210,"time":351.5,"hide":true},{"ease":"linear","duration":0,"newWidth":45,"angle":360,"type":"paddles","time":67.5,"paddle":0},{"duration":0,"type":"paddles","angle":101.25,"newWidth":70,"time":74,"paddle":0},{"ease":"linear","duration":0,"newWidth":45,"angle":-540,"type":"paddles","time":279.5,"paddle":0},{"duration":0,"type":"paddles","angle":-281.25,"newWidth":70,"time":286,"paddle":0},{"type":"setBgColor","angle":180,"time":412,"color":1},{"id":"0","type":"deco","angle":157.5,"time":412,"hide":true},{"g":0,"b":0,"angle":202.5,"r":0,"time":412,"color":0,"type":"setColor"},{"type":"setBgColor","angle":180,"time":416.5,"color":3},{"g":0,"b":0,"angle":180,"r":0,"time":-10,"color":0,"type":"setColor"},{"g":255,"b":255,"angle":135,"r":255,"time":-10,"color":1,"type":"setColor"},{"r":0,"b":0,"angle":157.5,"g":0,"time":4.5,"color":1,"type":"setColor"},{"type":"ease","duration":16,"start":0,"ease":"inCirc","time":416.5,"angle":270,"var":"scrollSpeed","value":50},{"type":"ease","angle":112.5,"time":422.5,"value":1.5000004768372,"var":"scrollSpeed"},{"r":240,"b":124,"angle":270,"g":62,"time":435,"color":3,"type":"setColor"},{"r":0,"b":0,"angle":270,"g":0,"time":435.5,"color":3,"type":"setColor"},{"id":"0","type":"deco","angle":225,"time":435,"hide":true},{"r":0,"b":0,"angle":191.25,"g":0,"time":435.5,"color":0,"type":"setColor"},{"r":255,"b":255,"angle":168.75,"g":255,"time":435.5,"color":1,"type":"setColor"},{"type":"deco","id":"1","hide":false,"y":0,"x":0,"angle":210,"sprite":"blackbars.png","time":435},{"id":"1","type":"deco","angle":210,"time":435.5,"hide":true},{"type":"setBgColor","angle":213.75,"time":436.5,"color":3},{"g":240,"b":16,"angle":191.25,"r":244,"time":436.5,"color":3,"type":"setColor"},{"type":"setColor","color":0,"r":219,"g":219,"b":219,"angle":135,"order":-999,"time":436.5},{"g":0,"b":0,"angle":157.5,"r":0,"time":436.5,"color":1,"type":"setColor"},{"id":"0","type":"deco","angle":157.5,"time":416.5,"hide":false},{"id":"0","type":"deco","angle":112.5,"time":436.5,"hide":false},{"type":"ease","duration":3,"start":1.5,"ease":"linear","time":436.5,"angle":45,"var":"scrollSpeed","value":1},{"r":240,"b":124,"angle":270,"g":62,"time":451,"color":3,"type":"setColor"},{"r":0,"b":0,"angle":270,"g":0,"time":451.5,"color":3,"type":"setColor"},{"id":"0","type":"deco","angle":225,"time":451,"hide":true},{"r":0,"b":0,"angle":191.25,"g":0,"time":451.5,"color":0,"type":"setColor"},{"r":255,"b":255,"angle":168.75,"g":255,"time":451.5,"color":1,"type":"setColor"},{"type":"setBgColor","angle":213.75,"time":452.5,"color":3},{"g":240,"b":16,"angle":191.25,"r":244,"time":452.5,"color":3,"type":"setColor"},{"type":"setColor","color":0,"r":219,"g":219,"b":219,"angle":135,"order":-999,"time":452.5},{"g":0,"b":0,"angle":157.5,"r":0,"time":452.5,"color":1,"type":"setColor"},{"id":"0","type":"deco","angle":112.5,"time":452.5,"hide":false},{"type":"setBgColor","angle":135,"time":498.5,"color":1},{"type":"setBgColor","angle":135,"time":500,"color":3},{"type":"setColor","angle":123.75,"time":498.5,"color":0},{"id":"0","type":"deco","angle":101.25,"time":498.5,"hide":true},{"id":"0","type":"deco","angle":112.5,"time":500,"hide":false},{"r":0,"b":0,"angle":157.5,"g":0,"time":506.5,"color":3,"type":"setColor"},{"r":0,"b":0,"angle":78.75,"g":0,"time":506.5,"color":0,"type":"setColor"},{"r":255,"b":255,"angle":56.25,"g":255,"time":506.5,"color":1,"type":"setColor"},{"id":"0","type":"deco","angle":97.5,"time":506.5,"hide":true},{"r":244,"b":16,"angle":270,"g":240,"time":507.5,"color":3,"type":"setColor"},{"id":"0","type":"deco","angle":247.5,"time":507.5,"hide":false},{"r":219,"b":219,"angle":168.75,"g":219,"time":507.5,"color":0,"type":"setColor"},{"r":0,"b":0,"angle":191.25,"g":0,"time":507.5,"color":1,"type":"setColor"},{"id":"1","type":"deco","angle":90,"time":507.5,"hide":false},{"id":"1","type":"deco","angle":112.5,"time":508.5,"hide":true},{"id":"1","type":"deco","angle":292.5,"time":540.5,"hide":false},{"type":"setBgColor","angle":146.25,"time":546.5,"color":1},{"g":0,"b":0,"angle":135,"r":0,"time":546.5,"color":0,"type":"setColor"},{"id":"0","type":"deco","angle":123.75,"time":546.5,"hide":true},{"time":547.5,"type":"showResults","angle":180},{"type":"deco","id":"2","angle":180,"recolor":2,"drawLayer":"bg","x":0,"y":0,"sprite":"mchbg.png","time":12.5},{"id":"2","type":"deco","angle":135,"time":160.5,"hide":false},{"id":"2","type":"deco","angle":292.5,"time":176.5,"hide":false},{"id":"2","type":"deco","angle":135,"time":222.5,"hide":true},{"id":"2","type":"deco","angle":135,"time":223.5,"hide":false},{"id":"2","type":"deco","angle":135,"time":320.5,"hide":false},{"id":"2","type":"deco","angle":135,"time":336.5,"hide":false},{"id":"2","type":"deco","angle":135,"time":351.5,"hide":true},{"id":"2","type":"deco","angle":135,"time":352.5,"hide":false},{"id":"2","type":"deco","angle":135,"time":412,"hide":true},{"id":"2","type":"deco","angle":135,"time":416.5,"hide":false},{"id":"2","type":"deco","angle":180,"time":436.5,"hide":false},{"id":"2","type":"deco","angle":180,"time":498.5,"hide":true},{"id":"2","type":"deco","angle":157.5,"time":500,"hide":false},{"id":"2","type":"deco","angle":135,"time":506.5,"hide":true},{"id":"2","type":"deco","angle":135,"time":507.5,"hide":false},{"id":"2","type":"deco","angle":112.5,"time":546.5,"hide":true},{"type":"deco","id":"3","y":30,"drawLayer":"bg","x":90,"angle":135,"sprite":"darrow.png","time":124.5},{"angle":135,"type":"deco","x":65,"y":180,"sprite":"darrow.png","time":126.5,"id":"5"},{"angle":135,"type":"deco","x":200,"y":50,"sprite":"down.png","time":128,"id":"7"},{"type":"deco","id":"4","y":90,"drawLayer":"bg","x":500,"angle":135,"sprite":"darrow.png","time":125.5},{"type":"deco","id":"6","y":240,"drawLayer":"bg","x":525,"angle":135,"sprite":"darrow.png","time":127},{"id":"3","type":"deco","angle":330,"time":128,"hide":true},{"id":"4","type":"deco","angle":345,"time":128,"hide":true},{"id":"5","type":"deco","angle":0,"time":128,"hide":true},{"id":"6","type":"deco","angle":15,"time":128,"hide":true},{"id":"7","type":"deco","angle":150,"time":129.5,"hide":true},{"type":"deco","id":"3","hide":false,"y":30,"drawLayer":"bg","x":90,"angle":135,"sprite":"darrow.png","time":132.5},{"type":"deco","id":"5","hide":false,"angle":135,"x":65,"y":180,"sprite":"darrow.png","time":134.5},{"type":"deco","id":"7","hide":false,"angle":135,"x":200,"y":50,"sprite":"down.png","time":136},{"type":"deco","id":"4","hide":false,"y":90,"drawLayer":"bg","x":500,"angle":135,"sprite":"darrow.png","time":133.5},{"type":"deco","id":"6","hide":false,"angle":135,"drawLayer":"bg","x":525,"y":240,"sprite":"darrow.png","time":135},{"id":"3","type":"deco","angle":330,"time":136,"hide":true},{"id":"4","type":"deco","angle":345,"time":136,"hide":true},{"id":"5","type":"deco","angle":0,"time":136,"hide":true},{"id":"6","type":"deco","angle":15,"time":136,"hide":true},{"id":"7","type":"deco","angle":150,"time":137.5,"hide":true},{"type":"deco","id":"3","hide":false,"angle":135,"drawLayer":"bg","x":90,"y":30,"sprite":"darrow.png","time":140.5},{"type":"deco","id":"5","hide":false,"angle":135,"x":65,"y":180,"sprite":"darrow.png","time":142.5},{"type":"deco","id":"7","hide":false,"angle":135,"x":200,"y":50,"sprite":"down.png","time":144},{"type":"deco","id":"4","hide":false,"angle":135,"drawLayer":"bg","x":500,"y":90,"sprite":"darrow.png","time":141.5},{"type":"deco","id":"6","hide":false,"angle":135,"drawLayer":"bg","x":525,"y":240,"sprite":"darrow.png","time":143},{"id":"3","type":"deco","angle":330,"time":144,"hide":true},{"id":"4","type":"deco","angle":345,"time":144,"hide":true},{"id":"5","type":"deco","angle":0,"time":144,"hide":true},{"id":"6","type":"deco","angle":15,"time":144,"hide":true},{"id":"7","type":"deco","angle":150,"time":145.5,"hide":true},{"type":"deco","id":"3","hide":false,"angle":135,"drawLayer":"bg","x":90,"y":30,"sprite":"darrow.png","time":192.5},{"type":"deco","id":"5","hide":false,"angle":135,"x":65,"y":180,"sprite":"darrow.png","time":194.5},{"type":"deco","id":"7","hide":false,"angle":135,"x":200,"y":50,"sprite":"down.png","time":196},{"type":"deco","id":"4","hide":false,"angle":135,"drawLayer":"bg","x":500,"y":90,"sprite":"darrow.png","time":193.5},{"type":"deco","id":"6","hide":false,"angle":135,"drawLayer":"bg","x":525,"y":240,"sprite":"darrow.png","time":195},{"id":"3","type":"deco","angle":330,"time":196,"hide":true},{"id":"4","type":"deco","angle":345,"time":196,"hide":true},{"id":"5","type":"deco","angle":0,"time":196,"hide":true},{"id":"6","type":"deco","angle":15,"time":196,"hide":true},{"id":"7","type":"deco","angle":150,"time":197.5,"hide":true},{"type":"deco","id":"3","hide":false,"angle":135,"drawLayer":"bg","x":90,"y":30,"sprite":"darrow.png","time":200.5},{"type":"deco","id":"5","hide":false,"angle":135,"x":65,"y":180,"sprite":"darrow.png","time":202.5},{"type":"deco","id":"7","hide":false,"angle":135,"x":200,"y":50,"sprite":"down.png","time":204},{"type":"deco","id":"4","hide":false,"angle":135,"drawLayer":"bg","x":500,"y":90,"sprite":"darrow.png","time":201.5},{"type":"deco","id":"6","hide":false,"angle":135,"drawLayer":"bg","x":525,"y":240,"sprite":"darrow.png","time":203},{"id":"3","type":"deco","angle":330,"time":204,"hide":true},{"id":"4","type":"deco","angle":345,"time":204,"hide":true},{"id":"5","type":"deco","angle":0,"time":204,"hide":true},{"id":"6","type":"deco","angle":15,"time":204,"hide":true},{"id":"7","type":"deco","angle":150,"time":205.5,"hide":true},{"type":"deco","id":"3","hide":false,"angle":135,"drawLayer":"bg","x":90,"y":30,"sprite":"darrow.png","time":208.5},{"type":"deco","id":"5","hide":false,"angle":135,"x":65,"y":180,"sprite":"darrow.png","time":210.5},{"type":"deco","id":"7","hide":false,"angle":135,"x":200,"y":50,"sprite":"down.png","time":212},{"type":"deco","id":"4","hide":false,"angle":135,"drawLayer":"bg","x":500,"y":90,"sprite":"darrow.png","time":209.5},{"type":"deco","id":"6","hide":false,"angle":135,"drawLayer":"bg","x":525,"y":240,"sprite":"darrow.png","time":211},{"id":"3","type":"deco","angle":330,"time":212,"hide":true},{"id":"4","type":"deco","angle":345,"time":212,"hide":true},{"id":"5","type":"deco","angle":0,"time":212,"hide":true},{"id":"6","type":"deco","angle":15,"time":212,"hide":true},{"id":"7","type":"deco","angle":150,"time":213.5,"hide":true},{"type":"deco","id":"3","hide":false,"angle":135,"drawLayer":"bg","x":90,"y":30,"sprite":"darrow.png","time":216.5},{"type":"deco","id":"5","hide":false,"angle":135,"x":65,"y":180,"sprite":"darrow.png","time":218.5},{"type":"deco","id":"7","hide":false,"angle":135,"x":200,"y":50,"sprite":"down.png","time":220},{"type":"deco","id":"4","hide":false,"angle":135,"drawLayer":"bg","x":500,"y":90,"sprite":"darrow.png","time":217.5},{"type":"deco","id":"6","hide":false,"angle":135,"drawLayer":"bg","x":525,"y":240,"sprite":"darrow.png","time":219},{"id":"3","type":"deco","angle":330,"time":220,"hide":true},{"id":"4","type":"deco","angle":345,"time":220,"hide":true},{"id":"5","type":"deco","angle":0,"time":220,"hide":true},{"id":"6","type":"deco","angle":15,"time":220,"hide":true},{"id":"7","type":"deco","angle":150,"time":222.5,"hide":true},{"type":"deco","id":"3","hide":false,"angle":135,"drawLayer":"bg","x":90,"y":30,"sprite":"darrow.png","time":288.5},{"type":"deco","id":"5","hide":false,"angle":135,"x":65,"y":180,"sprite":"darrow.png","time":290.5},{"type":"deco","id":"7","hide":false,"angle":135,"x":200,"y":50,"sprite":"down.png","time":292},{"type":"deco","id":"4","hide":false,"angle":135,"drawLayer":"bg","x":500,"y":90,"sprite":"darrow.png","time":289.5},{"type":"deco","id":"6","hide":false,"angle":135,"drawLayer":"bg","x":525,"y":240,"sprite":"darrow.png","time":291},{"id":"3","type":"deco","angle":330,"time":292,"hide":true},{"id":"4","type":"deco","angle":345,"time":292,"hide":true},{"id":"5","type":"deco","angle":0,"time":292,"hide":true},{"id":"6","type":"deco","angle":15,"time":292,"hide":true},{"id":"7","type":"deco","angle":150,"time":293.5,"hide":true},{"type":"deco","id":"3","hide":false,"angle":135,"drawLayer":"bg","x":90,"y":30,"sprite":"darrow.png","time":296.5},{"type":"deco","id":"5","hide":false,"angle":135,"x":65,"y":180,"sprite":"darrow.png","time":298.5},{"type":"deco","id":"7","hide":false,"angle":135,"x":200,"y":50,"sprite":"down.png","time":300},{"type":"deco","id":"4","hide":false,"angle":135,"drawLayer":"bg","x":500,"y":90,"sprite":"darrow.png","time":297.5},{"type":"deco","id":"6","hide":false,"angle":135,"drawLayer":"bg","x":525,"y":240,"sprite":"darrow.png","time":299},{"id":"3","type":"deco","angle":330,"time":300,"hide":true},{"id":"4","type":"deco","angle":345,"time":300,"hide":true},{"id":"5","type":"deco","angle":0,"time":300,"hide":true},{"id":"6","type":"deco","angle":15,"time":300,"hide":true},{"id":"7","type":"deco","angle":150,"time":301.5,"hide":true},{"type":"deco","id":"3","hide":false,"angle":135,"drawLayer":"bg","x":90,"y":30,"sprite":"darrow.png","time":304.5},{"type":"deco","id":"5","hide":false,"angle":135,"x":65,"y":180,"sprite":"darrow.png","time":306.5},{"type":"deco","id":"7","hide":false,"angle":135,"x":200,"y":50,"sprite":"down.png","time":308},{"type":"deco","id":"4","hide":false,"angle":135,"drawLayer":"bg","x":500,"y":90,"sprite":"darrow.png","time":305.5},{"type":"deco","id":"6","hide":false,"angle":135,"drawLayer":"bg","x":525,"y":240,"sprite":"darrow.png","time":307},{"id":"3","type":"deco","angle":330,"time":308,"hide":true},{"id":"4","type":"deco","angle":345,"time":308,"hide":true},{"id":"5","type":"deco","angle":0,"time":308,"hide":true},{"id":"6","type":"deco","angle":15,"time":308,"hide":true},{"id":"7","type":"deco","angle":150,"time":309.5,"hide":true},{"type":"deco","id":"3","hide":false,"angle":135,"drawLayer":"bg","x":90,"y":30,"sprite":"darrow.png","time":468.5},{"type":"deco","id":"5","hide":false,"angle":135,"x":65,"y":180,"sprite":"darrow.png","time":470.5},{"type":"deco","id":"7","hide":false,"angle":135,"drawLayer":"bg","x":200,"y":50,"sprite":"down.png","time":472},{"type":"deco","id":"4","hide":false,"angle":135,"drawLayer":"bg","x":500,"y":90,"sprite":"darrow.png","time":469.5},{"type":"deco","id":"6","hide":false,"angle":135,"drawLayer":"bg","x":525,"y":240,"sprite":"darrow.png","time":471},{"id":"3","type":"deco","angle":330,"time":472,"hide":true},{"id":"4","type":"deco","angle":345,"time":472,"hide":true},{"id":"5","type":"deco","angle":0,"time":472,"hide":true},{"id":"6","type":"deco","angle":15,"time":472,"hide":true},{"drawLayer":"bg","type":"deco","angle":150,"time":473.5,"id":"7","hide":true},{"type":"deco","id":"3","hide":false,"angle":135,"drawLayer":"bg","x":90,"y":30,"sprite":"darrow.png","time":476.5},{"type":"deco","id":"5","hide":false,"angle":135,"x":65,"y":180,"sprite":"darrow.png","time":478.5},{"type":"deco","id":"7","hide":false,"angle":135,"x":200,"y":50,"sprite":"down.png","time":480},{"type":"deco","id":"4","hide":false,"angle":135,"drawLayer":"bg","x":500,"y":90,"sprite":"darrow.png","time":477.5},{"type":"deco","id":"6","hide":false,"angle":135,"drawLayer":"bg","x":525,"y":240,"sprite":"darrow.png","time":479},{"id":"3","type":"deco","angle":330,"time":480,"hide":true},{"id":"4","type":"deco","angle":345,"time":480,"hide":true},{"id":"5","type":"deco","angle":0,"time":480,"hide":true},{"id":"6","type":"deco","angle":15,"time":480,"hide":true},{"id":"7","type":"deco","angle":150,"time":481.5,"hide":true},{"type":"deco","id":"3","hide":false,"angle":135,"drawLayer":"bg","x":90,"y":30,"sprite":"darrow.png","time":484.5},{"type":"deco","id":"5","hide":false,"angle":135,"x":65,"y":180,"sprite":"darrow.png","time":486.5},{"type":"deco","id":"7","hide":false,"angle":135,"x":200,"y":50,"sprite":"down.png","time":488},{"type":"deco","id":"4","hide":false,"angle":135,"drawLayer":"bg","x":500,"y":90,"sprite":"darrow.png","time":485.5},{"type":"deco","id":"6","hide":false,"angle":135,"drawLayer":"bg","x":525,"y":240,"sprite":"darrow.png","time":487},{"id":"3","type":"deco","angle":330,"time":488,"hide":true},{"id":"4","type":"deco","angle":345,"time":488,"hide":true},{"id":"5","type":"deco","angle":0,"time":488,"hide":true},{"id":"6","type":"deco","angle":15,"time":488,"hide":true},{"id":"7","type":"deco","angle":150,"time":489.5,"hide":true},{"type":"deco","id":"3","hide":false,"angle":135,"drawLayer":"bg","x":90,"y":30,"sprite":"darrow.png","time":492.5},{"type":"deco","id":"5","hide":false,"angle":135,"x":65,"y":180,"sprite":"darrow.png","time":494.5},{"type":"deco","id":"7","hide":false,"angle":135,"x":200,"y":50,"sprite":"down.png","time":496},{"type":"deco","id":"4","hide":false,"angle":135,"drawLayer":"bg","x":500,"y":90,"sprite":"darrow.png","time":493.5},{"type":"deco","id":"6","hide":false,"angle":135,"drawLayer":"bg","x":525,"y":240,"sprite":"darrow.png","time":495},{"id":"3","type":"deco","angle":330,"time":496,"hide":true},{"id":"4","type":"deco","angle":345,"time":496,"hide":true},{"id":"5","type":"deco","angle":0,"time":496,"hide":true},{"id":"6","type":"deco","angle":15,"time":496,"hide":true},{"id":"7","type":"deco","angle":150,"time":497.5,"hide":true},{"type":"deco","id":"8","hide":false,"angle":135,"drawLayer":"bg","x":90,"y":30,"sprite":"down.png","time":500.5},{"type":"deco","id":"10","hide":false,"angle":135,"x":65,"y":180,"sprite":"down.png","time":502.5},{"type":"deco","id":"7","hide":false,"angle":135,"x":200,"y":50,"sprite":"down.png","time":504},{"type":"deco","id":"9","hide":false,"y":90,"drawLayer":"bg","x":375,"angle":135,"sprite":"down.png","time":501.5},{"type":"deco","id":"11","hide":false,"y":240,"drawLayer":"bg","x":350,"angle":135,"sprite":"down.png","time":503},{"id":"8","type":"deco","angle":330,"time":504,"hide":true},{"id":"9","type":"deco","angle":345,"time":504,"hide":true},{"id":"10","type":"deco","angle":0,"time":504,"hide":true},{"id":"11","type":"deco","angle":15,"time":504,"hide":true},{"id":"7","type":"deco","angle":150,"time":505.5,"hide":true},{"id":"2","type":"deco","angle":90,"time":452.5,"hide":false},{"id":"2","type":"deco","angle":135,"time":451.5,"hide":true},{"g":38,"b":103,"angle":112.5,"r":220,"time":451,"color":2,"type":"setColor"},{"r":227,"b":42,"angle":67.5,"g":223,"time":452.5,"color":2,"type":"setColor"},{"g":19,"b":79,"angle":112.5,"r":191,"time":319,"color":2,"type":"setColor"},{"g":223,"b":42,"angle":67.5,"r":227,"time":320.5,"color":2,"type":"setColor"},{"id":"2","type":"deco","angle":135,"time":319.5,"hide":true},{"id":"2","type":"deco","angle":112.5,"time":335.5,"hide":true},{"g":223,"b":42,"angle":67.5,"r":227,"time":336.5,"color":2,"type":"setColor"},{"g":175,"b":0,"angle":90,"r":205,"time":159,"color":2,"type":"setColor"},{"g":223,"b":42,"angle":67.5,"r":227,"time":160.5,"color":2,"type":"setColor"},{"id":"2","type":"deco","angle":112.5,"time":159.5,"hide":true},{"g":175,"b":0,"angle":90,"r":205,"time":175,"color":2,"type":"setColor"},{"g":223,"b":42,"angle":67.5,"r":227,"time":176.5,"color":2,"type":"setColor"},{"id":"2","type":"deco","angle":292.5,"time":175.5,"hide":true},{"g":19,"b":79,"angle":90,"r":191,"time":335,"color":2,"type":"setColor"},{"r":240,"b":124,"angle":270,"g":62,"time":335,"color":3,"type":"setColor"},{"r":240,"b":124,"angle":270,"g":62,"time":435,"color":3,"type":"setColor"},{"g":19,"b":79,"angle":112.5,"r":191,"time":435,"color":2,"type":"setColor"},{"id":"2","type":"deco","angle":315,"time":435.5,"hide":true},{"g":223,"b":42,"angle":90,"r":227,"time":436.5,"color":2,"type":"setColor"}],"metadata":{"description":"Down means down.\n","bg":true,"artistLink":"https://www.youtube.com/user/kairikibear","difficulty":9,"songName":"Mental Chainsaw","bgData":{"redChannel":{"r":227,"b":42,"g":223},"blueChannel":{"r":240,"b":16,"g":240},"image":"mchbgselect.png"},"artist":"Kairiki Bear","charter":"JustAnAmpharos"}}