[{"angle":450,"angle2":270,"type":"hold","time":1,"speedMult":2.4999985694885,"duration":0.5},{"tap":false,"angle":90,"endAngle":0,"spinEase":"outSine","type":"side","speedMult":1.7999992370605,"time":4},{"angle":270,"angle2":450,"type":"hold","time":0,"speedMult":1.4999995231628,"duration":0.5},{"angle":450,"angle2":630,"type":"mineHold","time":0,"speedMult":1.4999995231628,"duration":0.5},{"angle":-90,"angle2":-270,"type":"mineHold","time":1,"speedMult":2.4999985694885,"duration":0.5},{"angle":90,"endAngle":180,"type":"block","speedMult":2,"time":2.75},{"angle":90,"type":"block","speedMult":1.9999995231628,"time":2.5},{"angle":90,"endAngle":180,"type":"block","speedMult":2,"time":3.5},{"angle":90,"type":"block","speedMult":2,"time":3.25},{"angle":270,"type":"block","speedMult":2,"time":4.5},{"angle":180,"type":"block","speedMult":2,"time":5.5},{"angle":270,"type":"block","speedMult":2,"time":5.25},{"angle":180,"type":"block","speedMult":1.5,"time":4.75},{"tap":true,"angle":180,"type":"inverse","speedMult":3,"time":6},{"angle":90,"angle2":270,"type":"hold","duration":0.5,"speedMult":3.25,"holdEase":"outCirc","startTap":true,"time":8},{"angle":270,"angle2":90,"type":"hold","duration":0.5,"speedMult":3.25,"holdEase":"outCirc","startTap":true,"time":9},{"angle":337.5,"angle2":382.5,"type":"mineHold","time":2,"speedMult":4,"duration":0.5},{"angle":22.5,"angle2":-22.5,"type":"mineHold","time":2,"speedMult":4,"duration":0.5},{"angle":22.5,"angle2":-22.5,"type":"mineHold","time":3,"speedMult":4,"duration":0.5},{"angle":337.5,"angle2":382.5,"type":"mineHold","time":3,"speedMult":4,"duration":0.5},{"angle":360,"angle2":360,"type":"mineHold","time":2,"speedMult":4,"duration":1.5},{"angle":337.5,"angle2":382.5,"type":"mineHold","time":2.5,"speedMult":4,"duration":0.5},{"angle":22.5,"angle2":-22.5,"type":"mineHold","time":2.5,"speedMult":4,"duration":0.5},{"angle":45,"type":"extraTap","speedMult":4,"time":2},{"angle":180,"angle2":180,"type":"mineHold","time":10,"speedMult":4,"duration":1.5},{"angle":202.5,"angle2":157.5,"type":"mineHold","time":10,"speedMult":4,"duration":0.5},{"angle":157.5,"angle2":202.5,"type":"mineHold","time":10,"speedMult":4,"duration":0.5},{"angle":157.5,"angle2":202.5,"type":"mineHold","time":10.5,"speedMult":4,"duration":0.5},{"angle":202.5,"angle2":157.5,"type":"mineHold","time":10.5,"speedMult":4,"duration":0.5},{"angle":157.5,"angle2":202.5,"type":"mineHold","time":11,"speedMult":4,"duration":0.5},{"angle":202.5,"angle2":157.5,"type":"mineHold","time":11,"speedMult":4,"duration":0.5},{"angle":135,"type":"extraTap","speedMult":4,"time":10},{"type":"side","angle":180,"time":2},{"angle":0,"type":"block","speedMult":2,"time":10.5},{"angle":360,"endAngle":-90,"type":"block","speedMult":2,"time":10.75},{"angle":360,"type":"block","speedMult":2,"time":11.25},{"angle":360,"endAngle":-90,"type":"block","speedMult":2,"time":11.5},{"angle":0,"type":"side","speedMult":2,"time":10},{"angle":337.5,"type":"mine","speedMult":4,"time":8.75},{"angle":22.5,"type":"mine","speedMult":4,"time":8.75},{"angle":0,"type":"mine","speedMult":4,"time":9},{"angle":270,"type":"mine","speedMult":4,"time":9.75},{"angle":292.5,"type":"mine","speedMult":4,"time":9.5},{"angle":247.5,"type":"mine","speedMult":4,"time":9.5},{"angle":360,"type":"side","speedMult":3,"time":12},{"angle":112.5,"type":"extraTap","speedMult":4,"time":4},{"angle":22.5,"type":"extraTap","speedMult":4,"time":12},{"angle":90,"type":"block","speedMult":2,"time":12.5},{"angle":0,"type":"block","speedMult":2,"time":12.75},{"angle":90,"type":"block","speedMult":2,"time":13.25},{"angle":360,"type":"block","speedMult":2,"time":13.5},{"tap":true,"angle":0,"type":"inverse","speedMult":4,"time":14},{"angle":360,"angle2":348.75,"type":"hold","time":15,"speedMult":2.5,"duration":0.25},{"angle":11.25,"angle2":0,"type":"hold","time":15.25,"speedMult":2.5,"duration":0.25},{"angle":360,"angle2":371.25,"type":"hold","time":15,"speedMult":2.5,"duration":0.25},{"angle":348.75,"angle2":360,"type":"hold","time":15.25,"speedMult":2.5,"duration":0.25},{"angle":22.5,"angle2":22.5,"type":"hold","time":15.5,"speedMult":2.5,"duration":0.5},{"angle":22.5,"angle2":33.75,"type":"hold","time":15.75,"speedMult":2.5,"duration":0.25},{"angle":33.75,"angle2":22.5,"type":"hold","time":15.5,"speedMult":2.5,"duration":0.25},{"angle":33.75,"type":"block","speedMult":4,"time":16},{"angle":11.25,"type":"block","speedMult":4,"time":16.125},{"angle":348.75,"type":"block","speedMult":4,"time":16.25},{"angle":213.75,"type":"block","speedMult":3,"time":17},{"angle":191.25,"type":"block","speedMult":3,"time":17.125},{"angle":168.75,"type":"block","speedMult":3,"time":17.25},{"angle":270,"angle2":270,"type":"mineHold","time":18,"speedMult":4,"duration":2},{"angle":292.5,"angle2":247.5,"type":"mineHold","time":18,"speedMult":4,"duration":0.5},{"angle":247.5,"angle2":292.5,"type":"mineHold","time":18,"speedMult":4,"duration":0.5},{"angle":247.5,"angle2":292.5,"type":"mineHold","time":18.5,"speedMult":4,"duration":0.5},{"angle":292.5,"angle2":247.5,"type":"mineHold","time":18.5,"speedMult":4,"duration":0.5},{"angle":326.25,"type":"extraTap","speedMult":4,"time":18},{"angle":22.5,"angle2":101.25,"time":18,"type":"hold","startTap":true,"speedMult":2,"duration":0.25},{"angle":22.5,"angle2":202.5,"time":18.5,"type":"hold","startTap":true,"speedMult":2,"duration":0.5},{"angle":270,"endAngle":-168.75,"type":"block","speedMult":2,"time":19.25},{"angle":270,"endAngle":-168.75,"type":"block","speedMult":2,"time":19.5},{"angle":270,"endAngle":-168.75,"type":"block","speedMult":2,"time":19.75},{"angle":146.25,"type":"side","speedMult":3,"time":20},{"angle":123.75,"type":"extraTap","speedMult":3,"time":20},{"type":"block","angle":90,"time":20.5},{"type":"block","angle":90,"time":20.75},{"type":"block","angle":90,"time":21.25},{"type":"block","angle":90,"time":21.5},{"angle":191.25,"angle2":191.25,"type":"hold","time":22,"speedMult":2,"duration":0.5},{"angle":180,"angle2":180,"endTap":true,"type":"hold","time":22,"speedMult":2,"duration":0.5},{"angle":168.75,"angle2":168.75,"type":"hold","time":22,"speedMult":2,"duration":0.5},{"tap":true,"angle":180,"type":"block","speedMult":2,"time":22.75},{"angle":240,"type":"mine","speedMult":4,"time":23},{"angle":120,"type":"mine","speedMult":4,"time":23},{"angle":225,"type":"mine","speedMult":4,"time":23.25},{"angle":90,"type":"mine","speedMult":4,"time":23.5},{"angle":75,"type":"mine","speedMult":4,"time":23.75},{"angle":60,"type":"mine","speedMult":4,"time":24},{"angle":105,"type":"mine","speedMult":4,"time":23.25},{"angle":210,"type":"mine","speedMult":4,"time":23.5},{"angle":195,"type":"mine","speedMult":4,"time":23.75},{"angle":180,"type":"mine","speedMult":4,"time":24},{"angle":105,"type":"mine","speedMult":4,"time":23},{"angle":75,"type":"mine","speedMult":4,"time":23},{"angle":60,"type":"mine","speedMult":4,"time":23},{"angle":45,"type":"mine","speedMult":4,"time":23},{"angle":30,"type":"mine","speedMult":4,"time":23},{"angle":15,"type":"mine","speedMult":4,"time":23},{"angle":0,"type":"mine","speedMult":4,"time":23},{"angle":345,"type":"mine","speedMult":4,"time":23},{"angle":330,"type":"mine","speedMult":4,"time":23},{"angle":315,"type":"mine","speedMult":4,"time":23},{"angle":300,"type":"mine","speedMult":4,"time":23},{"angle":285,"type":"mine","speedMult":4,"time":23},{"angle":270,"type":"mine","speedMult":4,"time":23},{"angle":255,"type":"mine","speedMult":4,"time":23},{"angle":90,"type":"mine","speedMult":4,"time":23},{"angle":0,"type":"extraTap","speedMult":4,"time":24},{"angle":112.5,"angle2":67.5,"time":24,"type":"hold","startTap":true,"speedMult":3,"duration":0.25},{"angle":67.5,"angle2":112.5,"type":"hold","time":24.75,"speedMult":3,"duration":0.25},{"angle":112.5,"angle2":45,"time":25,"type":"hold","startTap":true,"speedMult":3,"duration":0.25},{"angle":67.5,"angle2":67.5,"type":"hold","time":24.25,"speedMult":3,"duration":0.5},{"angle":225,"type":"extraTap","speedMult":4,"time":26},{"angle":90,"angle2":90,"type":"mineHold","time":26,"speedMult":4,"duration":2},{"angle":67.5,"angle2":112.5,"type":"mineHold","time":26,"speedMult":4,"duration":0.5},{"angle":112.5,"angle2":67.5,"type":"mineHold","time":26,"speedMult":4,"duration":0.5},{"angle":292.5,"angle2":247.5,"type":"mineHold","time":19,"speedMult":4,"duration":0.5},{"angle":247.5,"angle2":292.5,"type":"mineHold","time":19,"speedMult":4,"duration":0.5},{"angle":292.5,"angle2":247.5,"type":"mineHold","time":19.5,"speedMult":4,"duration":0.5},{"angle":247.5,"angle2":292.5,"type":"mineHold","time":19.5,"speedMult":4,"duration":0.5},{"angle":112.5,"angle2":67.5,"type":"mineHold","time":26.5,"speedMult":4,"duration":0.5},{"angle":67.5,"angle2":112.5,"type":"mineHold","time":26.5,"speedMult":4,"duration":0.5},{"angle":67.5,"angle2":112.5,"type":"mineHold","time":27,"speedMult":4,"duration":0.5},{"angle":112.5,"angle2":67.5,"type":"mineHold","time":27,"speedMult":4,"duration":0.5},{"angle":67.5,"angle2":112.5,"type":"mineHold","time":27.5,"speedMult":4,"duration":0.5},{"angle":112.5,"angle2":67.5,"type":"mineHold","time":27.5,"speedMult":4,"duration":0.5},{"angle":270,"type":"block","speedMult":2,"time":26.5},{"angle":292.5,"type":"block","speedMult":2,"time":26.25},{"angle":315,"type":"block","speedMult":2,"time":26},{"angle":225,"type":"block","speedMult":2,"time":27.25},{"angle":337.5,"angle2":292.5,"type":"hold","time":26.75,"speedMult":2,"duration":0.25},{"angle":292.5,"type":"block","speedMult":2,"time":27.5},{"tap":true,"angle":337.5,"type":"block","speedMult":2,"time":25.5},{"tap":true,"angle":360,"type":"block","speedMult":2,"time":25.75},{"tap":true,"angle":360,"type":"block","speedMult":2,"time":25.5},{"tap":true,"angle":22.5,"type":"block","speedMult":2,"time":25.75},{"angle":202.5,"type":"extraTap","speedMult":4,"time":28},{"angle":225,"type":"block","speedMult":2,"time":27.75},{"angle":292.5,"type":"side","speedMult":2,"time":28},{"angle":0,"type":"block","speedMult":2,"time":28.5},{"angle":270,"type":"block","speedMult":2,"time":28.75},{"angle":0,"type":"block","speedMult":2,"time":29.25},{"angle":270,"type":"block","speedMult":2,"time":29.5},{"tap":true,"angle":180,"type":"side","time":30},{"angle":180,"angle2":-180,"time":31.75,"type":"hold","holdEase":"inExpo","speedMult":3,"duration":2.25},{"type":"extraTap","angle":135,"time":51},{"type":"extraTap","angle":135,"time":53},{"type":"extraTap","angle":135,"time":55},{"type":"extraTap","angle":135,"time":57},{"type":"extraTap","angle":135,"time":59},{"type":"extraTap","angle":135,"time":61},{"type":"extraTap","angle":135,"time":63},{"angle":135,"type":"side","speedMult":1.5,"time":34},{"angle":225,"type":"side","speedMult":1.5,"time":35},{"type":"side","angle":135,"time":36},{"type":"side","angle":112.5,"time":36},{"type":"side","angle":90,"time":36},{"type":"side","angle":67.5,"time":36},{"type":"side","angle":45,"time":36},{"angle":0,"type":"block","speedMult":2,"time":37.25},{"angle":315,"type":"block","speedMult":2,"time":37},{"angle":315,"type":"side","speedMult":1.5,"time":38},{"angle":45,"type":"side","speedMult":1.5,"time":39},{"type":"side","angle":315,"time":40},{"type":"side","angle":292.5,"time":40},{"type":"side","angle":270,"time":40},{"type":"side","angle":247.5,"time":40},{"type":"side","angle":225,"time":40},{"angle":202.5,"type":"block","speedMult":2,"time":41},{"angle":157.5,"type":"block","speedMult":2,"time":41.25},{"angle":225,"type":"side","speedMult":1.5,"time":43},{"angle":315,"type":"side","speedMult":1.5,"time":42},{"type":"side","angle":315,"time":44},{"type":"side","angle":337.5,"time":44},{"type":"side","angle":0,"time":44},{"type":"side","angle":22.5,"time":44},{"type":"side","angle":45,"time":44},{"type":"side","angle":157.5,"time":46},{"type":"side","angle":45,"time":47},{"angle":112.5,"type":"block","speedMult":2,"time":45},{"angle":67.5,"type":"block","speedMult":2,"time":45.25},{"type":"side","angle":135,"time":48},{"type":"side","angle":157.5,"time":48},{"type":"side","angle":180,"time":48},{"type":"side","angle":202.5,"time":48},{"type":"side","angle":225,"time":48},{"type":"side","angle":180,"time":30.5},{"type":"side","angle":180,"time":31},{"type":"side","angle":180,"time":31.5},{"angle":247.5,"type":"block","speedMult":2,"time":49},{"angle":292.5,"type":"block","speedMult":2,"time":49.25},{"angle":180,"type":"side","speedMult":1.5,"time":50},{"angle":180,"type":"side","speedMult":1.5,"time":50.5},{"angle":180,"type":"side","speedMult":1.5,"time":51},{"angle":0,"type":"mine","speedMult":2,"time":50},{"angle":337.5,"type":"mine","speedMult":2,"time":50.5},{"angle":22.5,"type":"mine","speedMult":2,"time":50.5},{"angle":0,"type":"mine","speedMult":2,"time":51},{"angle":337.5,"type":"mine","speedMult":2,"time":51.5},{"angle":22.5,"type":"mine","speedMult":2,"time":51.5},{"angle":0,"type":"mine","speedMult":2,"time":52},{"angle":180,"type":"mine","speedMult":3,"time":51.5},{"angle":202.5,"type":"mine","speedMult":3,"time":51.5},{"angle":157.5,"type":"mine","speedMult":3,"time":51.5},{"angle":360,"type":"side","speedMult":1.5,"time":54},{"angle":360,"type":"side","speedMult":1.5,"time":54.5},{"angle":0,"type":"side","speedMult":1.5,"time":55},{"angle":292.5,"angle2":450,"type":"mineHold","time":53.5,"speedMult":2,"duration":0.5},{"angle":90,"endAngle":-90,"type":"side","speedMult":2,"time":52},{"angle":270,"endAngle":90,"type":"side","speedMult":2,"time":53},{"angle":180,"type":"mine","speedMult":2,"time":54},{"angle":202.5,"type":"mine","speedMult":2,"time":54.5},{"angle":157.5,"type":"mine","speedMult":2,"time":54.5},{"angle":180,"type":"mine","speedMult":2,"time":55},{"angle":202.5,"type":"mine","speedMult":2,"time":55.5},{"angle":157.5,"type":"mine","speedMult":2,"time":55.5},{"angle":180,"type":"mine","speedMult":2,"time":56},{"angle":22.5,"type":"mine","speedMult":3,"time":55.5},{"angle":0,"type":"mine","speedMult":3,"time":55.5},{"angle":337.5,"type":"mine","speedMult":3,"time":55.5},{"angle":90,"endAngle":-90,"type":"side","speedMult":2,"time":56},{"angle":270,"endAngle":90,"type":"side","speedMult":2,"time":57},{"angle":-112.5,"angle2":-270,"type":"mineHold","time":57.5,"speedMult":2,"duration":0.5},{"angle":180,"type":"side","speedMult":1.5,"time":58},{"angle":180,"type":"side","speedMult":1.5,"time":58.5},{"angle":180,"type":"side","speedMult":1.5,"time":59},{"angle":270,"endAngle":90,"type":"side","speedMult":2,"time":61},{"angle":90,"endAngle":-90,"type":"side","speedMult":1.5,"time":60},{"angle":337.5,"type":"mine","speedMult":2,"time":58},{"angle":360,"type":"mine","speedMult":2,"time":58.25},{"angle":22.5,"type":"mine","speedMult":2,"time":58.5},{"angle":360,"type":"mine","speedMult":2,"time":58.75},{"angle":337.5,"type":"mine","speedMult":2,"time":59},{"angle":0,"type":"mine","speedMult":2,"time":59.25},{"angle":22.5,"type":"mine","speedMult":2,"time":59.5},{"angle":360,"type":"mine","speedMult":2,"time":59.75},{"angle":337.5,"type":"mine","speedMult":2,"time":60},{"angle":0,"angle2":-360,"time":64,"type":"hold","holdEase":"inOutQuint","speedMult":5,"duration":2},{"angle":0,"type":"block","speedMult":2,"time":61.5},{"angle":0,"type":"block","speedMult":2,"time":61.75},{"angle":360,"angle2":345,"type":"hold","time":62,"speedMult":5,"duration":0.25},{"angle":345,"angle2":375,"type":"hold","time":62.25,"speedMult":5,"duration":0.25},{"angle":15,"angle2":-15,"type":"hold","time":62.5,"speedMult":5,"duration":0.25},{"angle":345,"angle2":375,"type":"hold","time":62.75,"speedMult":5,"duration":0.25},{"angle":15,"angle2":-15,"type":"hold","time":63,"speedMult":5,"duration":0.25},{"angle":345,"angle2":375,"type":"hold","time":63.25,"speedMult":5,"duration":0.25},{"angle":15,"angle2":-15,"type":"hold","time":63.5,"speedMult":5,"duration":0.25},{"angle":345,"angle2":360,"type":"hold","time":63.75,"speedMult":5,"duration":0.25},{"angle":157.5,"type":"extraTap","speedMult":3,"time":66},{"angle":157.5,"type":"extraTap","speedMult":3,"time":66.5},{"angle":0,"angle2":180,"type":"mineHold","time":66.5,"speedMult":3,"duration":0},{"angle":90,"endAngle":-90,"type":"block","speedMult":4,"time":67},{"angle":112.5,"endAngle":-112.5,"type":"block","speedMult":4,"time":67.25},{"angle":135,"endAngle":-135,"type":"block","speedMult":4,"time":67.5},{"angle":157.5,"endAngle":-157.5,"type":"block","speedMult":4,"time":67.75},{"angle":90,"endAngle":-90,"type":"inverse","speedMult":4,"time":67},{"angle":112.5,"endAngle":-112.5,"type":"inverse","speedMult":4,"time":67.25},{"angle":135,"endAngle":-135,"type":"inverse","speedMult":4,"time":67.5},{"angle":157.5,"endAngle":-157.5,"type":"inverse","speedMult":4,"time":67.75},{"angle":0,"angle2":90,"type":"mineHold","time":67,"speedMult":4,"duration":1},{"angle":180,"angle2":90,"type":"mineHold","time":67,"speedMult":4,"duration":1},{"angle":270,"angle2":90,"type":"mineHold","time":66,"speedMult":3,"duration":0},{"angle":180,"type":"extraTap","speedMult":3,"time":68},{"angle":22.5,"type":"extraTap","speedMult":3,"time":68.5},{"angle":-270,"angle2":-90,"type":"mineHold","time":68.5,"speedMult":3,"duration":0},{"angle":90,"angle2":-90,"type":"mineHold","time":68,"speedMult":3,"duration":0},{"angle":270,"endAngle":90,"type":"block","speedMult":4,"time":69},{"angle":247.5,"endAngle":67.5,"type":"block","speedMult":4,"time":69.25},{"angle":225,"endAngle":45,"type":"block","speedMult":4,"time":69.5},{"angle":202.5,"endAngle":22.5,"type":"block","speedMult":4,"time":69.75},{"angle":270,"endAngle":90,"type":"inverse","speedMult":4,"time":69},{"angle":247.5,"endAngle":67.5,"type":"inverse","speedMult":4,"time":69.25},{"angle":225,"endAngle":45,"type":"inverse","speedMult":4,"time":69.5},{"angle":202.5,"endAngle":22.5,"type":"inverse","speedMult":4,"time":69.75},{"angle":315,"type":"extraTap","speedMult":3,"time":70},{"angle":157.5,"type":"extraTap","speedMult":3,"time":70.5},{"angle":-135,"angle2":45,"type":"mineHold","time":70.5,"speedMult":3,"duration":0},{"angle":225,"angle2":45,"type":"mineHold","time":70,"speedMult":3,"duration":0},{"angle":180,"endAngle":90,"type":"block","speedMult":3,"time":71},{"angle":180,"endAngle":90,"type":"block","speedMult":3,"time":71.25},{"angle":180,"endAngle":90,"type":"block","speedMult":3,"time":71.5},{"angle":270,"type":"extraTap","speedMult":3,"time":72},{"angle":112.5,"type":"extraTap","speedMult":3,"time":72.5},{"angle":-180,"angle2":0,"type":"mineHold","time":72.5,"speedMult":3,"duration":0},{"angle":180,"angle2":0,"type":"mineHold","time":72,"speedMult":3,"duration":0},{"angle":-225,"angle2":-135,"type":"mineHold","time":69,"speedMult":4,"duration":1},{"angle":-45,"angle2":-135,"type":"mineHold","time":69,"speedMult":4,"duration":1},{"angle":-180,"angle2":-90,"type":"mineHold","time":73,"speedMult":4,"duration":1},{"angle":0,"angle2":-90,"type":"mineHold","time":73,"speedMult":4,"duration":1},{"angle":90,"type":"block","speedMult":4,"time":73},{"angle":78.75,"type":"block","speedMult":4,"time":73.25},{"angle":67.5,"type":"block","speedMult":4,"time":73.5},{"angle":56.25,"type":"block","speedMult":4,"time":73.75},{"angle":0,"type":"extraTap","speedMult":3,"time":74},{"angle":-157.5,"type":"extraTap","speedMult":3,"time":74.5},{"angle":-450,"angle2":-270,"type":"mineHold","time":74.5,"speedMult":3,"duration":0},{"angle":-90,"angle2":-270,"type":"mineHold","time":74,"speedMult":3,"duration":0},{"angle":202.5,"type":"block","speedMult":2,"time":75},{"angle":202.5,"endAngle":123.75,"type":"block","speedMult":2,"time":75.25},{"angle":202.5,"type":"block","speedMult":2,"time":75.5},{"angle":202.5,"endAngle":123.75,"type":"block","speedMult":2,"time":75.75},{"angle":202.5,"type":"block","speedMult":2,"time":76},{"angle":-157.5,"type":"extraTap","speedMult":3,"time":76},{"angle":-450,"angle2":-270,"type":"mineHold","time":76,"speedMult":3,"duration":0},{"angle":-157.5,"type":"extraTap","speedMult":3,"time":76.5},{"angle":-450,"angle2":-270,"type":"mineHold","time":76.5,"speedMult":3,"duration":0},{"angle":202.5,"type":"inverse","speedMult":4,"time":75},{"angle":157.5,"type":"inverse","speedMult":4,"time":75.25},{"angle":202.5,"type":"inverse","speedMult":4,"time":75.5},{"angle":157.5,"type":"inverse","speedMult":4,"time":75.75},{"angle":202.5,"type":"inverse","speedMult":4,"time":76},{"angle":337.5,"type":"side","speedMult":2,"time":77},{"angle":337.5,"type":"side","speedMult":2,"time":77.5},{"angle":22.5,"type":"side","speedMult":2,"time":77.25},{"angle":22.5,"type":"side","speedMult":2,"time":77.75},{"angle":-337.5,"type":"extraTap","speedMult":3,"time":78},{"angle":-630,"angle2":-450,"type":"mineHold","time":78,"speedMult":3,"duration":0},{"angle":-337.5,"type":"extraTap","speedMult":3,"time":78.5},{"angle":-630,"angle2":-450,"type":"mineHold","time":78.5,"speedMult":3,"duration":0},{"angle":-225,"angle2":-180,"type":"mineHold","time":71,"speedMult":4,"duration":1},{"angle":-135,"angle2":-180,"type":"mineHold","time":71,"speedMult":4,"duration":1},{"angle":-630,"angle2":-540,"type":"mineHold","time":77,"speedMult":4,"duration":1},{"angle":-450,"angle2":-540,"type":"mineHold","time":77,"speedMult":4,"duration":1},{"angle":0,"type":"block","speedMult":2,"time":79},{"angle":360,"endAngle":-67.5,"type":"block","speedMult":2,"time":79.25},{"angle":0,"endAngle":-67.5,"type":"block","speedMult":2,"time":79.75},{"angle":360,"type":"block","speedMult":2,"time":79.5},{"angle":-742.5,"type":"extraTap","speedMult":3,"time":80},{"angle":-1035,"angle2":-855,"type":"mineHold","time":80,"speedMult":3,"duration":0},{"angle":-742.5,"type":"extraTap","speedMult":3,"time":80.5},{"angle":-1035,"angle2":-855,"type":"mineHold","time":80.5,"speedMult":3,"duration":0},{"angle":360,"type":"block","speedMult":2,"time":81},{"angle":360,"endAngle":67.5,"type":"block","speedMult":2,"time":81.25},{"angle":0,"type":"block","speedMult":2,"time":81.5},{"angle":0,"endAngle":67.5,"type":"block","speedMult":2,"time":81.75},{"angle":180,"type":"extraTap","speedMult":3,"time":82},{"angle":180,"type":"extraTap","speedMult":3,"time":82.5},{"angle":22.5,"angle2":202.5,"type":"mineHold","time":82.5,"speedMult":3,"duration":0},{"angle":112.5,"endAngle":-90,"type":"block","speedMult":4,"time":83},{"angle":135,"endAngle":-112.5,"type":"block","speedMult":4,"time":83.25},{"angle":157.5,"endAngle":-135,"type":"block","speedMult":4,"time":83.5},{"angle":180,"endAngle":-157.5,"type":"block","speedMult":4,"time":83.75},{"angle":112.5,"endAngle":-90,"type":"inverse","speedMult":4,"time":83},{"angle":135,"endAngle":-112.5,"type":"inverse","speedMult":4,"time":83.25},{"angle":157.5,"endAngle":-135,"type":"inverse","speedMult":4,"time":83.5},{"angle":180,"endAngle":-157.5,"type":"inverse","speedMult":4,"time":83.75},{"angle":0,"angle2":90,"type":"mineHold","time":83,"speedMult":4,"duration":1},{"angle":180,"angle2":90,"type":"mineHold","time":83,"speedMult":4,"duration":1},{"angle":292.5,"angle2":112.5,"type":"mineHold","time":82,"speedMult":3,"duration":0},{"angle":202.5,"type":"extraTap","speedMult":3,"time":84},{"angle":45,"type":"extraTap","speedMult":3,"time":84.5},{"angle":-247.5,"angle2":-67.5,"type":"mineHold","time":84.5,"speedMult":3,"duration":0},{"angle":112.5,"angle2":-67.5,"type":"mineHold","time":84,"speedMult":3,"duration":0},{"angle":292.5,"endAngle":90,"type":"block","speedMult":4,"time":85},{"angle":270,"endAngle":67.5,"type":"block","speedMult":4,"time":85.25},{"angle":247.5,"endAngle":45,"type":"block","speedMult":4,"time":85.5},{"angle":225,"endAngle":22.5,"type":"block","speedMult":4,"time":85.75},{"angle":292.5,"endAngle":90,"type":"inverse","speedMult":4,"time":85},{"angle":270,"endAngle":67.5,"type":"inverse","speedMult":4,"time":85.25},{"angle":247.5,"endAngle":45,"type":"inverse","speedMult":4,"time":85.5},{"angle":225,"endAngle":22.5,"type":"inverse","speedMult":4,"time":85.75},{"angle":337.5,"type":"extraTap","speedMult":3,"time":86},{"angle":180,"type":"extraTap","speedMult":3,"time":86.5},{"angle":-112.5,"angle2":67.5,"type":"mineHold","time":86.5,"speedMult":3,"duration":0},{"angle":247.5,"angle2":67.5,"type":"mineHold","time":86,"speedMult":3,"duration":0},{"angle":202.5,"endAngle":45,"type":"block","speedMult":3,"time":87},{"angle":202.5,"endAngle":45,"type":"block","speedMult":2.5,"time":87.25},{"angle":202.5,"endAngle":45,"type":"block","speedMult":2,"time":87.5},{"angle":292.5,"type":"extraTap","speedMult":3,"time":88},{"angle":135,"type":"extraTap","speedMult":3,"time":88.5},{"angle":-90,"angle2":90,"type":"mineHold","time":88.5,"speedMult":3,"duration":0},{"angle":270,"angle2":90,"type":"mineHold","time":88,"speedMult":3,"duration":0},{"angle":-202.5,"angle2":-112.5,"type":"mineHold","time":85,"speedMult":4,"duration":1},{"angle":-22.5,"angle2":-112.5,"type":"mineHold","time":85,"speedMult":4,"duration":1},{"angle":-157.5,"angle2":-67.5,"type":"mineHold","time":89,"speedMult":4,"duration":1},{"angle":22.5,"angle2":-67.5,"type":"mineHold","time":89,"speedMult":4,"duration":1},{"angle":112.5,"type":"block","speedMult":4,"time":89},{"angle":101.25,"type":"block","speedMult":4,"time":89.25},{"angle":90,"type":"block","speedMult":4,"time":89.5},{"angle":78.75,"type":"block","speedMult":4,"time":89.75},{"angle":22.5,"type":"extraTap","speedMult":3,"time":90},{"angle":-135,"type":"extraTap","speedMult":3,"time":90.5},{"angle":-427.5,"angle2":-247.5,"type":"mineHold","time":90.5,"speedMult":3,"duration":0},{"angle":-67.5,"angle2":-247.5,"type":"mineHold","time":90,"speedMult":3,"duration":0},{"angle":225,"type":"block","speedMult":2,"time":91},{"angle":225,"endAngle":123.75,"type":"block","speedMult":2,"time":91.25},{"angle":225,"type":"block","speedMult":2,"time":91.5},{"angle":225,"endAngle":123.75,"type":"block","speedMult":2,"time":91.75},{"angle":225,"type":"block","speedMult":2,"time":92},{"angle":-135,"type":"extraTap","speedMult":3,"time":92},{"angle":-427.5,"angle2":-247.5,"type":"mineHold","time":92,"speedMult":3,"duration":0},{"angle":-135,"type":"extraTap","speedMult":3,"time":92.5},{"angle":-427.5,"angle2":-247.5,"type":"mineHold","time":92.5,"speedMult":3,"duration":0},{"angle":225,"type":"inverse","speedMult":4,"time":91},{"angle":120,"type":"inverse","speedMult":4,"time":91.25},{"angle":225,"type":"inverse","speedMult":4,"time":91.5},{"angle":120,"type":"inverse","speedMult":4,"time":91.75},{"angle":225,"type":"inverse","speedMult":4,"time":92},{"angle":360,"type":"side","speedMult":2,"time":93},{"angle":360,"type":"side","speedMult":2,"time":93.5},{"angle":45,"type":"side","speedMult":2,"time":93.25},{"angle":45,"type":"side","speedMult":2,"time":93.75},{"angle":-315,"type":"extraTap","speedMult":3,"time":94},{"angle":-607.5,"angle2":-427.5,"type":"mineHold","time":94,"speedMult":3,"duration":0},{"angle":-315,"type":"extraTap","speedMult":3,"time":94.5},{"angle":-607.5,"angle2":-427.5,"type":"mineHold","time":94.5,"speedMult":3,"duration":0},{"angle":-202.5,"angle2":-157.5,"type":"mineHold","time":87,"speedMult":4,"duration":1},{"angle":-112.5,"angle2":-157.5,"type":"mineHold","time":87,"speedMult":4,"duration":1},{"angle":-607.5,"angle2":-517.5,"type":"mineHold","time":93,"speedMult":4,"duration":1},{"angle":-427.5,"angle2":-517.5,"type":"mineHold","time":93,"speedMult":4,"duration":1},{"angle":22.5,"type":"block","speedMult":2,"time":95},{"angle":382.5,"endAngle":-67.5,"type":"block","speedMult":2,"time":95.25},{"angle":22.5,"endAngle":-67.5,"type":"block","speedMult":2,"time":95.75},{"angle":382.5,"type":"block","speedMult":2,"time":95.5},{"angle":-720,"type":"extraTap","speedMult":3,"time":96},{"angle":-1012.5,"angle2":-832.5,"type":"mineHold","time":96,"speedMult":3,"duration":0},{"angle":-720,"type":"extraTap","speedMult":3,"time":96.5},{"angle":-1012.5,"angle2":-832.5,"type":"mineHold","time":96.5,"speedMult":3,"duration":0},{"angle":382.5,"type":"block","speedMult":2,"time":97},{"angle":382.5,"endAngle":67.5,"type":"block","speedMult":2,"time":97.25},{"angle":22.5,"type":"block","speedMult":2,"time":97.5},{"angle":22.5,"endAngle":67.5,"type":"block","speedMult":2,"time":97.75},{"angle":202.5,"endAngle":45,"type":"block","speedMult":1.5,"time":87.75},{"angle":202.5,"endAngle":45,"type":"block","speedMult":1,"time":88},{"type":"block","angle":0,"time":98},{"angle":0,"angle2":0,"type":"hold","duration":0.5,"time":101.5},{"type":"mine","angle":180,"time":106},{"type":"mine","angle":225,"time":106.5},{"type":"mine","angle":270,"time":107},{"type":"mine","angle":315,"time":107.5},{"type":"mine","angle":360,"time":108},{"type":"mine","angle":45,"time":108.5},{"type":"mine","angle":90,"time":109},{"type":"mine","angle":135,"time":109.5},{"type":"inverse","angle":180,"time":110},{"type":"inverse","angle":225,"time":110.5},{"type":"inverse","angle":270,"time":111},{"type":"inverse","angle":315,"time":111.5},{"type":"inverse","angle":0,"time":112},{"type":"inverse","angle":45,"time":112.5},{"type":"inverse","angle":90,"time":113},{"type":"inverse","angle":135,"time":113.5},{"type":"block","angle":270,"time":114},{"type":"block","angle":90,"time":114},{"angle":180,"type":"mine","speedMult":2,"time":114},{"type":"block","angle":315,"time":114.5},{"type":"block","angle":135,"time":114.5},{"angle":225,"type":"mine","speedMult":2,"time":114.5},{"angle":270,"type":"mine","speedMult":2,"time":115},{"angle":315,"type":"mine","speedMult":2,"time":115.5},{"angle":0,"type":"mine","speedMult":2,"time":116},{"type":"block","angle":0,"time":114},{"type":"block","angle":45,"time":114.5},{"type":"block","angle":0,"time":115},{"type":"block","angle":180,"time":115},{"type":"block","angle":90,"time":115},{"type":"block","angle":45,"time":115.5},{"type":"block","angle":225,"time":115.5},{"type":"block","angle":135,"time":115.5},{"type":"block","angle":90,"time":116},{"type":"block","angle":270,"time":116},{"type":"block","angle":180,"time":116},{"type":"block","angle":90,"time":116.5},{"type":"block","angle":-90,"time":116.5},{"angle":0,"type":"mine","speedMult":2,"time":116.5},{"type":"block","angle":135,"time":117},{"type":"block","angle":-45,"time":117},{"angle":45,"type":"mine","speedMult":2,"time":117},{"angle":90,"type":"mine","speedMult":2,"time":117.5},{"type":"block","angle":-180,"time":116.5},{"type":"block","angle":-135,"time":117},{"type":"block","angle":-180,"time":117.5},{"type":"block","angle":0,"time":117.5},{"type":"block","angle":-90,"time":117.5},{"angle":360,"angle2":348.75,"type":"hold","time":119,"speedMult":2.5,"duration":0.25},{"angle":11.25,"angle2":0,"type":"hold","time":119.25,"speedMult":2.5,"duration":0.25},{"angle":360,"angle2":371.25,"type":"hold","time":119,"speedMult":2.5,"duration":0.25},{"angle":348.75,"angle2":360,"type":"hold","time":119.25,"speedMult":2.5,"duration":0.25},{"angle":22.5,"angle2":22.5,"type":"hold","time":119.5,"speedMult":2.5,"duration":0.5},{"angle":22.5,"angle2":33.75,"type":"hold","time":119.75,"speedMult":2.5,"duration":0.25},{"angle":33.75,"angle2":22.5,"type":"hold","time":119.5,"speedMult":2.5,"duration":0.25},{"angle":90,"type":"block","speedMult":2,"time":120.5},{"angle":180,"type":"block","speedMult":2,"time":121.5},{"angle":45,"type":"block","speedMult":2,"time":120},{"angle":270,"type":"block","speedMult":2,"time":122},{"angle":180,"type":"block","speedMult":2,"time":122.5},{"angle":180,"type":"block","speedMult":2,"time":123.5},{"angle":90,"type":"block","speedMult":2,"time":124},{"angle":180,"type":"block","speedMult":2,"time":124.5},{"angle":180,"type":"block","speedMult":2,"time":125.5},{"tap":true,"angle":135,"type":"side","speedMult":3,"time":121},{"tap":true,"angle":270,"type":"side","speedMult":3,"time":123},{"tap":true,"angle":90,"type":"side","speedMult":3,"time":125},{"angle":180,"angle2":225,"type":"hold","duration":2,"time":126},{"angle":225,"angle2":135,"type":"hold","duration":2,"time":128},{"angle":135,"type":"block","speedMult":2,"time":130},{"angle":135,"type":"block","speedMult":2,"time":131},{"angle":360,"angle2":360,"type":"mineHold","time":130,"speedMult":3,"duration":2},{"tap":true,"angle":225,"type":"side","speedMult":2,"time":132},{"angle":-303.75,"angle2":-90,"time":133,"type":"hold","holdEase":"inExpo","speedMult":2,"duration":1},{"angle":-90,"type":"block","speedMult":2,"time":134},{"angle":-90,"type":"block","speedMult":2,"time":135},{"tap":true,"angle":180,"type":"side","speedMult":2,"time":136},{"angle":22.5,"angle2":22.5,"type":"mineHold","time":134,"speedMult":3,"duration":2},{"angle":337.5,"angle2":337.5,"type":"mineHold","time":134,"speedMult":3,"duration":2},{"angle":225,"type":"side","speedMult":2,"time":130.25},{"angle":225,"type":"side","speedMult":2,"time":131.25},{"angle":180,"type":"side","speedMult":2,"time":134.25},{"angle":180,"type":"side","speedMult":2,"time":135.25},{"angle":461.25,"angle2":270,"time":137,"type":"hold","holdEase":"inExpo","speedMult":2,"duration":1},{"angle":270,"type":"block","speedMult":2,"time":138},{"angle":270,"type":"block","speedMult":2,"time":139},{"tap":true,"angle":-360,"type":"side","speedMult":2,"time":140},{"angle":-202.5,"angle2":-202.5,"type":"mineHold","time":138,"speedMult":3,"duration":2},{"angle":-517.5,"angle2":-517.5,"type":"mineHold","time":138,"speedMult":3,"duration":2},{"angle":-360,"type":"side","speedMult":2,"time":138.25},{"angle":-360,"type":"side","speedMult":2,"time":139.25},{"angle":-461.25,"angle2":-292.5,"time":141,"type":"hold","holdEase":"inExpo","speedMult":2,"duration":1},{"angle":180,"angle2":180,"type":"mineHold","time":138,"speedMult":3,"duration":2},{"angle":67.5,"type":"block","speedMult":2,"time":142},{"angle":67.5,"type":"block","speedMult":2,"time":143},{"tap":true,"angle":157.5,"type":"side","speedMult":2,"time":144},{"angle":-371.25,"angle2":-157.5,"time":145,"type":"hold","holdEase":"inExpo","speedMult":2,"duration":1},{"angle":157.5,"type":"side","speedMult":2,"time":142.25},{"angle":157.5,"type":"side","speedMult":2,"time":143.25},{"angle":213.75,"angle2":213.75,"type":"mineHold","time":142,"speedMult":3,"duration":2},{"angle":225,"angle2":225,"type":"mineHold","time":142,"speedMult":3,"duration":2},{"angle":236.25,"angle2":236.25,"type":"mineHold","time":142,"speedMult":3,"duration":2},{"angle":247.5,"angle2":247.5,"type":"mineHold","time":142,"speedMult":3,"duration":2},{"angle":-157.5,"type":"block","speedMult":2,"time":146},{"angle":-157.5,"type":"block","speedMult":2,"time":147},{"tap":true,"angle":-67.5,"type":"side","speedMult":2,"time":148},{"angle":-596.25,"angle2":-427.5,"time":149,"type":"hold","holdEase":"inExpo","speedMult":2,"duration":1},{"angle":-67.5,"type":"side","speedMult":2,"time":146.25},{"angle":-67.5,"type":"side","speedMult":2,"time":147.25},{"angle":-11.25,"angle2":-11.25,"type":"mineHold","time":146,"speedMult":3,"duration":2},{"angle":0,"angle2":0,"type":"mineHold","time":146,"speedMult":3,"duration":2},{"angle":11.25,"angle2":11.25,"type":"mineHold","time":146,"speedMult":3,"duration":2},{"angle":22.5,"angle2":-22.5,"type":"mineHold","time":146,"speedMult":3,"duration":1},{"angle":337.5,"angle2":382.5,"type":"mineHold","time":146,"speedMult":3,"duration":1},{"angle":292.5,"type":"block","speedMult":2,"time":150},{"angle":292.5,"type":"block","speedMult":2,"time":151},{"tap":true,"angle":22.5,"type":"side","speedMult":2,"time":152},{"angle":-461.25,"angle2":-247.5,"time":153,"type":"hold","holdEase":"inExpo","speedMult":2,"duration":1},{"angle":22.5,"type":"side","speedMult":2,"time":150.25},{"angle":22.5,"type":"side","speedMult":2,"time":151.25},{"angle":123.75,"angle2":123.75,"type":"mineHold","time":150,"speedMult":3,"duration":2},{"angle":135,"angle2":135,"type":"mineHold","time":150,"speedMult":3,"duration":2},{"angle":146.25,"angle2":123.75,"type":"mineHold","time":150,"speedMult":3,"duration":2},{"angle":157.5,"angle2":101.25,"type":"mineHold","time":150,"speedMult":3,"duration":1},{"angle":22.5,"angle2":-22.5,"type":"mineHold","time":147,"speedMult":3,"duration":1},{"angle":337.5,"angle2":382.5,"type":"mineHold","time":147,"speedMult":3,"duration":1},{"angle":112.5,"angle2":135,"type":"mineHold","time":150,"speedMult":3,"duration":2},{"angle":101.25,"angle2":157.5,"type":"mineHold","time":150,"speedMult":3,"duration":1},{"angle":157.5,"angle2":101.25,"type":"mineHold","time":151,"speedMult":3,"duration":1},{"angle":101.25,"angle2":146.25,"type":"mineHold","time":151,"speedMult":3,"duration":1},{"angle":112.5,"angle2":-180,"time":154,"type":"hold","holdEase":"inExpo","speedMult":2,"duration":2},{"angle":180,"angle2":551.25,"time":156,"type":"hold","holdEase":"inExpo","speedMult":2,"duration":2},{"angle":191.25,"angle2":-202.5,"time":158,"type":"hold","holdEase":"inExpo","speedMult":2,"duration":2},{"angle":157.5,"angle2":810,"type":"hold","time":160,"speedMult":3,"duration":2},{"type":"extraTap","angle":135,"time":156},{"type":"extraTap","angle":213.75,"time":158},{"type":"extraTap","angle":146.25,"time":160},{"angle":337.5,"type":"extraTap","speedMult":3.5,"time":132},{"angle":337.5,"type":"extraTap","speedMult":3.5,"time":136},{"angle":337.5,"type":"extraTap","speedMult":3.5,"time":140},{"angle":337.5,"type":"extraTap","speedMult":3.5,"time":144},{"angle":337.5,"type":"extraTap","speedMult":3.5,"time":148},{"angle":337.5,"type":"extraTap","speedMult":3.5,"time":152},{"angle":270,"angle2":810,"type":"mineHold","time":162,"speedMult":3,"duration":2},{"angle":-270,"angle2":-810,"type":"mineHold","time":164,"speedMult":3,"duration":2},{"angle":270,"angle2":630,"type":"mineHold","time":166,"speedMult":3,"duration":1},{"angle":-450,"angle2":-810,"type":"mineHold","time":167,"speedMult":3,"duration":1},{"angle":213.75,"type":"block","speedMult":2,"time":168.125},{"angle":225,"type":"block","speedMult":2,"time":168.25},{"angle":213.75,"type":"block","speedMult":2,"time":168.375},{"angle":236.25,"type":"side","speedMult":2,"time":169},{"angle":123.75,"type":"side","speedMult":2,"time":169.5},{"angle":123.75,"type":"side","speedMult":2,"time":168.5},{"angle":225,"type":"block","speedMult":2,"time":168},{"angle":112.5,"angle2":33.75,"type":"hold","time":170,"speedMult":2,"duration":0.75},{"angle":67.5,"angle2":135,"type":"hold","time":171,"speedMult":2,"duration":1},{"angle":101.25,"type":"inverse","speedMult":3,"time":171.5},{"angle":117.90351867676,"type":"inverse","speedMult":3,"time":171.75},{"angle":135,"type":"inverse","speedMult":3,"time":172},{"angle":168.75,"type":"side","speedMult":2,"time":172},{"type":"mine","angle":247.5,"time":172},{"type":"mine","angle":22.5,"time":173},{"type":"mine","angle":45,"time":173},{"type":"mine","angle":270,"time":172},{"type":"side","angle":112.5,"time":173},{"type":"mine","angle":360,"time":174},{"type":"mine","angle":337.5,"time":174},{"type":"side","angle":270,"time":174},{"type":"block","angle":146.25,"time":175.25},{"type":"block","angle":135,"time":175.5},{"type":"block","angle":123.75,"time":175.75},{"type":"side","angle":213.75,"time":176},{"type":"block","angle":292.5,"time":177.25},{"type":"block","angle":281.25,"time":177.5},{"type":"block","angle":270,"time":177.75},{"type":"side","angle":315,"time":178},{"angle":360,"endAngle":180,"type":"inverse","time":180},{"angle":180,"type":"block","speedMult":10,"time":180},{"angle":180,"endAngle":0,"type":"inverse","speedMult":1,"time":182},{"angle":0,"type":"block","speedMult":10,"time":182},{"angle":90,"endAngle":-90,"type":"inverse","time":184},{"angle":270,"type":"block","speedMult":10,"time":184},{"angle":315,"endAngle":450,"type":"inverse","time":186},{"angle":90,"type":"block","speedMult":10,"time":186},{"angle":225,"endAngle":90,"type":"inverse","time":186},{"angle":45,"endAngle":-450,"type":"inverse","time":188},{"angle":-90,"type":"block","speedMult":10,"time":188},{"angle":135,"endAngle":-90,"type":"inverse","time":188},{"angle":270,"endAngle":0,"type":"inverse","speedMult":1.5,"time":190},{"angle":225,"endAngle":720,"type":"inverse","time":190},{"angle":135,"endAngle":0,"type":"inverse","speedMult":2,"time":190},{"angle":90,"endAngle":360,"type":"inverse","speedMult":10,"time":190},{"angle":360,"type":"block","speedMult":10,"time":190},{"angle":247.5,"endAngle":180,"type":"inverse","speedMult":2,"time":192},{"angle":270,"endAngle":540,"type":"inverse","speedMult":2,"time":192},{"angle":292.5,"endAngle":540,"type":"inverse","speedMult":2,"time":192},{"angle":315,"endAngle":900,"type":"inverse","speedMult":2.5,"time":192},{"angle":337.5,"endAngle":180,"type":"inverse","speedMult":1.3999999761581,"time":192},{"angle":0,"endAngle":900,"type":"inverse","speedMult":1,"time":192},{"angle":22.5,"endAngle":180,"type":"inverse","speedMult":1.5,"time":192},{"angle":45,"endAngle":180,"type":"inverse","time":192},{"angle":67.5,"endAngle":180,"type":"inverse","speedMult":0.15000000596046,"time":192},{"angle":90,"endAngle":180,"type":"inverse","time":192},{"angle":112.5,"endAngle":540,"type":"inverse","speedMult":1.2000000476837,"time":192},{"angle":180,"angle2":180,"type":"hold","time":192,"speedMult":10,"duration":1},{"angle":191.25,"type":"side","speedMult":2,"time":194},{"angle":180,"type":"side","speedMult":2,"time":194},{"angle":168.75,"type":"side","speedMult":2,"time":194},{"angle":168.75,"type":"side","speedMult":2,"time":195},{"angle":180,"type":"side","speedMult":2,"time":195},{"angle":191.25,"type":"side","speedMult":2,"time":195},{"angle":315,"type":"block","speedMult":3,"time":194.5},{"angle":90,"type":"block","speedMult":3,"time":195.5},{"type":"mine","angle":45,"time":194.5},{"type":"mine","angle":315,"time":195.5},{"angle":348.75,"type":"side","speedMult":2,"time":196},{"angle":-360,"type":"side","speedMult":2,"time":196},{"angle":11.25,"type":"side","speedMult":2,"time":196},{"angle":11.25,"type":"side","speedMult":2,"time":197},{"angle":360,"type":"side","speedMult":2,"time":197},{"angle":348.75,"type":"side","speedMult":2,"time":197},{"angle":225,"type":"block","speedMult":3,"time":196.5},{"angle":90,"type":"block","speedMult":3,"time":197.5},{"type":"mine","angle":135,"time":196.5},{"type":"mine","angle":225,"time":197.5},{"angle":191.25,"type":"side","speedMult":2,"time":198},{"angle":180,"type":"side","speedMult":2,"time":198},{"angle":168.75,"type":"side","speedMult":2,"time":198},{"angle":168.75,"type":"side","speedMult":2,"time":199},{"angle":180,"type":"side","speedMult":2,"time":199},{"angle":191.25,"type":"side","speedMult":2,"time":199},{"angle":315,"type":"block","speedMult":3,"time":198.5},{"angle":90,"type":"block","speedMult":3,"time":199.5},{"type":"mine","angle":45,"time":198.5},{"type":"mine","angle":225,"time":201.5},{"angle":348.75,"type":"side","speedMult":2,"time":200},{"angle":-360,"type":"side","speedMult":2,"time":200},{"angle":11.25,"type":"side","speedMult":2,"time":200},{"angle":11.25,"type":"side","speedMult":2,"time":201},{"angle":-360,"type":"side","speedMult":2,"time":201},{"angle":348.75,"type":"side","speedMult":2,"time":201},{"angle":-495,"type":"block","speedMult":3,"time":200.5},{"angle":90,"type":"block","speedMult":3,"time":201.5},{"type":"mine","angle":315,"time":199.5},{"type":"mine","angle":135,"time":200.5},{"type":"extraTap","angle":0,"time":194},{"type":"extraTap","angle":360,"time":195},{"type":"extraTap","angle":180,"time":196},{"type":"extraTap","angle":180,"time":197},{"type":"extraTap","angle":0,"time":198},{"type":"extraTap","angle":0,"time":199},{"type":"extraTap","angle":180,"time":200},{"type":"extraTap","angle":180,"time":201},{"angle":-270,"angle2":-90,"time":202,"type":"hold","holdEase":"outSine","speedMult":2,"duration":0.5},{"angle":-90,"angle2":-450,"time":203,"type":"hold","holdEase":"outSine","speedMult":2,"duration":0.5},{"angle":270,"angle2":90,"time":204,"type":"hold","holdEase":"outSine","speedMult":2,"duration":0.5},{"angle":90,"angle2":450,"time":205,"type":"hold","holdEase":"outSine","speedMult":2,"duration":0.5},{"type":"extraTap","angle":360,"time":202},{"type":"extraTap","angle":0,"time":203},{"type":"extraTap","angle":0,"time":204},{"type":"extraTap","angle":0,"time":205},{"angle":-360,"angle2":-180,"time":206,"type":"hold","holdEase":"outSine","speedMult":2,"duration":0.5},{"angle":-180,"angle2":-540,"time":207,"type":"hold","holdEase":"outSine","speedMult":2,"duration":0.5},{"angle":-180,"angle2":0,"time":208,"type":"hold","holdEase":"outSine","speedMult":2,"duration":0.5},{"angle":0,"angle2":-360,"time":209,"type":"hold","holdEase":"outSine","speedMult":2,"duration":0.5},{"type":"extraTap","angle":270,"time":206},{"type":"extraTap","angle":-90,"time":207},{"type":"extraTap","angle":-90,"time":208},{"type":"extraTap","angle":-90,"time":209},{"type":"extraTap","angle":0,"time":210},{"type":"extraTap","angle":-360,"time":211},{"type":"extraTap","angle":-180,"time":212},{"type":"extraTap","angle":-180,"time":213},{"type":"extraTap","angle":0,"time":214},{"type":"extraTap","angle":0,"time":215},{"type":"extraTap","angle":-180,"time":216},{"type":"extraTap","angle":-180,"time":217},{"angle":-270,"angle2":-90,"time":218,"type":"hold","holdEase":"outSine","speedMult":2,"duration":0.5},{"angle":-90,"angle2":-450,"time":219,"type":"hold","holdEase":"outSine","speedMult":2,"duration":0.5},{"angle":270,"angle2":90,"time":220,"type":"hold","holdEase":"outSine","speedMult":2,"duration":0.5},{"angle":90,"angle2":450,"time":221,"type":"hold","holdEase":"outSine","speedMult":2,"duration":0.5},{"type":"extraTap","angle":360,"time":218},{"type":"extraTap","angle":0,"time":219},{"type":"extraTap","angle":0,"time":220},{"type":"extraTap","angle":0,"time":221},{"angle":-360,"angle2":-180,"time":222,"type":"hold","holdEase":"outSine","speedMult":2,"duration":0.5},{"angle":-180,"angle2":-540,"time":223,"type":"hold","holdEase":"outSine","speedMult":2,"duration":0.5},{"angle":-180,"angle2":0,"time":224,"type":"hold","holdEase":"outSine","speedMult":2,"duration":0.5},{"type":"extraTap","angle":270,"time":222},{"type":"extraTap","angle":-90,"time":223},{"type":"extraTap","angle":-90,"time":224},{"type":"extraTap","angle":-90,"time":225},{"angle":202.5,"type":"block","speedMult":2,"time":226},{"angle":225,"type":"block","speedMult":2,"time":226.25},{"angle":247.5,"type":"block","speedMult":2,"time":226.5},{"angle":270,"type":"block","speedMult":2,"time":226.75},{"tap":true,"angle":337.5,"type":"side","speedMult":3,"time":227},{"angle":270,"type":"block","speedMult":2,"time":227.25},{"angle":247.5,"type":"block","speedMult":2,"time":227.5},{"angle":225,"type":"block","speedMult":2,"time":227.75},{"tap":true,"angle":180,"type":"block","speedMult":2,"time":228},{"angle":360,"endAngle":180,"type":"inverse","speedMult":2,"time":228},{"angle":0,"endAngle":-157.5,"type":"inverse","speedMult":2,"time":228},{"tap":true,"angle":202.5,"type":"block","speedMult":2,"time":228},{"angle":225,"type":"block","speedMult":2,"time":228.25},{"angle":247.5,"type":"block","speedMult":2,"time":228.5},{"angle":270,"type":"block","speedMult":2,"time":228.75},{"tap":true,"angle":337.5,"type":"side","speedMult":3,"time":229},{"angle":270,"type":"block","speedMult":2,"time":229.25},{"angle":247.5,"type":"block","speedMult":2,"time":229.5},{"angle":225,"type":"block","speedMult":2,"time":229.75},{"angle":157.5,"type":"extraTap","speedMult":4,"time":230},{"type":"side","angle":180,"time":230},{"angle":-225,"type":"block","speedMult":2,"time":230.25},{"angle":-247.5,"type":"block","speedMult":2,"time":230.5},{"angle":-270,"type":"block","speedMult":2,"time":230.75},{"tap":true,"angle":22.5,"type":"side","speedMult":3,"time":231},{"angle":-270,"type":"block","speedMult":2,"time":231.25},{"angle":-247.5,"type":"block","speedMult":2,"time":231.5},{"angle":-225,"type":"block","speedMult":2,"time":231.75},{"tap":true,"angle":-202.5,"type":"block","speedMult":2,"time":232},{"tap":true,"angle":-180,"type":"block","speedMult":2,"time":232},{"angle":-225,"type":"block","speedMult":2,"time":232.25},{"angle":-247.5,"type":"block","speedMult":2,"time":232.5},{"angle":-270,"type":"block","speedMult":2,"time":232.75},{"tap":true,"angle":22.5,"type":"side","speedMult":3,"time":233},{"angle":-270,"type":"block","speedMult":2,"time":233.25},{"angle":-247.5,"type":"block","speedMult":2,"time":233.5},{"angle":-225,"type":"block","speedMult":2,"time":233.75},{"angle":-157.5,"type":"extraTap","speedMult":4,"time":234},{"angle":360,"endAngle":180,"type":"inverse","speedMult":2,"time":232},{"angle":0,"endAngle":-157.5,"type":"inverse","speedMult":2,"time":232},{"type":"extraTap","angle":180,"time":226},{"angle":-22.5,"angle2":202.5,"type":"mineHold","time":226,"speedMult":2,"duration":1},{"angle":202.5,"angle2":-90,"type":"mineHold","time":227,"speedMult":2,"duration":1},{"angle":112.5,"type":"mine","speedMult":2,"time":228},{"angle":90,"type":"mine","speedMult":2,"time":228},{"angle":90,"type":"mine","speedMult":2,"time":228.5},{"angle":112.5,"type":"mine","speedMult":2,"time":228.5},{"angle":112.5,"type":"mine","speedMult":2,"time":229},{"angle":90,"type":"mine","speedMult":2,"time":229},{"angle":112.5,"type":"mine","speedMult":2,"time":229.5},{"angle":90,"type":"mine","speedMult":2,"time":229.5},{"angle":22.5,"angle2":-202.5,"type":"mineHold","time":230,"speedMult":2,"duration":1},{"angle":-202.5,"angle2":90,"type":"mineHold","time":231,"speedMult":2,"duration":1},{"angle":-112.5,"type":"mine","speedMult":2,"time":232},{"angle":-90,"type":"mine","speedMult":2,"time":232},{"angle":-90,"type":"mine","speedMult":2,"time":232.5},{"angle":-112.5,"type":"mine","speedMult":2,"time":232.5},{"angle":247.5,"type":"mine","speedMult":2,"time":233},{"angle":270,"type":"mine","speedMult":2,"time":233},{"angle":247.5,"type":"mine","speedMult":2,"time":233.5},{"angle":270,"type":"mine","speedMult":2,"time":233.5},{"angle":202.5,"type":"block","speedMult":2,"time":234},{"angle":225,"type":"block","speedMult":2,"time":234.25},{"angle":247.5,"type":"block","speedMult":2,"time":234.5},{"angle":270,"type":"block","speedMult":2,"time":234.75},{"tap":true,"angle":337.5,"type":"side","speedMult":3,"time":235},{"angle":270,"type":"block","speedMult":2,"time":235.25},{"angle":247.5,"type":"block","speedMult":2,"time":235.5},{"angle":225,"type":"block","speedMult":2,"time":235.75},{"tap":true,"angle":180,"type":"block","speedMult":2,"time":236},{"angle":360,"endAngle":180,"type":"inverse","speedMult":2,"time":236},{"angle":0,"endAngle":-157.5,"type":"inverse","speedMult":2,"time":236},{"tap":true,"angle":202.5,"type":"block","speedMult":2,"time":236},{"angle":225,"type":"block","speedMult":2,"time":236.25},{"angle":247.5,"type":"block","speedMult":2,"time":236.5},{"angle":270,"type":"block","speedMult":2,"time":236.75},{"tap":true,"angle":337.5,"type":"side","speedMult":3,"time":237},{"angle":270,"type":"block","speedMult":2,"time":237.25},{"angle":247.5,"type":"block","speedMult":2,"time":237.5},{"angle":225,"type":"block","speedMult":2,"time":237.75},{"angle":157.5,"type":"extraTap","speedMult":4,"time":238},{"type":"side","angle":180,"time":238},{"angle":-225,"type":"block","speedMult":2,"time":238.25},{"angle":-247.5,"type":"block","speedMult":2,"time":238.5},{"angle":-270,"type":"block","speedMult":2,"time":238.75},{"tap":true,"angle":22.5,"type":"side","speedMult":3,"time":239},{"angle":-270,"type":"block","speedMult":2,"time":239.25},{"angle":-247.5,"type":"block","speedMult":2,"time":239.5},{"angle":-225,"type":"block","speedMult":2,"time":239.75},{"tap":true,"angle":-202.5,"type":"block","speedMult":2,"time":240},{"tap":true,"angle":-180,"type":"block","speedMult":2,"time":240},{"angle":-225,"type":"block","speedMult":2,"time":240.25},{"angle":-247.5,"type":"block","speedMult":2,"time":240.5},{"angle":-270,"type":"block","speedMult":2,"time":240.75},{"tap":true,"angle":22.5,"type":"side","speedMult":3,"time":241},{"angle":-270,"type":"block","speedMult":2,"time":241.25},{"angle":-247.5,"type":"block","speedMult":2,"time":241.5},{"angle":-225,"type":"block","speedMult":2,"time":241.75},{"angle":-157.5,"type":"extraTap","speedMult":4,"time":242},{"angle":360,"endAngle":180,"type":"inverse","speedMult":2,"time":240},{"angle":0,"endAngle":-157.5,"type":"inverse","speedMult":2,"time":240},{"angle":-22.5,"angle2":202.5,"type":"mineHold","time":234,"speedMult":2,"duration":1},{"angle":202.5,"angle2":-90,"type":"mineHold","time":235,"speedMult":2,"duration":1},{"angle":112.5,"type":"mine","speedMult":2,"time":236},{"angle":90,"type":"mine","speedMult":2,"time":236},{"angle":90,"type":"mine","speedMult":2,"time":236.5},{"angle":112.5,"type":"mine","speedMult":2,"time":236.5},{"angle":112.5,"type":"mine","speedMult":2,"time":237},{"angle":90,"type":"mine","speedMult":2,"time":237},{"angle":112.5,"type":"mine","speedMult":2,"time":237.5},{"angle":90,"type":"mine","speedMult":2,"time":237.5},{"angle":22.5,"angle2":-202.5,"type":"mineHold","time":238,"speedMult":2,"duration":1},{"angle":-202.5,"angle2":90,"type":"mineHold","time":239,"speedMult":2,"duration":1},{"angle":-112.5,"type":"mine","speedMult":2,"time":240},{"angle":-90,"type":"mine","speedMult":2,"time":240},{"angle":-90,"type":"mine","speedMult":2,"time":240.5},{"angle":-112.5,"type":"mine","speedMult":2,"time":240.5},{"angle":247.5,"type":"mine","speedMult":2,"time":241},{"angle":270,"type":"mine","speedMult":2,"time":241},{"angle":247.5,"type":"mine","speedMult":2,"time":241.5},{"angle":270,"type":"mine","speedMult":2,"time":241.5},{"holdEase":"outExpo","angle2":315,"type":"hold","duration":0.5,"angle":157.5,"speedMult":2,"startTap":true,"time":242},{"holdEase":"outExpo","angle2":180,"type":"hold","duration":0.5,"angle":315,"speedMult":2,"startTap":true,"time":243},{"angle":90,"endAngle":67.5,"type":"block","speedMult":2.5,"time":244.25},{"angle":90,"endAngle":-67.5,"type":"block","speedMult":2.5,"time":244.75},{"tap":true,"angle":0,"endAngle":135,"type":"side","speedMult":2,"time":244},{"angle":337.5,"angle2":495,"time":242,"type":"mineHold","holdEase":"outExpo","speedMult":2,"duration":0.5},{"angle":-202.5,"angle2":-360,"time":243,"type":"mineHold","holdEase":"outExpo","speedMult":2,"duration":0.5},{"angle":90,"endAngle":0,"type":"block","speedMult":2.5,"time":244.5},{"angle":270,"angle2":135,"type":"mineHold","time":244,"speedMult":2,"duration":0.5},{"angle":-90,"angle2":270,"type":"mineHold","time":245,"speedMult":3,"duration":1},{"angle":90,"angle2":450,"time":245,"type":"hold","startTap":true,"speedMult":3,"duration":1},{"angle":112.5,"type":"extraTap","speedMult":4,"time":246},{"angle":495,"angle2":360,"type":"hold","duration":0.5,"speedMult":2,"holdEase":"outExpo","startTap":true,"time":247},{"tap":true,"angle":180,"endAngle":-90,"type":"side","speedMult":2,"time":248},{"angle":-22.5,"angle2":-180,"time":247,"type":"mineHold","holdEase":"outExpo","speedMult":2,"duration":0.5},{"angle":382.5,"angle2":247.5,"type":"mineHold","time":248,"speedMult":2,"duration":0.5},{"angle":90,"angle2":450,"type":"mineHold","time":249,"speedMult":3,"duration":1},{"angle":270,"angle2":630,"time":249,"type":"hold","startTap":true,"speedMult":3,"duration":1},{"angle":292.5,"type":"extraTap","speedMult":4,"time":250},{"angle":90,"type":"block","speedMult":2,"time":248.25},{"angle":0,"type":"block","speedMult":2,"time":248.75},{"angle":45,"type":"block","speedMult":2,"time":248.5},{"angle":315,"angle2":180,"type":"hold","duration":0.5,"speedMult":2,"holdEase":"outExpo","startTap":true,"time":251},{"angle":90,"endAngle":67.5,"type":"block","speedMult":2.5,"time":252.25},{"angle":90,"endAngle":-67.5,"type":"block","speedMult":2.5,"time":252.75},{"tap":true,"angle":0,"endAngle":135,"type":"side","speedMult":2,"time":252},{"angle":337.5,"angle2":495,"time":250,"type":"mineHold","holdEase":"outExpo","speedMult":2,"duration":0.5},{"angle":-202.5,"angle2":-360,"time":251,"type":"mineHold","holdEase":"outExpo","speedMult":2,"duration":0.5},{"angle":90,"endAngle":0,"type":"block","speedMult":2.5,"time":252.5},{"angle":270,"angle2":135,"type":"mineHold","time":252,"speedMult":2,"duration":0.5},{"angle":-90,"angle2":270,"type":"mineHold","time":253,"speedMult":3,"duration":1},{"angle":90,"angle2":450,"time":253,"type":"hold","startTap":true,"speedMult":3,"duration":1},{"angle":112.5,"type":"extraTap","speedMult":4,"time":254},{"angle":123.75,"type":"extraTap","speedMult":0.5,"time":258},{"angle":180,"type":"side","speedMult":1.5,"time":258},{"angle":180,"type":"side","speedMult":1.5,"time":258.5},{"angle":180,"type":"side","speedMult":1.5,"time":259},{"angle":0,"type":"mine","speedMult":2,"time":258},{"angle":337.5,"type":"mine","speedMult":2,"time":258.5},{"angle":22.5,"type":"mine","speedMult":2,"time":258.5},{"angle":0,"type":"mine","speedMult":2,"time":259},{"angle":337.5,"type":"mine","speedMult":2,"time":259.5},{"angle":22.5,"type":"mine","speedMult":2,"time":259.5},{"angle":0,"type":"mine","speedMult":2,"time":260},{"angle":180,"type":"mine","speedMult":3,"time":259.5},{"angle":202.5,"type":"mine","speedMult":3,"time":259.5},{"angle":157.5,"type":"mine","speedMult":3,"time":259.5},{"angle":360,"type":"side","speedMult":1.5,"time":262},{"angle":360,"type":"side","speedMult":1.5,"time":262.5},{"angle":0,"type":"side","speedMult":1.5,"time":263},{"angle":292.5,"angle2":450,"type":"mineHold","time":261.5,"speedMult":2,"duration":0.5},{"angle":90,"endAngle":-90,"type":"side","speedMult":2,"time":260},{"angle":270,"endAngle":90,"type":"side","speedMult":2,"time":261},{"angle":180,"type":"mine","speedMult":2,"time":262},{"angle":202.5,"type":"mine","speedMult":2,"time":262.5},{"angle":157.5,"type":"mine","speedMult":2,"time":262.5},{"angle":180,"type":"mine","speedMult":2,"time":263},{"angle":202.5,"type":"mine","speedMult":2,"time":263.5},{"angle":157.5,"type":"mine","speedMult":2,"time":263.5},{"angle":180,"type":"mine","speedMult":2,"time":264},{"angle":22.5,"type":"mine","speedMult":3,"time":263.5},{"angle":0,"type":"mine","speedMult":3,"time":263.5},{"angle":337.5,"type":"mine","speedMult":3,"time":263.5},{"angle":90,"endAngle":-90,"type":"side","speedMult":2,"time":264},{"angle":270,"endAngle":90,"type":"side","speedMult":2,"time":265},{"angle":-112.5,"angle2":-270,"type":"mineHold","time":265.5,"speedMult":2,"duration":0.5},{"angle":270,"endAngle":45,"type":"side","speedMult":2,"time":264.75},{"angle":90,"type":"side","speedMult":2,"time":265.5},{"angle":0,"type":"block","speedMult":3,"time":266},{"angle":337.5,"type":"block","speedMult":3,"time":266.25},{"angle":315,"type":"block","speedMult":3,"time":266.5},{"angle":292.5,"type":"block","speedMult":3,"time":266.75},{"angle":326.25,"type":"block","speedMult":3,"time":267},{"angle":303.75,"type":"block","speedMult":3,"time":267.25},{"angle":281.25,"type":"block","speedMult":3,"time":267.5},{"angle":258.75,"type":"block","speedMult":3,"time":267.75},{"angle":292.5,"type":"block","speedMult":3,"time":268},{"angle":270,"type":"block","speedMult":3,"time":268.25},{"angle":247.5,"type":"block","speedMult":3,"time":268.5},{"angle":225,"type":"block","speedMult":3,"time":268.75},{"angle":258.75,"type":"block","speedMult":3,"time":269},{"angle":236.25,"type":"block","speedMult":3,"time":269.25},{"angle":213.75,"type":"block","speedMult":3,"time":269.5},{"angle":191.25,"type":"block","speedMult":3,"time":269.75},{"angle":-191.25,"type":"block","speedMult":3,"time":270},{"angle":146.25,"type":"block","speedMult":3,"time":270.25},{"angle":123.75,"type":"block","speedMult":3,"time":270.5},{"angle":101.25,"type":"block","speedMult":3,"time":270.75},{"angle":135,"type":"block","speedMult":3,"time":271},{"angle":112.5,"type":"block","speedMult":3,"time":271.25},{"angle":123.75,"type":"block","speedMult":3,"time":271.5},{"angle":101.25,"type":"block","speedMult":3,"time":271.75},{"angle":112.5,"type":"block","speedMult":3,"time":272},{"angle":90,"type":"block","speedMult":3,"time":272.25},{"angle":101.25,"type":"block","speedMult":3,"time":272.5},{"angle":78.75,"type":"block","speedMult":3,"time":272.75},{"angle":450,"angle2":438.75,"type":"hold","time":273,"speedMult":3,"duration":0.25},{"angle":101.25,"angle2":90,"type":"hold","time":273.25,"speedMult":3,"duration":0.25},{"angle":450,"angle2":461.25,"type":"hold","time":273,"speedMult":3,"duration":0.25},{"angle":438.75,"angle2":450,"type":"hold","time":273.25,"speedMult":3,"duration":0.25},{"angle":112.5,"angle2":112.5,"type":"hold","time":273.5,"speedMult":3,"duration":0.5},{"angle":112.5,"angle2":123.75,"type":"hold","time":273.75,"speedMult":3,"duration":0.25},{"angle":123.75,"angle2":112.5,"type":"hold","time":273.5,"speedMult":3,"duration":0.25},{"angle":-258.75,"angle2":-303.75,"type":"hold","time":274,"speedMult":2,"duration":0.25},{"angle":-303.75,"angle2":-281.25,"type":"hold","time":274.25,"speedMult":2,"duration":0.25},{"angle":-281.25,"angle2":-326.25,"type":"hold","time":274.5,"speedMult":2,"duration":0.25},{"angle":-326.25,"angle2":-303.75,"type":"hold","time":274.75,"speedMult":2,"duration":0.25},{"angle":90,"type":"block","speedMult":2.5,"time":275.25},{"angle":112.5,"type":"block","speedMult":2.5,"time":275.5},{"angle":135,"type":"block","speedMult":2.5,"time":275.75},{"angle":-191.25,"angle2":-236.25,"type":"hold","time":276,"speedMult":2,"duration":0.25},{"angle":-236.25,"angle2":-213.75,"type":"hold","time":276.25,"speedMult":2,"duration":0.25},{"angle":-213.75,"angle2":-258.75,"type":"hold","time":276.5,"speedMult":2,"duration":0.25},{"angle":-258.75,"angle2":-236.25,"type":"hold","time":276.75,"speedMult":2,"duration":0.25},{"angle":157.5,"type":"block","speedMult":2.5,"time":277.25},{"angle":180,"type":"block","speedMult":2.5,"time":277.5},{"angle":202.5,"type":"block","speedMult":2.5,"time":277.75},{"angle":225,"angle2":382.5,"type":"hold","time":278,"speedMult":2.5,"duration":0.25},{"angle":90,"type":"block","speedMult":2,"time":279.25},{"angle":-270,"angle2":-450,"type":"hold","time":279.5,"speedMult":2,"duration":0.5},{"angle":67.5,"type":"block","speedMult":2,"time":281.25},{"angle":427.5,"angle2":607.5,"type":"hold","duration":0.5,"speedMult":2,"time":281.5},{"type":"block","angle":112.5,"time":280.75},{"type":"block","angle":157.5,"time":280.5},{"angle":292.5,"type":"mine","speedMult":2,"time":282},{"angle":315,"type":"mine","speedMult":2,"time":282},{"angle":337.5,"type":"mine","speedMult":2,"time":282},{"angle":135,"type":"mine","speedMult":2,"time":282.75},{"angle":157.5,"type":"mine","speedMult":2,"time":282.75},{"angle":112.5,"type":"mine","speedMult":2,"time":282.5},{"angle":225,"type":"mine","speedMult":3,"time":283},{"angle":270,"spinEase":"linear","type":"mine","speedMult":3,"time":283.25},{"angle":315,"type":"mine","speedMult":3,"time":283.5},{"angle":0,"type":"mine","speedMult":3,"time":283.75},{"angle":67.5,"type":"mine","speedMult":2,"time":284},{"angle":360,"type":"mine","speedMult":2,"time":282},{"angle":180,"type":"mine","speedMult":2,"time":282.75},{"angle":180,"angle2":540,"type":"mineHold","time":283,"speedMult":2,"duration":1},{"angle":292.5,"type":"side","speedMult":2,"time":284},{"angle":315,"type":"side","speedMult":2,"time":284},{"angle":337.5,"type":"side","speedMult":2,"time":284},{"angle":180,"type":"side","speedMult":2,"time":285},{"angle":157.5,"type":"side","speedMult":2,"time":285},{"angle":135,"type":"side","speedMult":2,"time":285},{"angle":67.5,"type":"mine","speedMult":2,"time":285},{"angle":247.5,"angle2":247.5,"type":"hold","time":286,"speedMult":2,"duration":1},{"type":"extraTap","angle":90,"time":275},{"type":"extraTap","angle":90,"time":277},{"type":"extraTap","angle":112.5,"time":279},{"type":"extraTap","angle":90,"time":281},{"type":"extraTap","angle":90,"time":283},{"type":"extraTap","angle":112.5,"time":285},{"type":"extraTap","angle":112.5,"time":287},{"type":"block","angle":45,"time":278.5},{"type":"block","angle":67.5,"time":278.75},{"angle":247.5,"type":"block","speedMult":2,"time":287.5},{"angle":247.5,"type":"block","speedMult":2,"time":287.75},{"angle":247.5,"angle2":247.5,"type":"hold","time":288,"speedMult":2,"duration":1},{"angle":247.5,"type":"block","speedMult":2,"time":287.25},{"type":"extraTap","angle":270,"time":289},{"angle":225,"type":"block","speedMult":2,"time":289.25},{"angle":202.5,"type":"block","speedMult":2,"time":289.5},{"angle":180,"type":"block","speedMult":2,"time":289.5},{"angle":191.25,"type":"side","speedMult":2,"time":210},{"angle":180,"type":"side","speedMult":2,"time":210},{"angle":168.75,"type":"side","speedMult":2,"time":210},{"angle":168.75,"type":"side","speedMult":2,"time":211},{"angle":180,"type":"side","speedMult":2,"time":211},{"angle":191.25,"type":"side","speedMult":2,"time":211},{"angle":315,"type":"block","speedMult":3,"time":210.5},{"angle":90,"type":"block","speedMult":3,"time":211.5},{"type":"mine","angle":45,"time":210.5},{"type":"mine","angle":315,"time":211.5},{"angle":348.75,"type":"side","speedMult":2,"time":212},{"angle":-360,"type":"side","speedMult":2,"time":212},{"angle":11.25,"type":"side","speedMult":2,"time":212},{"angle":11.25,"type":"side","speedMult":2,"time":213},{"angle":360,"type":"side","speedMult":2,"time":213},{"angle":348.75,"type":"side","speedMult":2,"time":213},{"angle":225,"type":"block","speedMult":3,"time":212.5},{"angle":90,"type":"block","speedMult":3,"time":213.5},{"type":"mine","angle":135,"time":212.5},{"type":"mine","angle":225,"time":213.5},{"angle":191.25,"type":"side","speedMult":2,"time":214},{"angle":180,"type":"side","speedMult":2,"time":214},{"angle":168.75,"type":"side","speedMult":2,"time":214},{"angle":168.75,"type":"side","speedMult":2,"time":215},{"angle":180,"type":"side","speedMult":2,"time":215},{"angle":191.25,"type":"side","speedMult":2,"time":215},{"angle":315,"type":"block","speedMult":3,"time":214.5},{"angle":90,"type":"block","speedMult":3,"time":215.5},{"type":"mine","angle":45,"time":214.5},{"type":"mine","angle":225,"time":217.5},{"angle":348.75,"type":"side","speedMult":2,"time":216},{"angle":-360,"type":"side","speedMult":2,"time":216},{"angle":11.25,"type":"side","speedMult":2,"time":216},{"angle":11.25,"type":"side","speedMult":2,"time":217},{"angle":-360,"type":"side","speedMult":2,"time":217},{"angle":348.75,"type":"side","speedMult":2,"time":217},{"angle":-495,"type":"block","speedMult":3,"time":216.5},{"angle":90,"type":"block","speedMult":3,"time":217.5},{"type":"mine","angle":315,"time":215.5},{"type":"mine","angle":135,"time":216.5},{"angle":0,"angle2":-180,"type":"hold","time":225,"speedMult":2,"duration":0.5},{"angle":135,"type":"side","speedMult":1.5,"time":290},{"angle":225,"type":"side","speedMult":1.5,"time":291},{"type":"side","angle":135,"time":292},{"type":"side","angle":112.5,"time":292},{"type":"side","angle":90,"time":292},{"type":"side","angle":67.5,"time":292},{"type":"side","angle":45,"time":292},{"angle":0,"type":"block","speedMult":2,"time":293.25},{"angle":315,"type":"block","speedMult":2,"time":293},{"angle":315,"type":"side","speedMult":1.5,"time":294},{"angle":45,"type":"side","speedMult":1.5,"time":295},{"type":"side","angle":315,"time":296},{"type":"side","angle":292.5,"time":296},{"type":"side","angle":270,"time":296},{"type":"side","angle":247.5,"time":296},{"type":"side","angle":225,"time":296},{"angle":202.5,"type":"block","speedMult":2,"time":297},{"angle":157.5,"type":"block","speedMult":2,"time":297.25},{"angle":225,"type":"side","speedMult":1.5,"time":299},{"angle":315,"type":"side","speedMult":1.5,"time":298},{"type":"side","angle":315,"time":300},{"type":"side","angle":337.5,"time":300},{"type":"side","angle":0,"time":300},{"type":"side","angle":22.5,"time":300},{"type":"side","angle":45,"time":300},{"type":"side","angle":157.5,"time":302},{"type":"side","angle":45,"time":303},{"angle":112.5,"type":"block","speedMult":2,"time":301},{"angle":67.5,"type":"block","speedMult":2,"time":301.25},{"type":"side","angle":135,"time":304},{"type":"side","angle":157.5,"time":304},{"type":"side","angle":180,"time":304},{"type":"side","angle":202.5,"time":304},{"type":"side","angle":225,"time":304},{"angle":247.5,"type":"block","speedMult":2,"time":305},{"angle":292.5,"type":"block","speedMult":2,"time":305.25},{"angle":337.5,"type":"block","speedMult":2,"time":305.5},{"angle":382.5,"type":"block","speedMult":2,"time":305.75},{"type":"extraTap","angle":157.5,"time":291},{"type":"extraTap","angle":157.5,"time":293},{"type":"extraTap","angle":135,"time":295},{"type":"extraTap","angle":135,"time":297},{"type":"extraTap","angle":112.5,"time":299},{"type":"extraTap","angle":135,"time":301},{"type":"extraTap","angle":90,"time":303},{"angle":90,"angle2":157.5,"time":306,"type":"hold","speedMult":2,"startTap":true,"duration":0.25},{"angle":90,"angle2":157.5,"time":307,"type":"hold","startTap":true,"speedMult":2,"duration":0.25},{"type":"side","angle":315,"time":308},{"type":"side","angle":292.5,"time":308},{"type":"side","angle":270,"time":308},{"angle":270,"angle2":450,"type":"mineHold","time":309,"speedMult":2.5,"duration":0},{"angle":270,"angle2":450,"type":"mineHold","time":309.25,"speedMult":2.5,"duration":0},{"angle":157.5,"type":"extraTap","speedMult":2.5,"time":309},{"angle":157.5,"type":"extraTap","speedMult":2.5,"time":309.25},{"angle":-90,"angle2":-22.5,"time":310,"type":"hold","speedMult":2,"startTap":true,"duration":0.25},{"angle":-90,"angle2":-22.5,"time":311,"type":"hold","startTap":true,"speedMult":2,"duration":0.25},{"type":"side","angle":135,"time":312},{"type":"side","angle":112.5,"time":312},{"type":"side","angle":90,"time":312},{"angle":90,"angle2":270,"type":"mineHold","time":313,"speedMult":2.5,"duration":0},{"angle":90,"angle2":270,"type":"mineHold","time":313.25,"speedMult":2.5,"duration":0},{"angle":-22.5,"type":"extraTap","speedMult":2.5,"time":313},{"angle":-22.5,"type":"extraTap","speedMult":2.5,"time":313.25},{"angle":90,"angle2":157.5,"time":314,"type":"hold","speedMult":2,"startTap":true,"duration":0.25},{"angle":-202.5,"angle2":-270,"time":315,"type":"hold","startTap":true,"speedMult":2,"duration":0.25},{"type":"side","angle":135,"time":316},{"type":"side","angle":112.5,"time":316},{"type":"side","angle":90,"time":316},{"angle":270,"angle2":450,"type":"mineHold","time":317,"speedMult":2.5,"duration":0},{"angle":270,"angle2":450,"type":"mineHold","time":317.25,"speedMult":2.5,"duration":0},{"angle":157.5,"type":"extraTap","speedMult":2.5,"time":317},{"angle":157.5,"type":"extraTap","speedMult":2.5,"time":317.25},{"angle":270,"angle2":360,"time":318,"type":"hold","speedMult":2,"startTap":true,"duration":0.25},{"angle":270,"angle2":360,"time":319,"type":"hold","speedMult":1,"startTap":true,"duration":0.25},{"angle":270,"angle2":360,"type":"hold","time":320,"speedMult":0.5,"duration":0.25},{"tap":true,"angle":90,"type":"block","speedMult":3,"time":321},{"tap":true,"angle":90,"type":"block","speedMult":3,"time":321.25},{"angle":22.5,"type":"side","speedMult":1,"time":321.5},{"angle":0,"type":"side","speedMult":1,"time":321.5}]