{"events":[{"angle":202.5,"time":0,"offset":0,"type":"play","bpm":120,"volume":0.49999991059303,"file":"Say It Back.wav"},{"angle":315,"color":1,"type":"noise","chance":0.51999980211258,"time":4},{"angle":315,"color":0,"type":"noise","chance":0,"time":4.25},{"angle":337.5,"type":"outline","enable":true,"color":3,"time":4},{"angle":0,"type":"setColor","duration":0,"b":0,"g":0,"color":1,"r":0,"time":4.25},{"angle":0,"type":"setColor","duration":0,"b":255,"g":100,"color":1,"r":209,"time":4},{"angle":202.5,"b":0,"g":0,"type":"setColor","r":0,"color":1,"time":6},{"angle":157.5,"b":0,"g":0,"type":"setColor","r":0,"color":0,"time":6},{"angle":135,"type":"outline","enable":true,"color":3,"time":6},{"angle":135,"type":"outline","enable":false,"color":3,"time":7},{"angle":135,"type":"outline","enable":true,"color":3,"time":7.1666665077209},{"angle":135,"type":"outline","enable":false,"color":3,"time":7.3333334922791},{"angle":135,"type":"outline","enable":false,"color":3,"time":7.5},{"angle":180,"type":"setColor","duration":0,"b":255,"g":255,"color":0,"r":255,"time":7.5},{"angle":135,"type":"setColor","duration":0.25,"b":222,"g":222,"color":0,"r":57,"time":0},{"angle":157.5,"b":255,"g":255,"type":"setColor","r":255,"color":1,"time":0},{"angle":315,"type":"setColor","duration":0.25,"b":53,"g":53,"color":0,"r":255,"time":1},{"angle":292.5,"type":"setColor","duration":0.30000001192093,"b":247,"g":255,"color":0,"r":0,"time":2.25},{"angle":292.5,"type":"setColor","duration":0.30000001192093,"b":5,"g":204,"color":0,"r":255,"time":3.25},{"angle":292.5,"type":"setColor","duration":0,"b":255,"g":255,"color":0,"r":255,"time":4},{"angle":292.5,"type":"setColor","duration":0,"b":0,"g":0,"color":0,"r":0,"time":1.5},{"angle":270,"b":0,"g":0,"type":"setColor","r":0,"color":1,"time":1.5},{"angle":247.5,"type":"outline","enable":true,"color":3,"time":1.5},{"angle":247.5,"type":"outline","enable":false,"color":0,"time":2},{"angle":292.5,"type":"setColor","duration":0.30000001192093,"b":0,"g":255,"color":0,"r":60,"time":2.75},{"angle":292.5,"type":"setColor","duration":0.30000001192093,"b":0,"g":0,"color":0,"r":255,"time":3.75},{"angle":22.5,"type":"hom","enable":false,"time":4},{"angle":157.5,"type":"setColor","duration":0.30000001192093,"b":0,"g":0,"color":0,"r":255,"time":10},{"angle":202.5,"type":"setColor","duration":0,"b":255,"g":255,"color":1,"r":255,"time":10},{"angle":202.5,"type":"setColor","duration":0.30000001192093,"b":0,"g":233,"color":0,"r":255,"time":10.25},{"angle":202.5,"type":"setColor","duration":0.30000001192093,"b":0,"g":255,"color":0,"r":118,"time":10.75},{"angle":202.5,"type":"setColor","duration":0.30000001192093,"b":226,"g":255,"color":0,"r":5,"time":11.25},{"angle":202.5,"type":"setColor","duration":0.30000001192093,"b":255,"g":0,"color":0,"r":15,"time":11.75},{"angle":202.5,"type":"setColor","duration":0,"b":80,"g":80,"color":1,"r":255,"time":12},{"angle":180,"type":"setColor","duration":0,"b":255,"g":255,"color":0,"r":255,"time":12},{"angle":157.5,"color":1,"type":"noise","chance":0.49999982118607,"time":12},{"angle":157.5,"color":0,"type":"noise","chance":0,"time":12.25},{"angle":202.5,"type":"setColor","duration":0,"b":0,"g":0,"color":1,"r":0,"time":12.25},{"angle":337.5,"type":"setColor","duration":0,"b":0,"g":0,"color":1,"r":0,"time":14},{"angle":22.5,"type":"setColor","duration":0,"b":0,"g":0,"color":0,"r":0,"time":14},{"angle":0,"type":"outline","enable":true,"color":3,"time":14.5},{"angle":56.25,"type":"setColor","duration":0.5,"b":0,"g":255,"color":0,"r":247,"ease":"inElastic","time":16},{"angle":78.75,"type":"setColor","duration":0.5,"b":242,"g":0,"color":0,"r":255,"ease":"inOutBack","time":17},{"angle":78.75,"type":"setColor","duration":0,"b":255,"g":255,"color":1,"r":255,"time":16},{"angle":101.25,"type":"outline","enable":false,"color":0,"time":16},{"angle":146.25,"type":"setColor","duration":0,"b":0,"g":0,"color":0,"r":0,"time":17.5},{"angle":135,"type":"setColor","duration":0,"b":0,"g":0,"color":1,"r":0,"time":17.5},{"angle":123.75,"type":"outline","enable":true,"color":3,"time":17.5},{"angle":157.5,"type":"setColor","duration":0,"b":252,"g":0,"color":0,"r":15,"time":18},{"angle":157.5,"type":"setColor","duration":0.5,"b":255,"g":120,"color":0,"r":54,"time":18.25},{"angle":157.5,"type":"setColor","duration":0.5,"b":255,"g":210,"color":0,"r":0,"time":18.75},{"angle":157.5,"type":"setColor","duration":0.5,"b":134,"g":20,"color":0,"r":0,"time":19},{"angle":157.5,"type":"setColor","duration":0.5,"b":225,"g":255,"color":0,"r":0,"time":19.25},{"angle":157.5,"type":"setColor","duration":0.5,"b":93,"g":13,"color":0,"r":0,"time":19.5},{"angle":157.5,"type":"setColor","duration":0.5,"b":255,"g":255,"color":0,"r":0,"time":19.75},{"angle":157.5,"type":"setColor","duration":0,"b":0,"g":0,"color":0,"r":0,"time":20.25},{"angle":168.75,"color":0,"type":"noise","chance":0,"time":20.25},{"angle":168.75,"color":1,"type":"noise","chance":0.52999979257584,"time":20},{"angle":168.75,"type":"outline","enable":false,"color":0,"time":18},{"angle":180,"type":"setColor","duration":0,"b":255,"g":255,"color":1,"r":255,"time":18},{"angle":90,"type":"setColor","duration":0,"b":244,"g":244,"color":0,"r":245,"time":22},{"angle":112.5,"b":0,"g":0,"type":"setColor","r":0,"color":1,"time":22},{"angle":157.5,"type":"setColor","duration":0,"b":200,"g":200,"color":0,"r":255,"time":23},{"angle":157.5,"type":"setColor","duration":0,"b":160,"g":160,"color":0,"r":255,"time":23.25},{"angle":157.5,"type":"setColor","duration":0,"b":127,"g":127,"color":0,"r":255,"time":23.5},{"angle":157.5,"type":"setColor","duration":0,"b":106,"g":106,"color":0,"r":255,"time":23.75},{"angle":337.5,"b":242,"g":242,"type":"setColor","r":242,"color":1,"time":24},{"angle":315,"type":"setColor","duration":0,"b":88,"g":88,"color":0,"r":255,"time":24},{"angle":135,"type":"setColor","duration":0,"b":255,"g":255,"color":0,"r":255,"time":24.75},{"angle":135,"type":"setColor","duration":0,"b":0,"g":0,"color":0,"r":0,"time":25},{"angle":157.5,"type":"setColor","duration":0,"b":0,"g":0,"color":1,"r":0,"time":24.75},{"angle":157.5,"type":"setColor","duration":0,"b":244,"g":244,"color":1,"r":247,"time":25},{"angle":157.5,"type":"setColor","duration":0,"b":58,"g":0,"color":0,"r":0,"time":25.5},{"angle":157.5,"type":"setColor","duration":0,"b":155,"g":31,"color":0,"r":0,"time":25.75},{"angle":157.5,"type":"setColor","duration":0,"b":255,"g":8,"color":0,"r":0,"time":26},{"angle":157.5,"type":"setColor","duration":0.5,"b":242,"g":255,"color":0,"r":0,"time":26.25},{"angle":157.5,"type":"setColor","duration":0.5,"b":45,"g":254,"color":0,"r":0,"time":26.75},{"angle":157.5,"type":"setColor","duration":0.5,"b":0,"g":248,"color":0,"r":255,"time":27.25},{"angle":157.5,"type":"setColor","duration":0.5,"b":0,"g":0,"color":0,"r":255,"time":27.75},{"angle":157.5,"type":"setColor","duration":0,"b":250,"g":250,"color":0,"r":250,"time":28},{"angle":180,"color":1,"type":"noise","chance":0.46999981999397,"time":28},{"angle":180,"color":0,"type":"noise","chance":0,"time":28.25},{"angle":135,"b":0,"g":0,"type":"setColor","r":0,"color":1,"time":28},{"angle":180,"b":0,"g":0,"type":"setColor","r":0,"color":0,"time":34},{"angle":157.5,"b":0,"g":0,"type":"setColor","r":0,"color":1,"time":34},{"angle":202.5,"type":"outline","enable":true,"color":3,"time":34},{"angle":157.5,"type":"setColor","duration":0,"b":0,"g":0,"color":0,"r":0,"time":30},{"angle":135,"type":"setColor","duration":0,"b":247,"g":247,"color":1,"r":247,"time":30},{"angle":157.5,"type":"setColor","duration":0,"b":90,"g":90,"color":0,"r":90,"time":30.5},{"angle":157.5,"b":90,"g":90,"type":"setColor","r":90,"color":0,"time":31},{"angle":157.5,"b":90,"g":90,"type":"setColor","r":90,"color":0,"time":31.5},{"angle":157.5,"b":90,"g":90,"type":"setColor","r":90,"color":0,"time":31.75},{"angle":157.5,"type":"setColor","duration":0.5,"b":0,"g":0,"color":0,"r":0,"time":30.625},{"angle":157.5,"type":"setColor","duration":0.5,"b":0,"g":0,"color":0,"r":0,"time":31.125},{"angle":157.5,"type":"setColor","duration":0.5,"b":0,"g":0,"color":0,"r":0,"time":31.625},{"angle":157.5,"type":"setColor","duration":1.5,"b":0,"g":0,"color":0,"r":0,"time":31.875},{"angle":180,"type":"setColor","duration":3,"b":254,"g":254,"color":0,"r":255,"time":33},{"angle":112.5,"type":"setColor","duration":0,"b":130,"g":130,"color":0,"r":130,"time":51},{"angle":112.5,"type":"setColor","duration":0.5,"b":0,"g":0,"color":0,"r":0,"time":51.125},{"angle":112.5,"b":130,"g":130,"type":"setColor","r":130,"color":0,"time":53},{"angle":112.5,"type":"setColor","duration":0.5,"b":0,"g":0,"color":0,"r":0,"time":53.125},{"angle":112.5,"type":"setColor","duration":0,"b":130,"g":130,"color":0,"r":130,"time":55},{"angle":112.5,"type":"setColor","duration":0.5,"b":0,"g":0,"color":0,"r":0,"time":55.125},{"angle":22.5,"type":"setColor","duration":0,"b":130,"g":130,"color":0,"r":130,"time":57},{"angle":22.5,"type":"setColor","duration":0.5,"b":0,"g":0,"color":0,"r":0,"time":57.125},{"angle":90,"type":"setColor","duration":0,"b":130,"g":130,"color":0,"r":130,"time":59},{"angle":90,"type":"setColor","duration":0.5,"b":0,"g":0,"color":0,"r":0,"time":59.125},{"angle":112.5,"type":"setColor","duration":0,"b":130,"g":130,"color":0,"r":130,"time":61},{"angle":112.5,"type":"setColor","duration":0.5,"b":0,"g":0,"color":0,"r":0,"time":61.125},{"angle":112.5,"type":"setColor","duration":0,"b":130,"g":130,"color":0,"r":130,"time":63},{"angle":112.5,"type":"setColor","duration":0.5,"b":0,"g":0,"color":0,"r":0,"time":63.125},{"angle":112.5,"type":"setColor","duration":0.125,"b":130,"g":130,"color":0,"r":130,"time":64.25},{"angle":135,"color":1,"type":"noise","chance":0.63999968767166,"time":64},{"angle":112.5,"type":"setColor","duration":0,"b":130,"g":130,"color":0,"r":130,"time":64},{"angle":112.5,"type":"setColor","duration":0.125,"b":0,"g":0,"color":0,"r":0,"time":64.125},{"angle":112.5,"type":"setColor","duration":0.125,"b":0,"g":0,"color":0,"r":0,"time":64.375},{"angle":112.5,"type":"setColor","duration":0.125,"b":130,"g":130,"color":0,"r":130,"time":64.5},{"angle":112.5,"type":"setColor","duration":0.125,"b":0,"g":0,"color":0,"r":0,"time":64.625},{"angle":112.5,"type":"setColor","duration":0.125,"b":130,"g":130,"color":0,"r":130,"time":64.75},{"angle":112.5,"type":"setColor","duration":0.125,"b":0,"g":0,"color":0,"r":0,"time":64.875},{"angle":112.5,"type":"setColor","duration":0.125,"b":130,"g":130,"color":0,"r":130,"time":65},{"angle":112.5,"type":"setColor","duration":0.125,"b":0,"g":0,"color":0,"r":0,"time":65.125},{"angle":112.5,"type":"setColor","duration":0.125,"b":130,"g":130,"color":0,"r":130,"time":65.25},{"angle":112.5,"type":"setColor","duration":0.125,"b":130,"g":130,"color":0,"r":130,"time":65.5},{"angle":112.5,"type":"setColor","duration":0.125,"b":0,"g":0,"color":0,"r":0,"time":65.625},{"angle":112.5,"type":"setColor","duration":0.125,"b":130,"g":130,"color":0,"r":130,"time":65.75},{"angle":112.5,"type":"setColor","duration":0.125,"b":0,"g":0,"color":0,"r":0,"time":65.875},{"angle":112.5,"type":"setColor","duration":0.125,"b":255,"g":255,"color":0,"r":255,"time":66},{"angle":112.5,"type":"setColor","duration":0.125,"b":0,"g":0,"color":0,"r":0,"time":65.375},{"angle":337.5,"color":3,"type":"noise","chance":0.3699999153614,"time":66},{"angle":315,"b":0,"g":0,"type":"setColor","r":255,"color":0,"time":67},{"angle":247.5,"b":255,"g":255,"type":"setColor","r":255,"color":0,"time":68},{"angle":315,"type":"setColor","duration":0.25,"b":39,"g":255,"color":0,"r":0,"time":67.333335876465},{"angle":315,"type":"setColor","duration":0.25,"b":255,"g":0,"color":0,"r":15,"time":67.666664123535},{"angle":337.5,"b":0,"g":0,"type":"setColor","r":255,"color":0,"time":69},{"angle":337.5,"type":"setColor","duration":0.25,"b":39,"g":255,"color":0,"r":0,"time":69.333335876465},{"angle":337.5,"type":"setColor","duration":0.25,"b":255,"g":0,"color":0,"r":15,"time":69.666664123535},{"angle":337.5,"type":"setColor","duration":0,"b":255,"g":255,"color":0,"r":255,"time":70},{"angle":337.5,"b":0,"g":0,"type":"setColor","r":255,"color":0,"time":71},{"angle":337.5,"type":"setColor","duration":0.25,"b":39,"g":255,"color":0,"r":0,"time":71.333335876465},{"angle":337.5,"type":"setColor","duration":0.25,"b":255,"g":0,"color":0,"r":15,"time":71.666664123535},{"angle":337.5,"type":"setColor","duration":0,"b":255,"g":255,"color":0,"r":255,"time":72},{"angle":337.5,"b":0,"g":0,"type":"setColor","r":255,"color":0,"time":73},{"angle":337.5,"type":"setColor","duration":0.25,"b":39,"g":255,"color":0,"r":0,"time":73.333335876465},{"angle":337.5,"type":"setColor","duration":0.25,"b":255,"g":0,"color":0,"r":15,"time":73.666664123535},{"angle":337.5,"type":"setColor","duration":0,"b":255,"g":255,"color":0,"r":255,"time":74},{"angle":337.5,"b":0,"g":0,"type":"setColor","r":255,"color":0,"time":75},{"angle":337.5,"type":"setColor","duration":0.25,"b":39,"g":255,"color":0,"r":0,"time":75.333335876465},{"angle":337.5,"type":"setColor","duration":0.25,"b":255,"g":0,"color":0,"r":15,"time":75.666664123535},{"angle":337.5,"type":"setColor","duration":0,"b":255,"g":255,"color":0,"r":255,"time":76},{"angle":337.5,"b":0,"g":0,"type":"setColor","r":255,"color":0,"time":77},{"angle":337.5,"type":"setColor","duration":0.25,"b":39,"g":255,"color":0,"r":0,"time":77.333335876465},{"angle":337.5,"type":"setColor","duration":0.25,"b":255,"g":0,"color":0,"r":15,"time":77.666664123535},{"angle":337.5,"type":"setColor","duration":0,"b":255,"g":255,"color":0,"r":255,"time":78},{"angle":337.5,"b":0,"g":0,"type":"setColor","r":255,"color":0,"time":79},{"angle":337.5,"type":"setColor","duration":0.25,"b":39,"g":255,"color":0,"r":0,"time":79.333335876465},{"angle":337.5,"type":"setColor","duration":0.25,"b":255,"g":0,"color":0,"r":15,"time":79.666664123535},{"angle":337.5,"type":"setColor","duration":0,"b":255,"g":255,"color":0,"r":255,"time":80},{"angle":337.5,"b":0,"g":0,"type":"setColor","r":255,"color":0,"time":81},{"angle":337.5,"type":"setColor","duration":0.25,"b":39,"g":255,"color":0,"r":0,"time":81.333335876465},{"angle":337.5,"type":"setColor","duration":0.25,"b":255,"g":0,"color":0,"r":15,"time":81.666664123535},{"angle":360,"type":"setColor","duration":0,"b":255,"g":255,"color":0,"r":255,"time":82},{"angle":135,"type":"setColor","duration":0.125,"b":255,"g":255,"color":0,"r":255,"time":82},{"angle":360,"color":3,"type":"noise","chance":0.3699999153614,"time":82},{"angle":337.5,"b":0,"g":0,"type":"setColor","r":255,"color":0,"time":83},{"angle":270,"b":255,"g":255,"type":"setColor","r":255,"color":0,"time":84},{"angle":337.5,"type":"setColor","duration":0.25,"b":39,"g":255,"color":0,"r":0,"time":83.333335876465},{"angle":337.5,"type":"setColor","duration":0.25,"b":255,"g":0,"color":0,"r":15,"time":83.666664123535},{"angle":360,"b":0,"g":0,"type":"setColor","r":255,"color":0,"time":85},{"angle":360,"type":"setColor","duration":0.25,"b":39,"g":255,"color":0,"r":0,"time":85.333335876465},{"angle":360,"type":"setColor","duration":0.25,"b":255,"g":0,"color":0,"r":15,"time":85.666664123535},{"angle":360,"type":"setColor","duration":0,"b":255,"g":255,"color":0,"r":255,"time":86},{"angle":360,"b":0,"g":0,"type":"setColor","r":255,"color":0,"time":87},{"angle":360,"type":"setColor","duration":0.25,"b":39,"g":255,"color":0,"r":0,"time":87.333335876465},{"angle":360,"type":"setColor","duration":0.25,"b":255,"g":0,"color":0,"r":15,"time":87.666664123535},{"angle":360,"type":"setColor","duration":0,"b":255,"g":255,"color":0,"r":255,"time":88},{"angle":360,"b":0,"g":0,"type":"setColor","r":255,"color":0,"time":89},{"angle":360,"type":"setColor","duration":0.25,"b":39,"g":255,"color":0,"r":0,"time":89.333335876465},{"angle":360,"type":"setColor","duration":0.25,"b":255,"g":0,"color":0,"r":15,"time":89.666664123535},{"angle":360,"type":"setColor","duration":0,"b":255,"g":255,"color":0,"r":255,"time":90},{"angle":360,"b":0,"g":0,"type":"setColor","r":255,"color":0,"time":91},{"angle":360,"type":"setColor","duration":0.25,"b":39,"g":255,"color":0,"r":0,"time":91.333335876465},{"angle":360,"type":"setColor","duration":0.25,"b":255,"g":0,"color":0,"r":15,"time":91.666664123535},{"angle":360,"type":"setColor","duration":0,"b":255,"g":255,"color":0,"r":255,"time":92},{"angle":360,"b":0,"g":0,"type":"setColor","r":255,"color":0,"time":93},{"angle":360,"type":"setColor","duration":0.25,"b":39,"g":255,"color":0,"r":0,"time":93.333335876465},{"angle":360,"type":"setColor","duration":0.25,"b":255,"g":0,"color":0,"r":15,"time":93.666664123535},{"angle":360,"type":"setColor","duration":0,"b":255,"g":255,"color":0,"r":255,"time":94},{"angle":360,"b":0,"g":0,"type":"setColor","r":255,"color":0,"time":95},{"angle":360,"type":"setColor","duration":0.25,"b":39,"g":255,"color":0,"r":0,"time":95.333335876465},{"angle":360,"type":"setColor","duration":0.25,"b":255,"g":0,"color":0,"r":15,"time":95.666664123535},{"angle":360,"type":"setColor","duration":0,"b":255,"g":255,"color":0,"r":255,"time":96},{"angle":360,"b":0,"g":0,"type":"setColor","r":255,"color":0,"time":97},{"angle":360,"type":"setColor","duration":0.25,"b":39,"g":255,"color":0,"r":0,"time":97.333335876465},{"angle":360,"type":"setColor","duration":0.25,"b":255,"g":0,"color":0,"r":15,"time":97.666664123535},{"angle":360,"type":"setColor","duration":0,"b":255,"g":255,"color":0,"r":255,"time":98},{"angle":337.5,"color":0,"type":"noise","chance":0,"time":98},{"angle":0,"type":"setColor","duration":0,"b":252,"g":192,"color":0,"r":15,"time":104},{"angle":0,"b":175,"g":29,"type":"setColor","r":123,"color":0,"time":104.5},{"angle":0,"b":185,"g":47,"type":"setColor","r":255,"color":0,"time":105},{"angle":0,"b":71,"g":255,"type":"setColor","r":212,"color":0,"time":105.5},{"angle":0,"b":73,"g":54,"type":"setColor","r":27,"color":0,"time":105.75},{"angle":45,"type":"outline","enable":false,"color":0,"time":66},{"angle":22.5,"type":"setColor","duration":0,"b":252,"g":252,"color":1,"r":252,"time":104},{"angle":0,"type":"setColor","duration":0,"b":252,"g":192,"color":0,"r":15,"time":106},{"angle":0,"b":175,"g":29,"type":"setColor","r":123,"color":0,"time":106.5},{"angle":0,"b":185,"g":47,"type":"setColor","r":255,"color":0,"time":107},{"angle":0,"b":71,"g":255,"type":"setColor","r":212,"color":0,"time":107.5},{"angle":0,"type":"setColor","duration":0,"b":252,"g":192,"color":0,"r":15,"time":108},{"angle":0,"b":175,"g":29,"type":"setColor","r":123,"color":0,"time":108.5},{"angle":0,"b":185,"g":47,"type":"setColor","r":255,"color":0,"time":109},{"angle":360,"b":71,"g":255,"type":"setColor","r":212,"color":0,"time":109.5},{"angle":0,"type":"setColor","duration":0,"b":252,"g":192,"color":0,"r":15,"time":110},{"angle":0,"b":175,"g":29,"type":"setColor","r":123,"color":0,"time":110.5},{"angle":0,"b":185,"g":47,"type":"setColor","r":255,"color":0,"time":111},{"angle":0,"b":71,"g":255,"type":"setColor","r":212,"color":0,"time":111.5},{"angle":0,"type":"setColor","duration":0,"b":252,"g":192,"color":0,"r":15,"time":112},{"angle":0,"b":175,"g":29,"type":"setColor","r":123,"color":0,"time":112.5},{"angle":0,"b":185,"g":47,"type":"setColor","r":255,"color":0,"time":113},{"angle":0,"b":71,"g":255,"type":"setColor","r":212,"color":0,"time":113.5},{"type":"showResults","angle":0,"time":324},{"angle":315,"paddle":1,"type":"paddles","duration":1.75,"enabled":true,"newWidth":290,"ease":"inOutExpo","time":104},{"angle":337.5,"type":"setColor","duration":0,"b":252,"g":192,"color":0,"r":15,"time":114},{"angle":337.5,"b":175,"g":29,"type":"setColor","r":123,"color":0,"time":114.5},{"angle":0,"b":185,"g":47,"type":"setColor","r":255,"color":0,"time":115},{"angle":0,"b":71,"g":255,"type":"setColor","r":212,"color":0,"time":115.5},{"angle":22.5,"paddle":1,"type":"paddles","duration":0.10000000149012,"enabled":true,"newWidth":70,"ease":"linear","time":117.75},{"angle":337.5,"type":"setColor","duration":0,"b":252,"g":192,"color":0,"r":15,"time":116},{"angle":337.5,"b":175,"g":29,"type":"setColor","r":123,"color":0,"time":116.5},{"angle":0,"b":185,"g":47,"type":"setColor","r":255,"color":0,"time":117},{"angle":0,"b":71,"g":255,"type":"setColor","r":212,"color":0,"time":117.5},{"angle":112.5,"type":"setColor","duration":0,"b":0,"g":0,"color":0,"r":0,"time":118},{"angle":0,"type":"setColor","duration":0,"b":252,"g":192,"color":0,"r":15,"time":120},{"angle":0,"b":175,"g":29,"type":"setColor","r":123,"color":0,"time":120.5},{"angle":0,"b":185,"g":47,"type":"setColor","r":255,"color":0,"time":121},{"angle":0,"b":71,"g":255,"type":"setColor","r":212,"color":0,"time":121.5},{"angle":0,"type":"setColor","duration":0,"b":252,"g":192,"color":0,"r":15,"time":122},{"angle":0,"b":175,"g":29,"type":"setColor","r":123,"color":0,"time":122.5},{"angle":0,"b":185,"g":47,"type":"setColor","r":255,"color":0,"time":123},{"angle":360,"b":71,"g":255,"type":"setColor","r":212,"color":0,"time":123.5},{"angle":0,"type":"setColor","duration":0,"b":252,"g":192,"color":0,"r":15,"time":124},{"angle":0,"b":175,"g":29,"type":"setColor","r":123,"color":0,"time":124.5},{"angle":0,"b":185,"g":47,"type":"setColor","r":255,"color":0,"time":125},{"angle":0,"b":71,"g":255,"type":"setColor","r":212,"color":0,"time":125.5},{"angle":0,"type":"setColor","duration":0,"b":0,"g":0,"color":0,"r":0,"time":126},{"angle":101.25,"type":"setColor","duration":0,"b":255,"g":75,"color":0,"r":0,"time":130},{"angle":90,"type":"setColor","duration":1,"b":249,"g":0,"color":0,"r":249,"time":130.25},{"angle":56.25,"type":"setColor","duration":1,"b":4,"g":4,"color":0,"r":255,"time":131},{"angle":45,"type":"setColor","duration":1,"b":13,"g":227,"color":0,"r":255,"time":131.75},{"angle":56.25,"b":0,"g":0,"type":"setColor","r":0,"color":0,"time":132},{"angle":67.5,"type":"hom","enable":true,"time":130},{"angle":78.75,"type":"hom","enable":false,"time":132},{"angle":101.25,"type":"setColor","duration":0,"b":255,"g":75,"color":0,"r":0,"time":134},{"angle":90,"type":"setColor","duration":1,"b":249,"g":0,"color":0,"r":249,"time":134.25},{"angle":56.25,"type":"setColor","duration":1,"b":4,"g":4,"color":0,"r":255,"time":135},{"angle":45,"type":"setColor","duration":1,"b":13,"g":227,"color":0,"r":255,"time":135.75},{"angle":56.25,"b":0,"g":0,"type":"setColor","r":0,"color":0,"time":136},{"angle":67.5,"type":"hom","enable":true,"time":134},{"angle":78.75,"type":"hom","enable":false,"time":136},{"angle":101.25,"type":"setColor","duration":0,"b":255,"g":75,"color":0,"r":0,"time":138},{"angle":90,"type":"setColor","duration":1,"b":249,"g":0,"color":0,"r":249,"time":138.25},{"angle":56.25,"type":"setColor","duration":1,"b":4,"g":4,"color":0,"r":255,"time":139},{"angle":45,"type":"setColor","duration":1,"b":13,"g":227,"color":0,"r":255,"time":139.75},{"angle":56.25,"b":0,"g":0,"type":"setColor","r":0,"color":0,"time":140},{"angle":67.5,"type":"hom","enable":true,"time":138},{"angle":78.75,"type":"hom","enable":false,"time":140},{"angle":101.25,"type":"setColor","duration":0,"b":255,"g":75,"color":0,"r":0,"time":142},{"angle":90,"type":"setColor","duration":1,"b":249,"g":0,"color":0,"r":249,"time":142.25},{"angle":56.25,"type":"setColor","duration":1,"b":4,"g":4,"color":0,"r":255,"time":143},{"angle":45,"type":"setColor","duration":1,"b":13,"g":227,"color":0,"r":255,"time":143.75},{"angle":56.25,"b":0,"g":0,"type":"setColor","r":0,"color":0,"time":144},{"angle":67.5,"type":"hom","enable":true,"time":142},{"angle":78.75,"type":"hom","enable":false,"time":144},{"angle":101.25,"type":"setColor","duration":0,"b":255,"g":75,"color":0,"r":0,"time":146},{"angle":90,"type":"setColor","duration":1,"b":249,"g":0,"color":0,"r":249,"time":146.25},{"angle":56.25,"type":"setColor","duration":1,"b":4,"g":4,"color":0,"r":255,"time":147},{"angle":45,"type":"setColor","duration":1,"b":13,"g":227,"color":0,"r":255,"time":147.75},{"angle":56.25,"b":0,"g":0,"type":"setColor","r":0,"color":0,"time":148},{"angle":67.5,"type":"hom","enable":true,"time":146},{"angle":78.75,"type":"hom","enable":false,"time":148},{"angle":101.25,"type":"setColor","duration":0,"b":255,"g":75,"color":0,"r":0,"time":150},{"angle":90,"type":"setColor","duration":1,"b":249,"g":0,"color":0,"r":249,"time":150.25},{"angle":56.25,"type":"setColor","duration":1,"b":4,"g":4,"color":0,"r":255,"time":151},{"angle":45,"type":"setColor","duration":1,"b":13,"g":227,"color":0,"r":255,"time":151.75},{"angle":56.25,"b":0,"g":0,"type":"setColor","r":0,"color":0,"time":152},{"angle":67.5,"type":"hom","enable":true,"time":150},{"angle":78.75,"type":"hom","enable":false,"time":152},{"angle":101.25,"type":"setColor","duration":0,"b":255,"g":75,"color":0,"r":0,"time":154},{"angle":90,"type":"setColor","duration":1,"b":249,"g":0,"color":0,"r":249,"time":154.25},{"angle":56.25,"type":"setColor","duration":1,"b":4,"g":4,"color":0,"r":255,"time":155},{"angle":45,"type":"setColor","duration":1,"b":13,"g":227,"color":0,"r":255,"time":155.75},{"angle":56.25,"b":0,"g":0,"type":"setColor","r":0,"color":0,"time":156},{"angle":67.5,"type":"hom","enable":true,"time":154},{"angle":78.75,"type":"hom","enable":false,"time":156},{"angle":101.25,"type":"setColor","duration":0,"b":255,"g":75,"color":0,"r":0,"time":158},{"angle":90,"type":"setColor","duration":1,"b":249,"g":0,"color":0,"r":249,"time":158.25},{"angle":56.25,"type":"setColor","duration":1,"b":4,"g":4,"color":0,"r":255,"time":159},{"angle":45,"type":"setColor","duration":1,"b":13,"g":227,"color":0,"r":255,"time":159.75},{"angle":67.5,"type":"hom","enable":true,"time":158},{"angle":112.5,"type":"hom","enable":false,"time":162},{"angle":135,"chance":0.81999951601028,"type":"noise","color":3,"time":162},{"angle":101.25,"type":"setColor","duration":0,"b":255,"g":75,"color":0,"r":0,"time":160},{"angle":90,"type":"setColor","duration":1,"b":249,"g":0,"color":0,"r":249,"time":160.25},{"angle":56.25,"type":"setColor","duration":1,"b":4,"g":4,"color":0,"r":255,"time":161},{"angle":45,"type":"setColor","duration":1,"b":13,"g":227,"color":0,"r":255,"time":161.75},{"angle":101.25,"type":"setColor","duration":0,"b":255,"g":75,"color":0,"r":0,"time":162},{"angle":56.25,"type":"setColor","duration":1,"b":4,"g":4,"color":0,"r":255,"time":163},{"angle":45,"type":"setColor","duration":1,"b":13,"g":227,"color":0,"r":255,"time":163.75},{"angle":101.25,"type":"setColor","duration":1,"b":255,"g":75,"color":0,"r":0,"time":164},{"angle":90,"type":"setColor","duration":1,"b":249,"g":0,"color":0,"r":249,"time":164.5},{"angle":56.25,"type":"setColor","duration":1,"b":4,"g":4,"color":0,"r":255,"time":165},{"angle":45,"type":"setColor","duration":1,"b":13,"g":227,"color":0,"r":255,"time":165.5},{"angle":101.25,"type":"setColor","duration":1,"b":255,"g":75,"color":0,"r":0,"time":166},{"angle":90,"type":"setColor","duration":1,"b":249,"g":0,"color":0,"r":249,"time":166.5},{"angle":56.25,"type":"setColor","duration":1,"b":4,"g":4,"color":0,"r":255,"time":167},{"angle":45,"type":"setColor","duration":1,"b":13,"g":227,"color":0,"r":255,"time":167.5},{"angle":101.25,"type":"setColor","duration":1,"b":255,"g":75,"color":0,"r":0,"time":168},{"angle":90,"type":"setColor","duration":1,"b":249,"g":0,"color":0,"r":249,"time":168.5},{"angle":56.25,"type":"setColor","duration":1,"b":4,"g":4,"color":0,"r":255,"time":169},{"angle":45,"type":"setColor","duration":1,"b":13,"g":227,"color":0,"r":255,"time":169.5},{"angle":101.25,"type":"setColor","duration":1,"b":255,"g":75,"color":0,"r":0,"time":170},{"angle":90,"type":"setColor","duration":1,"b":249,"g":0,"color":0,"r":249,"time":170.5},{"angle":56.25,"type":"setColor","duration":1,"b":4,"g":4,"color":0,"r":255,"time":171},{"angle":45,"type":"setColor","duration":1,"b":13,"g":227,"color":0,"r":255,"time":171.5},{"angle":101.25,"type":"setColor","duration":1,"b":255,"g":75,"color":0,"r":0,"time":172},{"angle":90,"type":"setColor","duration":1,"b":249,"g":0,"color":0,"r":249,"time":172.5},{"angle":56.25,"type":"setColor","duration":1,"b":0,"g":0,"color":0,"r":0,"time":173},{"angle":56.25,"type":"setColor","duration":1,"b":4,"g":4,"color":0,"r":255,"time":162.75},{"angle":45,"type":"setColor","duration":1,"b":13,"g":227,"color":0,"r":255,"time":163.25},{"angle":348.75,"type":"setColor","duration":0,"b":0,"g":0,"color":0,"r":0,"time":178},{"angle":0,"color":3,"type":"noise","chance":0.93999940156937,"time":178},{"angle":22.5,"color":3,"type":"noise","chance":0.95999938249588,"time":182},{"angle":22.5,"color":3,"type":"noise","chance":0.97999936342239,"time":184},{"angle":33.75,"color":3,"type":"noise","chance":0.9899994134903,"time":186},{"angle":45,"color":3,"type":"noise","chance":1,"time":190},{"angle":157.5,"type":"setColor","duration":1,"b":252,"g":252,"color":0,"r":252,"ease":"inExpo","time":193},{"angle":146.25,"type":"setColor","duration":0,"b":0,"g":0,"color":0,"r":190,"time":194},{"angle":146.25,"type":"setColor","duration":0.75,"b":0,"g":0,"color":0,"r":0,"time":194.25},{"angle":146.25,"b":0,"g":190,"type":"setColor","r":190,"color":0,"time":195},{"angle":146.25,"type":"setColor","duration":0.5,"b":0,"g":0,"color":0,"r":0,"time":195.25},{"angle":146.25,"b":0,"g":190,"type":"setColor","r":0,"color":0,"time":196},{"angle":146.25,"type":"setColor","duration":0.75,"b":0,"g":0,"color":0,"r":0,"time":196.25},{"angle":157.5,"b":190,"g":190,"type":"setColor","r":0,"color":0,"time":197},{"angle":157.5,"type":"setColor","duration":0.5,"b":0,"g":0,"color":0,"r":0,"time":197.25},{"angle":146.25,"b":190,"g":0,"type":"setColor","r":0,"color":0,"time":198},{"angle":146.25,"type":"setColor","duration":0.75,"b":0,"g":0,"color":0,"r":0,"time":198.25},{"angle":146.25,"b":190,"g":0,"type":"setColor","r":190,"color":0,"time":199},{"angle":146.25,"type":"setColor","duration":0.5,"b":0,"g":0,"color":0,"r":0,"time":199.25},{"angle":146.25,"type":"setColor","duration":0,"b":0,"g":0,"color":0,"r":190,"time":200},{"angle":146.25,"type":"setColor","duration":0.75,"b":0,"g":0,"color":0,"r":0,"time":200.25},{"angle":146.25,"b":0,"g":190,"type":"setColor","r":190,"color":0,"time":201},{"angle":146.25,"type":"setColor","duration":0.5,"b":0,"g":0,"color":0,"r":0,"time":201.25},{"angle":146.25,"b":0,"g":190,"type":"setColor","r":0,"color":0,"time":202},{"angle":146.25,"type":"setColor","duration":0.75,"b":0,"g":0,"color":0,"r":0,"time":202.25},{"angle":146.25,"b":190,"g":190,"type":"setColor","r":0,"color":0,"time":203},{"angle":146.25,"type":"setColor","duration":0.5,"b":0,"g":0,"color":0,"r":0,"time":203.25},{"angle":146.25,"b":190,"g":0,"type":"setColor","r":0,"color":0,"time":204},{"angle":146.25,"type":"setColor","duration":0.75,"b":0,"g":0,"color":0,"r":0,"time":204.25},{"angle":146.25,"b":190,"g":0,"type":"setColor","r":190,"color":0,"time":205},{"angle":146.25,"type":"setColor","duration":0.5,"b":0,"g":0,"color":0,"r":0,"time":205.25},{"angle":146.25,"type":"setColor","duration":0,"b":0,"g":0,"color":0,"r":190,"time":206},{"angle":146.25,"type":"setColor","duration":0.75,"b":0,"g":0,"color":0,"r":0,"time":206.25},{"angle":146.25,"b":0,"g":190,"type":"setColor","r":190,"color":0,"time":207},{"angle":146.25,"type":"setColor","duration":0.5,"b":0,"g":0,"color":0,"r":0,"time":207.25},{"angle":146.25,"b":0,"g":190,"type":"setColor","r":0,"color":0,"time":208},{"angle":146.25,"type":"setColor","duration":0.75,"b":0,"g":0,"color":0,"r":0,"time":208.25},{"angle":146.25,"b":190,"g":190,"type":"setColor","r":0,"color":0,"time":209},{"angle":146.25,"type":"setColor","duration":0.5,"b":0,"g":0,"color":0,"r":0,"time":209.25},{"angle":146.25,"b":190,"g":0,"type":"setColor","r":0,"color":0,"time":210},{"angle":146.25,"type":"setColor","duration":0.75,"b":0,"g":0,"color":0,"r":0,"time":210.25},{"angle":146.25,"b":190,"g":0,"type":"setColor","r":190,"color":0,"time":211},{"angle":146.25,"type":"setColor","duration":0.5,"b":0,"g":0,"color":0,"r":0,"time":211.25},{"angle":146.25,"type":"setColor","duration":0,"b":0,"g":0,"color":0,"r":190,"time":212},{"angle":146.25,"type":"setColor","duration":0.75,"b":0,"g":0,"color":0,"r":0,"time":212.25},{"angle":146.25,"b":0,"g":190,"type":"setColor","r":190,"color":0,"time":213},{"angle":146.25,"type":"setColor","duration":0.5,"b":0,"g":0,"color":0,"r":0,"time":213.25},{"angle":146.25,"b":0,"g":190,"type":"setColor","r":0,"color":0,"time":214},{"angle":146.25,"type":"setColor","duration":0.75,"b":0,"g":0,"color":0,"r":0,"time":214.25},{"angle":146.25,"b":190,"g":190,"type":"setColor","r":0,"color":0,"time":215},{"angle":146.25,"type":"setColor","duration":0.5,"b":0,"g":0,"color":0,"r":0,"time":215.25},{"angle":146.25,"b":190,"g":0,"type":"setColor","r":0,"color":0,"time":216},{"angle":146.25,"type":"setColor","duration":0.75,"b":0,"g":0,"color":0,"r":0,"time":216.25},{"angle":146.25,"b":190,"g":0,"type":"setColor","r":190,"color":0,"time":217},{"angle":146.25,"type":"setColor","duration":0.5,"b":0,"g":0,"color":0,"r":0,"time":217.25},{"angle":-146.25,"type":"setColor","duration":0,"b":0,"g":0,"color":0,"r":190,"time":218},{"angle":-146.25,"type":"setColor","duration":0.75,"b":0,"g":0,"color":0,"r":0,"time":218.25},{"angle":-146.25,"b":0,"g":190,"type":"setColor","r":190,"color":0,"time":219},{"angle":-146.25,"type":"setColor","duration":0.5,"b":0,"g":0,"color":0,"r":0,"time":219.25},{"angle":-146.25,"b":0,"g":190,"type":"setColor","r":0,"color":0,"time":220},{"angle":-146.25,"type":"setColor","duration":0.75,"b":0,"g":0,"color":0,"r":0,"time":220.25},{"angle":-146.25,"b":190,"g":190,"type":"setColor","r":0,"color":0,"time":221},{"angle":-146.25,"type":"setColor","duration":0.5,"b":0,"g":0,"color":0,"r":0,"time":221.25},{"angle":-146.25,"b":190,"g":0,"type":"setColor","r":0,"color":0,"time":222},{"angle":-146.25,"type":"setColor","duration":0.75,"b":0,"g":0,"color":0,"r":0,"time":222.25},{"angle":-146.25,"b":190,"g":0,"type":"setColor","r":190,"color":0,"time":223},{"angle":-146.25,"type":"setColor","duration":0.5,"b":0,"g":0,"color":0,"r":0,"time":223.25},{"angle":-146.25,"type":"setColor","duration":0,"b":0,"g":0,"color":0,"r":190,"time":224},{"angle":-146.25,"type":"setColor","duration":0.75,"b":0,"g":0,"color":0,"r":0,"time":224.25},{"angle":-146.25,"b":0,"g":190,"type":"setColor","r":190,"color":0,"time":225},{"angle":-146.25,"type":"setColor","duration":0.5,"b":0,"g":0,"color":0,"r":0,"time":225.25},{"angle":146.25,"b":0,"g":190,"type":"setColor","r":0,"color":0,"time":226},{"angle":146.25,"type":"setColor","duration":0.75,"b":0,"g":0,"color":0,"r":0,"time":226.25},{"angle":146.25,"b":190,"g":190,"type":"setColor","r":0,"color":0,"time":227},{"angle":146.25,"type":"setColor","duration":0.5,"b":0,"g":0,"color":0,"r":0,"time":227.25},{"angle":146.25,"b":190,"g":0,"type":"setColor","r":0,"color":0,"time":228},{"angle":146.25,"type":"setColor","duration":0.75,"b":0,"g":0,"color":0,"r":0,"time":228.25},{"angle":146.25,"b":190,"g":0,"type":"setColor","r":190,"color":0,"time":229},{"angle":146.25,"type":"setColor","duration":0.5,"b":0,"g":0,"color":0,"r":0,"time":229.25},{"angle":146.25,"type":"setColor","duration":0,"b":0,"g":0,"color":0,"r":190,"time":230},{"angle":146.25,"type":"setColor","duration":0.75,"b":0,"g":0,"color":0,"r":0,"time":230.25},{"angle":146.25,"b":0,"g":190,"type":"setColor","r":190,"color":0,"time":231},{"angle":146.25,"type":"setColor","duration":0.5,"b":0,"g":0,"color":0,"r":0,"time":231.25},{"angle":146.25,"b":0,"g":190,"type":"setColor","r":0,"color":0,"time":232},{"angle":146.25,"type":"setColor","duration":0.75,"b":0,"g":0,"color":0,"r":0,"time":232.25},{"angle":146.25,"b":190,"g":190,"type":"setColor","r":0,"color":0,"time":233},{"angle":146.25,"type":"setColor","duration":0.5,"b":0,"g":0,"color":0,"r":0,"time":233.25},{"angle":146.25,"b":190,"g":0,"type":"setColor","r":0,"color":0,"time":234},{"angle":146.25,"type":"setColor","duration":0.75,"b":0,"g":0,"color":0,"r":0,"time":234.25},{"angle":146.25,"b":190,"g":0,"type":"setColor","r":190,"color":0,"time":235},{"angle":146.25,"type":"setColor","duration":0.5,"b":0,"g":0,"color":0,"r":0,"time":235.25},{"angle":146.25,"type":"setColor","duration":0,"b":0,"g":0,"color":0,"r":190,"time":236},{"angle":146.25,"type":"setColor","duration":0.75,"b":0,"g":0,"color":0,"r":0,"time":236.25},{"angle":146.25,"b":0,"g":190,"type":"setColor","r":190,"color":0,"time":237},{"angle":146.25,"type":"setColor","duration":0.5,"b":0,"g":0,"color":0,"r":0,"time":237.25},{"angle":146.25,"b":0,"g":190,"type":"setColor","r":0,"color":0,"time":238},{"angle":146.25,"type":"setColor","duration":0.75,"b":0,"g":0,"color":0,"r":0,"time":238.25},{"angle":146.25,"b":190,"g":190,"type":"setColor","r":0,"color":0,"time":239},{"angle":146.25,"type":"setColor","duration":0.5,"b":0,"g":0,"color":0,"r":0,"time":239.25},{"angle":146.25,"b":190,"g":0,"type":"setColor","r":0,"color":0,"time":240},{"angle":146.25,"type":"setColor","duration":0.75,"b":0,"g":0,"color":0,"r":0,"time":240.25},{"angle":146.25,"b":190,"g":0,"type":"setColor","r":190,"color":0,"time":241},{"angle":146.25,"type":"setColor","duration":0.5,"b":0,"g":0,"color":0,"r":0,"time":241.25},{"angle":146.25,"type":"setColor","duration":0,"b":0,"g":0,"color":0,"r":190,"time":242},{"angle":146.25,"type":"setColor","duration":0.75,"b":0,"g":0,"color":0,"r":0,"time":242.25},{"angle":146.25,"b":0,"g":190,"type":"setColor","r":190,"color":0,"time":243},{"angle":146.25,"type":"setColor","duration":0.5,"b":0,"g":0,"color":0,"r":0,"time":243.25},{"angle":146.25,"b":0,"g":190,"type":"setColor","r":0,"color":0,"time":244},{"angle":146.25,"type":"setColor","duration":0.75,"b":0,"g":0,"color":0,"r":0,"time":244.25},{"angle":146.25,"b":190,"g":190,"type":"setColor","r":0,"color":0,"time":245},{"angle":146.25,"type":"setColor","duration":0.5,"b":0,"g":0,"color":0,"r":0,"time":245.25},{"angle":146.25,"b":190,"g":0,"type":"setColor","r":0,"color":0,"time":246},{"angle":146.25,"type":"setColor","duration":0.75,"b":0,"g":0,"color":0,"r":0,"time":246.25},{"angle":146.25,"b":190,"g":0,"type":"setColor","r":190,"color":0,"time":247},{"angle":146.25,"type":"setColor","duration":0.5,"b":0,"g":0,"color":0,"r":0,"time":247.25},{"angle":146.25,"type":"setColor","duration":0,"b":0,"g":0,"color":0,"r":190,"time":248},{"angle":146.25,"type":"setColor","duration":0.75,"b":0,"g":0,"color":0,"r":0,"time":248.25},{"angle":146.25,"b":0,"g":190,"type":"setColor","r":190,"color":0,"time":249},{"angle":146.25,"type":"setColor","duration":0.5,"b":0,"g":0,"color":0,"r":0,"time":249.25},{"angle":146.25,"b":0,"g":190,"type":"setColor","r":0,"color":0,"time":250},{"angle":146.25,"type":"setColor","duration":0.75,"b":0,"g":0,"color":0,"r":0,"time":250.25},{"angle":146.25,"b":190,"g":190,"type":"setColor","r":0,"color":0,"time":251},{"angle":146.25,"type":"setColor","duration":0.5,"b":0,"g":0,"color":0,"r":0,"time":251.25},{"angle":146.25,"b":190,"g":0,"type":"setColor","r":0,"color":0,"time":252},{"angle":146.25,"type":"setColor","duration":0.75,"b":0,"g":0,"color":0,"r":0,"time":252.25},{"angle":146.25,"b":190,"g":0,"type":"setColor","r":190,"color":0,"time":253},{"angle":146.25,"type":"setColor","duration":0.5,"b":0,"g":0,"color":0,"r":0,"time":253.25},{"angle":146.25,"type":"setColor","duration":0,"b":0,"g":0,"color":0,"r":0,"time":254},{"angle":247.5,"type":"hom","enable":false,"time":226},{"angle":90,"type":"hom","enable":true,"time":229},{"angle":135,"type":"hom","enable":false,"time":230},{"angle":225,"type":"hom","enable":true,"time":233},{"angle":225,"type":"hom","enable":false,"time":234},{"angle":247.5,"type":"hom","enable":false,"time":234},{"angle":90,"type":"hom","enable":true,"time":237},{"angle":135,"type":"hom","enable":false,"time":238},{"angle":225,"type":"hom","enable":true,"time":241},{"angle":225,"type":"hom","enable":false,"time":242},{"angle":67.5,"type":"hom","enable":true,"time":245},{"angle":247.5,"type":"hom","enable":false,"time":246},{"angle":247.5,"type":"hom","enable":true,"time":249},{"angle":427.5,"type":"hom","enable":false,"time":250},{"angle":225,"type":"hom","enable":false,"time":250},{"angle":67.5,"type":"hom","enable":true,"time":253},{"angle":247.5,"type":"hom","enable":false,"time":254},{"angle":157.5,"chance":0,"type":"noise","color":0,"time":254},{"angle":135,"type":"setColor","duration":1,"b":255,"r":255,"color":0,"g":255,"ease":"inExpo","time":257},{"angle":157.5,"type":"setColor","duration":0,"b":0,"g":0,"color":0,"r":190,"time":258},{"angle":157.5,"type":"setColor","duration":0.25,"b":0,"g":0,"color":0,"r":0,"time":258.25},{"angle":157.5,"type":"setColor","duration":0,"b":0,"g":0,"color":0,"r":190,"time":258.5},{"angle":157.5,"type":"setColor","duration":0.25,"b":0,"g":0,"color":0,"r":0,"time":258.75},{"angle":157.5,"type":"setColor","duration":0,"b":130,"g":130,"color":0,"r":130,"time":259},{"angle":157.5,"type":"setColor","duration":0.5,"b":0,"g":0,"color":0,"r":0,"time":259.25},{"angle":135,"chance":0.52999979257584,"type":"noise","color":2,"time":259},{"angle":135,"chance":0,"type":"noise","color":0,"time":259.25},{"angle":157.5,"type":"setColor","duration":0,"b":0,"g":0,"color":0,"r":190,"time":260},{"angle":157.5,"type":"setColor","duration":0.5,"b":0,"g":0,"color":0,"r":0,"time":260.25},{"angle":157.5,"type":"setColor","duration":0,"b":130,"g":130,"color":0,"r":130,"time":261},{"angle":157.5,"type":"setColor","duration":0.5,"b":0,"g":0,"color":0,"r":0,"time":261.25},{"angle":135,"chance":0.52999979257584,"type":"noise","color":2,"time":261},{"angle":135,"chance":0,"type":"noise","color":0,"time":261.25},{"angle":157.5,"type":"setColor","duration":0,"b":0,"g":0,"color":0,"r":190,"time":262},{"angle":157.5,"type":"setColor","duration":0.25,"b":0,"g":0,"color":0,"r":0,"time":262.25},{"angle":157.5,"type":"setColor","duration":0,"b":0,"g":0,"color":0,"r":190,"time":262.5},{"angle":157.5,"type":"setColor","duration":0.25,"b":0,"g":0,"color":0,"r":0,"time":262.75},{"angle":157.5,"type":"setColor","duration":0,"b":130,"g":130,"color":0,"r":130,"time":263},{"angle":157.5,"type":"setColor","duration":0.5,"b":0,"g":0,"color":0,"r":0,"time":263.25},{"angle":135,"chance":0.52999979257584,"type":"noise","color":2,"time":263},{"angle":135,"chance":0,"type":"noise","color":0,"time":263.25},{"angle":157.5,"type":"setColor","duration":0,"b":0,"g":0,"color":0,"r":190,"time":264},{"angle":157.5,"type":"setColor","duration":0.5,"b":0,"g":0,"color":0,"r":0,"time":264.25},{"angle":157.5,"type":"setColor","duration":0,"b":130,"g":130,"color":0,"r":130,"time":265},{"angle":157.5,"type":"setColor","duration":0.5,"b":0,"g":0,"color":0,"r":0,"time":265.25},{"angle":135,"chance":0.52999979257584,"type":"noise","color":2,"time":265},{"angle":135,"chance":0,"type":"noise","color":0,"time":265.25},{"angle":157.5,"type":"setColor","duration":0,"b":0,"g":0,"color":0,"r":190,"time":264.75},{"angle":157.5,"type":"setColor","duration":0.10000000149012,"b":0,"g":0,"color":0,"r":0,"time":264.875},{"angle":157.5,"type":"setColor","duration":0,"b":0,"g":0,"color":0,"r":190,"time":265.5},{"angle":157.5,"type":"setColor","duration":0.25,"b":0,"g":0,"color":0,"r":0,"time":265.75},{"angle":157.5,"type":"setColor","duration":0,"b":0,"g":0,"color":0,"r":190,"time":266},{"angle":157.5,"type":"setColor","duration":0.25,"b":0,"g":0,"color":0,"r":0,"time":266.25},{"angle":157.5,"type":"setColor","duration":0,"b":0,"g":0,"color":0,"r":190,"time":266.5},{"angle":157.5,"type":"setColor","duration":0.25,"b":0,"g":0,"color":0,"r":0,"time":266.75},{"angle":157.5,"type":"setColor","duration":0,"b":130,"g":130,"color":0,"r":130,"time":267},{"angle":157.5,"type":"setColor","duration":0.5,"b":0,"g":0,"color":0,"r":0,"time":267.25},{"angle":135,"chance":0.52999979257584,"type":"noise","color":2,"time":267},{"angle":135,"chance":0,"type":"noise","color":0,"time":267.25},{"angle":157.5,"type":"setColor","duration":0,"b":0,"g":0,"color":0,"r":190,"time":268},{"angle":157.5,"type":"setColor","duration":0.5,"b":0,"g":0,"color":0,"r":0,"time":268.25},{"angle":157.5,"type":"setColor","duration":0,"b":130,"g":130,"color":0,"r":130,"time":269},{"angle":157.5,"type":"setColor","duration":0.5,"b":0,"g":0,"color":0,"r":0,"time":269.25},{"angle":135,"chance":0.52999979257584,"type":"noise","color":2,"time":269},{"angle":135,"chance":0,"type":"noise","color":0,"time":269.25},{"angle":168.75,"type":"setColor","duration":0,"b":255,"g":255,"color":0,"r":255,"time":274},{"angle":157.5,"b":0,"g":0,"type":"setColor","r":0,"color":1,"time":274},{"angle":123.75,"type":"outline","enable":true,"color":3,"time":273},{"angle":135,"b":0,"g":0,"type":"setColor","r":0,"color":1,"time":273},{"angle":0,"chance":0.769999563694,"type":"noise","color":2,"time":274},{"angle":202.5,"type":"setColor","duration":0,"b":0,"g":0,"color":0,"r":0,"time":305},{"angle":180,"b":255,"g":255,"type":"setColor","r":255,"color":0,"time":306},{"angle":225,"type":"setColor","duration":0,"b":0,"g":0,"color":0,"r":0,"time":321},{"angle":202.5,"chance":0,"type":"noise","color":0,"time":320},{"angle":225,"type":"setColor","duration":0,"b":255,"g":255,"color":1,"r":255,"time":2},{"angle":45,"chance":0.79999959468842,"type":"noise","color":0,"time":130},{"angle":22.5,"type":"setColor","duration":0,"b":0,"g":0,"color":1,"r":0,"time":178},{"angle":45,"type":"outline","enable":true,"color":2,"time":178},{"angle":292.5,"type":"setColor","duration":0,"b":255,"g":255,"color":1,"r":255,"time":194},{"angle":225,"type":"outline","enable":false,"color":0,"time":192},{"angle":202.5,"type":"setColor","duration":1,"b":255,"g":255,"color":1,"r":255,"time":191},{"angle":315,"chance":0.98999935388565,"type":"noise","color":1,"time":226}],"properties":{"offset":8,"startBeat":0,"formatversion":12,"speed":70},"metadata":{"artist":"tvroom","bg":true,"difficulty":0,"songName":"Say It Back","bgData":{"blueChannel":{"r":217,"b":0,"g":217},"redChannel":{"r":0,"b":255,"g":0},"image":"SAYITBACK.png"},"charter":"Klelvinz","artistLink":"","description":"What do I say here?...\nDo I say it back?\n\nMechanics: Everything.\n\n(and flashing lights)"}}