[{"tap":true,"angle":90,"type":"side","time":15},{"angle":315,"type":"block","time":16},{"angle":315,"type":"block","time":16.5},{"tap":true,"angle":292.5,"type":"block","time":17},{"angle":292.5,"type":"block","time":17.5},{"angle":270,"type":"block","time":18},{"angle":270,"type":"block","time":18.5},{"tap":true,"angle":247.5,"type":"block","time":19},{"angle":315,"type":"block","time":19.5},{"duration":1,"angle":0,"type":"hold","angle2":22.5,"time":20},{"duration":1,"angle":22.5,"type":"hold","angle2":-22.5,"time":21},{"duration":0.5,"angle":0,"type":"hold","angle2":22.5,"time":8},{"angle2":112.5,"duration":0.5,"startTap":true,"type":"hold","angle":90,"time":9},{"duration":0.5,"angle":180,"type":"hold","angle2":202.5,"time":10},{"angle2":292.5,"duration":0.5,"startTap":true,"type":"hold","angle":270,"time":11},{"angle":337.5,"type":"block","time":12},{"angle":22.5,"type":"block","time":12.5},{"angle":360,"type":"block","time":13},{"angle":0,"type":"block","time":13.5},{"angle":11.25,"type":"block","time":13.75},{"angle":22.5,"type":"block","time":14},{"angle":0,"type":"block","time":14.25},{"angle":11.25,"type":"block","time":14.5},{"angle":15,"type":"block","time":20.5},{"angle":0,"type":"block","time":21.5},{"duration":2,"angle":337.5,"type":"hold","angle2":495,"time":22},{"duration":0.5,"angle":180,"type":"hold","angle2":180,"time":24.5},{"angle2":225,"duration":1,"startTap":true,"type":"hold","angle":180,"time":25},{"duration":1,"angle":225,"type":"hold","angle2":112.5,"time":26},{"angle2":157.5,"duration":1,"startTap":true,"type":"hold","angle":112.5,"time":27},{"angle2":-315,"duration":2.5,"startTap":true,"type":"hold","angle":67.5,"time":29},{"angle":11.25,"type":"block","time":32},{"angle":15,"type":"block","time":33.5},{"angle":345,"type":"block","time":34},{"angle":0,"type":"block","time":13.75},{"angle":0,"type":"block","time":14},{"angle":135.26649475098,"type":"block","time":24},{"angle":115.17753601074,"type":"block","time":23.75},{"angle":96.663230895996,"type":"block","time":23.5},{"tap":true,"angle":112.5,"type":"block","time":31},{"angle":270,"type":"block","time":30},{"angle":315,"type":"side","time":32.75},{"angle":45,"type":"side","time":33},{"angle":0,"type":"block","time":36},{"angle":45,"type":"block","time":36},{"angle":90,"type":"block","time":36},{"angle":135,"type":"block","time":36},{"angle":180,"type":"block","time":36},{"angle":225,"type":"block","time":36},{"angle":315,"type":"block","time":36},{"tap":true,"angle":337.5,"type":"block","time":36.5},{"angle":292.5,"type":"block","time":36.5},{"angle":247.5,"type":"block","time":36.5},{"tap":true,"angle":202.5,"type":"block","time":36.5},{"tap":true,"angle":157.5,"type":"block","time":36.5},{"angle":112.5,"type":"block","time":36.5},{"angle":67.5,"type":"block","time":36.5},{"tap":true,"angle":22.5,"type":"block","time":36.5},{"angle":0,"type":"block","time":37},{"angle":45,"type":"block","time":37},{"tap":true,"angle":90,"type":"block","time":37},{"angle":135,"type":"block","time":37},{"angle":180,"type":"block","time":37},{"angle":225,"type":"block","time":37},{"tap":true,"angle":270,"type":"block","time":37},{"angle":315,"type":"block","time":37},{"tap":true,"angle":360,"type":"block","time":38},{"angle":337.5,"type":"block","time":38},{"angle":315,"type":"block","time":38},{"angle":292.5,"type":"block","time":38},{"tap":true,"angle":270,"type":"block","time":38},{"angle":247.5,"type":"block","time":38},{"angle":225,"type":"block","time":38},{"angle":202.5,"type":"block","time":38},{"tap":true,"angle":180,"type":"block","time":38},{"angle":157.5,"type":"block","time":38},{"angle":135,"type":"block","time":38},{"angle":112.5,"type":"block","time":38},{"tap":true,"angle":90,"type":"block","time":38},{"angle":67.5,"type":"block","time":38},{"angle":45,"type":"block","time":38},{"angle":22.5,"type":"block","time":38},{"angle":337.5,"type":"block","time":35},{"angle":22.5,"type":"block","time":35.5},{"angle":270,"type":"block","time":36},{"angle":281.25,"type":"extraTap","time":36},{"angle":281.25,"type":"extraTap","time":36.5},{"angle":281.25,"type":"extraTap","time":37},{"angle":281.25,"type":"extraTap","time":38},{"duration":0.5,"angle":360,"type":"hold","angle2":405,"time":39},{"duration":0.5,"angle":45,"type":"hold","angle2":-45,"time":39.5},{"duration":0.5,"angle":315,"type":"hold","angle2":292.5,"time":40},{"duration":0.5,"angle":292.5,"type":"hold","angle2":360,"time":40.5},{"angle":22.5,"type":"block","time":39.25},{"angle":360,"type":"block","time":39.75},{"angle":325.05169677734,"type":"block","time":40.75},{"angle":67.5,"type":"extraTap","time":9},{"angle":247.5,"type":"extraTap","time":11},{"angle":270,"type":"extraTap","time":17},{"angle":225,"type":"extraTap","time":19},{"angle":225,"type":"extraTap","time":19},{"duration":1,"angle":157.5,"type":"hold","angle2":67.5,"time":28},{"angle":247.5,"type":"extraTap","time":25},{"angle":180,"type":"extraTap","time":27},{"angle":180,"type":"extraTap","time":29},{"angle":67.5,"type":"extraTap","time":31},{"angle":30,"type":"extraTap","time":43},{"angle":30,"type":"extraTap","time":45},{"angle":75,"type":"extraTap","time":47},{"angle":30,"type":"extraTap","time":49},{"angle":30,"type":"extraTap","time":51},{"angle":30,"type":"extraTap","time":53},{"angle":30,"type":"extraTap","time":54},{"angle":30,"type":"extraTap","time":55},{"angle":30,"type":"extraTap","time":57},{"angle":30,"type":"extraTap","time":59},{"angle":30,"type":"extraTap","time":61},{"angle":30,"type":"extraTap","time":63},{"angle":30,"type":"extraTap","time":65},{"angle":30,"type":"extraTap","time":67},{"angle":30,"type":"extraTap","time":69},{"angle":30,"type":"extraTap","time":70},{"angle":30,"type":"extraTap","time":71},{"angle":45,"type":"extraTap","time":41},{"angle":360,"type":"block","time":43},{"angle":348.75,"type":"block","time":43},{"angle":11.25,"type":"block","time":43},{"angle":135,"type":"block","time":45},{"angle":123.75,"type":"block","time":45},{"angle":225,"type":"block","time":47},{"angle":213.75,"type":"block","time":47},{"angle":202.5,"type":"block","time":47},{"angle":326.25,"type":"block","time":49},{"angle":337.5,"type":"block","time":49},{"angle":348.75,"type":"block","time":49},{"duration":0.5,"angle":22.5,"type":"hold","angle2":0,"time":41.5},{"duration":0.5,"angle":0,"type":"hold","angle2":0,"time":42},{"angle":90,"type":"block","time":72},{"angle":78.75,"type":"block","time":72.5},{"angle":112.5,"type":"block","time":73.5},{"angle":101.25,"type":"block","time":74},{"angle":101.25,"type":"block","time":76},{"duration":0.5,"angle":67.5,"type":"hold","angle2":112.5,"time":73},{"angle":90,"type":"block","time":74.5},{"duration":0.5,"angle":78.75,"type":"hold","angle2":112.5,"time":75},{"angle":90,"type":"block","time":76.5},{"duration":0.5,"angle":78.75,"type":"hold","angle2":112.5,"time":77},{"angle":281.25,"type":"block","time":80.5},{"angle":270,"type":"block","time":80},{"duration":0.5,"angle":292.5,"type":"hold","angle2":258.75,"time":81},{"angle":270,"type":"block","time":82},{"angle":281.25,"type":"block","time":82.5},{"duration":0.5,"angle":292.5,"type":"hold","angle2":258.75,"time":83},{"angle":270,"type":"block","time":84},{"angle":281.25,"type":"block","time":84.5},{"duration":0.5,"angle":292.5,"type":"hold","angle2":258.75,"time":85},{"tap":true,"angle":360,"type":"side","time":87},{"angle":135,"type":"block","time":50},{"angle":135,"type":"block","time":51},{"angle":123.75,"type":"block","time":51},{"angle":146.25,"type":"block","time":51},{"angle":255,"type":"block","time":52},{"angle":348.75,"type":"block","time":53},{"angle":0,"type":"block","time":53},{"angle":11.25,"type":"block","time":53},{"angle":180,"type":"block","time":54},{"angle":168.75,"type":"block","time":54},{"angle":348.75,"type":"block","time":55},{"angle":0,"type":"block","time":55},{"angle":11.25,"type":"block","time":55},{"angle":345,"type":"mine","time":44},{"angle":0,"type":"mine","time":44},{"angle":15,"type":"mine","time":44},{"angle":120,"type":"mine","time":46},{"angle":135,"type":"mine","time":46},{"angle":150,"type":"mine","time":46},{"angle":225,"type":"mine","time":48},{"angle":210,"type":"mine","time":48},{"angle":195,"type":"mine","time":48},{"angle":191.25,"type":"block","time":54},{"angle":326.25,"type":"mine","time":50},{"angle":337.5,"type":"mine","time":50},{"angle":348.75,"type":"mine","time":50},{"angle":123.75,"type":"mine","time":52},{"angle":135,"type":"mine","time":52},{"angle":146.25,"type":"mine","time":52},{"duration":1,"angle":112.5,"type":"hold","angle2":247.5,"time":78},{"duration":5,"angle":360,"type":"mineHold","angle2":360,"time":72},{"duration":5,"angle":337.5,"type":"mineHold","angle2":337.5,"time":72},{"duration":5,"angle":315,"type":"mineHold","angle2":315,"time":72},{"duration":5,"angle":292.5,"type":"mineHold","angle2":292.5,"time":72},{"duration":5,"angle":270,"type":"mineHold","angle2":270,"time":72},{"duration":5,"angle":247.5,"type":"mineHold","angle2":247.5,"time":72},{"duration":5,"angle":225,"type":"mineHold","angle2":225,"time":72},{"duration":5,"angle":202.5,"type":"mineHold","angle2":202.5,"time":72},{"duration":5,"angle":180,"type":"mineHold","angle2":180,"time":72},{"duration":5,"angle":360,"type":"mineHold","angle2":360,"time":80},{"duration":5,"angle":22.5,"type":"mineHold","angle2":22.5,"time":80},{"duration":5,"angle":45,"type":"mineHold","angle2":45,"time":80},{"duration":5,"angle":67.5,"type":"mineHold","angle2":67.5,"time":80},{"duration":5,"angle":90,"type":"mineHold","angle2":90,"time":80},{"duration":5,"angle":135,"type":"mineHold","angle2":135,"time":80},{"duration":5,"angle":157.5,"type":"mineHold","angle2":157.5,"time":80},{"duration":5,"angle":180,"type":"mineHold","angle2":180,"time":80},{"duration":0.75,"angle":270,"type":"hold","angle2":22.5,"time":86},{"duration":4,"angle":360,"type":"hold","angle2":1192.5,"time":88},{"duration":4,"angle":180,"type":"mineHold","angle2":967.5,"time":88},{"angle":112.5,"type":"extraTap","time":93},{"angle":112.5,"type":"extraTap","time":95},{"angle":112.5,"type":"extraTap","time":97},{"angle":281.25,"type":"block","time":57},{"angle":270,"type":"block","time":57},{"angle":258.75,"type":"block","time":57},{"angle":146.25,"type":"block","time":59},{"angle":135,"type":"block","time":59},{"angle":123.75,"type":"block","time":59},{"angle":0,"type":"block","time":60},{"angle":348.75,"type":"block","time":61},{"angle":360,"type":"block","time":61},{"angle":11.25,"type":"block","time":61},{"angle":78.75,"type":"block","time":63},{"angle":90,"type":"block","time":63},{"angle":101.25,"type":"block","time":63},{"angle":303.75,"type":"block","time":65},{"angle":292.5,"type":"block","time":65},{"angle":315,"type":"block","time":65},{"angle":146.25,"type":"block","time":67},{"angle":135,"type":"block","time":67},{"angle":123.75,"type":"block","time":67},{"angle":281.25,"type":"block","time":69},{"angle":270,"type":"block","time":69},{"angle":258.75,"type":"block","time":69},{"angle":78.75,"type":"block","time":70},{"angle":90,"type":"block","time":70},{"angle":101.25,"type":"block","time":70},{"angle":281.25,"type":"block","time":71},{"angle":270,"type":"block","time":71},{"angle":258.75,"type":"block","time":71},{"angle":78.75,"type":"block","time":72},{"angle":101.25,"type":"block","time":72},{"speedMult":1,"type":"block","angle":22.5,"time":8.5},{"angle":270,"type":"block","time":10.5},{"angle":191.25,"type":"mine","time":55},{"angle":180,"type":"mine","time":55},{"angle":168.75,"type":"mine","time":55},{"angle":157.5,"type":"mine","time":55},{"angle":202.5,"type":"mine","time":55},{"angle":337.5,"type":"mine","time":56},{"angle":348.75,"type":"mine","time":56},{"angle":0,"type":"mine","time":56},{"angle":11.25,"type":"mine","time":56},{"angle":22.5,"type":"mine","time":56},{"angle":292.5,"type":"mine","time":58},{"angle":281.25,"type":"mine","time":58},{"angle":270,"type":"mine","time":58},{"angle":258.75,"type":"mine","time":58},{"angle":247.5,"type":"mine","time":58},{"angle":112.5,"type":"mine","time":60},{"angle":135,"type":"mine","time":60},{"angle":123.75,"type":"mine","time":60},{"angle":146.25,"type":"mine","time":60},{"angle":157.5,"type":"mine","time":60},{"angle":337.5,"type":"mine","time":62},{"angle":348.75,"type":"mine","time":62},{"angle":360,"type":"mine","time":62},{"angle":11.25,"type":"mine","time":62},{"angle":22.5,"type":"mine","time":62},{"angle":67.5,"type":"mine","time":64},{"angle":78.75,"type":"mine","time":64},{"angle":90,"type":"mine","time":64},{"angle":101.25,"type":"mine","time":64},{"angle":112.5,"type":"mine","time":64},{"angle":315,"type":"mine","time":66},{"angle":315,"type":"mine","time":66},{"angle":303.75,"type":"mine","time":66},{"angle":292.5,"type":"mine","time":66},{"angle":281.25,"type":"mine","time":66},{"angle":326.25,"type":"mine","time":66},{"angle":78.75,"type":"mine","time":69},{"angle":90,"type":"mine","time":69},{"angle":101.25,"type":"mine","time":69},{"angle":281.25,"type":"mine","time":70},{"angle":270,"type":"mine","time":70},{"angle":258.75,"type":"mine","time":70},{"angle":90,"type":"mine","time":71},{"angle":78.75,"type":"mine","time":71},{"angle":101.25,"type":"mine","time":71},{"angle":112.5,"type":"block","time":73.75},{"angle":101.25,"type":"block","time":75.75},{"angle":270,"type":"block","time":81.75},{"angle":292.5,"type":"block","time":84.75},{"angle":270,"type":"block","time":85.75},{"angle":11.25,"type":"block","time":88},{"angle":53.895057678223,"type":"block","time":88.25},{"angle":103.84161376953,"type":"block","time":88.5},{"angle":152.51513671875,"type":"block","time":88.75},{"angle":206.03660583496,"type":"block","time":89},{"angle":255.84313964844,"type":"block","time":89.25},{"angle":313.69488525391,"type":"block","time":89.5},{"angle":3.8530027866364,"type":"block","time":89.75},{"angle":58.197406768799,"type":"block","time":90},{"angle":107.31419372559,"type":"block","time":90.25},{"angle":159.59663391113,"type":"block","time":90.5},{"angle":211.7349395752,"type":"block","time":90.75},{"angle":260.16278076172,"type":"block","time":91},{"angle":318.16488647461,"type":"block","time":91.25},{"angle":5.6955051422119,"type":"block","time":91.5},{"angle":62.525569915771,"type":"block","time":91.75},{"angle":122.99466705322,"type":"block","time":92},{"duration":5,"angle":112.5,"type":"mineHold","angle2":112.5,"time":80},{"holdEase":"inSine","angle":247.5,"duration":0.5,"type":"hold","angle2":200,"time":95},{"angle":180,"type":"block","time":95.75},{"angle":180,"type":"block","time":94},{"angle":157.5,"type":"block","time":96.5},{"duration":0.5,"angle":180,"type":"hold","angle2":180,"time":93},{"angle":225,"type":"side","time":94.5},{"duration":0.5,"angle":135,"type":"hold","angle2":78.75,"time":97},{"angle":101.25,"type":"block","time":98},{"angle":90,"type":"block","time":99},{"angle":90,"type":"block","time":99.5},{"angle":90,"type":"block","time":99.75},{"angle":180,"type":"side","time":98.5},{"angle":112.5,"type":"extraTap","time":99},{"angle":112.5,"type":"extraTap","time":101},{"angle":112.5,"type":"extraTap","time":103},{"angle":112.5,"type":"extraTap","time":105},{"angle":112.5,"type":"extraTap","time":107},{"angle":112.5,"type":"extraTap","time":109},{"angle":112.5,"type":"extraTap","time":111},{"angle":112.5,"type":"extraTap","time":113},{"angle":112.5,"type":"extraTap","time":115},{"angle":0,"type":"block","time":100.75},{"angle":270,"type":"block","time":101.5},{"angle":315,"type":"side","time":120},{"angle":45,"type":"side","time":120.5},{"angle":315,"type":"side","time":121},{"angle":45,"type":"side","time":121.5},{"angle":315,"type":"side","time":122},{"angle":0,"type":"block","time":116},{"angle":360,"type":"block","time":116.75},{"angle":0,"type":"block","time":117},{"angle":360,"type":"block","time":117.5},{"angle":0,"type":"block","time":118},{"angle":22.5,"type":"block","time":119},{"angle":22.5,"type":"block","time":119.5},{"angle":0,"type":"inverse","time":123},{"angle":11.25,"type":"inverse","time":123.5},{"angle":22.5,"type":"inverse","time":124},{"angle":33.75,"type":"inverse","time":124.5},{"angle":45,"type":"inverse","time":125},{"angle":56.25,"type":"inverse","time":125.5},{"angle":67.5,"type":"inverse","time":126},{"angle":78.75,"type":"inverse","time":126.5},{"angle":90,"type":"inverse","time":127},{"angle":101.25,"type":"inverse","time":127.5},{"tap":true,"angle":202.5,"type":"side","time":131},{"duration":0.5,"angle":112.5,"type":"hold","angle2":180,"time":128},{"duration":0.25,"angle":180,"type":"hold","angle2":157.5,"time":128.5},{"duration":0.25,"angle":157.5,"type":"hold","angle2":191.25,"time":128.75},{"duration":0.5,"angle":191.25,"type":"hold","angle2":157.5,"time":129},{"duration":0.5,"angle":157.5,"type":"hold","angle2":202.5,"time":129.5},{"duration":0.5,"angle":202.5,"type":"hold","angle2":157.5,"time":130},{"angle2":0,"duration":16,"startTap":true,"type":"hold","angle":720,"time":192},{"angle2":-540,"duration":16,"startTap":true,"type":"hold","angle":180,"time":192},{"duration":16,"angle":90,"type":"mineHold","angle2":-630,"time":192},{"duration":16,"angle":270,"type":"mineHold","angle2":-472.5,"time":192},{"angle":180,"type":"inverse","time":132},{"angle":191.25,"type":"inverse","time":132.5},{"angle":202.5,"type":"inverse","time":133},{"angle":213.75,"type":"inverse","time":133.5},{"angle":225,"type":"inverse","time":134},{"angle":236.25,"type":"inverse","time":134.5},{"angle":247.5,"type":"inverse","time":135},{"angle":258.75,"type":"inverse","time":135.5},{"angle":292.5,"type":"block","time":136},{"angle":337.5,"type":"block","time":137},{"angle":326.25,"type":"block","time":138.5},{"angle":303.75,"type":"block","time":139},{"angle":281.25,"type":"block","time":139.5},{"angle":270,"type":"block","time":139.75},{"angle":315,"type":"block","time":138.75},{"angle":292.5,"type":"block","time":139.25},{"angle":360,"type":"block","time":123},{"angle":11.25,"type":"block","time":123.5},{"angle":22.5,"type":"block","time":124},{"angle":33.75,"type":"block","time":124.5},{"angle":45,"type":"block","time":125},{"angle":56.25,"type":"block","time":125.5},{"angle":67.5,"type":"block","time":126},{"angle":78.75,"type":"block","time":126.5},{"angle":90,"type":"block","time":127},{"angle":101.25,"type":"block","time":127.5},{"angle":180,"type":"block","time":132},{"angle":191.25,"type":"block","time":132.5},{"angle":202.5,"type":"block","time":133},{"angle":213.75,"type":"block","time":133.5},{"angle":225,"type":"block","time":134},{"angle":236.25,"type":"block","time":134.5},{"angle":247.5,"type":"block","time":135},{"angle":258.75,"type":"block","time":135.5},{"angle":11.25,"type":"block","time":137.5},{"angle":348.75,"type":"block","time":137},{"angle":0,"type":"block","time":137.5},{"angle":337.5,"type":"block","time":138},{"angle":326.25,"type":"block","time":138},{"angle2":303.75,"duration":1,"startTap":true,"type":"hold","angle":270,"time":140},{"angle2":247.5,"duration":1,"startTap":true,"type":"hold","angle":303.75,"time":141},{"angle2":326.25,"duration":1,"startTap":true,"type":"hold","angle":247.5,"time":142},{"angle2":202.5,"duration":1,"startTap":true,"type":"hold","angle":326.25,"time":143},{"angle2":225,"duration":0.5,"startTap":true,"type":"hold","angle":202.5,"time":144},{"angle2":258.75,"duration":0.5,"startTap":true,"type":"hold","angle":247.5,"time":145},{"angle2":292.5,"duration":0.5,"startTap":true,"type":"hold","angle":281.25,"time":146},{"angle2":326.25,"duration":0.5,"startTap":true,"type":"hold","angle":315,"time":147},{"angle2":393.75,"duration":2,"startTap":true,"type":"hold","angle":348.75,"time":148},{"angle2":101.25,"duration":2,"startTap":true,"type":"hold","angle":33.75,"time":150},{"angle":225,"type":"block","time":153.5},{"angle":247.5,"type":"block","time":153.75},{"angle":270,"type":"block","time":154},{"tap":true,"angle":101.25,"type":"block","time":152},{"angle":112.5,"type":"block","time":152.5},{"angle":123.75,"type":"block","time":152.75},{"angle":135,"type":"block","time":153},{"angle":292.5,"type":"block","time":154.5},{"angle":315,"type":"block","time":155},{"angle":360,"type":"block","time":155.5},{"angle":348.75,"duration":2,"type":"hold","startTap":true,"angle2":348.75,"time":156},{"angle2":11.25,"duration":2,"type":"hold","startTap":true,"angle":11.25,"time":156},{"duration":0.75,"angle":348.75,"type":"hold","angle2":360,"time":158.75},{"duration":0.75,"angle":11.25,"type":"hold","angle2":0,"time":158.75},{"duration":1,"angle":360,"type":"hold","angle2":360,"time":160},{"angle":337.5,"type":"block","time":162},{"angle":11.25,"type":"block","time":162.75},{"angle":348.75,"type":"block","time":163.5},{"angle2":11.25,"duration":1,"startTap":true,"type":"hold","angle":11.25,"time":164},{"duration":1,"angle":348.75,"type":"mineHold","angle2":348.75,"time":164},{"angle":11.25,"type":"block","time":165},{"angle2":348.75,"duration":1,"startTap":true,"type":"hold","angle":348.75,"time":166},{"duration":1,"angle":11.25,"type":"mineHold","angle2":11.25,"time":166},{"angle":348.75,"type":"block","time":167},{"duration":4,"angle":0,"type":"hold","angle2":539.75,"time":168},{"duration":1,"angle":191.25,"type":"hold","angle2":191.25,"time":172},{"angle2":180,"duration":1,"startTap":true,"type":"hold","angle":180,"time":172},{"duration":1,"angle":168.75,"type":"hold","angle2":168.75,"time":172},{"angle":191.25,"type":"block","time":174},{"angle":180,"type":"block","time":174},{"angle":168.75,"type":"block","time":174},{"angle":168.75,"type":"block","time":174.75},{"angle":157.5,"type":"block","time":174.75},{"angle":146.25,"type":"block","time":174.75},{"angle":213.75,"type":"block","time":175.5},{"angle":202.5,"type":"block","time":175.5},{"angle":191.25,"type":"block","time":175.5},{"duration":1,"angle":191.25,"type":"hold","angle2":180,"time":176},{"duration":1,"angle":168.75,"type":"hold","angle2":180,"time":176},{"angle2":180,"duration":1,"startTap":true,"type":"hold","angle":180,"time":176},{"angle":180,"type":"block","time":178},{"angle":168.75,"type":"block","time":178},{"angle":191.25,"type":"block","time":178},{"angle":90,"type":"block","time":178.75},{"angle":78.75,"type":"block","time":178.75},{"angle":101.25,"type":"block","time":178.75},{"angle":281.25,"type":"block","time":179.5},{"angle":270,"type":"block","time":179.5},{"angle":258.75,"type":"block","time":179.5},{"angle":348.75,"type":"block","time":180},{"angle":360,"type":"block","time":180},{"angle":11.25,"type":"block","time":180},{"angle":348.75,"type":"block","time":180.5},{"angle":360,"type":"block","time":180.5},{"angle":371.25,"type":"block","time":180.5},{"angle":348.75,"type":"block","time":181},{"angle":360,"type":"block","time":181},{"angle":11.25,"type":"block","time":181},{"angle2":1440,"duration":16,"startTap":true,"type":"hold","angle":180,"time":208},{"duration":1,"angle":270,"type":"hold","angle2":270,"time":102},{"angle2":303.75,"duration":1,"startTap":true,"type":"hold","angle":270,"time":103},{"duration":1,"angle2":303.75,"angle":303.75,"type":"hold","endTap":true,"time":104},{"tap":true,"angle":22.5,"type":"block","time":106},{"tap":true,"angle":180,"type":"block","time":107},{"tap":true,"angle":360,"type":"block","time":224},{"angle":0,"type":"block","time":224.5},{"tap":true,"angle":180,"type":"block","time":224},{"angle":180,"type":"block","time":224.5},{"angle":270,"type":"block","time":226},{"angle":90,"type":"block","time":226},{"angle":360,"type":"block","time":227.5},{"angle":180,"type":"block","time":227.5},{"angle":0,"type":"block","time":228.5},{"angle":180,"type":"block","time":228.5},{"angle":360,"type":"block","time":228},{"angle":180,"type":"block","time":228},{"holdEase":"inSine","angle":0,"duration":0.5,"type":"hold","angle2":90,"time":225},{"holdEase":"inSine","angle":180,"duration":0.5,"type":"hold","angle2":270,"time":225},{"holdEase":"outQuad","angle":90,"duration":0.5,"type":"hold","angle2":0,"time":226.5},{"holdEase":"outQuad","angle":270,"duration":0.5,"type":"hold","angle2":180,"time":226.5},{"angle":0,"type":"block","time":341.5},{"tap":true,"angle":360,"type":"block","time":340},{"angle":45,"type":"block","time":340.75},{"angle":315,"type":"block","spinEase":"outSine","time":342},{"angle":315,"type":"block","time":343},{"angle":45,"type":"block","spinEase":"outSine","time":343.5},{"duration":0.5,"angle":45,"speedMult":1,"type":"hold","angle2":0,"time":341},{"duration":3,"angle":270,"type":"mineHold","angle2":270,"time":164},{"duration":3,"angle":247.5,"type":"mineHold","angle2":247.5,"time":164},{"duration":3,"angle":225,"type":"mineHold","angle2":225,"time":164},{"duration":3,"angle":202.5,"type":"mineHold","angle2":202.5,"time":164},{"duration":3,"angle":180,"type":"mineHold","angle2":180,"time":164},{"duration":3,"angle":157.5,"type":"mineHold","angle2":157.5,"time":164},{"duration":3,"angle":135,"type":"mineHold","angle2":135,"time":164},{"duration":3,"angle":112.5,"type":"mineHold","angle2":112.5,"time":164},{"duration":3,"angle":90,"type":"mineHold","angle2":90,"time":164},{"angle":202.5,"type":"block","time":182},{"angle":180,"type":"block","time":182},{"angle":157.5,"type":"block","time":182},{"angle":202.5,"type":"block","time":183},{"angle":180,"type":"block","time":183},{"angle":157.5,"type":"block","time":183},{"angle":135,"type":"block","time":190.5},{"angle":112.5,"type":"block","time":190.25},{"angle":90,"type":"block","time":190},{"angle":22.5,"type":"block","time":189.5},{"angle":337.5,"type":"block","time":189},{"angle":292.5,"type":"block","time":188.5},{"angle":337.5,"type":"block","time":188},{"angle":315,"type":"block","time":188.75},{"angle":67.5,"type":"block","time":189.75},{"angle":270,"type":"mine","time":109},{"angle":225,"type":"mine","time":109},{"angle":180,"type":"mine","time":109},{"angle":135,"type":"mine","time":109},{"angle":90,"type":"mine","time":109},{"angle":315,"type":"mine","time":111},{"angle":360,"type":"mine","time":111},{"angle":45,"type":"mine","time":111},{"angle":90,"type":"mine","time":111},{"angle":270,"type":"mine","time":111},{"tap":true,"angle":360,"type":"block","time":109},{"tap":true,"angle":180,"type":"block","time":111},{"angle":67.5,"type":"extraTap","time":208},{"duration":1,"angle":180,"type":"hold","angle2":270,"time":184},{"angle":315,"type":"block","time":185.5},{"angle":0,"type":"block","time":186},{"angle":0,"type":"block","time":187},{"duration":0.5,"angle":360,"type":"hold","angle2":270,"time":229},{"duration":0.5,"angle":180,"type":"hold","angle2":90,"time":229},{"angle":270,"type":"block","time":230},{"angle":90,"type":"block","time":230},{"holdEase":"outCirc","angle":270,"duration":0.5,"type":"hold","angle2":180,"time":230.5},{"holdEase":"outCirc","angle":90,"duration":0.5,"type":"hold","angle2":0,"time":230.5},{"angle":180,"type":"block","time":232},{"angle":360,"type":"block","time":232},{"angle":360,"type":"block","time":232.5},{"angle":180,"type":"block","time":232.5},{"holdEase":"outSine","angle":180,"duration":1,"type":"hold","angle2":90,"time":233},{"holdEase":"outSine","angle":0,"duration":1,"type":"hold","angle2":-90,"time":233},{"duration":1,"angle":90,"type":"hold","angle2":90,"time":234},{"duration":1,"angle":270,"type":"hold","angle2":270,"time":234},{"holdEase":"inQuad","angle":90,"duration":1,"type":"hold","angle2":135,"time":235},{"holdEase":"inCubic","angle":270,"duration":1,"type":"hold","angle2":315,"time":235},{"angle":270,"type":"block","time":234.5},{"angle":90,"type":"block","time":234.5},{"angle":292.5,"type":"block","time":233.5},{"angle":112.5,"type":"block","time":233.5},{"angle":112.5,"type":"block","time":235.5},{"angle":292.5,"type":"block","time":235.5},{"angle":135,"type":"block","time":236},{"angle":315,"type":"block","time":236},{"angle":157.5,"type":"block","time":236.5},{"angle":180,"type":"block","time":237},{"angle":202.5,"type":"block","time":237.5},{"angle":225,"type":"block","time":238},{"angle":270,"type":"block","time":239},{"angle":247.5,"type":"block","time":238.5},{"angle":337.5,"type":"block","time":236.5},{"angle":360,"type":"block","time":237},{"angle":22.5,"type":"block","time":237.5},{"angle":45,"type":"block","time":238},{"angle":67.5,"type":"block","time":238.5},{"angle":90,"type":"block","time":239},{"angle":112.5,"type":"block","time":239.5},{"angle":292.5,"type":"block","time":239.5},{"angle":157.5,"type":"extraTap","time":176},{"angle":202.5,"type":"extraTap","time":172},{"tap":true,"angle":0,"type":"block","time":240},{"angle":0,"type":"block","time":240.5},{"tap":true,"angle":180,"type":"block","time":240},{"angle":180,"type":"block","time":240.5},{"duration":0.5,"angle":360,"type":"hold","angle2":270,"time":241},{"duration":0.5,"angle":180,"type":"hold","angle2":90,"time":241},{"angle":90,"type":"block","time":242},{"angle":270,"type":"block","time":242},{"duration":0.5,"angle":270,"type":"hold","angle2":360,"time":242.5},{"duration":0.5,"angle":90,"type":"hold","angle2":180,"time":242.5},{"angle":22.5,"type":"block","time":243.5},{"angle":202.5,"type":"block","time":243.5},{"duration":0.5,"angle":45,"type":"hold","angle2":90,"time":244},{"duration":0.5,"angle":225,"type":"hold","angle2":270,"time":244},{"angle":360,"type":"mine","time":230},{"angle":180,"type":"mine","time":230},{"angle":90,"type":"mine","time":224.5},{"angle":270,"type":"mine","time":224.5},{"angle":360,"type":"mine","time":226},{"angle":180,"type":"mine","time":226},{"angle":90,"type":"mine","time":228},{"angle":270,"type":"mine","time":228},{"angle":90,"type":"mine","time":228.5},{"angle":270,"type":"mine","time":228.5},{"angle":90,"type":"mine","time":232},{"angle":270,"type":"mine","time":232},{"angle":270,"type":"mine","time":232.5},{"angle":90,"type":"mine","time":232.5},{"angle":67.5,"type":"mine","time":236.5},{"angle":247.5,"type":"mine","time":236.5},{"angle":90,"type":"mine","time":237},{"angle":270,"type":"mine","time":237},{"angle":292.5,"type":"mine","time":237.5},{"angle":315,"type":"mine","time":238},{"angle":112.5,"type":"mine","time":237.5},{"angle":135,"type":"mine","time":238},{"angle":337.5,"type":"mine","time":238.5},{"angle":157.5,"type":"mine","time":238.5},{"angle":360,"type":"mine","time":239},{"angle":180,"type":"mine","time":239},{"angle":360,"type":"mine","time":235},{"angle":180,"type":"mine","time":235},{"angle":90,"type":"block","time":253.5},{"angle":90,"type":"block","time":251.5},{"angle":90,"type":"block","time":252.5},{"angle":90,"type":"block","time":254},{"angle":90,"type":"block","time":254.5},{"angle":90,"type":"block","time":255},{"angle":90,"type":"block","time":255.5},{"angle":292.5,"type":"block","time":245},{"angle":112.5,"type":"block","time":245},{"angle":315,"type":"block","time":245.5},{"angle":135,"type":"block","time":245.5},{"angle":292.5,"type":"block","time":246},{"angle":112.5,"type":"block","time":246},{"angle":315,"type":"block","time":246.5},{"angle":135,"type":"block","time":246.5},{"angle":270,"type":"block","time":251.5},{"angle":270,"type":"block","time":252.5},{"angle":270,"type":"block","time":253.5},{"angle":270,"type":"block","time":254},{"angle":270,"type":"block","time":254.5},{"angle":270,"type":"block","time":255},{"angle":270,"type":"block","time":255.5},{"holdEase":"inOutQuint","angle2":360,"angle":0,"duration":16,"type":"hold","startTap":true,"time":296},{"tap":true,"angle":0,"type":"block","time":273},{"tap":true,"angle":180,"type":"block","time":273},{"tap":true,"angle":123.75,"type":"block","time":275},{"tap":true,"angle":303.75,"type":"block","time":275},{"tap":true,"angle":67.5,"type":"block","time":277},{"tap":true,"angle":247.5,"type":"block","time":277},{"tap":true,"angle":22.5,"type":"block","time":279},{"tap":true,"angle":202.5,"type":"block","time":279},{"angle":0,"type":"block","time":7},{"angle":0,"type":"block","time":6.5},{"angle":0,"type":"block","time":6.25},{"angle":0,"type":"block","time":6},{"angle":0,"type":"block","time":5.75},{"angle":0,"type":"block","time":5.5},{"angle":0,"type":"block","time":5},{"angle":0,"type":"block","time":4.5},{"angle":0,"type":"block","time":4},{"angle":0,"type":"block","time":7.25},{"angle":360,"type":"block","time":7.5},{"angle":360,"type":"block","time":7.75},{"angle":0,"type":"block","time":6.75},{"angle":112.5,"type":"extraTap","time":224},{"angle":22.5,"type":"extraTap","time":240},{"holdEase":"outQuad","angle":67.5,"duration":2,"type":"hold","angle2":22.5,"time":277},{"holdEase":"outQuart","angle":0,"duration":2,"type":"hold","angle2":-56.25,"time":273},{"holdEase":"inOutSine","angle":123.75,"duration":2,"type":"hold","angle2":247.5,"time":275},{"angle":180,"type":"block","time":417.5},{"angle":0,"type":"block","time":420},{"angle":337.5,"type":"block","time":424},{"angle":157.5,"type":"block","time":247},{"angle":337.5,"type":"block","time":247},{"angle":180,"type":"block","time":247.5},{"angle":360,"type":"block","time":247.5},{"duration":0.5,"angle":0,"type":"hold","angle2":22.5,"time":248},{"duration":0.5,"angle":180,"type":"hold","angle2":202.5,"time":248},{"duration":0.5,"angle":22.5,"type":"hold","angle2":-22.5,"time":249},{"duration":0.5,"angle":202.5,"type":"hold","angle2":157.5,"time":249},{"angle":315,"type":"block","time":250},{"angle":135,"type":"block","time":250},{"angle":292.5,"type":"block","time":250.5},{"angle":112.5,"type":"block","time":250.5},{"angle":270,"type":"block","time":251},{"angle":90,"type":"block","time":251},{"duration":4,"angle":315,"speedMult":2,"type":"mineHold","angle2":315,"time":256},{"duration":4,"angle":202.5,"speedMult":2,"type":"mineHold","angle2":202.5,"time":256},{"duration":4,"angle":180,"speedMult":2,"type":"mineHold","angle2":180,"time":256},{"duration":4,"angle":157.5,"speedMult":2,"type":"mineHold","angle2":157.5,"time":256},{"duration":4,"angle":135,"speedMult":2,"type":"mineHold","angle2":135,"time":256},{"duration":4,"angle":337.5,"speedMult":2,"type":"mineHold","angle2":337.5,"time":256},{"duration":4,"angle":0,"speedMult":2,"type":"mineHold","angle2":0,"time":256},{"duration":4,"angle":22.5,"speedMult":2,"type":"mineHold","angle2":22.5,"time":256},{"duration":4,"angle":45,"speedMult":2,"type":"mineHold","angle2":45,"time":256},{"angle2":90,"duration":3.5,"startTap":true,"type":"hold","angle":90,"time":256},{"angle2":270,"duration":3.5,"startTap":true,"type":"hold","angle":270,"time":256},{"angle":270,"type":"block","time":259.5},{"angle":90,"type":"block","time":259.5},{"angle":90,"type":"block","time":260},{"angle":270,"type":"block","time":260},{"angle":0,"type":"side","time":261},{"angle":180,"type":"side","time":261},{"angle":90,"type":"side","time":262},{"angle":270,"type":"side","time":262},{"angle2":1260,"duration":16,"startTap":true,"type":"hold","angle":0,"time":208},{"angle":360,"type":"side","time":270.5},{"angle":180,"type":"side","time":270.5},{"angle":180,"type":"side","time":271},{"angle":0,"type":"side","time":271},{"angle":360,"type":"inverse","time":297},{"angle":1.424974322319,"type":"inverse","time":299},{"angle":17.281497955322,"type":"inverse","time":301},{"angle":92.430908203125,"type":"inverse","time":303},{"angle":268.12005615234,"type":"inverse","time":305},{"angle":343.40625,"type":"inverse","time":307},{"angle":358.7939453125,"type":"inverse","time":309},{"angle":10.510043144226,"type":"inverse","time":149},{"angle":16.366474151611,"type":"inverse","time":149.25},{"angle":22.446241378784,"type":"inverse","time":149.5},{"angle":28.045928955078,"type":"inverse","time":149.75},{"angle":68.391288757324,"type":"inverse","time":151},{"angle":76.595436096191,"type":"inverse","time":151.25},{"angle":84.351753234863,"type":"inverse","time":151.5},{"angle":92.505096435547,"type":"inverse","time":151.75},{"angle":90,"type":"mine","time":270.5},{"angle":90,"type":"mine","time":271},{"angle":270,"type":"mine","time":270.5},{"angle":270,"type":"mine","time":271},{"angle":0,"type":"block","time":314},{"angle":0,"type":"block","time":313},{"speedMult":0.5,"type":"block","angle":180,"time":317},{"speedMult":4,"type":"block","angle":0,"time":312},{"speedMult":4,"type":"block","angle":0,"time":312.125},{"speedMult":4,"type":"block","angle":0,"time":312.25},{"speedMult":4,"type":"block","angle":0,"time":312.375},{"speedMult":4,"type":"block","angle":180,"time":316},{"speedMult":4,"type":"block","angle":180,"time":316.125},{"speedMult":4,"type":"block","angle":180,"time":316.375},{"speedMult":4,"type":"block","angle":180,"time":316.25},{"speedMult":4,"type":"block","angle":270,"time":320},{"speedMult":4,"type":"block","angle":270,"time":320.375},{"speedMult":4,"type":"block","angle":270,"time":320.25},{"speedMult":4,"type":"block","angle":270,"time":320.125},{"speedMult":4,"type":"block","angle":90,"time":322},{"speedMult":4,"type":"block","angle":90,"time":322.125},{"speedMult":4,"type":"block","angle":90,"time":322.25},{"speedMult":4,"type":"block","angle":90,"time":322.375},{"speedMult":0.5,"type":"block","angle":270,"time":321},{"speedMult":0.5,"type":"block","angle":90,"time":323},{"angle2":405,"duration":0.75,"startTap":true,"type":"hold","angle":360,"time":344},{"angle":45,"type":"block","time":345},{"angle":90,"type":"block","time":345.5},{"angle":135,"type":"block","time":346},{"angle":225,"type":"block","time":347},{"angle":270,"type":"block","time":347.5},{"holdEase":"inCubic","angle":270,"duration":0.5,"type":"hold","angle2":292.5,"time":349},{"duration":0.25,"angle":270,"type":"hold","angle2":270,"time":348.75},{"tap":true,"angle":270,"type":"block","time":348},{"angle":315,"type":"block","time":350},{"angle":270,"type":"block","time":350.5},{"angle":360,"type":"block","time":351},{"angle":360,"type":"block","time":352},{"angle":45,"type":"block","time":351.5},{"angle":315,"type":"block","time":352.5},{"angle":337.5,"type":"block","time":352.75},{"angle":0,"type":"block","time":353},{"angle":45,"type":"block","time":353.5},{"angle":67.5,"type":"block","time":353.75},{"angle":90,"type":"block","time":354},{"angle":45,"type":"block","time":354.5},{"tap":true,"angle":0,"type":"side","time":263},{"duration":0.25,"angle":0,"type":"hold","angle2":11.25,"time":264.5},{"duration":1,"angle":0,"type":"hold","angle2":56.25,"time":264},{"angle":0,"type":"block","time":231.5},{"angle":180,"type":"block","time":231.5},{"duration":0.5,"angle":56.25,"type":"hold","angle2":11.25,"time":265},{"holdEase":"inOutSine","angle":11.25,"duration":0.5,"type":"hold","angle2":67.5,"time":265.5},{"duration":0.5,"angle":67.5,"type":"hold","angle2":45,"time":266},{"duration":0.5,"angle":22.5,"type":"hold","angle2":90,"time":267},{"angle":22.5,"type":"extraTap","time":268},{"angle":22.5,"type":"extraTap","time":269},{"angle":22.5,"type":"extraTap","time":270},{"duration":8,"angle":112.5,"speedMult":4,"type":"mineHold","angle2":90,"time":116},{"duration":8,"angle":247.5,"speedMult":4,"type":"mineHold","angle2":270,"time":116},{"angle":67.5,"type":"mine","time":16},{"angle":90,"type":"mine","time":16},{"holdEase":"inBack","angle":67.5,"duration":1,"type":"hold","angle2":-45,"time":355},{"tap":true,"angle":315,"type":"block","time":356},{"angle":292.5,"type":"extraTap","time":356},{"angle":247.5,"type":"extraTap","time":348},{"angle":337.5,"type":"extraTap","time":344},{"angle":22.5,"type":"extraTap","time":340},{"angle":112.5,"type":"mine","time":16},{"angle":292.5,"type":"block","time":136.25},{"angle":337.5,"type":"block","time":136.75},{"duration":8,"angle":0,"speedMult":2,"type":"hold","angle2":1080,"time":332},{"angle":315,"type":"block","time":114},{"angle":45,"type":"block","time":114.5},{"tap":true,"angle":360,"type":"block","time":115},{"angle":22.5,"type":"block","time":115.5},{"angle":0,"type":"block","time":356.75},{"angle":22.5,"type":"block","time":357},{"angle":315,"type":"block","time":357.5},{"angle":315,"type":"mine","time":358},{"angle":292.5,"type":"mine","time":358},{"angle":337.5,"type":"mine","time":358},{"angle":67.5,"type":"block","time":359},{"angle":180,"type":"block","time":359.5},{"duration":0.5,"angle":45,"type":"hold","angle2":22.5,"time":358},{"tap":true,"angle":270,"type":"block","time":360},{"duration":0.25,"angle":270,"type":"hold","angle2":292.5,"time":360.75},{"angle":247.5,"type":"block","time":361.5},{"angle":292.5,"type":"block","time":362},{"angle":225,"type":"block","time":362.5},{"angle":315,"type":"block","time":363},{"tap":true,"angle":0,"type":"block","time":364},{"duration":0.25,"angle":360,"type":"hold","angle2":337.5,"time":364.75},{"duration":0.5,"angle":22.5,"type":"hold","angle2":112.5,"time":365.5},{"angle":157.5,"type":"block","time":366.5},{"angle":90,"type":"block","time":367},{"angle":67.5,"type":"block","time":367.5},{"angle":0,"type":"block","time":368},{"angle":337.5,"type":"block","time":368.25},{"angle":315,"type":"block","time":368.5},{"angle":22.5,"type":"block","time":369},{"duration":0.25,"angle":45,"type":"hold","angle2":0,"time":369.5},{"angle":315,"type":"block","time":370},{"angle":270,"type":"block","time":370.75},{"angle":270,"type":"block","time":371},{"angle":22.5,"type":"block","time":365},{"angle":270,"type":"block","time":371.5},{"tap":true,"angle":90,"type":"block","time":372},{"angle":360,"type":"mine","time":107},{"angle":22.5,"type":"mine","time":107},{"angle":45,"type":"mine","time":107},{"angle":202.5,"type":"mine","time":108},{"angle":180,"type":"mine","time":108},{"angle":157.5,"type":"mine","time":108},{"angle":180,"type":"mine","time":112},{"angle":225,"type":"mine","time":112},{"angle":135,"type":"mine","time":112},{"angle":157.5,"type":"mine","time":112},{"angle":202.5,"type":"mine","time":112},{"angle":180,"type":"mine","time":242},{"angle":0,"type":"mine","time":242},{"angle":0,"type":"mine","time":244.5},{"angle":180,"type":"mine","time":244.5},{"angle":180,"type":"mine","time":245},{"angle":0,"type":"mine","time":245},{"angle":90,"type":"mine","time":248},{"angle":270,"type":"mine","time":248},{"angle":270,"type":"block","time":328},{"angle":292.5,"type":"block","time":328.16665649414},{"angle":315,"type":"block","time":328.33334350586},{"angle":337.5,"type":"block","time":328.5},{"angle":360,"type":"block","time":328.66665649414},{"duration":2,"angle":0,"speedMult":2,"type":"hold","angle2":360,"time":329},{"holdEase":"outCubic","speedMult":2,"duration":0.5,"angle2":337.5,"type":"hold","angle":360,"time":331},{"holdEase":"inQuad","speedMult":2,"duration":0.5,"angle2":360,"type":"hold","angle":337.5,"time":331.5},{"angle":135,"type":"mine","time":177.5},{"angle":225,"type":"mine","time":177.5},{"angle":135,"type":"mine","time":177},{"angle":135,"type":"mine","time":176.5},{"angle":135,"type":"mine","time":176.25},{"angle":135,"type":"mine","time":176},{"angle":225,"type":"mine","time":176},{"angle":225,"type":"mine","time":176.25},{"angle":225,"type":"mine","time":176.5},{"angle":225,"type":"mine","time":176.75},{"angle":225,"type":"mine","time":177},{"angle":225,"type":"mine","time":177.25},{"angle":45,"type":"mine","time":180},{"angle":45,"type":"mine","time":180.5},{"angle":45,"type":"mine","time":180.25},{"angle":45,"type":"mine","time":181},{"angle":45,"type":"mine","time":180.75},{"angle":315,"type":"mine","time":180},{"angle":315,"type":"mine","time":180.25},{"angle":315,"type":"mine","time":180.5},{"angle":315,"type":"mine","time":180.75},{"angle":315,"type":"mine","time":181},{"angle":135,"type":"mine","time":182},{"angle":135,"type":"mine","time":183},{"angle":135,"type":"mine","time":182.25},{"angle":135,"type":"mine","time":182.5},{"angle":135,"type":"mine","time":182.75},{"angle":225,"type":"mine","time":182},{"angle":225,"type":"mine","time":182.25},{"angle":225,"type":"mine","time":182.5},{"angle":225,"type":"mine","time":182.75},{"angle":225,"type":"mine","time":183},{"duration":4,"angle":225,"speedMult":2,"type":"mineHold","angle2":225,"time":256},{"duration":4,"angle":60,"speedMult":2,"type":"mineHold","angle2":60,"time":256},{"duration":4,"angle":300,"speedMult":2,"type":"mineHold","angle2":300,"time":256},{"duration":4,"angle":240,"speedMult":2,"type":"mineHold","angle2":240,"time":256},{"duration":4,"angle":120,"speedMult":2,"type":"mineHold","angle2":120,"time":256},{"duration":2,"angle":90,"speedMult":4,"type":"mineHold","angle2":90,"time":312},{"duration":2,"angle":270,"speedMult":4,"type":"mineHold","angle2":270,"time":312},{"duration":2,"angle":180,"speedMult":4,"type":"mineHold","angle2":180,"time":312},{"duration":2,"angle":90,"speedMult":4,"type":"mineHold","angle2":90,"time":316},{"duration":2,"angle":0,"speedMult":4,"type":"mineHold","angle2":0,"time":316},{"duration":2,"angle":270,"speedMult":4,"type":"mineHold","angle2":270,"time":316},{"duration":2,"angle":90,"speedMult":4,"type":"mineHold","angle2":270,"time":314},{"duration":2,"angle":270,"speedMult":4,"type":"mineHold","angle2":450,"time":314},{"duration":2,"angle":180,"speedMult":4,"type":"mineHold","angle2":360,"time":314},{"duration":1,"angle":0,"speedMult":4,"type":"mineHold","angle2":0,"time":320},{"duration":1,"angle":180,"speedMult":4,"type":"mineHold","angle2":180,"time":320},{"duration":1,"angle":90,"speedMult":4,"type":"mineHold","angle2":90,"time":320},{"duration":1,"angle":0,"speedMult":4,"type":"mineHold","angle2":0,"time":322},{"duration":1,"angle":180,"speedMult":4,"type":"mineHold","angle2":180,"time":322},{"duration":1,"angle":270,"speedMult":4,"type":"mineHold","angle2":270,"time":322},{"angle":180,"type":"block","time":191},{"duration":2,"angle":202.5,"type":"hold","angle2":360,"time":279},{"holdEase":"inBack","angle2":292.5,"angle":180,"duration":7,"type":"hold","startTap":true,"time":281},{"holdEase":"inElastic","angle":292.5,"duration":2,"type":"hold","angle2":270,"time":288},{"angle":292.5,"type":"block","time":288.5},{"angle":292.5,"type":"block","time":289},{"angle":292.5,"type":"block","time":289.5},{"angle":292.5,"type":"block","time":289.75},{"angle":247.5,"type":"block","time":290.5},{"angle":67.5,"type":"block","time":290.5},{"angle":225,"type":"block","time":291},{"angle":360,"type":"block","time":291.5},{"angle":180,"type":"block","time":291.5},{"holdEase":"inBack","angle2":112.5,"angle":0,"duration":7,"type":"hold","startTap":true,"time":281},{"holdEase":"inElastic","angle":112.5,"duration":2,"type":"hold","angle2":90,"time":288},{"angle":45,"type":"block","time":291},{"angle":45,"type":"block","time":342.5},{"duration":0.25,"angle":67.5,"type":"hold","angle2":112.5,"time":372.75},{"duration":0.5,"angle":90,"type":"hold","angle2":22.5,"time":373.5},{"duration":0.5,"angle":45,"type":"hold","angle2":0,"time":374.5},{"duration":0.5,"angle":0,"type":"hold","angle2":67.5,"time":375},{"duration":0.5,"angle2":202.5,"angle":67.5,"type":"hold","endTap":true,"time":375.5},{"angle":225,"type":"block","time":376.5},{"angle":202.5,"type":"block","time":376.75},{"angle":180,"type":"block","time":377},{"angle":225,"type":"block","time":377.5},{"angle":180,"type":"block","time":378},{"duration":0.5,"angle":157.5,"type":"hold","angle2":225,"time":378.5},{"duration":0.5,"angle":247.5,"type":"hold","angle2":247.5,"time":379},{"duration":0.5,"angle":270,"type":"hold","angle2":360,"time":363.5},{"angle":360,"type":"block","time":364.5},{"tap":true,"angle":112.5,"type":"block","time":380},{"duration":0.25,"angle":112.5,"type":"hold","angle2":67.5,"time":380.75},{"angle":112.5,"type":"block","time":380.5},{"angle":135,"type":"block","time":381.5},{"angle":67.5,"type":"block","time":382},{"angle":135,"type":"block","time":382.5},{"duration":0.5,"angle":135,"type":"hold","angle2":45,"time":383},{"angle":0,"type":"block","time":384},{"angle":0,"type":"block","time":384.5},{"angle":0,"type":"block","time":384.75},{"angle":360,"type":"block","time":385},{"angle":180,"type":"block","time":385.5},{"angle":0,"type":"block","time":386},{"angle":180,"type":"block","time":386.5},{"angle":0,"type":"block","time":387},{"angle":45,"type":"block","time":404},{"angle":67.5,"type":"block","time":404.75},{"angle":45,"type":"block","time":405},{"angle":90,"type":"block","time":405.5},{"angle":67.5,"type":"block","time":406},{"angle":45,"type":"block","time":406.5},{"angle":22.5,"type":"block","time":407},{"angle":0,"type":"block","time":407.5},{"angle":315,"type":"block","time":408},{"angle":292.5,"type":"block","time":408.75},{"angle":315,"type":"block","time":409},{"angle":292.5,"type":"block","time":409.5},{"angle":270,"type":"block","time":410},{"angle":247.5,"type":"block","time":410.5},{"angle":225,"type":"block","time":411},{"angle":202.5,"type":"block","time":411.5},{"angle":225,"type":"block","time":412},{"angle":202.5,"type":"block","time":412.75},{"angle":225,"type":"block","time":413},{"angle":202.5,"type":"block","time":413.5},{"angle":180,"type":"block","time":414},{"angle":157.5,"type":"block","time":414.5},{"duration":0.5,"angle":135,"type":"hold","angle2":90,"time":415},{"holdEase":"inOutQuad","angle":90,"duration":0.5,"type":"hold","angle2":135,"time":415.5},{"angle":157.5,"type":"block","time":416.5},{"angle":180,"type":"block","time":416.75},{"angle":202.5,"type":"block","time":417},{"angle":157.5,"type":"block","time":418},{"angle":202.5,"type":"block","time":418.5},{"angle":180,"type":"block","time":419},{"holdEase":"outExpo","angle":360,"duration":0.5,"type":"hold","angle2":427.5,"time":421},{"holdEase":"inQuint","angle":67.5,"duration":0.5,"type":"hold","angle2":0,"time":421.5},{"holdEase":"outCubic","angle":0,"duration":0.5,"type":"hold","angle2":-45,"time":422},{"angle":0,"type":"block","time":423},{"angle":22.5,"type":"block","time":423.5},{"holdEase":"outExpo","angle":337.5,"duration":0.75,"type":"hold","angle2":360,"time":424.75},{"angle":337.5,"type":"block","time":426},{"angle":304.54010009766,"type":"block","time":426.5},{"angle":279.76669311523,"type":"block","time":427},{"angle":230.02610778809,"type":"block","time":427.5},{"angle":221.79887390137,"type":"block","time":428},{"angle":221.69609069824,"type":"block","time":428.25},{"angle":221.72149658203,"type":"block","time":428.5},{"angle":52.781047821045,"type":"block","time":429},{"angle":50.536880493164,"type":"block","time":429.25},{"angle":51.128280639648,"type":"block","time":429.5},{"angle":291.8776550293,"type":"block","time":430},{"angle":293.19857788086,"type":"block","time":430.25},{"angle":293.44647216797,"type":"block","time":430.5},{"angle":141.49493408203,"type":"block","time":431},{"angle":140.22065734863,"type":"block","time":431.25},{"angle":138.11343383789,"type":"block","time":431.5},{"angle":0,"type":"block","time":432},{"angle":0,"type":"block","time":432.25},{"angle":360,"type":"block","time":432.5},{"angle":0,"type":"block","time":432.75},{"angle":360,"type":"block","time":433},{"angle":0,"type":"block","time":433.25},{"angle":0,"type":"block","time":433.5},{"angle":0,"type":"block","time":433.75},{"angle":0,"type":"block","time":434},{"angle":0,"type":"block","time":434.25},{"angle":0,"type":"block","time":434.5},{"angle":0,"type":"block","time":434.75},{"angle":0,"type":"block","time":435},{"angle":0,"type":"block","time":435.25},{"angle":0,"type":"block","time":435.5},{"angle":0,"type":"block","time":435.75},{"angle2":9999,"duration":16,"speedMult":0.5,"startTap":true,"type":"hold","angle":360,"time":436},{"duration":0.5,"angle":90,"type":"hold","angle2":0,"time":100},{"duration":0.5,"angle":303.75,"type":"hold","angle2":371.25,"time":105},{"duration":0.5,"angle":56.25,"type":"hold","angle2":135,"time":43.5},{"duration":0.5,"angle":146.25,"type":"hold","angle2":213.75,"time":45},{"duration":0.5,"angle":270,"type":"hold","angle2":337.5,"time":47.5},{"angle":135,"type":"block","time":50.5},{"angle":315,"type":"block","time":52.5},{"holdEase":"outBack","angle2":171.25,"angle":78.75,"duration":0.75,"type":"hold","startTap":true,"time":388},{"angle":157.5,"type":"block","time":389},{"duration":0.25,"angle":405,"type":"hold","angle2":360,"time":59.5},{"duration":0.5,"angle":180,"type":"hold","angle2":202.5,"time":389.5},{"duration":0.5,"angle":225,"type":"hold","angle2":247.5,"time":390.5},{"angle":225,"type":"block","time":391.5},{"tap":true,"angle":213.75,"type":"block","time":392},{"angle":202.5,"type":"block","time":392.5},{"angle":191.25,"type":"block","time":392.75},{"angle":180,"type":"block","time":393},{"duration":0.5,"angle":168.75,"type":"hold","angle2":135,"time":393.5},{"duration":0.5,"angle":112.5,"type":"hold","angle2":78.75,"time":394.5},{"duration":0.5,"angle":56.25,"type":"hold","angle2":56.25,"time":395.5},{"duration":1,"angle":45,"type":"hold","angle2":-11.25,"time":396.5},{"tap":true,"angle":45,"type":"block","time":396},{"angle":22.5,"type":"block","time":396.75},{"duration":0.5,"angle":348.75,"type":"hold","angle2":371.25,"time":397.5},{"duration":0.5,"angle":11.25,"type":"hold","angle2":-11.25,"time":398},{"duration":0.5,"angle":348.75,"type":"hold","angle2":371.25,"time":398.5},{"angle":315,"type":"extraTap","time":436},{"angle":180,"type":"block","time":346.5},{"tap":true,"angle":360,"type":"block","time":113},{"angle":326.25,"type":"extraTap","time":156},{"angle":315,"type":"extraTap","time":140},{"angle":315,"type":"extraTap","time":141},{"angle":225,"type":"extraTap","time":142},{"angle":337.5,"type":"extraTap","time":143},{"angle":180,"type":"extraTap","time":144},{"angle":225,"type":"extraTap","time":145},{"angle":270,"type":"extraTap","time":146},{"angle":292.5,"type":"extraTap","time":147},{"angle":315,"type":"extraTap","time":148},{"angle":0,"type":"extraTap","time":150},{"angle":135,"type":"extraTap","time":152},{"angle":22.5,"type":"extraTap","time":180},{"duration":2,"angle":0,"speedMult":2,"type":"hold","angle2":180,"time":314},{"angle":180,"type":"block","time":318},{"angle":213.75,"type":"block","time":46.5},{"angle":270,"type":"block","time":56},{"angle":90,"type":"block","time":62},{"angle":90,"type":"block","time":62.5},{"angle":303.75,"type":"block","time":64},{"angle":135,"type":"block","time":66},{"angle":316.38592529297,"type":"block","time":68},{"angle":248.52027893066,"type":"block","time":68.5},{"angle":360,"type":"block","time":108},{"angle":180,"type":"block","time":110},{"angle":360,"type":"block","time":112},{"angle":90,"type":"mine","time":261},{"angle":0,"type":"mine","time":262},{"angle":180,"type":"mine","time":262},{"duration":4,"angle":90,"type":"mineHold","angle2":123.75,"time":264},{"duration":4,"angle":270,"type":"mineHold","angle2":303.75,"time":264},{"angle":180,"type":"block","time":264},{"angle":180,"type":"block","time":265},{"angle":180,"type":"block","time":264.75},{"angle":191.25,"type":"block","time":265.5},{"angle":236.25,"type":"block","time":266},{"angle":213.75,"type":"block","time":266.5},{"tap":true,"angle":0,"type":"inverse","time":311},{"angle":11.25,"type":"inverse","time":400},{"angle":11.25,"type":"inverse","time":400.25},{"angle":11.25,"type":"inverse","time":400.5},{"angle":22.5,"type":"inverse","time":401},{"angle":45,"type":"inverse","time":401.75},{"angle":56.25,"type":"inverse","time":402.5},{"angle":11.25,"type":"inverse","time":399},{"angle":11.25,"type":"inverse","time":399.5},{"angle":45,"type":"inverse","time":401.5},{"angle":33.75,"type":"inverse","time":402.25},{"angle":33.75,"type":"inverse","time":403},{"angle":45,"type":"inverse","time":403.5},{"duration":1.5,"angle":90,"type":"hold","angle2":-67.5,"time":324},{"duration":1,"angle":315,"type":"hold","angle2":225,"time":326},{"duration":1,"angle":225,"type":"hold","angle2":270,"time":327},{"angle":258.75,"type":"extraTap","time":256},{"angle":315,"type":"extraTap","time":311},{"type":"block","angle":135,"time":58},{"type":"side","angle":337.5,"time":103.5},{"type":"extraTap","angle":315,"time":360},{"type":"extraTap","angle":45,"time":364},{"type":"extraTap","angle":67.5,"time":372},{"type":"extraTap","angle":247.5,"time":376},{"type":"extraTap","angle":67.5,"time":380},{"type":"extraTap","angle":22.5,"time":388},{"type":"extraTap","angle":292.5,"time":392},{"type":"extraTap","angle":337.5,"time":396}]