[{"angle":22.5,"time":7,"type":"block"},{"type":"block","time":7.5,"angle":67.5},{"duration":1,"type":"hold","angle":112.5,"time":8,"angle2":135},{"duration":0.5,"type":"hold","angle":180,"time":9.5,"angle2":202.5},{"duration":0.5,"type":"hold","angle":270,"time":11,"angle2":315},{"type":"block","time":12,"angle":67.5},{"type":"block","time":12.5,"angle":157.5},{"duration":1,"type":"hold","angle":225,"time":13,"angle2":180},{"type":"block","angle":202.5,"time":13.5},{"type":"block","angle":270,"time":15.5},{"type":"block","angle":225,"time":15},{"duration":1.5,"type":"hold","angle":337.5,"time":16.5,"angle2":450},{"type":"block","angle":22.5,"time":17},{"type":"block","time":17.5,"angle":67.5},{"type":"side","time":19,"angle":90},{"type":"side","angle":180,"time":19.5},{"type":"side","angle":270,"time":20},{"type":"side","angle":360,"time":20.5},{"type":"side","time":21,"angle":90},{"duration":1.5,"type":"hold","angle":180,"time":21.5,"angle2":90},{"duration":1,"type":"hold","angle":90,"time":23,"angle2":112.5},{"type":"block","angle":100,"time":23.5},{"duration":1,"type":"hold","angle":112.5,"time":25,"angle2":180},{"type":"block","angle":147,"time":25.5},{"duration":0.5,"type":"hold","angle":270,"time":27,"angle2":360},{"duration":0.5,"type":"hold","angle":0,"time":27.5,"angle2":90},{"duration":0.5,"type":"hold","angle":90,"time":28,"angle2":180},{"duration":0.5,"type":"hold","angle":180,"time":28.5,"angle2":270},{"duration":0.5,"type":"hold","angle":270,"time":29,"angle2":360},{"duration":0.5,"type":"hold","angle":360,"time":29.5,"angle2":360},{"duration":0.5,"type":"hold","angle":337.5,"time":31,"angle2":292.5},{"duration":1.5,"type":"hold","angle":292.5,"time":32.5,"angle2":360},{"type":"block","time":33,"angle":315},{"type":"block","angle":337.5,"time":33.5},{"duration":0.5,"type":"hold","angle":0,"time":35,"angle2":-45},{"duration":0.5,"type":"hold","angle":315,"time":36,"angle2":337.5},{"duration":0.5,"type":"hold","angle":337.5,"time":37,"angle2":315},{"duration":1,"type":"hold","angle":315,"time":38,"angle2":337.5},{"type":"side","time":39.5,"angle":90},{"type":"block","angle":90,"time":41.5},{"type":"block","angle":67.5,"time":42},{"type":"block","time":42.5,"angle":45},{"duration":0.5,"type":"hold","angle":22.5,"time":43,"angle2":0},{"duration":1,"type":"hold","angle":0,"time":45.5,"angle2":45},{"type":"block","angle":22.5,"time":46},{"type":"block","angle":67.5,"time":47},{"type":"block","time":47.5,"angle":112.5},{"type":"block","angle":112.5,"time":49.5},{"type":"block","angle":180,"time":50},{"type":"block","time":50.5,"angle":270},{"duration":0.5,"type":"hold","angle":0,"time":51,"angle2":-45},{"type":"block","time":52,"angle":270},{"type":"block","time":52.5,"angle":202.5},{"type":"block","angle":112.5,"time":53},{"type":"block","angle":0,"time":53.5},{"type":"block","angle":292.5,"time":54},{"duration":0.60000002384186,"type":"hold","angle":180,"time":54.5,"angle2":225},{"type":"extraTap","time":56,"angle":247.5},{"duration":0.5,"type":"hold","angle":90,"time":57.5,"angle2":67.5},{"duration":0.75,"type":"hold","angle":67.5,"time":58.5,"angle2":90},{"type":"block","time":61.5,"angle":90},{"type":"block","angle":270,"time":62},{"type":"block","time":62.5,"angle":360},{"duration":1,"type":"hold","angle":360,"time":63,"angle2":360},{"type":"block","time":65.5,"angle":90},{"duration":0.5,"type":"hold","angle":180,"time":66,"angle2":135},{"duration":0.5,"type":"hold","angle":135,"time":67,"angle2":157.5},{"type":"extraTap","angle":157.5,"time":68},{"type":"extraTap","angle":157.5,"time":68.5},{"type":"extraTap","angle":157.5,"time":69},{"type":"extraTap","angle":157.5,"time":69.5},{"type":"extraTap","angle":157.5,"time":70},{"type":"extraTap","angle":157.5,"time":70.5},{"angle":360,"type":"block","time":68,"tap":true},{"angle":337.5,"type":"block","time":68.5,"tap":true},{"angle":22.5,"type":"block","time":69,"tap":true},{"angle":337.5,"type":"block","time":69.5,"tap":true},{"angle":22.5,"type":"block","time":70,"tap":true},{"type":"extraTap","time":71,"angle":157.5},{"angle":337.5,"type":"block","time":70.5,"tap":true},{"type":"extraTap","time":71.5,"angle":157.5},{"angle":22.5,"type":"block","time":71,"tap":true},{"angle":90,"type":"block","time":71.5,"tap":true},{"duration":1,"angle":180,"startTap":true,"type":"hold","time":72,"endTap":true,"angle2":157.5},{"duration":0.69999998807907,"angle":157.5,"startTap":true,"endTap":true,"type":"hold","time":73.5,"angle2":112.5},{"duration":1,"angle":45,"startTap":true,"type":"hold","time":75,"endTap":true,"angle2":67.5},{"angle":55.5,"type":"block","time":75.5,"tap":true},{"duration":1,"type":"hold","endTap":true,"time":76,"angle":67.5,"angle2":90},{"angle":270,"type":"block","time":77.5,"tap":true},{"angle":270,"type":"block","time":78,"tap":true},{"angle":360,"type":"block","time":79,"tap":true},{"angle":45,"type":"block","time":79.5,"tap":true},{"angle":360,"type":"block","time":80.5,"tap":true},{"duration":0.75,"angle":337.5,"startTap":true,"type":"hold","time":81,"endTap":true,"angle2":337.5},{"type":"block","time":83,"angle":180},{"type":"block","angle":270,"time":83.5},{"type":"block","angle":360,"time":84},{"type":"block","angle":90,"time":84.5},{"type":"block","angle":180,"time":85},{"type":"block","time":85.5,"angle":90},{"type":"block","angle":360,"time":86},{"angle":270,"type":"side","time":87},{"angle":360,"type":"side","time":87.5},{"angle":270,"type":"side","time":88},{"angle":90,"type":"side","time":89},{"angle":180,"type":"side","time":89.5},{"angle":270,"type":"side","time":90},{"type":"block","time":91,"angle":360},{"type":"block","angle":0,"time":91.5},{"type":"block","time":92,"angle":180},{"type":"block","time":92.5,"angle":180},{"type":"block","time":93,"angle":90},{"type":"block","time":93.5,"angle":90},{"type":"block","angle":270,"time":94},{"duration":1.5,"type":"hold","angle":360,"time":95,"angle2":360},{"angle":0,"type":"block","time":95.5,"tap":true},{"duration":1.5,"type":"hold","angle":0,"time":96.5,"angle2":-135},{"angle":315,"type":"block","time":97,"tap":true},{"angle":270,"type":"block","time":97.5,"tap":true},{"duration":0.5,"type":"hold","angle":180,"time":99,"angle2":180},{"duration":0.5,"type":"hold","angle":90,"time":100,"angle2":90},{"duration":0.5,"type":"hold","angle":360,"time":101,"angle2":360},{"duration":1,"type":"hold","angle":270,"time":102,"angle2":270},{"type":"extraTap","time":103.5,"angle":270},{"duration":1,"type":"hold","endTap":true,"time":111,"angle":337.5,"angle2":315},{"duration":1,"endTap":true,"type":"hold","time":115,"angle":67.5,"angle2":90},{"type":"block","angle":360,"time":119.5},{"type":"block","angle":22.5,"time":120},{"type":"block","angle":337.5,"time":120.5},{"type":"block","angle":22.5,"time":121},{"type":"block","time":121.5,"angle":337.5},{"type":"block","angle":22.5,"time":122},{"type":"block","angle":180,"time":122.5},{"type":"block","angle":157.5,"time":123},{"type":"block","time":123.5,"angle":202.5},{"duration":1,"type":"hold","angle":157.5,"time":124,"angle2":180},{"duration":1,"type":"hold","angle":180,"time":125,"angle2":157.5},{"duration":1,"type":"hold","angle":157.5,"time":126,"angle2":270},{"duration":3,"type":"hold","angle":270,"time":128,"angle2":450},{"duration":2,"type":"hold","angle":90,"time":132,"angle2":0},{"type":"block","time":135.5,"angle":360},{"type":"block","angle":180,"time":136},{"type":"side","angle":270,"time":136.5},{"type":"side","angle":90,"time":137},{"type":"block","angle":180,"time":138},{"duration":1,"type":"hold","angle":135,"time":138.5,"angle2":112.5},{"type":"block","angle":125,"time":139},{"duration":1,"type":"hold","angle":90,"time":140,"angle2":45},{"duration":1,"type":"hold","angle":45,"time":142,"angle2":67.5},{"type":"block","time":144,"angle":22.5},{"duration":0.5,"type":"hold","angle":292.5,"time":144.5,"angle2":270},{"type":"block","angle":247.5,"time":145.5},{"type":"block","time":146,"angle":180},{"duration":0.5,"type":"hold","angle":270,"time":146.5,"angle2":292.5},{"duration":0.5,"type":"hold","angle":0,"time":147.5,"angle2":-22.5},{"type":"block","time":159,"angle":0},{"type":"block","angle":45,"time":159.5},{"type":"block","angle":90,"time":160},{"type":"block","angle":180,"time":161},{"type":"block","time":161.5,"angle":247.5},{"type":"side","time":162,"angle":292.5},{"type":"block","time":163,"angle":0},{"type":"block","time":163.5,"angle":67.5},{"type":"block","time":164,"angle":0},{"type":"block","angle":292.5,"time":164.5},{"type":"block","angle":247.5,"time":165},{"type":"block","time":165.5,"angle":202.5},{"type":"block","time":166,"angle":157.5},{"duration":0.5,"type":"hold","angle":112.5,"time":167,"angle2":135},{"duration":0.5,"type":"hold","angle":180,"time":168.5,"angle2":202.5},{"duration":0.5,"type":"hold","angle":202.5,"time":169,"angle2":180},{"duration":0.5,"type":"hold","angle":180,"time":169.5,"angle2":202.5},{"duration":0.5,"type":"hold","angle":0,"time":171,"angle2":-22.5},{"duration":0.5,"type":"hold","angle":337.5,"time":171.5,"angle2":360},{"duration":0.5,"type":"hold","angle":0,"time":172,"angle2":-22.5},{"duration":0.5,"type":"hold","angle":337.5,"time":172.5,"angle2":360},{"duration":1.5,"type":"hold","angle":0,"time":173,"angle2":22.5},{"duration":0.5,"type":"hold","angle":67.5,"time":175.5,"angle2":112.5},{"duration":1,"type":"hold","angle":112.5,"time":176,"angle2":67.5},{"duration":0.5,"type":"hold","angle":270,"time":177.5,"angle2":270},{"type":"block","time":179,"angle":360},{"type":"block","angle":67.5,"time":179.5},{"type":"block","angle":292.5,"time":180},{"type":"block","angle":67.5,"time":180.5},{"type":"block","angle":157.5,"time":181},{"type":"block","angle":202.5,"time":181.5},{"type":"block","angle":157.5,"time":182},{"duration":0.5,"type":"hold","angle":270,"time":183,"angle2":292.5},{"type":"block","time":184.5,"angle":0},{"type":"block","time":185,"angle":45},{"type":"block","time":185.5,"angle":225},{"type":"block","angle":225,"time":186},{"type":"block","angle":157.5,"time":187},{"type":"block","time":187.5,"angle":337.5},{"type":"block","angle":90,"time":188},{"type":"block","angle":270,"time":188.5},{"type":"block","angle":45,"time":189},{"duration":1.5,"type":"hold","angle":337.5,"time":189.5,"angle2":292.5},{"type":"block","angle":90,"time":191.5},{"duration":0.5,"type":"hold","angle":270,"time":193.5,"angle2":292.5},{"duration":0.5,"type":"hold","angle":292.5,"time":194,"angle2":337.5},{"duration":0.5,"type":"hold","angle":135,"time":195,"angle2":157.5},{"duration":0.5,"type":"hold","angle":0,"time":197.5,"angle2":22.5},{"duration":0.5,"type":"hold","angle":22.5,"time":198.5,"angle2":0},{"duration":0.5,"type":"hold","angle":0,"time":199,"angle2":22.5},{"type":"block","angle":270,"time":202},{"duration":0.5,"type":"hold","angle":225,"time":202.5,"angle2":202.5},{"duration":0.5,"type":"hold","angle":202.5,"time":203,"angle2":157.5},{"type":"block","angle":22.5,"time":204},{"duration":0.5,"type":"hold","angle":337.5,"time":204.5,"angle2":315},{"duration":0.5,"type":"hold","angle":0,"time":205.5,"angle2":22.5},{"duration":0.5,"type":"hold","angle":22.5,"time":206,"angle2":112.5},{"duration":0.5,"type":"hold","angle":180,"time":207,"angle2":202.5},{"type":"block","angle":360,"time":209.5},{"type":"block","angle":270,"time":210},{"type":"block","time":210.5,"angle":90},{"type":"block","time":211,"angle":180},{"type":"block","angle":360,"time":211.5},{"type":"block","angle":0,"time":213.5},{"duration":0.5,"type":"hold","angle":180,"time":214,"angle2":180},{"type":"block","time":218,"angle":270},{"type":"block","angle":360,"time":218.5},{"type":"block","time":219,"angle":90},{"angle":180,"type":"block","time":219.5,"tap":true},{"angle":180,"type":"block","time":220,"tap":true},{"duration":0.5,"angle":180,"startTap":true,"type":"hold","time":220.5,"endTap":true,"angle2":180},{"duration":0.5,"angle":0,"startTap":true,"type":"hold","time":221.5,"endTap":true,"angle2":0},{"angle":270,"type":"side","time":223,"tap":true},{"angle":90,"type":"side","time":222.5,"tap":true},{"angle":90,"type":"side","time":223.5,"tap":true},{"type":"block","angle":7,"time":173.5},{"duration":1,"angle":22.5,"startTap":true,"type":"hold","endTap":true,"time":224,"angle2":22.5},{"angle":270,"type":"block","time":225.5,"tap":true},{"angle":180,"type":"block","time":226,"tap":true},{"duration":0.5,"angle":0,"startTap":true,"type":"hold","time":227,"endTap":true,"angle2":0},{"duration":0.5,"angle":270,"startTap":true,"type":"hold","endTap":true,"time":229.5,"angle2":292.5},{"type":"side","time":228,"angle":180},{"type":"side","time":228.5,"angle":90},{"type":"side","angle":180,"time":229},{"type":"block","angle":360,"time":231},{"type":"block","time":231.5,"angle":22.5},{"type":"block","time":232.5,"angle":22.5},{"type":"block","time":233,"angle":180},{"type":"block","angle":270,"time":233.5},{"type":"block","angle":90,"time":234},{"type":"side","time":235,"angle":90},{"type":"side","angle":22.5,"time":235.5},{"type":"side","angle":292.5,"time":236},{"duration":0.5,"type":"hold","angle":90,"time":236.5,"angle2":90},{"duration":0.5,"type":"hold","angle":270,"time":237.5,"angle2":270},{"type":"block","angle":270,"time":239},{"duration":0.5,"type":"hold","angle":90,"time":239.5,"angle2":67.5},{"duration":1,"type":"hold","angle":67.5,"time":240,"angle2":90},{"type":"block","angle":180,"time":241.5},{"type":"block","time":242,"angle":180},{"type":"block","time":243,"angle":0},{"type":"block","time":243.5,"angle":0},{"type":"block","time":244,"angle":270},{"type":"block","angle":270,"time":244.5},{"type":"block","time":245,"angle":90},{"type":"block","angle":90,"time":245.5},{"type":"extraTap","angle":90,"time":246},{"angle":270,"type":"block","time":246,"tap":true},{"type":"block","angle":360,"time":247},{"duration":1,"type":"hold","angle":180,"time":247.5,"angle2":180},{"duration":0.5,"type":"hold","angle":180,"time":248.5,"angle2":157.5},{"duration":0.5,"type":"hold","angle":247.5,"time":249.5,"angle2":180},{"type":"block","time":251,"angle":360},{"type":"block","time":251.5,"angle":360},{"duration":0.5,"type":"hold","angle":180,"time":252,"angle2":180},{"type":"block","angle":135,"time":253},{"type":"block","angle":315,"time":253.5},{"duration":1,"type":"hold","angle":45,"time":254,"angle2":45},{"type":"extraTap","angle":45,"time":255.5},{"angle":315,"type":"block","time":255.5,"tap":true},{"duration":1,"type":"hold","angle":270,"time":263,"angle2":292.5},{"duration":1,"type":"hold","angle":90,"time":267,"angle2":67.5},{"type":"block","time":271.5,"angle":180},{"type":"block","angle":157.5,"time":272},{"type":"block","angle":135,"time":272.5},{"type":"block","time":273,"angle":112.5},{"type":"block","time":273.5,"angle":135},{"type":"block","angle":157.5,"time":274},{"type":"block","angle":180,"time":274.5},{"type":"extraTap","time":275,"angle":292.5},{"type":"extraTap","time":276,"angle":270},{"type":"extraTap","time":277,"angle":270},{"type":"extraTap","time":278,"angle":270},{"angle":270,"type":"block","time":275,"tap":true},{"angle":315,"type":"block","time":276,"tap":true},{"angle":22.5,"type":"block","time":277,"tap":true},{"angle":112.5,"type":"block","time":278,"tap":true},{"duration":1,"type":"hold","angle":270,"time":279,"angle2":247.5},{"duration":1,"type":"hold","angle":90,"time":281,"angle2":67.5},{"duration":1,"type":"hold","angle":247.5,"time":283,"angle2":225},{"duration":1,"type":"hold","angle":45,"time":285,"angle2":22.5},{"angle":360,"type":"block","time":287.5,"tap":true},{"duration":0.5,"angle":337.5,"startTap":true,"type":"hold","endTap":true,"time":288,"angle2":360},{"duration":0.5,"angle":22.5,"startTap":true,"type":"hold","endTap":true,"time":289,"angle2":0},{"type":"block","angle":337.5,"time":290},{"duration":0.5,"type":"hold","angle":90,"time":290.5,"angle2":90},{"type":"block","angle":22.5,"time":291.5},{"type":"block","angle":22.5,"time":292},{"angle":292.5,"type":"block","time":293,"tap":true},{"angle":135,"type":"block","time":294,"tap":true},{"angle":225,"type":"block","time":295,"tap":true},{"type":"extraTap","time":293,"angle":270},{"type":"extraTap","time":294,"angle":112.5},{"type":"extraTap","time":295,"angle":202.5},{"duration":0.5,"type":"hold","angle":292.5,"time":296,"angle2":315},{"duration":0.5,"type":"hold","angle":22.5,"time":297,"angle2":45},{"type":"block","time":298,"angle":135},{"type":"block","time":298.5,"angle":225},{"duration":1,"type":"hold","angle":315,"time":299,"angle2":337.5},{"type":"block","time":299.5,"angle":327},{"duration":0.5,"type":"hold","angle":22.5,"time":304,"angle2":45},{"type":"block","angle":135,"time":305},{"duration":0.5,"angle":225,"startTap":true,"type":"hold","time":306,"endTap":true,"angle2":247.5},{"angle":270,"type":"block","time":307,"tap":true},{"type":"block","angle":22.5,"time":308},{"type":"block","angle":67.5,"time":308.5},{"type":"block","angle":135,"time":309},{"duration":0.5,"angle":202.5,"startTap":true,"type":"hold","time":309.5,"endTap":true,"angle2":225},{"duration":0.5,"angle":247.5,"startTap":true,"type":"hold","time":310.5,"endTap":true,"angle2":292.5},{"duration":0.5,"type":"hold","angle":337.5,"time":312,"angle2":337.5},{"type":"block","angle":22.5,"time":313},{"type":"block","time":313.5,"angle":90},{"type":"block","angle":135,"time":314},{"type":"block","time":314.5,"angle":157.5},{"type":"block","angle":202.5,"time":315},{"type":"block","time":315.5,"angle":247.5},{"type":"block","angle":292.5,"time":316},{"type":"block","angle":337.5,"time":316.5},{"type":"block","angle":292.5,"time":317},{"type":"block","time":317.5,"angle":225},{"duration":1,"type":"hold","angle":202.5,"time":318,"angle2":180},{"type":"block","angle":90,"time":320},{"type":"block","time":320.5,"angle":67.5},{"type":"block","time":321,"angle":112.5},{"type":"block","time":321.5,"angle":135},{"type":"extraTap","angle":112.5,"time":322},{"type":"extraTap","angle":112.5,"time":323},{"angle":67.5,"type":"block","time":322,"tap":true},{"angle":247.5,"type":"block","time":323,"tap":true},{"type":"block","time":324,"angle":315},{"type":"block","angle":22.5,"time":324.5},{"type":"block","time":325,"angle":67.5},{"type":"block","time":325.5,"angle":22.5},{"angle":337.5,"type":"block","time":326,"tap":true},{"type":"extraTap","angle":315,"time":326},{"angle":337.5,"type":"block","time":327,"tap":true},{"type":"extraTap","angle":315,"time":327},{"type":"side","angle":22.5,"time":326.5},{"type":"block","time":328,"angle":337.5},{"type":"block","time":328.5,"angle":337.5},{"type":"block","time":329,"angle":22.5},{"type":"block","angle":45,"time":330},{"angle":135,"type":"block","time":331,"tap":true},{"type":"extraTap","angle":157.5,"time":331},{"angle":67.5,"type":"block","time":331.5,"tap":true},{"duration":0.5,"angle":337.5,"startTap":true,"type":"hold","time":332,"endTap":true,"angle2":315},{"angle":270,"type":"block","time":333,"tap":true},{"duration":1.5,"angle":225,"startTap":true,"type":"hold","endTap":true,"time":333.5,"angle2":180},{"type":"block","time":336,"angle":157.5},{"type":"block","time":336.25,"angle":135},{"type":"block","time":336.5,"angle":67.5},{"type":"block","time":337,"angle":45},{"type":"block","angle":270,"time":337.5},{"duration":0.5,"type":"hold","angle":315,"time":338,"angle2":337.5},{"duration":0.5,"type":"hold","angle":337.5,"time":338.5,"angle2":315},{"duration":0.5,"type":"hold","angle":315,"time":339,"angle2":337.5},{"type":"block","time":340,"angle":90},{"type":"block","angle":135,"time":340.5},{"type":"block","time":340.55999755859,"angle":135},{"type":"block","angle":135,"time":341},{"type":"block","time":341.05999755859,"angle":135},{"type":"block","time":341.5,"angle":247.5},{"duration":0.5,"type":"hold","angle":292.5,"time":342,"angle2":315},{"duration":0.5,"type":"hold","angle":315,"time":342.5,"angle2":292.5},{"duration":0.5,"type":"hold","angle":292.5,"time":343,"angle2":315},{"angle":360,"time":344,"type":"block"},{"time":344.19000244141,"angle":22.5,"type":"block"},{"angle":45,"time":344.29998779297,"type":"block"},{"time":344.60000610352,"angle":67.5,"type":"block"},{"duration":0.5,"type":"hold","angle":90,"time":345,"angle2":67.5},{"duration":0.5,"type":"hold","angle":45,"time":346,"angle2":22.5},{"angle":0,"time":346.5,"type":"block"},{"time":346.79998779297,"angle":337.5,"type":"block"},{"time":347,"angle":337.5,"type":"block"},{"angle":337.5,"time":347.20001220703,"type":"block"},{"angle":270,"time":348,"type":"block"},{"angle":260,"time":348.10000610352,"type":"block"},{"angle":255,"time":348.29998779297,"type":"block"},{"angle":247.5,"type":"block","time":348.5},{"angle":225,"type":"block","time":348.79998779297},{"time":348.79998779297,"type":"block","angle":225},{"angle":225,"type":"block","time":349},{"time":349.20001220703,"type":"block","angle":202.5},{"angle":202.5,"type":"block","time":349.5},{"angle":180,"type":"block","time":349.70001220703},{"time":349.89999389648,"type":"block","angle":157.5},{"time":350,"type":"block","angle":135},{"angle":112.5,"type":"block","time":350.20001220703},{"angle":112.5,"type":"block","time":350.5},{"time":350.79998779297,"type":"block","angle":112.5},{"time":351,"type":"block","angle":90},{"angle":67.5,"type":"block","time":351.20001220703},{"time":351.39999389648,"type":"block","angle":45},{"angle":360,"type":"block","time":352},{"angle":22.5,"type":"block","time":352.20001220703},{"angle":45,"type":"block","time":352.39999389648},{"time":352.60000610352,"type":"block","angle":67.5},{"time":352.79998779297,"type":"block","angle":90},{"angle":112.5,"type":"block","time":353},{"angle":135,"type":"block","time":353.20001220703},{"time":353.39999389648,"type":"block","angle":157.5},{"time":354,"type":"block","angle":157.5},{"time":354.5,"type":"hold","angle":135,"duration":0.5,"angle2":180},{"type":"block","time":355.5,"angle":270},{"type":"block","time":355.70001220703,"angle":292.5},{"type":"block","angle":315,"time":355.89999389648},{"type":"block","angle":337.5,"time":356},{"duration":0.25,"type":"hold","angle":337.5,"time":356.5,"angle2":360},{"type":"block","time":357,"angle":0},{"type":"block","angle":22.5,"time":357.5},{"type":"block","time":357.70001220703,"angle":360},{"duration":1,"type":"hold","angle":337.5,"time":358,"angle2":315},{"type":"block","time":358.5,"angle":325},{"type":"block","time":359.5,"angle":90},{"type":"block","time":360,"angle":112.5},{"type":"block","angle":90,"time":360.5},{"duration":1,"type":"hold","angle":112.5,"time":361,"angle2":67.5},{"type":"block","angle":90,"time":361.5},{"type":"block","time":362.5,"angle":45},{"type":"block","angle":337.5,"time":363},{"duration":0.5,"type":"hold","angle":225,"time":363.5,"angle2":270},{"angle":292.5,"type":"block","time":366.5,"tap":true},{"angle":315,"type":"block","time":367,"tap":true},{"time":367.75,"angle":337.5,"startTap":true,"type":"hold","endTap":true,"duration":1,"angle2":360},{"duration":0.5,"angle":22.5,"startTap":true,"type":"hold","time":369.5,"endTap":true,"angle2":0},{"duration":1,"type":"hold","angle":247.5,"time":371,"angle2":225},{"type":"block","angle":225,"time":371.5},{"type":"block","time":372.5,"angle":210},{"type":"block","time":373,"angle":240},{"duration":0.5,"type":"hold","angle":270,"time":373.5,"angle2":300},{"type":"block","angle":240,"time":375},{"type":"block","time":375.5,"angle":210},{"duration":1,"type":"hold","angle":180,"time":376.5,"angle2":150},{"duration":1,"type":"hold","angle":30,"time":378.5,"angle2":0},{"time":379.5,"type":"hold","angle":360,"duration":3,"angle2":450},{"time":383,"type":"hold","angle":120,"duration":0.5,"angle2":150},{"time":384,"type":"block","angle":210},{"time":385,"type":"hold","angle":240,"duration":1,"angle2":210},{"time":386.5,"type":"hold","angle":270,"duration":1,"angle2":300},{"time":387.5,"type":"hold","angle":300,"duration":2,"angle2":300},{"time":391,"type":"hold","angle":90,"duration":0.5,"angle2":60},{"time":392,"type":"block","angle":90},{"time":393,"type":"hold","angle":30,"duration":1,"angle2":0},{"time":394.5,"type":"hold","angle":30,"duration":1.5,"angle2":60},{"angle":60,"type":"side","time":395},{"angle":30,"type":"side","time":395.5},{"time":396,"type":"side","angle":90},{"angle":30,"type":"side","time":396.5},{"angle":90,"type":"side","time":397},{"angle":30,"type":"side","time":397.5},{"angle":90,"type":"side","time":398},{"time":398.5,"type":"side","angle":30},{"time":399.5,"type":"extraTap","angle":60},{"type":"block","angle":270,"time":215},{"type":"block","angle":292.5,"time":215.5}]