{"properties":{"offset":8,"formatversion":12,"speed":70,"startBeat":0},"events":[{"bpm":120,"file":"Music.ogg","type":"play","volume":1,"time":0,"angle":0},{"time":404.5,"type":"showResults","angle":360},{"time":0,"type":"outline","color":1,"enable":true,"angle":315},{"time":0,"type":"setColor","color":1,"angle":45}],"metadata":{"artist":"JF Voice","bg":false,"charter":"PurpleeeGuyyy","songName":"There are flowers behind you","description":"Graze the roof remix + text","difficulty":3,"artistLink":""}}