[{"time":2.5,"angle":0,"type":"block"},{"time":3.25,"angle":67.5,"type":"block"},{"time":4,"angle":270,"type":"block"},{"time":4.75,"angle":0,"type":"block"},{"time":6.5,"angle":90,"type":"block"},{"time":7.25,"angle":315,"type":"block"},{"time":8,"angle":360,"type":"block"},{"time":5.5,"angle":180,"type":"side"},{"time":8.75,"angle":135,"type":"side"},{"time":2,"angle":45,"type":"extraTap"},{"time":6,"angle":22.5,"type":"extraTap"},{"time":9.5,"angle":292.5,"type":"block"},{"time":10,"angle":315,"type":"extraTap"},{"time":10.5,"angle":45,"type":"block"},{"time":11.25,"angle":270,"type":"block"},{"time":12,"angle":360,"type":"block"},{"time":12.75,"angle":180,"type":"side"},{"time":13.5,"angle":112.5,"type":"block"},{"time":14,"angle":90,"type":"extraTap"},{"time":14.5,"angle":315,"type":"side"},{"time":15.25,"angle":112.5,"type":"side"},{"time":16,"angle":0,"type":"block"},{"time":16.75,"angle":247.5,"type":"block"},{"time":17.5,"angle":112.5,"type":"block"},{"time":18.5,"angle":0,"type":"block"},{"time":19.25,"angle":-67.5,"type":"block"},{"time":20,"angle":-270,"type":"block"},{"time":20.75,"angle":0,"type":"block"},{"time":22.5,"angle":-90,"type":"block"},{"time":23.25,"angle":-315,"type":"block"},{"time":24,"angle":-360,"type":"block"},{"time":21.5,"angle":-180,"type":"side"},{"time":24.75,"angle":-135,"type":"side"},{"time":18,"angle":-45,"type":"extraTap"},{"time":22,"angle":-22.5,"type":"extraTap"},{"time":25.5,"angle":-292.5,"type":"block"},{"time":26,"angle":-315,"type":"extraTap"},{"time":26.5,"angle":-45,"type":"block"},{"time":27.25,"angle":-270,"type":"block"},{"time":28,"angle":-360,"type":"block"},{"time":28.75,"angle":-180,"type":"side"},{"time":29.5,"angle":-112.5,"type":"block"},{"time":30,"angle":-90,"type":"extraTap"},{"time":30.5,"angle":-315,"type":"side"},{"time":31.25,"angle":-112.5,"type":"side"},{"time":32,"angle":0,"type":"block"},{"time":32.75,"angle":-247.5,"type":"block"},{"time":33.5,"angle":337.5,"type":"side"},{"type":"hold","duration":0,"startTap":true,"endTap":true,"angle":315,"time":34,"angle2":360},{"type":"hold","duration":0,"startTap":true,"endTap":true,"angle":67.5,"time":34.75,"angle2":112.5},{"type":"hold","duration":0,"startTap":true,"endTap":true,"angle":236.25,"time":35.5,"angle2":191.25},{"time":36,"angle":191.25,"type":"block"},{"time":36.25,"angle":180,"type":"block"},{"time":36.5,"angle":225,"type":"block"},{"time":36.75,"angle":247.5,"type":"block"},{"time":34.5,"angle":90,"type":"side"},{"time":35.25,"angle":213.75,"type":"side"},{"duration":0,"time":37,"type":"hold","order":0,"startTap":true,"endTap":true,"angle":258.75,"angle2":303.75},{"order":1,"duration":1,"type":"hold","time":37,"angle":281.25,"holdEase":"inOutSine","angle2":360},{"type":"hold","duration":0,"startTap":true,"endTap":true,"angle":337.5,"time":38,"angle2":382.5},{"time":38.5,"angle":292.5,"type":"side"},{"type":"hold","duration":0,"startTap":true,"endTap":true,"angle":270,"time":38.75,"angle2":315},{"time":39.25,"angle":135,"type":"side"},{"type":"hold","duration":0,"startTap":true,"endTap":true,"angle":112.5,"time":39.5,"angle2":157.5},{"time":40,"angle":90,"type":"block"},{"time":40.25,"angle":78.75,"type":"block"},{"time":40.5,"angle":45,"type":"block"},{"time":40.75,"angle":22.5,"type":"block"},{"duration":0,"time":41,"type":"hold","order":0,"startTap":true,"endTap":true,"angle":315,"angle2":360},{"order":1,"duration":1,"type":"hold","time":41,"angle":337.5,"holdEase":"inOutSine","angle2":416.25},{"type":"hold","duration":0,"startTap":true,"endTap":true,"angle":33.75,"time":42,"angle2":78.75},{"time":42.5,"angle":180,"type":"side"},{"type":"hold","duration":0,"startTap":true,"endTap":true,"angle":157.5,"time":42.75,"angle2":202.5},{"time":43.25,"angle":22.5,"type":"side"},{"type":"hold","duration":0,"startTap":true,"endTap":true,"angle":0,"time":43.5,"angle2":45},{"time":44,"angle":67.5,"type":"block"},{"time":44.25,"angle":56.25,"type":"block"},{"time":44.5,"angle":112.5,"type":"block"},{"time":44.75,"angle":135,"type":"block"},{"duration":0,"time":45,"type":"hold","order":0,"startTap":true,"endTap":true,"angle":157.5,"angle2":202.5},{"order":1,"duration":1,"type":"hold","time":45,"angle":180,"holdEase":"inOutSine","angle2":112.5},{"type":"hold","duration":0,"startTap":true,"endTap":true,"angle":135,"time":46,"angle2":90},{"time":46.5,"angle":11.25,"type":"side"},{"type":"hold","duration":0,"startTap":true,"endTap":true,"angle":348.75,"time":46.75,"angle2":393.75},{"time":47.25,"angle":281.25,"type":"side"},{"type":"hold","duration":0,"startTap":true,"endTap":true,"angle":258.75,"time":47.5,"angle2":303.75},{"time":48,"angle":315,"type":"block"},{"time":48.25,"angle":337.5,"type":"block"},{"time":49,"angle":337.5,"type":"side"},{"time":49.75,"angle":22.5,"type":"side"},{"time":49.5,"angle":337.5,"type":"side"},{"time":49.25,"angle":22.5,"type":"side"},{"time":48.5,"angle":22.5,"type":"side"},{"type":"hold","duration":0,"startTap":true,"endTap":true,"angle":-315,"time":50,"angle2":-360},{"type":"hold","duration":0,"startTap":true,"endTap":true,"angle":-67.5,"time":50.75,"angle2":-112.5},{"type":"hold","duration":0,"startTap":true,"endTap":true,"angle":-236.25,"time":51.5,"angle2":-191.25},{"time":52,"angle":-191.25,"type":"block"},{"time":52.25,"angle":-180,"type":"block"},{"time":52.5,"angle":-225,"type":"block"},{"time":52.75,"angle":-247.5,"type":"block"},{"time":50.5,"angle":-90,"type":"side"},{"time":51.25,"angle":-213.75,"type":"side"},{"duration":0,"time":53,"type":"hold","order":0,"startTap":true,"endTap":true,"angle":-258.75,"angle2":-303.75},{"order":1,"duration":1,"type":"hold","time":53,"angle":-281.25,"holdEase":"inOutSine","angle2":-360},{"type":"hold","duration":0,"startTap":true,"endTap":true,"angle":-337.5,"time":54,"angle2":-382.5},{"time":54.5,"angle":-292.5,"type":"side"},{"type":"hold","duration":0,"startTap":true,"endTap":true,"angle":-270,"time":54.75,"angle2":-315},{"time":55.25,"angle":-135,"type":"side"},{"type":"hold","duration":0,"startTap":true,"endTap":true,"angle":-112.5,"time":55.5,"angle2":-157.5},{"time":56,"angle":-90,"type":"block"},{"time":56.25,"angle":-78.75,"type":"block"},{"time":56.5,"angle":-45,"type":"block"},{"time":56.75,"angle":-22.5,"type":"block"},{"duration":0,"time":57,"type":"hold","order":0,"startTap":true,"endTap":true,"angle":-315,"angle2":-360},{"order":1,"duration":1,"type":"hold","time":57,"angle":-337.5,"holdEase":"inOutSine","angle2":-416.25},{"type":"hold","duration":0,"startTap":true,"endTap":true,"angle":-33.75,"time":58,"angle2":-78.75},{"time":58.5,"angle":-180,"type":"side"},{"type":"hold","duration":0,"startTap":true,"endTap":true,"angle":-157.5,"time":58.75,"angle2":-202.5},{"time":59.25,"angle":-22.5,"type":"side"},{"type":"hold","duration":0,"startTap":true,"endTap":true,"angle":0,"time":59.5,"angle2":-45},{"time":60,"angle":-67.5,"type":"block"},{"time":60.25,"angle":-56.25,"type":"block"},{"time":60.5,"angle":-112.5,"type":"block"},{"time":60.75,"angle":-135,"type":"block"},{"duration":0,"time":61,"type":"hold","order":0,"startTap":true,"endTap":true,"angle":-157.5,"angle2":-202.5},{"order":1,"duration":1,"type":"hold","time":61,"angle":-180,"holdEase":"inOutSine","angle2":-112.5},{"type":"hold","duration":0,"startTap":true,"endTap":true,"angle":-135,"time":62,"angle2":-90},{"time":62.5,"angle":-11.25,"type":"side"},{"type":"hold","duration":0,"startTap":true,"endTap":true,"angle":-348.75,"time":62.75,"angle2":-393.75},{"time":63.25,"angle":-281.25,"type":"side"},{"type":"hold","duration":0,"startTap":true,"endTap":true,"angle":-258.75,"time":63.5,"angle2":-303.75},{"time":64,"angle":-315,"type":"block"},{"time":64.25,"angle":-337.5,"type":"block"},{"time":65,"angle":-337.5,"type":"side"},{"time":65.75,"angle":-22.5,"type":"side"},{"time":65.5,"angle":-337.5,"type":"side"},{"time":65.25,"angle":-22.5,"type":"side"},{"time":64.5,"angle":-22.5,"type":"side"},{"tap":true,"type":"block","time":66.5,"angle":337.5},{"tap":true,"type":"block","time":66.5,"angle":22.5},{"time":66.5,"angle":360,"type":"block"},{"tap":true,"type":"block","time":67.25,"angle":247.5},{"tap":true,"type":"block","time":67.25,"angle":202.5},{"time":67.25,"angle":225,"type":"block"},{"tap":true,"type":"block","time":68,"angle":315},{"time":68,"angle":337.5,"type":"block"},{"tap":true,"type":"block","time":68,"angle":360},{"tap":true,"type":"block","time":68.75,"angle":90},{"time":68.75,"angle":112.5,"type":"block"},{"tap":true,"type":"block","time":68.75,"angle":135},{"time":69.5,"angle":0,"type":"block"},{"tap":true,"type":"block","time":69.5,"angle":22.5},{"tap":true,"type":"block","time":69.5,"angle":337.5},{"tap":true,"type":"block","time":70.5,"angle":337.5},{"time":70.5,"angle":0,"type":"block"},{"tap":true,"type":"block","time":70.5,"angle":22.5},{"time":70,"angle":337.5,"type":"mine"},{"time":70,"angle":360,"type":"mine"},{"time":70,"angle":22.5,"type":"mine"},{"tap":true,"type":"block","time":71.25,"angle":90},{"time":71.25,"angle":112.5,"type":"block"},{"tap":true,"type":"block","time":71.25,"angle":135},{"tap":true,"type":"block","time":72,"angle":225},{"time":72,"angle":247.5,"type":"block"},{"tap":true,"type":"block","time":72,"angle":270},{"tap":true,"type":"block","time":72.75,"angle":67.5},{"time":72.75,"angle":90,"type":"block"},{"tap":true,"type":"block","time":72.75,"angle":112.5},{"tap":true,"type":"block","time":73.5,"angle":337.5},{"time":73.5,"angle":315,"type":"block"},{"tap":true,"type":"block","time":73.5,"angle":292.5},{"time":74,"angle":292.5,"type":"mine"},{"time":74,"angle":315,"type":"mine"},{"time":74,"angle":337.5,"type":"mine"},{"tap":true,"type":"block","time":74.5,"angle":292.5},{"time":74.5,"angle":315,"type":"block"},{"tap":true,"type":"block","time":74.5,"angle":337.5},{"tap":true,"type":"block","time":75.25,"angle":67.5},{"time":75.25,"angle":90,"type":"block"},{"tap":true,"type":"block","time":75.25,"angle":112.5},{"tap":true,"type":"block","time":76,"angle":292.5},{"time":76,"angle":270,"type":"block"},{"tap":true,"type":"block","time":76,"angle":247.5},{"tap":true,"type":"block","time":76.75,"angle":22.5},{"time":76.75,"angle":45,"type":"block"},{"tap":true,"type":"block","time":76.75,"angle":67.5},{"tap":true,"type":"block","time":77.5,"angle":292.5},{"tap":true,"type":"block","time":77.5,"angle":247.5},{"time":77.5,"angle":270,"type":"block"},{"time":78,"angle":292.5,"type":"mine"},{"time":78,"angle":270,"type":"mine"},{"time":78,"angle":247.5,"type":"mine"},{"tap":true,"type":"block","time":78.5,"angle":292.5},{"time":78.5,"angle":270,"type":"block"},{"tap":true,"type":"block","time":78.5,"angle":247.5},{"tap":true,"type":"block","time":79.25,"angle":157.5},{"time":79.25,"angle":135,"type":"block"},{"tap":true,"type":"block","time":79.25,"angle":112.5},{"tap":true,"type":"block","time":80,"angle":360},{"tap":true,"type":"block","time":80,"angle":315},{"time":80,"angle":337.5,"type":"block"},{"tap":true,"type":"block","time":80.75,"angle":45},{"time":80.75,"angle":67.5,"type":"block"},{"tap":true,"type":"block","time":80.75,"angle":90},{"tap":true,"type":"block","time":82.5,"angle":562.5},{"tap":true,"type":"block","time":82.5,"angle":247.5},{"time":82.5,"angle":585,"type":"block"},{"tap":true,"type":"block","time":83.25,"angle":427.5},{"tap":true,"type":"block","time":83.25,"angle":382.5},{"time":83.25,"angle":405,"type":"block"},{"tap":true,"type":"block","time":84,"angle":495},{"time":84,"angle":517.5,"type":"block"},{"tap":true,"type":"block","time":84,"angle":540},{"tap":true,"type":"block","time":84.75,"angle":270},{"time":84.75,"angle":292.5,"type":"block"},{"tap":true,"type":"block","time":84.75,"angle":315},{"time":85.5,"angle":180,"type":"block"},{"tap":true,"type":"block","time":85.5,"angle":202.5},{"tap":true,"type":"block","time":85.5,"angle":517.5},{"tap":true,"type":"block","time":86.5,"angle":517.5},{"time":86.5,"angle":180,"type":"block"},{"tap":true,"type":"block","time":86.5,"angle":202.5},{"time":86,"angle":517.5,"type":"mine"},{"time":86,"angle":540,"type":"mine"},{"time":86,"angle":202.5,"type":"mine"},{"tap":true,"type":"block","time":87.25,"angle":270},{"time":87.25,"angle":292.5,"type":"block"},{"tap":true,"type":"block","time":87.25,"angle":315},{"tap":true,"type":"block","time":88,"angle":405},{"time":88,"angle":427.5,"type":"block"},{"tap":true,"type":"block","time":88,"angle":450},{"tap":true,"type":"block","time":88.75,"angle":247.5},{"time":88.75,"angle":270,"type":"block"},{"tap":true,"type":"block","time":88.75,"angle":292.5},{"tap":true,"type":"block","time":89.5,"angle":517.5},{"time":89.5,"angle":495,"type":"block"},{"tap":true,"type":"block","time":89.5,"angle":472.5},{"time":90,"angle":472.5,"type":"mine"},{"time":90,"angle":495,"type":"mine"},{"time":90,"angle":517.5,"type":"mine"},{"tap":true,"type":"block","time":90.5,"angle":472.5},{"time":90.5,"angle":495,"type":"block"},{"tap":true,"type":"block","time":90.5,"angle":517.5},{"tap":true,"type":"block","time":91.25,"angle":247.5},{"time":91.25,"angle":270,"type":"block"},{"tap":true,"type":"block","time":91.25,"angle":292.5},{"tap":true,"type":"block","time":92,"angle":472.5},{"time":92,"angle":450,"type":"block"},{"tap":true,"type":"block","time":92,"angle":427.5},{"tap":true,"type":"block","time":92.75,"angle":202.5},{"time":92.75,"angle":225,"type":"block"},{"tap":true,"type":"block","time":92.75,"angle":247.5},{"tap":true,"type":"block","time":93.5,"angle":472.5},{"tap":true,"type":"block","time":93.5,"angle":427.5},{"time":93.5,"angle":450,"type":"block"},{"time":94,"angle":472.5,"type":"mine"},{"time":94,"angle":450,"type":"mine"},{"time":94,"angle":427.5,"type":"mine"},{"tap":true,"type":"block","time":94.5,"angle":472.5},{"time":94.5,"angle":450,"type":"block"},{"tap":true,"type":"block","time":94.5,"angle":427.5},{"tap":true,"type":"block","time":95.25,"angle":337.5},{"time":95.25,"angle":315,"type":"block"},{"tap":true,"type":"block","time":95.25,"angle":292.5},{"tap":true,"type":"block","time":96,"angle":540},{"tap":true,"type":"block","time":96,"angle":495},{"time":96,"angle":517.5,"type":"block"},{"tap":true,"type":"block","time":96.75,"angle":225},{"time":96.75,"angle":247.5,"type":"block"},{"tap":true,"type":"block","time":96.75,"angle":270},{"tap":true,"type":"block","time":81.5,"angle":247.5},{"time":81.5,"angle":225,"type":"block"},{"tap":true,"type":"block","time":81.5,"angle":202.5},{"time":82,"angle":247.5,"type":"mine"},{"time":82,"angle":225,"type":"mine"},{"time":82,"angle":202.5,"type":"mine"},{"tap":true,"type":"block","time":97.5,"angle":337.5},{"tap":true,"type":"block","time":97.5,"angle":22.5},{"time":97.5,"angle":360,"type":"block"},{"time":98,"angle":45,"type":"block"},{"time":98,"angle":22.5,"type":"block"},{"time":98.5,"angle":90,"type":"block"},{"time":98.5,"angle":112.5,"type":"block"},{"time":99,"angle":0,"type":"block"},{"time":99,"angle":22.5,"type":"block"},{"time":99.5,"angle":135,"type":"block"},{"time":99.5,"angle":157.5,"type":"block"},{"time":101,"angle":90,"type":"block"},{"time":101,"angle":67.5,"type":"block"},{"time":101.5,"angle":112.5,"type":"mine"},{"time":101.5,"angle":90,"type":"mine"},{"time":101.5,"angle":67.5,"type":"mine"},{"time":101.5,"angle":45,"type":"mine"},{"time":101.5,"angle":22.5,"type":"mine"},{"time":101.5,"angle":360,"type":"mine"},{"time":101.5,"angle":135,"type":"mine"},{"time":101.5,"angle":157.5,"type":"mine"},{"time":101.5,"angle":180,"type":"mine"},{"time":100,"angle":270,"type":"inverse"},{"time":100.25,"angle":292.5,"type":"inverse"},{"time":100.5,"angle":315,"type":"inverse"},{"time":102,"angle":90,"type":"block"},{"time":102.25,"angle":67.5,"type":"block"},{"time":102.5,"angle":45,"type":"block"},{"time":102.75,"angle":22.5,"type":"block"},{"time":103,"angle":315,"type":"inverse"},{"time":103.25,"angle":292.5,"type":"inverse"},{"time":103.5,"angle":270,"type":"inverse"},{"time":104,"angle":135,"type":"block"},{"time":104.25,"angle":112.5,"type":"block"},{"time":104.5,"angle":90,"type":"block"},{"time":105,"angle":180,"type":"block"},{"time":105,"angle":157.5,"type":"block"},{"time":104.125,"angle":123.75,"type":"block"},{"time":104.375,"angle":101.25,"type":"block"},{"time":104.625,"angle":78.75,"type":"block"},{"time":105.5,"angle":180,"type":"mine"},{"time":105.5,"angle":157.5,"type":"mine"},{"time":105.5,"angle":135,"type":"mine"},{"time":105.5,"angle":112.5,"type":"mine"},{"time":105.5,"angle":90,"type":"mine"},{"time":105.5,"angle":67.5,"type":"mine"},{"time":105.5,"angle":45,"type":"mine"},{"time":105.5,"angle":22.5,"type":"mine"},{"time":105.5,"angle":360,"type":"mine"},{"tap":true,"type":"block","time":106,"angle":45},{"tap":true,"type":"block","time":106,"angle":67.5},{"time":106.5,"angle":90,"type":"block"},{"time":106.75,"angle":112.5,"type":"block"},{"time":106.75,"angle":135,"type":"block"},{"tap":true,"type":"block","time":108,"angle":90},{"tap":true,"type":"block","time":108,"angle":112.5},{"time":107.5,"angle":180,"type":"mine"},{"time":107.5,"angle":157.5,"type":"mine"},{"time":107.5,"angle":135,"type":"mine"},{"time":107.5,"angle":112.5,"type":"mine"},{"time":107.5,"angle":90,"type":"mine"},{"time":107.5,"angle":67.5,"type":"mine"},{"time":107.5,"angle":45,"type":"mine"},{"time":107.5,"angle":22.5,"type":"mine"},{"time":107.5,"angle":0,"type":"mine"},{"time":108.5,"angle":67.5,"type":"block"},{"time":108.75,"angle":45,"type":"block"},{"time":108.75,"angle":22.5,"type":"block"},{"tap":true,"type":"block","time":110,"angle":67.5},{"tap":true,"type":"block","time":110,"angle":90},{"time":109.5,"angle":0,"type":"mine"},{"time":109.5,"angle":22.5,"type":"mine"},{"time":109.5,"angle":45,"type":"mine"},{"time":109.5,"angle":67.5,"type":"mine"},{"time":109.5,"angle":90,"type":"mine"},{"time":109.5,"angle":112.5,"type":"mine"},{"time":109.5,"angle":135,"type":"mine"},{"time":109.5,"angle":157.5,"type":"mine"},{"time":109.5,"angle":180,"type":"mine"},{"time":110.5,"angle":112.5,"type":"block"},{"time":110.75,"angle":135,"type":"block"},{"time":110.75,"angle":157.5,"type":"block"},{"time":111.5,"angle":180,"type":"mine"},{"time":111.5,"angle":0,"type":"mine"},{"time":111.5,"angle":270,"type":"inverse"},{"tap":true,"type":"inverse","time":112,"angle":315},{"tap":true,"type":"inverse","time":113,"angle":225},{"time":111.75,"angle":157.5,"type":"mine"},{"time":111.75,"angle":22.5,"type":"mine"},{"time":112,"angle":135,"type":"mine"},{"time":112,"angle":45,"type":"mine"},{"time":112.25,"angle":67.5,"type":"mine"},{"time":112.25,"angle":112.5,"type":"mine"},{"time":112.5,"angle":90,"type":"mine"},{"duration":1,"type":"mineHold","time":112,"angle":180,"angle2":112.5},{"duration":1,"type":"mineHold","time":112,"angle":157.5,"angle2":180},{"duration":1,"type":"mineHold","time":112,"angle":0,"angle2":67.5},{"duration":1,"type":"mineHold","time":112,"angle":22.5,"angle2":0},{"time":114,"angle":-45,"type":"block"},{"time":114,"angle":-22.5,"type":"block"},{"time":114.5,"angle":-90,"type":"block"},{"time":114.5,"angle":-112.5,"type":"block"},{"time":115,"angle":0,"type":"block"},{"time":115,"angle":-22.5,"type":"block"},{"time":115.5,"angle":-135,"type":"block"},{"time":115.5,"angle":-157.5,"type":"block"},{"time":117,"angle":-90,"type":"block"},{"time":117,"angle":-67.5,"type":"block"},{"time":117.5,"angle":-112.5,"type":"mine"},{"time":117.5,"angle":-90,"type":"mine"},{"time":117.5,"angle":-67.5,"type":"mine"},{"time":117.5,"angle":-45,"type":"mine"},{"time":117.5,"angle":-22.5,"type":"mine"},{"time":117.5,"angle":-360,"type":"mine"},{"time":117.5,"angle":-135,"type":"mine"},{"time":117.5,"angle":-157.5,"type":"mine"},{"time":117.5,"angle":-180,"type":"mine"},{"time":116,"angle":-270,"type":"inverse"},{"time":116.25,"angle":-292.5,"type":"inverse"},{"time":116.5,"angle":-315,"type":"inverse"},{"time":118,"angle":-90,"type":"block"},{"time":118.25,"angle":-67.5,"type":"block"},{"time":118.5,"angle":-45,"type":"block"},{"time":118.75,"angle":-22.5,"type":"block"},{"time":119,"angle":-315,"type":"inverse"},{"time":119.25,"angle":-292.5,"type":"inverse"},{"time":119.5,"angle":-270,"type":"inverse"},{"time":120,"angle":-135,"type":"block"},{"time":120.25,"angle":-112.5,"type":"block"},{"time":120.5,"angle":-90,"type":"block"},{"time":121,"angle":-180,"type":"block"},{"time":121,"angle":-157.5,"type":"block"},{"time":120.125,"angle":-123.75,"type":"block"},{"time":120.375,"angle":-101.25,"type":"block"},{"time":120.625,"angle":-78.75,"type":"block"},{"time":121.5,"angle":-180,"type":"mine"},{"time":121.5,"angle":-157.5,"type":"mine"},{"time":121.5,"angle":-135,"type":"mine"},{"time":121.5,"angle":-112.5,"type":"mine"},{"time":121.5,"angle":-90,"type":"mine"},{"time":121.5,"angle":-67.5,"type":"mine"},{"time":121.5,"angle":-45,"type":"mine"},{"time":121.5,"angle":-22.5,"type":"mine"},{"time":121.5,"angle":-360,"type":"mine"},{"tap":true,"type":"block","time":122,"angle":-45},{"tap":true,"type":"block","time":122,"angle":-67.5},{"time":122.5,"angle":-90,"type":"block"},{"time":122.75,"angle":-112.5,"type":"block"},{"time":122.75,"angle":-135,"type":"block"},{"tap":true,"type":"block","time":124,"angle":-90},{"tap":true,"type":"block","time":124,"angle":-112.5},{"time":123.5,"angle":-180,"type":"mine"},{"time":123.5,"angle":-157.5,"type":"mine"},{"time":123.5,"angle":-135,"type":"mine"},{"time":123.5,"angle":-112.5,"type":"mine"},{"time":123.5,"angle":-90,"type":"mine"},{"time":123.5,"angle":-67.5,"type":"mine"},{"time":123.5,"angle":-45,"type":"mine"},{"time":123.5,"angle":-22.5,"type":"mine"},{"time":123.5,"angle":0,"type":"mine"},{"time":124.5,"angle":-67.5,"type":"block"},{"time":124.75,"angle":-45,"type":"block"},{"time":124.75,"angle":-22.5,"type":"block"},{"tap":true,"type":"block","time":126,"angle":-67.5},{"tap":true,"type":"block","time":126,"angle":-90},{"time":125.5,"angle":0,"type":"mine"},{"time":125.5,"angle":-22.5,"type":"mine"},{"time":125.5,"angle":-45,"type":"mine"},{"time":125.5,"angle":-67.5,"type":"mine"},{"time":125.5,"angle":-90,"type":"mine"},{"time":125.5,"angle":-112.5,"type":"mine"},{"time":125.5,"angle":-135,"type":"mine"},{"time":125.5,"angle":-157.5,"type":"mine"},{"time":125.5,"angle":-180,"type":"mine"},{"time":126.5,"angle":-112.5,"type":"block"},{"time":126.75,"angle":-135,"type":"block"},{"time":126.75,"angle":-157.5,"type":"block"},{"time":127.5,"angle":-180,"type":"mine"},{"time":127.5,"angle":0,"type":"mine"},{"time":127.5,"angle":-270,"type":"inverse"},{"tap":true,"type":"inverse","time":128,"angle":-315},{"tap":true,"type":"inverse","time":129,"angle":-225},{"time":127.75,"angle":-157.5,"type":"mine"},{"time":127.75,"angle":-22.5,"type":"mine"},{"time":128,"angle":-135,"type":"mine"},{"time":128,"angle":-45,"type":"mine"},{"time":128.25,"angle":-67.5,"type":"mine"},{"time":128.25,"angle":-112.5,"type":"mine"},{"time":128.5,"angle":-90,"type":"mine"},{"duration":1,"type":"mineHold","time":128,"angle":-180,"angle2":-112.5},{"duration":1,"type":"mineHold","time":128,"angle":-157.5,"angle2":-180},{"duration":1,"type":"mineHold","time":128,"angle":0,"angle2":-67.5},{"duration":1,"type":"mineHold","time":128,"angle":-22.5,"angle2":0},{"duration":2,"type":"mineHold","time":130,"angle":292.5,"angle2":315},{"duration":2,"type":"mineHold","time":130,"angle":67.5,"angle2":45},{"duration":4.5,"type":"hold","time":130,"angle":0,"angle2":0},{"duration":2.5,"type":"mineHold","time":132,"angle":315,"angle2":315},{"duration":3.5,"type":"mineHold","time":132,"angle":45,"angle2":45},{"time":135,"angle":315,"type":"block"},{"time":135.5,"angle":247.5,"type":"block"},{"duration":1,"type":"hold","time":136,"angle":270,"holdEase":"linear","angle2":180},{"duration":0,"type":"mineHold","time":135.5,"angle":45,"angle2":-45},{"duration":2,"type":"mineHold","time":137.5,"angle":472.5,"angle2":495},{"duration":2,"type":"mineHold","time":137.5,"angle":247.5,"angle2":225},{"duration":4.5,"type":"hold","time":137.5,"angle":180,"angle2":180},{"duration":2.5,"type":"mineHold","time":139.5,"angle":495,"angle2":495},{"duration":2.5,"type":"mineHold","time":139.5,"angle":225,"angle2":225},{"time":142.5,"angle":90,"type":"block"},{"time":143,"angle":67.5,"type":"block"},{"time":143.5,"angle":45,"type":"block"},{"duration":1,"type":"hold","time":144,"angle":22.5,"holdEase":"outSine","angle2":135},{"duration":1,"type":"hold","time":145,"angle":135,"holdEase":"outSine","angle2":45},{"time":130.5,"angle":270,"type":"extraTap"},{"time":131.5,"angle":270,"type":"extraTap"},{"time":132.5,"angle":270,"type":"extraTap"},{"time":133.5,"angle":270,"type":"extraTap"},{"time":134.5,"angle":270,"type":"extraTap"},{"time":135.5,"angle":270,"type":"extraTap"},{"time":136.5,"angle":270,"type":"extraTap"},{"time":137.5,"angle":270,"type":"extraTap"},{"time":138.5,"angle":270,"type":"extraTap"},{"time":139.5,"angle":270,"type":"extraTap"},{"time":140.5,"angle":270,"type":"extraTap"},{"time":141.5,"angle":270,"type":"extraTap"},{"time":142.5,"angle":270,"type":"extraTap"},{"time":143.5,"angle":270,"type":"extraTap"},{"time":144.5,"angle":270,"type":"extraTap"},{"time":145.5,"angle":270,"type":"extraTap"},{"time":146.5,"angle":67.5,"type":"block"},{"time":147,"angle":112.5,"type":"block"},{"duration":2,"type":"hold","time":147.5,"angle":90,"angle2":90},{"time":146.5,"angle":270,"type":"extraTap"},{"time":147.5,"angle":270,"type":"extraTap"},{"time":148.5,"angle":270,"type":"extraTap"},{"duration":1,"type":"hold","time":150,"angle":90,"holdEase":"inSine","angle2":67.5},{"duration":1,"type":"hold","time":151,"angle":67.5,"holdEase":"inSine","angle2":112.5},{"duration":0.66666668653488,"type":"hold","time":152,"angle":112.5,"holdEase":"inSine","angle2":45},{"duration":0.66666668653488,"type":"hold","time":152.66667175293,"angle":45,"holdEase":"inSine","angle2":90},{"duration":3.6666667461395,"type":"hold","time":153.33332824707,"angle":90,"holdEase":"inOutSine","angle2":-450},{"duration":0.5,"type":"hold","time":149.5,"angle":90,"angle2":90},{"time":149.5,"angle":270,"type":"extraTap"},{"time":150.5,"angle":270,"type":"extraTap"},{"time":151.5,"angle":270,"type":"extraTap"},{"time":152.5,"angle":270,"type":"extraTap"},{"time":153.5,"angle":270,"type":"extraTap"},{"time":154.5,"angle":270,"type":"extraTap"},{"time":155.5,"angle":270,"type":"extraTap"},{"time":156.5,"angle":270,"type":"extraTap"},{"duration":2,"type":"mineHold","time":147.5,"angle":382.5,"angle2":405},{"duration":2,"type":"mineHold","time":147.5,"angle":157.5,"angle2":135},{"duration":0.5,"type":"mineHold","time":149.5,"angle":405,"angle2":405},{"duration":0.5,"type":"mineHold","time":149.5,"angle":135,"angle2":135},{"duration":3.6666662693024,"type":"mineHold","time":153.33332824707,"angle":270,"holdEase":"inOutSine","angle2":-270},{"duration":1,"type":"hold","time":157,"angle":270,"angle2":270},{"duration":2,"type":"hold","time":158,"angle":270,"holdEase":"inOutSine","angle2":450},{"duration":2,"type":"hold","time":160,"angle":90,"holdEase":"inBack","angle2":0},{"duration":1,"type":"mineHold","time":157,"angle":90,"angle2":90},{"duration":2,"type":"mineHold","time":158,"angle":90,"holdEase":"inOutSine","angle2":270},{"duration":2,"type":"mineHold","time":160,"angle":270,"holdEase":"inBack","angle2":180},{"time":157.5,"angle":247.5,"type":"extraTap"},{"time":158.5,"angle":270,"type":"extraTap"},{"time":160.5,"angle":270,"type":"extraTap"},{"time":159.5,"angle":270,"type":"extraTap"},{"time":161.5,"angle":270,"type":"extraTap"},{"duration":2,"type":"mineHold","time":162,"angle":-292.5,"angle2":-315},{"duration":2,"type":"mineHold","time":162,"angle":-67.5,"angle2":-45},{"duration":4.5,"type":"hold","time":162,"angle":0,"angle2":0},{"duration":2.5,"type":"mineHold","time":164,"angle":-315,"angle2":-315},{"duration":3.5,"type":"mineHold","time":164,"angle":-45,"angle2":-45},{"time":167,"angle":-315,"type":"block"},{"time":167.5,"angle":-247.5,"type":"block"},{"duration":1,"type":"hold","time":168,"angle":-270,"holdEase":"linear","angle2":-180},{"duration":0,"type":"mineHold","time":167.5,"angle":-45,"angle2":45},{"duration":2,"type":"mineHold","time":169.5,"angle":-472.5,"angle2":-495},{"duration":2,"type":"mineHold","time":169.5,"angle":-247.5,"angle2":-225},{"duration":4.5,"type":"hold","time":169.5,"angle":-180,"angle2":-180},{"duration":2.5,"type":"mineHold","time":171.5,"angle":-495,"angle2":-495},{"duration":2.5,"type":"mineHold","time":171.5,"angle":-225,"angle2":-225},{"time":174.5,"angle":-90,"type":"block"},{"time":175,"angle":-67.5,"type":"block"},{"time":175.5,"angle":-45,"type":"block"},{"duration":1,"type":"hold","time":176,"angle":-22.5,"holdEase":"outSine","angle2":-135},{"duration":1,"type":"hold","time":177,"angle":-135,"holdEase":"outSine","angle2":-45},{"time":162.5,"angle":-270,"type":"extraTap"},{"time":163.5,"angle":-270,"type":"extraTap"},{"time":164.5,"angle":-270,"type":"extraTap"},{"time":165.5,"angle":-270,"type":"extraTap"},{"time":166.5,"angle":-270,"type":"extraTap"},{"time":167.5,"angle":-270,"type":"extraTap"},{"time":168.5,"angle":-270,"type":"extraTap"},{"time":169.5,"angle":-270,"type":"extraTap"},{"time":170.5,"angle":-270,"type":"extraTap"},{"time":171.5,"angle":-270,"type":"extraTap"},{"time":172.5,"angle":-270,"type":"extraTap"},{"time":173.5,"angle":-270,"type":"extraTap"},{"time":174.5,"angle":-270,"type":"extraTap"},{"time":175.5,"angle":-270,"type":"extraTap"},{"time":176.5,"angle":-270,"type":"extraTap"},{"time":177.5,"angle":-270,"type":"extraTap"},{"time":178.5,"angle":-67.5,"type":"block"},{"time":179,"angle":-112.5,"type":"block"},{"duration":2,"type":"hold","time":179.5,"angle":-90,"angle2":-90},{"time":178.5,"angle":-270,"type":"extraTap"},{"time":179.5,"angle":-270,"type":"extraTap"},{"time":180.5,"angle":-270,"type":"extraTap"},{"duration":1,"type":"hold","time":182,"angle":-90,"holdEase":"inSine","angle2":-67.5},{"duration":1,"type":"hold","time":183,"angle":-67.5,"holdEase":"inSine","angle2":-112.5},{"duration":0.66666668653488,"type":"hold","time":184,"angle":-112.5,"holdEase":"inSine","angle2":-45},{"duration":0.66666668653488,"type":"hold","time":184.66667175293,"angle":-45,"holdEase":"inSine","angle2":-90},{"duration":3.6666667461395,"type":"hold","time":185.33332824707,"angle":-90,"holdEase":"inOutSine","angle2":450},{"duration":0.5,"type":"hold","time":181.5,"angle":-90,"angle2":-90},{"time":181.5,"angle":-270,"type":"extraTap"},{"time":182.5,"angle":-270,"type":"extraTap"},{"time":183.5,"angle":-270,"type":"extraTap"},{"time":184.5,"angle":-270,"type":"extraTap"},{"time":185.5,"angle":-270,"type":"extraTap"},{"time":186.5,"angle":-270,"type":"extraTap"},{"time":187.5,"angle":-270,"type":"extraTap"},{"time":188.5,"angle":-270,"type":"extraTap"},{"duration":2,"type":"mineHold","time":179.5,"angle":-382.5,"angle2":-405},{"duration":2,"type":"mineHold","time":179.5,"angle":-157.5,"angle2":-135},{"duration":0.5,"type":"mineHold","time":181.5,"angle":-405,"angle2":-405},{"duration":0.5,"type":"mineHold","time":181.5,"angle":-135,"angle2":-135},{"duration":3.6666662693024,"type":"mineHold","time":185.33332824707,"angle":-270,"holdEase":"inOutSine","angle2":270},{"duration":1,"type":"hold","time":189,"angle":-270,"angle2":-270},{"duration":2,"type":"hold","time":190,"angle":-270,"holdEase":"inOutSine","angle2":-450},{"duration":2,"type":"hold","time":192,"angle":-90,"holdEase":"inBack","angle2":0},{"duration":1,"type":"mineHold","time":189,"angle":-90,"angle2":-90},{"duration":2,"type":"mineHold","time":190,"angle":-90,"holdEase":"inOutSine","angle2":-270},{"duration":2,"type":"mineHold","time":192,"angle":-270,"holdEase":"inBack","angle2":-180},{"time":189.5,"angle":-247.5,"type":"extraTap"},{"time":190.5,"angle":-270,"type":"extraTap"},{"time":192.5,"angle":-270,"type":"extraTap"},{"time":191.5,"angle":-270,"type":"extraTap"},{"time":193.5,"angle":-270,"type":"extraTap"}]