{"events":[{"file":"BIG-SHOT.ogg","type":"play","time":2,"angle":360,"bpm":140,"volume":1},{"order":-999,"value":1.1000000238419,"var":"scrollSpeed","time":-1,"angle":0,"type":"ease"},{"r":0,"time":34,"description":"","angle":45,"b":0,"type":"bookmark","g":0,"name":"fun starts yippie"},{"duration":3,"ease":"inOutSine","type":"ease","time":31,"angle":337.5,"value":1.5,"var":"scrollSpeed"},{"r":0,"time":66,"description":"","angle":45,"b":0,"type":"bookmark","g":0,"name":"hard thingy"},{"tag":"BAM","type":"tag","time":2,"angle":67.5,"angleOffset":false},{"tag":"BAM","type":"tag","time":6,"angle":45,"angleOffset":false},{"tag":"BAM","type":"tag","time":10,"angle":0,"angleOffset":false},{"tag":"BAM","type":"tag","time":14,"angle":67.5,"angleOffset":false},{"tag":"BAM","type":"tag","time":18,"angle":337.5,"angleOffset":false},{"tag":"BAM","type":"tag","time":22,"angle":22.5,"angleOffset":false},{"tag":"BAM","type":"tag","time":26,"angle":22.5,"angleOffset":false},{"tag":"BAM","type":"tag","time":30,"angle":315,"angleOffset":false},{"duration":3,"ease":"inOutBack","type":"ease","time":31,"angle":0,"value":0.89999997615814,"var":"vfx.canvPos.sx"},{"duration":3,"ease":"inOutBack","type":"ease","time":31,"angle":22.5,"value":0.89999997615814,"var":"vfx.canvPos.sy"},{"repeats":31,"repeatDelay":1,"var":"vfx.canvPos.y","time":34,"duration":0.5,"value":170,"ease":"outSine","type":"ease","angle":157.5},{"repeats":31,"repeatDelay":1,"var":"vfx.canvPos.y","time":34.5,"duration":0.5,"value":190,"ease":"inSine","type":"ease","angle":157.5},{"repeats":16,"repeatDelay":2,"var":"vfx.canvPos.r","time":34,"duration":1,"value":2,"ease":"outElastic","type":"ease","angle":135},{"repeats":15,"repeatDelay":2,"var":"vfx.canvPos.r","time":35,"duration":1,"value":-2,"ease":"outElastic","type":"ease","angle":135},{"sprite":"border#0","time":-1,"id":"border","type":"deco","ox":300,"oy":180,"hide":true,"angle":315},{"id":"border","type":"deco","hide":false,"angle":270,"time":22},{"duration":0.5,"ease":"outElastic","type":"ease","time":49,"angle":67.5,"value":0.10000000149012,"var":"vfx.canvPos.kx"},{"duration":0.5,"ease":"outElastic","type":"ease","time":49.25,"angle":67.5,"value":-0.10000000149012,"var":"vfx.canvPos.kx"},{"duration":0.5,"ease":"outElastic","type":"ease","time":49.5,"angle":67.5,"value":0.10000000149012,"var":"vfx.canvPos.kx"},{"duration":0.5,"ease":"outElastic","type":"ease","time":49.75,"angle":67.5,"value":-0.10000000149012,"var":"vfx.canvPos.kx"},{"duration":1,"ease":"outExpo","type":"ease","time":48,"angle":90,"value":1,"var":"vfx.canvPos.sx"},{"duration":1,"ease":"outExpo","type":"ease","time":48,"angle":112.5,"value":1,"var":"vfx.canvPos.sy"},{"duration":0.5,"ease":"outSine","type":"ease","time":49,"angle":90,"value":0.80000001192093,"var":"vfx.canvPos.sx"},{"duration":0.5,"ease":"outSine","type":"ease","time":49,"angle":112.5,"value":0.80000001192093,"var":"vfx.canvPos.sy"},{"duration":0.5,"ease":"inSine","type":"ease","time":49.5,"angle":90,"value":0.89999997615814,"var":"vfx.canvPos.sx"},{"duration":0.5,"ease":"inSine","type":"ease","time":49.5,"angle":112.5,"value":0.89999997615814,"var":"vfx.canvPos.sy"},{"duration":0.5,"ease":"outElastic","type":"ease","time":50,"angle":67.5,"value":0,"var":"vfx.canvPos.kx"},{"duration":0.5,"ease":"outElastic","type":"ease","time":65,"angle":67.5,"value":0.10000000149012,"var":"vfx.canvPos.kx"},{"duration":0.5,"ease":"outElastic","type":"ease","time":65.25,"angle":67.5,"value":-0.10000000149012,"var":"vfx.canvPos.kx"},{"duration":0.5,"ease":"outElastic","type":"ease","time":65.5,"angle":67.5,"value":0.10000000149012,"var":"vfx.canvPos.kx"},{"duration":0.5,"ease":"outElastic","type":"ease","time":65.75,"angle":67.5,"value":-0.10000000149012,"var":"vfx.canvPos.kx"},{"duration":0.5,"ease":"outSine","type":"ease","time":65,"angle":90,"value":0.80000001192093,"var":"vfx.canvPos.sx"},{"duration":0.5,"ease":"outSine","type":"ease","time":65,"angle":112.5,"value":0.80000001192093,"var":"vfx.canvPos.sy"},{"duration":0.5,"ease":"inSine","type":"ease","time":65.5,"angle":90,"value":0.89999997615814,"var":"vfx.canvPos.sx"},{"duration":0.5,"ease":"inSine","type":"ease","time":65.5,"angle":112.5,"value":0.89999997615814,"var":"vfx.canvPos.sy"},{"duration":0.5,"ease":"outElastic","type":"ease","time":66,"angle":67.5,"value":0,"var":"vfx.canvPos.kx"},{"duration":1,"ease":"outExpo","type":"ease","time":64,"angle":90,"value":1,"var":"vfx.canvPos.sx"},{"duration":1,"ease":"outExpo","type":"ease","time":64,"angle":112.5,"value":1,"var":"vfx.canvPos.sy"},{"value":0.89999997615814,"var":"vfx.canvPos.sx","time":73.5,"duration":0.75,"ease":"outBack","type":"ease","start":0.80000001192093,"angle":247.5},{"value":0.89999997615814,"var":"vfx.canvPos.sy","time":73.5,"duration":0.75,"ease":"outBack","type":"ease","start":1.1000000238419,"angle":270},{"tag":"bouncy","type":"tag","time":66.5,"angle":0,"angleOffset":false},{"tag":"bouncy","type":"tag","time":74.5,"angle":0,"angleOffset":false},{"value":0.89999997615814,"var":"vfx.canvPos.sx","time":81.5,"duration":0.75,"ease":"outBack","type":"ease","start":0.80000001192093,"angle":270},{"value":0.89999997615814,"var":"vfx.canvPos.sy","time":81.5,"duration":0.75,"ease":"outBack","type":"ease","start":1.1000000238419,"angle":292.5},{"tag":"bouncy","type":"tag","time":82.5,"angle":360,"angleOffset":false},{"value":0.89999997615814,"var":"vfx.canvPos.sx","time":89.5,"duration":0.75,"ease":"outBack","type":"ease","start":0.80000001192093,"angle":247.5},{"value":0.89999997615814,"var":"vfx.canvPos.sy","time":89.5,"duration":0.75,"ease":"outBack","type":"ease","start":1.1000000238419,"angle":270},{"tag":"bouncy","type":"tag","time":90.5,"angle":90,"angleOffset":false},{"value":0.89999997615814,"var":"vfx.canvPos.sx","time":97.5,"duration":0.75,"ease":"outBack","type":"ease","start":0.80000001192093,"angle":247.5},{"value":0.89999997615814,"var":"vfx.canvPos.sy","time":97.5,"duration":0.75,"ease":"outBack","type":"ease","start":1.1000000238419,"angle":270},{"duration":1,"ease":"outElastic","type":"ease","time":66.0625,"angle":315,"value":0,"var":"vfx.canvPos.r"},{"duration":3,"ease":"outBack","type":"ease","time":66,"angle":292.5,"value":180,"var":"vfx.canvPos.y"},{"duration":2,"ease":"outExpo","type":"ease","time":18,"angle":45,"value":1.1699999570847,"var":"vfx.canvPos.sx"},{"duration":2,"ease":"outExpo","type":"ease","time":18,"angle":67.5,"value":1.1699999570847,"var":"vfx.canvPos.sy"},{"b":0,"type":"setColor","r":0,"color":0,"g":0,"angle":270,"time":-1},{"b":255,"type":"setColor","r":255,"color":1,"g":255,"angle":225,"time":-1},{"duration":3,"r":0,"time":2,"b":0,"angle":315,"order":1,"type":"setColor","color":0,"g":0},{"r":74,"time":2,"order":0,"g":74,"b":74,"type":"setColor","color":0,"angle":292.5},{"duration":3,"r":0,"time":18,"b":0,"angle":270,"order":1,"type":"setColor","color":0,"g":0},{"r":74,"time":18,"order":0,"g":74,"b":74,"type":"setColor","color":0,"angle":247.5},{"r":255,"time":34,"order":1,"g":255,"b":255,"type":"setColor","color":0,"angle":292.5},{"duration":2,"r":0,"time":34,"b":0,"angle":225,"order":1,"type":"setColor","color":1,"g":0},{"time":34,"type":"setBgColor","color":3,"angle":270},{"r":255,"time":34,"order":0,"g":255,"b":255,"type":"setColor","color":3,"angle":202.5},{"duration":2,"r":255,"time":34,"b":135,"angle":180,"order":1,"type":"setColor","color":3,"g":135},{"duration":3,"r":85,"time":31,"b":85,"angle":45,"type":"setColor","color":1,"g":85},{"b":255,"type":"setColor","r":255,"color":1,"g":255,"angle":247.5,"time":34},{"r":0,"time":98,"description":"","angle":292.5,"b":0,"type":"bookmark","g":0,"name":"nows ur chance"},{"duration":0.75,"ease":"outElastic","type":"ease","time":106,"angle":0,"value":3,"var":"vfx.canvPos.r"},{"duration":0.75,"ease":"outElastic","type":"ease","time":106,"angle":337.5,"value":1,"var":"vfx.canvPos.sx"},{"duration":0.75,"ease":"outElastic","type":"ease","time":106,"angle":315,"value":1,"var":"vfx.canvPos.sy"},{"duration":0.75,"ease":"outElastic","type":"ease","time":106.75,"angle":0,"value":0,"var":"vfx.canvPos.r"},{"duration":0.75,"ease":"outElastic","type":"ease","time":106.75,"angle":337.5,"value":0.89999997615814,"var":"vfx.canvPos.sx"},{"duration":0.75,"ease":"outElastic","type":"ease","time":106.75,"angle":315,"value":0.89999997615814,"var":"vfx.canvPos.sy"},{"duration":0.75,"ease":"outElastic","type":"ease","time":108,"angle":0,"value":-3,"var":"vfx.canvPos.r"},{"duration":0.75,"ease":"outElastic","type":"ease","time":108,"angle":337.5,"value":1,"var":"vfx.canvPos.sx"},{"duration":0.75,"ease":"outElastic","type":"ease","time":108,"angle":315,"value":1,"var":"vfx.canvPos.sy"},{"duration":0.75,"ease":"outElastic","type":"ease","time":108.75,"angle":0,"value":0,"var":"vfx.canvPos.r"},{"duration":0.75,"ease":"outElastic","type":"ease","time":108.75,"angle":337.5,"value":0.89999997615814,"var":"vfx.canvPos.sx"},{"duration":0.75,"ease":"outElastic","type":"ease","time":108.75,"angle":315,"value":0.89999997615814,"var":"vfx.canvPos.sy"},{"duration":0.75,"ease":"outElastic","type":"ease","time":110,"angle":0,"value":3,"var":"vfx.canvPos.r"},{"duration":0.75,"ease":"outElastic","type":"ease","time":110,"angle":337.5,"value":1,"var":"vfx.canvPos.sx"},{"duration":0.75,"ease":"outElastic","type":"ease","time":110,"angle":315,"value":1,"var":"vfx.canvPos.sy"},{"duration":0.75,"ease":"outElastic","type":"ease","time":110.75,"angle":0,"value":0,"var":"vfx.canvPos.r"},{"duration":0.75,"ease":"outElastic","type":"ease","time":110.75,"angle":337.5,"value":0.89999997615814,"var":"vfx.canvPos.sx"},{"duration":0.75,"ease":"outElastic","type":"ease","time":110.75,"angle":315,"value":0.89999997615814,"var":"vfx.canvPos.sy"},{"duration":0.75,"ease":"outElastic","type":"ease","time":112,"angle":-67.5,"value":-3,"var":"vfx.canvPos.r"},{"duration":0.75,"ease":"outElastic","type":"ease","time":112,"angle":270,"value":1,"var":"vfx.canvPos.sx"},{"duration":0.75,"ease":"outElastic","type":"ease","time":112,"angle":247.5,"value":1,"var":"vfx.canvPos.sy"},{"duration":0.75,"ease":"outElastic","type":"ease","time":114,"angle":112.5,"value":0,"var":"vfx.canvPos.r"},{"duration":0.75,"ease":"outElastic","type":"ease","time":114,"angle":450,"value":0.89999997615814,"var":"vfx.canvPos.sx"},{"duration":0.75,"ease":"outElastic","type":"ease","time":114,"angle":427.5,"value":0.89999997615814,"var":"vfx.canvPos.sy"},{"duration":0.75,"ease":"outElastic","type":"ease","time":113,"angle":-67.5,"value":4,"var":"vfx.canvPos.r"},{"duration":0.75,"ease":"outElastic","type":"ease","time":113,"angle":270,"value":1.1000000238419,"var":"vfx.canvPos.sx"},{"duration":0.75,"ease":"outElastic","type":"ease","time":113,"angle":247.5,"value":1.1000000238419,"var":"vfx.canvPos.sy"},{"duration":0.75,"ease":"outElastic","type":"ease","time":122,"angle":0,"value":-3,"var":"vfx.canvPos.r"},{"duration":0.75,"ease":"outElastic","type":"ease","time":122,"angle":-337.5,"value":1,"var":"vfx.canvPos.sx"},{"duration":0.75,"ease":"outElastic","type":"ease","time":122,"angle":-315,"value":1,"var":"vfx.canvPos.sy"},{"duration":0.75,"ease":"outElastic","type":"ease","time":122.75,"angle":0,"value":0,"var":"vfx.canvPos.r"},{"duration":0.75,"ease":"outElastic","type":"ease","time":122.75,"angle":-337.5,"value":0.89999997615814,"var":"vfx.canvPos.sx"},{"duration":0.75,"ease":"outElastic","type":"ease","time":122.75,"angle":-315,"value":0.89999997615814,"var":"vfx.canvPos.sy"},{"duration":0.75,"ease":"outElastic","type":"ease","time":124,"angle":0,"value":3,"var":"vfx.canvPos.r"},{"duration":0.75,"ease":"outElastic","type":"ease","time":124,"angle":-337.5,"value":1,"var":"vfx.canvPos.sx"},{"duration":0.75,"ease":"outElastic","type":"ease","time":124,"angle":-315,"value":1,"var":"vfx.canvPos.sy"},{"duration":0.75,"ease":"outElastic","type":"ease","time":124.75,"angle":0,"value":0,"var":"vfx.canvPos.r"},{"duration":0.75,"ease":"outElastic","type":"ease","time":124.75,"angle":-337.5,"value":0.89999997615814,"var":"vfx.canvPos.sx"},{"duration":0.75,"ease":"outElastic","type":"ease","time":124.75,"angle":-315,"value":0.89999997615814,"var":"vfx.canvPos.sy"},{"duration":0.75,"ease":"outElastic","type":"ease","time":126,"angle":0,"value":-3,"var":"vfx.canvPos.r"},{"duration":0.75,"ease":"outElastic","type":"ease","time":126,"angle":-337.5,"value":1,"var":"vfx.canvPos.sx"},{"duration":0.75,"ease":"outElastic","type":"ease","time":126,"angle":-315,"value":1,"var":"vfx.canvPos.sy"},{"duration":0.75,"ease":"outElastic","type":"ease","time":126.75,"angle":0,"value":0,"var":"vfx.canvPos.r"},{"duration":0.75,"ease":"outElastic","type":"ease","time":126.75,"angle":-337.5,"value":0.89999997615814,"var":"vfx.canvPos.sx"},{"duration":0.75,"ease":"outElastic","type":"ease","time":126.75,"angle":-315,"value":0.89999997615814,"var":"vfx.canvPos.sy"},{"duration":0.75,"ease":"outElastic","type":"ease","time":128,"angle":67.5,"value":3,"var":"vfx.canvPos.r"},{"duration":0.75,"ease":"outElastic","type":"ease","time":128,"angle":-270,"value":1,"var":"vfx.canvPos.sx"},{"duration":0.75,"ease":"outElastic","type":"ease","time":128,"angle":-247.5,"value":1,"var":"vfx.canvPos.sy"},{"value":0,"duration":0.75,"type":"ease","time":130,"angle":45,"ease":"outElastic","var":"vfx.canvPos.r"},{"ease":"outElastic","value":0.89999997615814,"type":"ease","time":130,"angle":90,"duration":0.75,"var":"vfx.canvPos.sx"},{"duration":0.75,"ease":"outElastic","type":"ease","time":130,"angle":112.5,"value":0.89999997615814,"var":"vfx.canvPos.sy"},{"duration":0.75,"ease":"outElastic","type":"ease","time":129,"angle":67.5,"value":-4,"var":"vfx.canvPos.r"},{"duration":0.75,"ease":"outElastic","type":"ease","time":129,"angle":-270,"value":1.1000000238419,"var":"vfx.canvPos.sx"},{"duration":0.75,"ease":"outElastic","type":"ease","time":129,"angle":-247.5,"value":1.1000000238419,"var":"vfx.canvPos.sy"},{"sprite":"spamton!idle","time":96.5,"x":140,"id":"spamton","sx":2,"sy":0,"type":"deco","ox":64,"oy":83,"angle":315},{"sy":2,"duration":1,"type":"deco","time":97,"angle":315,"ease":"outBack","id":"spamton"},{"id":"spamton","sprite":"spamton!now@12","type":"deco","time":98,"angle":337.5},{"id":"spamton","sprite":"spamton!chance@12","type":"deco","time":99,"angle":337.5},{"id":"spamton","sprite":"spamton!your@12","type":"deco","time":98.5,"angle":337.5},{"id":"spamton","sprite":"spamton!to@12","type":"deco","time":99.5,"angle":337.5},{"id":"spamton","sprite":"spamton!be@12","type":"deco","time":100,"angle":337.5},{"id":"spamton","sprite":"spamton!a@12","type":"deco","time":100.25,"angle":337.5},{"id":"spamton","sprite":"spamton!big@12","type":"deco","time":100.5,"angle":337.5},{"id":"spamton","sprite":"spamton!shot@12","type":"deco","time":101,"angle":337.5},{"id":"spamton","sprite":"spamton!be@12","type":"deco","time":102,"angle":337.5},{"id":"spamton","sprite":"spamton!a@12","type":"deco","time":102.25,"angle":337.5},{"id":"spamton","sprite":"spamton!big@12","type":"deco","time":102.5,"angle":337.5},{"id":"spamton","sprite":"spamton!big@12","type":"deco","time":102.75,"angle":337.5},{"id":"spamton","sprite":"spamton!be@12","type":"deco","time":103,"angle":337.5},{"id":"spamton","sprite":"spamton!a@12","type":"deco","time":103.25,"angle":337.5},{"id":"spamton","sprite":"spamton!big@12","type":"deco","time":103.5,"angle":337.5},{"id":"spamton","sprite":"spamton!be@12","type":"deco","time":104,"angle":337.5},{"id":"spamton","sprite":"spamton!a@12","type":"deco","time":104.125,"angle":337.5},{"id":"spamton","sprite":"spamton!big@12","type":"deco","time":104.25,"angle":337.5},{"id":"spamton","sprite":"spamton!a@12","type":"deco","time":104.375,"angle":337.5},{"id":"spamton","sprite":"spamton!be@12","type":"deco","time":104.5,"angle":337.5},{"id":"spamton","sprite":"spamton!big@12","type":"deco","time":104.625,"angle":337.5},{"id":"spamton","sprite":"spamton!shot@12","type":"deco","time":105,"angle":337.5},{"id":"spamton","sprite":"spamton!now@12","type":"deco","time":106,"angle":292.5},{"id":"spamton","sprite":"spamton!your@12","type":"deco","time":106.5,"angle":292.5},{"id":"spamton","sprite":"spamton!chance@12","type":"deco","time":106.75,"angle":292.5},{"id":"spamton","sprite":"spamton!now@12","type":"deco","time":108,"angle":292.5},{"id":"spamton","sprite":"spamton!your@12","type":"deco","time":108.5,"angle":292.5},{"id":"spamton","sprite":"spamton!chance@12","type":"deco","time":108.75,"angle":292.5},{"id":"spamton","sprite":"spamton!now@12","type":"deco","time":110,"angle":292.5},{"id":"spamton","sprite":"spamton!your@12","type":"deco","time":110.5,"angle":292.5},{"id":"spamton","sprite":"spamton!chance@12","type":"deco","time":110.75,"angle":292.5},{"id":"spamton","sprite":"spamton!be@12","type":"deco","time":112.5,"angle":337.5},{"id":"spamton","sprite":"spamton!a@12","type":"deco","time":112.125,"angle":337.5},{"id":"spamton","sprite":"spamton!big@12","type":"deco","time":112.25,"angle":337.5},{"id":"spamton","sprite":"spamton!a@12","type":"deco","time":112.375,"angle":337.5},{"id":"spamton","sprite":"spamton!be@12","type":"deco","time":112.5,"angle":337.5},{"id":"spamton","sprite":"spamton!big@12","type":"deco","time":112.625,"angle":337.5},{"id":"spamton","sprite":"spamton!shot@12","type":"deco","time":113,"angle":337.5},{"id":"spamton","sprite":"spamton!a@12","type":"deco","time":112,"angle":337.5},{"id":"spamton","order":0,"type":"deco","time":112.5,"x":460,"angle":225},{"duration":1,"time":112.5,"id":"spamton","sy":2,"order":1,"ease":"outBack","type":"deco","angle":202.5},{"id":"spamton","duration":1,"type":"deco","time":111.5,"angle":225,"ease":"inBack","sy":0},{"id":"spamton","sprite":"spamton!now@12","type":"deco","time":114,"angle":-337.5},{"id":"spamton","sprite":"spamton!chance@12","type":"deco","time":115,"angle":-337.5},{"id":"spamton","sprite":"spamton!your@12","type":"deco","time":114.5,"angle":-337.5},{"id":"spamton","sprite":"spamton!to@12","type":"deco","time":115.5,"angle":-337.5},{"id":"spamton","sprite":"spamton!be@12","type":"deco","time":116,"angle":-337.5},{"id":"spamton","sprite":"spamton!a@12","type":"deco","time":116.25,"angle":-337.5},{"id":"spamton","sprite":"spamton!big@12","type":"deco","time":116.5,"angle":-337.5},{"id":"spamton","sprite":"spamton!shot@12","type":"deco","time":117,"angle":-337.5},{"id":"spamton","sprite":"spamton!be@12","type":"deco","time":118,"angle":-337.5},{"id":"spamton","sprite":"spamton!a@12","type":"deco","time":118.25,"angle":-337.5},{"id":"spamton","sprite":"spamton!big@12","type":"deco","time":118.5,"angle":-337.5},{"id":"spamton","sprite":"spamton!big@12","type":"deco","time":118.75,"angle":-337.5},{"id":"spamton","sprite":"spamton!be@12","type":"deco","time":119,"angle":-337.5},{"id":"spamton","sprite":"spamton!a@12","type":"deco","time":119.25,"angle":-337.5},{"id":"spamton","sprite":"spamton!big@12","type":"deco","time":119.5,"angle":-337.5},{"id":"spamton","sprite":"spamton!be@12","type":"deco","time":120,"angle":-337.5},{"id":"spamton","sprite":"spamton!a@12","type":"deco","time":120.125,"angle":-337.5},{"id":"spamton","sprite":"spamton!big@12","type":"deco","time":120.25,"angle":-337.5},{"id":"spamton","sprite":"spamton!a@12","type":"deco","time":120.375,"angle":-337.5},{"id":"spamton","sprite":"spamton!be@12","type":"deco","time":120.5,"angle":-337.5},{"id":"spamton","sprite":"spamton!big@12","type":"deco","time":120.625,"angle":-337.5},{"id":"spamton","sprite":"spamton!shot@12","type":"deco","time":121,"angle":-337.5},{"id":"spamton","sprite":"spamton!now@12","type":"deco","time":122,"angle":-292.5},{"id":"spamton","sprite":"spamton!your@12","type":"deco","time":122.5,"angle":-292.5},{"id":"spamton","sprite":"spamton!chance@12","type":"deco","time":122.75,"angle":-292.5},{"id":"spamton","sprite":"spamton!now@12","type":"deco","time":124,"angle":-292.5},{"id":"spamton","sprite":"spamton!your@12","type":"deco","time":124.5,"angle":-292.5},{"id":"spamton","sprite":"spamton!chance@12","type":"deco","time":124.75,"angle":-292.5},{"id":"spamton","sprite":"spamton!now@12","type":"deco","time":126,"angle":-292.5},{"id":"spamton","sprite":"spamton!your@12","type":"deco","time":126.5,"angle":-292.5},{"id":"spamton","sprite":"spamton!chance@12","type":"deco","time":126.75,"angle":-292.5},{"id":"spamton","sprite":"spamton!be@12","type":"deco","time":128.5,"angle":-337.5},{"id":"spamton","sprite":"spamton!a@12","type":"deco","time":128.125,"angle":-337.5},{"id":"spamton","sprite":"spamton!big@12","type":"deco","time":128.25,"angle":-337.5},{"id":"spamton","sprite":"spamton!a@12","type":"deco","time":128.375,"angle":-337.5},{"id":"spamton","sprite":"spamton!be@12","type":"deco","time":128.5,"angle":-337.5},{"id":"spamton","sprite":"spamton!big@12","type":"deco","time":128.625,"angle":-337.5},{"id":"spamton","sprite":"spamton!shot@12","type":"deco","time":129,"angle":-337.5},{"id":"spamton","sprite":"spamton!a@12","type":"deco","time":128,"angle":-337.5},{"id":"spamton","duration":1,"type":"deco","time":128,"angle":157.5,"sy":0,"ease":"inBack"},{"duration":1,"r":255,"time":98,"b":0,"angle":270,"order":1,"type":"setColor","color":3,"g":242},{"duration":1,"r":255,"time":98,"b":201,"angle":225,"order":1,"type":"setColor","color":2,"g":174},{"order":1,"type":"setBgColor","time":98,"angle":180,"color":0},{"duration":1,"r":0,"time":98,"b":0,"angle":157.5,"order":1,"type":"setColor","color":1,"g":0},{"r":255,"time":98,"order":0,"g":255,"b":255,"type":"setColor","color":3,"angle":247.5},{"b":255,"r":255,"type":"setColor","time":98,"angle":202.5,"g":255,"color":2},{"b":255,"type":"setColor","r":255,"color":1,"angle":135,"g":255,"time":98},{"r":0,"time":130,"description":"","angle":11.25,"b":0,"type":"bookmark","g":0,"name":"evil clown"},{"duration":1,"r":103,"time":130,"b":255,"angle":270,"order":1,"type":"setColor","color":3,"g":0},{"duration":1,"r":172,"time":130,"b":255,"angle":225,"order":1,"type":"setColor","color":2,"g":89},{"duration":1,"r":0,"time":130,"b":0,"angle":157.5,"order":1,"type":"setColor","color":1,"g":0},{"r":255,"time":130,"order":0,"g":255,"b":255,"type":"setColor","color":3,"angle":247.5},{"b":255,"type":"setColor","r":255,"color":2,"angle":202.5,"g":255,"time":130},{"b":255,"r":255,"type":"setColor","time":130,"g":255,"angle":135,"color":1},{"time":130,"type":"setBgColor","color":3,"angle":315},{"repeats":16,"repeatDelay":4,"var":"vfx.canvPos.x","time":132,"value":280,"duration":2,"ease":"inOutSine","type":"ease","angle":337.5},{"id":"jevil","sprite":"jevil@10","ox":300,"type":"deco","time":130,"angle":22.5,"oy":180},{"repeats":15,"repeatDelay":4,"var":"vfx.canvPos.x","time":130,"value":320,"duration":2,"ease":"inOutSine","type":"ease","angle":348.75},{"oy":46,"sprite":"star.png","id":"star","time":130,"order":0,"y":250,"sx":1.5,"sy":1.5,"drawLayer":"bg","ox":46,"type":"deco","angle":326.25},{"id":"star","order":1,"duration":64,"type":"deco","time":130,"angle":337.5,"r":5000},{"value":250,"var":"p.y","time":130,"angle":180,"type":"ease"},{"sprite":"lines@40","id":"lines","time":130,"type":"deco","y":250,"sx":2,"sy":1,"drawLayer":"bg","ox":150,"oy":75,"angle":33.75},{"newWidth":65,"duration":1,"type":"paddles","time":129,"angle":157.5,"paddle":1,"ease":"outBack"},{"sprite":"square@5","id":"square1","time":97.5,"oy":180,"sx":1,"sy":1,"drawLayer":"bg","ox":300,"type":"deco","hide":true,"angle":67.5},{"id":"square1","duration":32,"r":1000,"time":98,"angle":67.5,"hide":false,"type":"deco"},{"sprite":"square@5","sy":1.2999999523163,"time":97.5,"oy":180,"sx":1.2999999523163,"id":"square2","drawLayer":"bg","ox":300,"type":"deco","hide":true,"angle":90},{"id":"square2","duration":32,"type":"deco","time":98,"angle":90,"r":2000,"hide":false},{"sprite":"square@5","id":"square3","time":97.5,"oy":180,"sx":0.80000001192093,"sy":0.80000001192093,"drawLayer":"bg","ox":300,"type":"deco","hide":true,"angle":112.5},{"id":"square3","duration":32,"r":500,"hide":false,"angle":112.5,"type":"deco","time":98},{"id":"square1","type":"deco","time":130,"angle":281.25,"hide":true},{"id":"square2","type":"deco","time":130,"angle":258.75,"hide":true},{"id":"square3","type":"deco","time":130,"angle":236.25,"hide":true},{"sprite":"fullsquare@5","id":"Fsquare","time":97.5,"oy":180,"sx":0.20000000298023,"sy":0.20000000298023,"drawLayer":"bg","ox":300,"type":"deco","hide":true,"angle":315},{"id":"Fsquare","duration":32,"type":"deco","time":98,"angle":315,"r":1000,"hide":false},{"duration":2,"sy":2,"time":128,"sx":2,"id":"Fsquare","ease":"inExpo","type":"deco","angle":135},{"id":"Fsquare","type":"deco","time":130,"angle":123.75,"hide":true},{"repeats":10,"duration":2,"var":"vfx.canvPos.x","time":164,"repeatDelay":4,"value":280,"ease":"inOutSine","type":"ease","angle":-337.5}],"properties":{"formatversion":12,"speed":70,"loadBeat":-1,"startBeat":0,"offset":10},"metadata":{"bg":false,"artistLink":"","description":"Wow! It's a level!","artist":"Toby Fox","charter":"Flecha Da Foxy","difficulty":0,"songName":"BIG SHOT"}}