[{"type":"block","angle":90,"time":3,"tap":true},{"type":"block","angle":0,"time":3.5},{"type":"block","angle":45,"time":3.1666667461395},{"type":"hold","angle":337.5,"time":4,"angle2":315,"duration":0.5},{"type":"block","angle":22.5,"time":5.25},{"type":"block","angle":0,"time":5.6666665077209},{"type":"hold","angle":0,"time":5.8333334922791,"angle2":22.5,"duration":0.58333337306976},{"type":"block","angle":270,"time":7,"tap":true},{"type":"block","angle":225,"time":7.1666665077209},{"type":"block","angle":180,"time":7.5},{"type":"hold","angle":157.5,"time":8,"angle2":135,"duration":0.5},{"type":"block","angle":180,"time":8.75},{"type":"block","angle":202.5,"time":9.25},{"type":"block","angle":0,"time":11,"tap":true},{"type":"block","angle":22.5,"time":11.25},{"type":"block","angle":45,"time":12.75},{"type":"hold","angle":67.5,"time":11.5,"angle2":90,"duration":0.5},{"type":"block","angle":360,"time":4.75},{"type":"block","angle":225,"time":9.6666669845581},{"type":"hold","angle":225,"time":10,"angle2":270,"duration":0.49999994039536},{"type":"block","angle":90,"time":12.5},{"type":"block","angle":315,"time":14},{"type":"block","angle":337.5,"time":13.75},{"type":"block","angle":22.5,"time":13.25},{"startTap":true,"endTap":true,"time":14.5,"angle2":180,"duration":2.5,"type":"hold","angle":270,"holdEase":"outElastic","order":1},{"startTap":true,"holdEase":"outCirc","angle2":90,"duration":1.5,"type":"hold","angle":180,"time":19,"speedMult":1},{"type":"block","angle":180,"time":18,"tap":true},{"startTap":true,"angle":90,"holdEase":"inCirc","angle2":225,"time":20.5,"type":"hold","duration":2.5},{"type":"side","angle":202.5,"time":25},{"type":"side","angle":337.5,"time":26},{"startTap":true,"angle":22.5,"holdEase":"outQuint","angle2":90,"time":27,"type":"hold","duration":1.5},{"startTap":true,"angle":90,"holdEase":"outCirc","angle2":-180,"time":28.5,"type":"hold","duration":2.5},{"type":"block","angle":202.5,"time":34.5},{"type":"block","angle":157.5,"time":36.5},{"type":"block","angle":202.5,"time":36.75},{"type":"block","angle":247.5,"time":37.25},{"startTap":true,"angle":270,"time":38.75,"angle2":270,"type":"hold","speedMult":2,"duration":2},{"type":"hold","angle":292.5,"holdEase":"inBack","angle2":202.5,"time":39,"speedMult":2,"duration":3.5},{"type":"side","angle":90,"time":35},{"type":"block","angle":180,"time":35.5},{"type":"side","angle":112.5,"time":36},{"type":"block","angle":315,"time":37.75},{"type":"side","angle":225,"time":41.5},{"type":"side","angle":292.5,"time":42},{"startTap":true,"angle":90,"time":43,"angle2":0,"type":"hold","duration":1.5},{"startTap":true,"angle":360,"time":44.5,"angle2":180,"type":"hold","duration":2},{"type":"block","angle":292.5,"time":38},{"type":"block","angle":247.5,"time":38.5},{"type":"block","angle":0,"time":47.75},{"type":"block","angle":360,"time":48},{"type":"block","angle":180,"time":47},{"type":"block","angle":180,"time":47.25},{"type":"block","angle":270,"time":49.25},{"type":"block","angle":292.5,"time":49.5},{"type":"block","angle":270,"time":49.75},{"type":"block","angle":270,"time":50.25},{"type":"block","angle":292.5,"time":50.5},{"type":"block","angle":247.5,"time":50},{"type":"block","angle":270,"time":50.75},{"type":"hold","angle":90,"time":49,"angle2":90,"duration":1},{"type":"block","angle":90,"time":48.75},{"type":"block","angle":90,"time":48.5},{"type":"hold","angle":90,"time":50,"angle2":90,"duration":1},{"startTap":true,"angle":90,"holdEase":"inOutCubic","angle2":-90,"time":51,"type":"hold","duration":1.5},{"startTap":true,"angle":270,"holdEase":"inOutQuint","angle2":630,"time":52.5,"type":"hold","duration":2.5},{"type":"hold","angle":270,"time":57,"angle2":292.5,"duration":1},{"type":"hold","angle":292.5,"time":58,"angle2":247.5,"duration":1},{"startTap":true,"angle":247.5,"holdEase":"inSine","angle2":472.5,"time":59,"type":"hold","duration":2},{"type":"hold","angle":112.5,"time":61,"angle2":90,"holdEase":"outElastic","duration":1},{"type":"extraTap","angle":67.5,"time":62},{"type":"extraTap","angle":67.5,"time":63},{"type":"inverse","angle":90,"time":63},{"type":"inverse","angle":270,"time":64},{"type":"inverse","angle":0,"time":65},{"type":"inverse","angle":180,"time":66},{"type":"block","angle":180,"time":66.5},{"type":"side","angle":67.5,"time":68},{"type":"inverse","angle":157.5,"time":67},{"type":"hold","angle":90,"time":68.25,"angle2":45,"duration":0.5},{"type":"hold","angle":45,"time":69.5,"angle2":90,"duration":0.5},{"type":"block","angle":90,"time":70.5},{"startTap":true,"angle":90,"holdEase":"linear","angle2":90,"time":70.75,"type":"hold","duration":2},{"type":"mineHold","angle":45,"time":71,"angle2":-225,"duration":0},{"type":"hold","endTap":true,"angle":67.5,"time":71,"angle2":112.5,"holdEase":"outBack","duration":4},{"type":"side","angle":67.5,"time":73.5},{"type":"side","angle":157.5,"time":74},{"type":"side","angle":67.5,"time":74.5},{"type":"block","angle":112.5,"time":75.5},{"type":"hold","angle":112.5,"time":75.75,"angle2":112.5,"duration":3},{"type":"inverse","angle":180,"time":80},{"type":"inverse","angle":247.5,"time":80.75},{"type":"inverse","angle":157.5,"time":79.75},{"type":"inverse","angle":202.5,"time":80.25},{"type":"inverse","angle":225,"time":80.5},{"type":"inverse","angle":270,"time":81},{"type":"inverse","angle":135,"time":79.5},{"type":"inverse","angle":112.5,"time":79.25},{"type":"inverse","angle":90,"time":79},{"type":"block","angle":270,"time":81.5},{"type":"block","angle":0,"time":82},{"type":"block","angle":270,"time":82.5},{"type":"inverse","angle":270,"time":81.5},{"type":"inverse","angle":0,"time":82},{"type":"inverse","angle":270,"time":82.5},{"type":"inverse","angle":315,"time":82.25},{"type":"inverse","angle":315,"time":81.75},{"type":"hold","angle":270,"time":83,"angle2":270,"duration":1},{"type":"hold","angle":270,"time":84,"angle2":225,"holdEase":"inOutSine","duration":0.5},{"type":"hold","angle":225,"time":84.5,"angle2":270,"holdEase":"outCirc","duration":0.25},{"type":"hold","angle":270,"time":84.75,"angle2":292.5,"holdEase":"inOutSine","duration":2},{"type":"block","angle":90,"time":89},{"type":"block","angle":45,"time":89.75},{"type":"block","angle":0,"time":90.25},{"type":"hold","angle":315,"holdEase":"outSine","angle2":270,"time":91,"speedMult":3,"duration":2.5},{"type":"side","angle":247.5,"time":94},{"type":"block","angle":292.5,"time":94.5},{"type":"hold","angle":292.5,"time":94.75,"angle2":180,"holdEase":"inOutSine","duration":2.75},{"type":"block","angle":90,"time":99},{"type":"block","angle":180,"time":98.5},{"type":"block","angle":67.5,"time":99.75},{"type":"hold","angle":67.5,"time":100.5,"angle2":112.5,"holdEase":"inOutCirc","duration":1.5},{"type":"hold","angle":112.5,"time":102,"angle2":45,"holdEase":"inOutSine","duration":0.5},{"type":"hold","angle":45,"time":102.5,"angle2":67.5,"holdEase":"inBack","duration":1.25},{"type":"block","angle":45,"time":104.5},{"type":"block","angle":0,"time":105},{"type":"block","angle":315,"time":105.75},{"type":"block","angle":270,"time":106.5},{"type":"hold","angle":270,"time":107,"angle2":270,"duration":1},{"type":"hold","angle":258.75,"time":108,"angle2":258.75,"duration":1},{"type":"hold","angle":281.25,"time":108,"angle2":281.25,"duration":1},{"type":"hold","angle":292.5,"time":109,"angle2":292.5,"duration":1},{"type":"hold","angle":247.5,"time":109,"angle2":247.5,"duration":1},{"type":"hold","angle":270,"time":110,"angle2":270,"duration":1},{"type":"block","angle":281.25,"time":111.75},{"type":"block","angle":270,"time":111.25},{"type":"block","angle":292.5,"time":112.25},{"type":"block","angle":303.75,"time":112.75},{"type":"block","angle":315,"time":113.25},{"type":"block","angle":326.25,"time":113.75},{"type":"block","angle":360,"time":114.25},{"type":"extraTap","angle":303.75,"time":107},{"type":"extraTap","angle":303.75,"time":108},{"type":"extraTap","angle":303.75,"time":109},{"type":"extraTap","angle":303.75,"time":110},{"type":"extraTap","angle":303.75,"time":111},{"type":"block","angle":90,"time":116,"speedMult":5},{"type":"block","angle":45,"time":117,"speedMult":5},{"type":"block","angle":0,"time":118,"speedMult":5},{"type":"extraTap","angle":45,"time":116,"speedMult":2},{"type":"side","angle":112.5,"time":30,"speedMult":1.5},{"type":"block","angle":90,"time":120.75},{"type":"block","angle":67.5,"time":120.75},{"type":"block","angle":112.5,"time":120.75},{"type":"extraTap","angle":135,"time":120.75,"speedMult":3},{"type":"extraTap","angle":22.5,"time":118,"speedMult":2},{"type":"extraTap","angle":67.5,"time":117,"speedMult":2},{"type":"side","angle":180,"time":121.5},{"type":"side","angle":225,"time":122},{"type":"side","angle":270,"time":122.5},{"type":"block","angle":292.5,"time":124},{"type":"block","angle":270,"time":124},{"type":"block","angle":247.5,"time":124},{"type":"block","angle":292.5,"time":124.25},{"type":"block","angle":270,"time":124.25},{"type":"block","angle":247.5,"time":124.25},{"type":"block","angle":292.5,"time":124.75},{"type":"block","angle":270,"time":124.75},{"type":"block","angle":247.5,"time":124.75},{"type":"extraTap","angle":225,"time":124.75,"speedMult":3},{"type":"mine","angle":0,"time":121.5},{"type":"mine","angle":315,"time":121.5},{"type":"mine","angle":45,"time":121.5},{"type":"mine","angle":0,"time":122},{"type":"mine","angle":45,"time":122},{"type":"mine","angle":90,"time":122},{"type":"mine","angle":90,"time":122.5},{"type":"mine","angle":45,"time":122.5},{"type":"mine","angle":135,"time":122.5},{"type":"block","angle":270,"time":127},{"type":"block","angle":270,"time":126.5},{"type":"block","angle":270,"time":127.5},{"type":"block","angle":270,"time":128},{"type":"block","angle":270,"time":128.25},{"type":"block","angle":270,"time":128.75},{"type":"block","angle":270,"time":130},{"type":"block","angle":270,"time":129.25},{"type":"block","angle":270,"time":130.5},{"type":"block","angle":270,"time":131},{"type":"block","angle":225,"time":132},{"type":"side","angle":225,"time":131.5},{"type":"side","angle":225,"time":129.75},{"type":"block","angle":270,"time":132.75},{"type":"extraTap","angle":135,"time":136.75,"speedMult":3},{"type":"block","angle":112.5,"time":136.75},{"type":"block","angle":67.5,"time":136.75},{"type":"block","angle":90,"time":136.75},{"type":"block","angle":225,"time":138},{"type":"block","angle":270,"time":138.5},{"type":"side","angle":180,"time":137.5},{"type":"hold","angle":270,"time":139,"angle2":270,"duration":1},{"type":"block","angle":225,"time":140.5},{"type":"block","angle":202.5,"time":141},{"type":"block","angle":180,"time":141.5},{"type":"block","angle":157.5,"time":142},{"type":"block","angle":135,"time":142.5},{"startTap":true,"endTap":true,"holdEase":"outCirc","angle2":157.5,"duration":1.5,"type":"hold","angle":90,"time":143},{"type":"hold","angle":157.5,"time":144.5,"angle2":157.5,"duration":1.5},{"type":"inverse","angle":180,"time":147},{"type":"inverse","angle":157.5,"time":147.25},{"type":"inverse","angle":135,"time":147.5},{"type":"inverse","angle":90,"time":147.75},{"type":"inverse","angle":67.5,"time":148},{"type":"inverse","angle":45,"time":148.25},{"type":"inverse","angle":0,"time":148.5},{"type":"inverse","angle":337.5,"time":148.75},{"type":"inverse","angle":315,"time":149},{"type":"extraTap","angle":112.5,"time":149.5},{"type":"extraTap","angle":315,"time":152.75,"speedMult":3},{"type":"block","angle":22.5,"time":152.75},{"type":"block","angle":360,"time":152.75},{"type":"block","angle":337.5,"time":152.75},{"type":"block","angle":112.5,"time":154,"speedMult":2},{"type":"block","angle":67.5,"time":153.5,"speedMult":2},{"type":"extraTap","angle":112.5,"time":156.75,"speedMult":3},{"type":"block","angle":157.5,"time":154.5},{"type":"block","angle":202.5,"time":156},{"type":"block","angle":180,"time":156},{"type":"block","angle":157.5,"time":156},{"type":"block","angle":202.5,"time":156.5},{"type":"block","angle":180,"time":156.5},{"type":"block","angle":157.5,"time":156.5},{"type":"block","angle":0,"time":158.5},{"type":"block","angle":67.5,"time":159},{"type":"block","angle":157.5,"time":159.5},{"type":"block","angle":247.5,"time":160},{"type":"block","angle":270,"time":160.5},{"type":"block","angle":270,"time":160.75},{"type":"block","angle":270,"time":161.25},{"type":"block","angle":270,"time":162},{"type":"block","angle":270,"time":162.5},{"type":"block","angle":247.5,"time":161.75},{"type":"block","angle":90,"time":163.5},{"type":"block","angle":180,"time":164},{"type":"block","angle":135,"time":164.25},{"type":"hold","angle":135,"time":164.75,"angle2":90,"duration":1.25},{"type":"block","angle":270,"time":163},{"type":"extraTap","angle":0,"time":167},{"startTap":true,"angle":-90,"time":167,"angle2":-90,"type":"hold","duration":2},{"startTap":true,"angle":-135,"time":169,"angle2":-135,"type":"hold","duration":2},{"startTap":true,"angle":-157.5,"time":171,"angle2":-157.5,"type":"hold","duration":3.5},{"type":"block","angle":-270,"time":167},{"type":"block","angle":-270,"time":167.5},{"type":"block","angle":-270,"time":168},{"type":"block","angle":-270,"time":168.25},{"type":"block","angle":-270,"time":168.75},{"type":"block","angle":67.5,"time":169.5},{"type":"block","angle":67.5,"time":170},{"type":"block","angle":67.5,"time":170.5},{"type":"block","angle":67.5,"time":171},{"type":"block","angle":67.5,"time":171.5},{"type":"block","angle":67.5,"time":172},{"type":"block","angle":67.5,"time":172.25},{"type":"hold","angle":45,"time":172.5,"angle2":45,"duration":1},{"type":"block","angle":22.5,"time":174},{"type":"side","angle":0,"time":173,"tap":true},{"type":"hold","angle":360,"time":174.5,"angle2":0,"duration":4.5},{"type":"block","angle":67.5,"time":176},{"type":"block","angle":315,"time":177.25},{"type":"block","angle":360,"time":176.75},{"type":"block","angle":45,"time":176.25},{"type":"block","angle":270,"time":177.75},{"type":"block","angle":225,"time":178.25},{"type":"block","angle":180,"time":178.75},{"type":"hold","angle":360,"time":180,"angle2":360,"duration":1.5},{"type":"hold","angle":0,"time":181.5,"angle2":0,"duration":1},{"type":"block","angle":360,"time":183},{"type":"block","angle":360,"time":183.25},{"type":"hold","angle":337.5,"time":183.75,"angle2":382.5,"duration":3.25},{"type":"hold","angle":22.5,"time":183.75,"angle2":-22.5,"holdEase":"outQuart","duration":3.25},{"type":"hold","angle":22.5,"time":187,"angle2":382.5,"duration":4},{"type":"hold","angle":337.5,"time":187,"angle2":697.5,"duration":4},{"type":"mine","angle":180,"time":183},{"type":"mine","angle":180,"time":184.5},{"type":"mine","angle":180,"time":184},{"type":"mine","angle":180,"time":183.5},{"type":"mine","angle":180,"time":185},{"type":"mine","angle":180,"time":185.5},{"type":"mine","angle":180,"time":186},{"type":"mine","angle":180,"time":186.5},{"type":"mine","angle":180,"time":187},{"type":"mine","angle":315,"time":188.5},{"type":"mine","angle":0,"time":189},{"type":"mine","angle":45,"time":189.5},{"type":"mine","angle":90,"time":190},{"type":"mine","angle":157.5,"time":190.5},{"type":"mine","angle":180,"time":191},{"type":"mine","angle":90,"time":183},{"type":"mine","angle":270,"time":183},{"type":"mine","angle":90,"time":184},{"type":"mine","angle":270,"time":184},{"type":"mine","angle":90,"time":187},{"type":"mine","angle":270,"time":187},{"type":"mine","angle":270,"time":186.5},{"type":"mine","angle":270,"time":186},{"type":"mine","angle":270,"time":185.5},{"type":"mine","angle":270,"time":185},{"type":"mine","angle":270,"time":184.5},{"type":"mine","angle":270,"time":183.5},{"type":"mine","angle":90,"time":183.5},{"type":"mine","angle":90,"time":184.5},{"type":"mine","angle":90,"time":185},{"type":"mine","angle":90,"time":185.5},{"type":"mine","angle":90,"time":186},{"type":"mine","angle":90,"time":186.5},{"type":"mine","angle":225,"time":187},{"type":"mine","angle":135,"time":187},{"type":"mine","angle":135,"time":186},{"type":"mine","angle":135,"time":185},{"type":"mine","angle":135,"time":184},{"type":"mine","angle":135,"time":183},{"type":"mine","angle":225,"time":183},{"type":"mine","angle":225,"time":184},{"type":"mine","angle":225,"time":185},{"type":"mine","angle":225,"time":186},{"type":"mine","angle":135,"time":184.5},{"type":"mine","angle":135,"time":185.5},{"type":"mine","angle":135,"time":186.5},{"type":"mine","angle":225,"time":186.5},{"type":"mine","angle":225,"time":185.5},{"type":"mine","angle":225,"time":184.5},{"type":"mine","angle":247.5,"time":184},{"type":"mine","angle":247.5,"time":187},{"type":"mine","angle":202.5,"time":184},{"type":"mine","angle":202.5,"time":187},{"type":"mine","angle":157.5,"time":187},{"type":"mine","angle":157.5,"time":184},{"type":"mine","angle":112.5,"time":184},{"type":"mine","angle":112.5,"time":187},{"type":"mine","angle":112.5,"time":186},{"type":"mine","angle":112.5,"time":185},{"type":"mine","angle":157.5,"time":185},{"type":"mine","angle":157.5,"time":186},{"type":"mine","angle":202.5,"time":186},{"type":"mine","angle":247.5,"time":185},{"type":"mine","angle":247.5,"time":186},{"type":"mine","angle":247.5,"time":183},{"type":"mine","angle":112.5,"time":183},{"type":"mine","angle":112.5,"time":183.5},{"type":"mine","angle":112.5,"time":184.5},{"type":"mine","angle":112.5,"time":185.5},{"type":"mine","angle":112.5,"time":186.5},{"type":"mine","angle":157.5,"time":183},{"type":"mine","angle":157.5,"time":183.5},{"type":"mine","angle":157.5,"time":184.5},{"type":"mine","angle":157.5,"time":185.5},{"type":"mine","angle":157.5,"time":186.5},{"type":"mine","angle":202.5,"time":183},{"type":"mine","angle":202.5,"time":183.5},{"type":"mine","angle":202.5,"time":184.5},{"type":"mine","angle":202.5,"time":185},{"type":"mine","angle":202.5,"time":185.5},{"type":"mine","angle":202.5,"time":186.5},{"type":"mine","angle":225,"time":183.5},{"type":"mine","angle":247.5,"time":183.5},{"type":"mine","angle":247.5,"time":184.5},{"type":"mine","angle":247.5,"time":185.5},{"type":"mine","angle":247.5,"time":186.5},{"type":"mine","angle":292.5,"time":187.5},{"type":"mine","angle":270,"time":187.5},{"type":"mine","angle":247.5,"time":187.5},{"type":"mine","angle":225,"time":187.5},{"type":"mine","angle":202.5,"time":187.5},{"type":"mine","angle":180,"time":187.5},{"type":"mine","angle":157.5,"time":187.5},{"type":"mine","angle":135,"time":187.5},{"type":"mine","angle":112.5,"time":187.5},{"type":"mine","angle":337.5,"time":188.5},{"type":"mine","angle":292.5,"time":188.5},{"type":"mine","angle":45,"time":188.5},{"type":"mine","angle":225,"time":188.5},{"type":"mine","angle":247.5,"time":188.5},{"type":"mine","angle":270,"time":188.5},{"type":"mine","angle":22.5,"time":188.5},{"type":"mine","angle":0,"time":188.5},{"type":"mine","angle":22.5,"time":189},{"type":"mine","angle":337.5,"time":189},{"type":"mine","angle":90,"time":189},{"type":"mine","angle":270,"time":189},{"type":"mine","angle":292.5,"time":189},{"type":"mine","angle":315,"time":189},{"type":"mine","angle":67.5,"time":189},{"type":"mine","angle":45,"time":189},{"type":"mine","angle":135,"time":189.5},{"type":"mine","angle":315,"time":189.5},{"type":"mine","angle":337.5,"time":189.5},{"type":"mine","angle":360,"time":189.5},{"type":"mine","angle":22.5,"time":189.5},{"type":"mine","angle":67.5,"time":189.5},{"type":"mine","angle":90,"time":189.5},{"type":"mine","angle":112.5,"time":189.5},{"type":"mine","angle":0,"time":190},{"type":"mine","angle":180,"time":190},{"type":"mine","angle":22.5,"time":190},{"type":"mine","angle":45,"time":190},{"type":"mine","angle":67.5,"time":190},{"type":"mine","angle":112.5,"time":190},{"type":"mine","angle":135,"time":190},{"type":"mine","angle":157.5,"time":190},{"type":"mine","angle":67.5,"time":190.5},{"type":"mine","angle":247.5,"time":190.5},{"type":"mine","angle":225,"time":190.5},{"type":"mine","angle":202.5,"time":190.5},{"type":"mine","angle":180,"time":190.5},{"type":"mine","angle":135,"time":190.5},{"type":"mine","angle":112.5,"time":190.5},{"type":"mine","angle":90,"time":190.5},{"type":"mine","angle":270,"time":191},{"type":"mine","angle":90,"time":191},{"type":"mine","angle":112.5,"time":191},{"type":"mine","angle":135,"time":191},{"type":"mine","angle":157.5,"time":191},{"type":"mine","angle":202.5,"time":191},{"type":"mine","angle":225,"time":191},{"type":"mine","angle":247.5,"time":191},{"type":"mine","angle":67.5,"time":183},{"type":"mine","angle":292.5,"time":183},{"type":"mine","angle":292.5,"time":184},{"type":"mine","angle":292.5,"time":185},{"type":"mine","angle":292.5,"time":186},{"type":"mine","angle":292.5,"time":187},{"type":"mine","angle":67.5,"time":184},{"type":"mine","angle":67.5,"time":185},{"type":"mine","angle":67.5,"time":186},{"type":"mine","angle":67.5,"time":187},{"type":"mine","angle":292.5,"time":186.5},{"type":"mine","angle":292.5,"time":185.5},{"type":"mine","angle":292.5,"time":184.5},{"type":"mine","angle":292.5,"time":183.5},{"type":"mine","angle":67.5,"time":183.5},{"type":"mine","angle":67.5,"time":184.5},{"type":"mine","angle":67.5,"time":185.5},{"type":"mine","angle":67.5,"time":186.5},{"type":"mine","angle":202.5,"time":188.5},{"type":"mine","angle":67.5,"time":188.5},{"type":"mine","angle":247.5,"time":189},{"type":"mine","angle":112.5,"time":189},{"type":"mine","angle":157.5,"time":189.5},{"type":"mine","angle":292.5,"time":189.5},{"type":"mine","angle":337.5,"time":190},{"type":"mine","angle":202.5,"time":190},{"type":"mine","angle":270,"time":190.5},{"type":"mine","angle":45,"time":190.5},{"type":"mine","angle":67.5,"time":191},{"type":"mine","angle":292.5,"time":191},{"type":"mine","angle":247.5,"time":188},{"type":"mine","angle":270,"time":188},{"type":"mine","angle":292.5,"time":188},{"type":"mine","angle":360,"time":188},{"type":"mine","angle":22.5,"time":188},{"type":"mine","angle":180,"time":188},{"type":"mine","angle":157.5,"time":188},{"type":"mine","angle":202.5,"time":188},{"type":"mine","angle":225,"time":188},{"type":"mine","angle":315,"time":188},{"type":"mine","angle":337.5,"time":188},{"type":"hold","angle":0,"time":191,"angle2":0,"duration":8},{"type":"hold","angle":22.5,"time":191,"angle2":22.5,"duration":8},{"type":"hold","angle":337.5,"time":191,"angle2":337.5,"duration":8},{"type":"extraTap","angle":45,"time":140,"speedMult":2},{"type":"extraTap","angle":45,"time":140.25,"speedMult":2},{"type":"extraTap","angle":45,"time":140.75,"speedMult":2},{"type":"block","angle":270,"time":132.5}]