{"events":[{"type":"play","angle":90,"bpm":132,"time":0,"file":"Bloody_stream_TV.wav","volume":1},{"paddle":2,"newAngle":180,"duration":0,"type":"paddles","ease":"linear","enabled":true,"time":49,"angle":315},{"paddle":2,"angle":67.5,"time":51,"type":"paddles","enabled":false,"ease":"linear","duration":0},{"tag":"tag1","angle":0,"time":118.75,"angleOffset":false,"type":"tag"},{"tag":"tag1","angle":180,"time":122.75,"angleOffset":true,"type":"tag"},{"paddle":1,"angle":270,"time":126,"type":"paddles","newWidth":40,"ease":"linear","duration":0},{"paddle":1,"angle":270,"time":133,"type":"paddles","newWidth":70,"ease":"linear","duration":0},{"tag":"tag1","angle":112.5,"time":134.75,"angleOffset":false,"type":"tag"},{"tag":"tag1","angle":270,"time":150.75,"angleOffset":true,"type":"tag"},{"tag":"tag1","angle":90,"time":154.75,"angleOffset":true,"type":"tag"},{"paddle":2,"angle":360,"time":166,"type":"paddles","enabled":true,"ease":"linear","duration":0},{"paddle":2,"angle":90,"time":180,"type":"paddles","enabled":false,"ease":"linear","duration":0},{"type":"showResults","angle":0,"time":201},{"type":"setBgColor","angle":45,"time":-1.0833333730698,"color":0},{"color":1,"g":29,"r":140,"time":-1.0833332538605,"b":99,"angle":67.5,"type":"setColor"},{"type":"outline","enable":true,"time":-1.0833333333333,"angle":112.5,"color":2},{"color":0,"g":0,"r":0,"time":-1.0833332538605,"b":0,"angle":90,"type":"setColor"},{"color":2,"g":245,"r":90,"time":-1.0833332538605,"b":255,"angle":135,"type":"setColor"},{"color":0,"g":0,"r":0,"time":-1.0833333730698,"b":0,"angle":180,"type":"setColor"},{"type":"setColor","angle":225,"time":-1.0833333333333,"color":0},{"color":0,"angle":202.5,"time":-1.0833333730698,"type":"setColor"},{"color":1,"g":255,"r":255,"time":120,"b":255,"angle":180,"type":"setColor"},{"time":120.0625,"ease":"inSine","duration":0.0625,"color":1,"g":29,"r":140,"b":99,"angle":180,"type":"setColor"},{"color":1,"g":255,"r":255,"time":120.125,"b":255,"angle":180,"type":"setColor"},{"time":120.1875,"ease":"linear","duration":0.125,"color":1,"g":29,"r":140,"b":99,"angle":180,"type":"setColor"},{"color":1,"g":255,"r":255,"time":120.75,"b":255,"angle":180,"type":"setColor"},{"time":120.875,"ease":"linear","duration":0.0625,"color":2,"g":29,"r":140,"b":99,"angle":180,"type":"setColor"},{"color":1,"g":255,"r":255,"time":124,"b":255,"angle":202.5,"type":"setColor"},{"time":124.0625,"ease":"linear","duration":0.0625,"color":1,"g":245,"r":90,"b":255,"angle":202.5,"type":"setColor"},{"color":1,"g":255,"r":255,"time":124.125,"b":255,"angle":202.5,"type":"setColor"},{"time":124.1875,"ease":"linear","duration":0.125,"color":1,"g":245,"r":90,"b":255,"angle":202.5,"type":"setColor"},{"color":1,"g":255,"r":255,"time":124.75,"b":255,"angle":202.5,"type":"setColor"},{"time":124.875,"ease":"linear","duration":0.125,"color":1,"g":29,"r":140,"b":99,"angle":202.5,"type":"setColor"},{"color":1,"g":255,"r":255,"time":136,"b":255,"angle":180,"type":"setColor"},{"time":136.0625,"ease":"linear","duration":0.0625,"color":1,"g":29,"r":140,"b":99,"angle":180,"type":"setColor"},{"color":1,"g":255,"r":255,"time":136.125,"b":255,"angle":180,"type":"setColor"},{"time":136.1875,"ease":"linear","duration":0.125,"color":1,"g":29,"r":140,"b":99,"angle":180,"type":"setColor"},{"color":1,"g":255,"r":255,"time":136.75,"b":255,"angle":180,"type":"setColor"},{"time":136.875,"ease":"linear","duration":0.125,"color":2,"g":29,"r":140,"b":99,"angle":180,"type":"setColor"},{"color":1,"g":255,"r":255,"time":140,"b":255,"angle":180,"type":"setColor"},{"time":140.0625,"ease":"linear","duration":0.0625,"color":1,"g":245,"r":90,"b":255,"angle":180,"type":"setColor"},{"color":1,"g":255,"r":255,"time":140.125,"b":255,"angle":180,"type":"setColor"},{"time":140.1875,"ease":"linear","duration":0.125,"color":1,"g":245,"r":90,"b":255,"angle":180,"type":"setColor"},{"color":1,"g":255,"r":255,"time":140.75,"b":255,"angle":180,"type":"setColor"},{"time":140.875,"ease":"linear","duration":0.125,"color":1,"g":29,"r":140,"b":99,"angle":180,"type":"setColor"},{"time":149.375,"ease":"inSine","duration":0.0625,"color":1,"g":255,"r":255,"b":255,"angle":180,"type":"setColor"},{"time":150,"ease":"linear","duration":0.5,"color":1,"g":29,"r":140,"b":99,"angle":180,"type":"setColor"},{"color":1,"g":255,"r":255,"time":156,"b":255,"angle":67.5,"type":"setColor"},{"time":156.0625,"ease":"linear","duration":0.0625,"color":1,"g":245,"r":90,"b":255,"angle":67.5,"type":"setColor"},{"color":1,"g":255,"r":255,"time":156.125,"b":255,"angle":67.5,"type":"setColor"},{"time":156.1875,"ease":"linear","duration":0.125,"color":1,"g":245,"r":90,"b":255,"angle":67.5,"type":"setColor"},{"color":1,"g":255,"r":255,"time":156.75,"b":255,"angle":67.5,"type":"setColor"},{"time":156.875,"ease":"linear","duration":0.125,"color":1,"g":29,"r":140,"b":99,"angle":67.5,"type":"setColor"},{"color":1,"g":245,"r":90,"time":120.875,"b":255,"angle":202.5,"type":"setColor"},{"color":2,"g":245,"r":90,"time":124.875,"b":255,"angle":180,"type":"setColor"},{"color":1,"g":245,"r":90,"time":136.875,"b":255,"angle":157.5,"type":"setColor"},{"color":2,"g":245,"r":90,"time":140.875,"b":255,"angle":157.5,"type":"setColor"},{"color":1,"g":255,"r":255,"time":152,"b":255,"angle":135,"type":"setColor"},{"time":152.0625,"ease":"inSine","duration":0.0625,"color":1,"g":29,"r":140,"b":99,"angle":135,"type":"setColor"},{"color":1,"g":255,"r":255,"time":152.125,"b":255,"angle":135,"type":"setColor"},{"time":152.1875,"ease":"linear","duration":0.125,"color":1,"g":29,"r":140,"b":99,"angle":135,"type":"setColor"},{"color":1,"g":255,"r":255,"time":152.75,"b":255,"angle":135,"type":"setColor"},{"time":152.875,"ease":"linear","duration":0.0625,"color":2,"g":29,"r":140,"b":99,"angle":135,"type":"setColor"},{"color":1,"g":245,"r":90,"time":152.875,"b":255,"angle":157.5,"type":"setColor"},{"color":2,"g":245,"r":90,"time":156.875,"b":255,"angle":90,"type":"setColor"},{"color":0,"g":157,"r":96,"time":107,"b":74,"angle":315,"type":"setColor"},{"time":107.33333587646,"ease":"linear","duration":1,"color":0,"g":0,"r":0,"b":0,"angle":315,"type":"setColor"},{"color":0,"g":67,"r":152,"time":108,"b":67,"angle":315,"type":"setColor"},{"time":108.33333587646,"ease":"linear","duration":1,"color":0,"g":0,"r":0,"b":0,"angle":315,"type":"setColor"},{"color":0,"g":197,"r":197,"time":109,"b":61,"angle":315,"type":"setColor"},{"time":109.33333587646,"ease":"linear","duration":1,"color":0,"g":0,"r":0,"b":0,"angle":315,"type":"setColor"},{"color":0,"g":0,"r":210,"time":110,"b":255,"angle":315,"type":"setColor"},{"time":110.33333587646,"ease":"linear","duration":1,"color":0,"g":0,"r":0,"b":0,"angle":315,"type":"setColor"},{"color":0,"g":142,"r":70,"time":110.66666412354,"b":146,"angle":315,"type":"setColor"},{"time":111.00000254313,"ease":"linear","duration":1,"color":0,"g":0,"r":0,"b":0,"angle":315,"type":"setColor"},{"color":0,"g":103,"r":140,"time":3,"b":0,"angle":112.5,"type":"setColor"},{"time":3.25,"ease":"inOutSine","duration":1,"color":0,"g":0,"r":0,"b":0,"angle":112.5,"type":"setColor"},{"color":0,"g":0,"r":131,"time":7,"b":93,"angle":112.5,"type":"setColor"},{"time":7.5,"ease":"inOutSine","duration":1,"color":0,"g":0,"r":0,"b":0,"angle":112.5,"type":"setColor"},{"time":11,"ease":"inOutSine","duration":0,"color":0,"g":255,"r":232,"b":34,"angle":45,"type":"setColor"},{"time":9,"ease":"inOutSine","duration":0,"color":0,"g":190,"r":64,"b":43,"angle":45,"type":"setColor"},{"time":14.5,"ease":"outElastic","duration":2.5,"color":0,"g":90,"r":250,"b":255,"angle":292.5,"type":"setColor"},{"color":0,"g":0,"r":0,"time":19,"b":0,"angle":202.5,"type":"setColor"},{"type":"hom","enable":true,"time":27,"angle":337.5},{"time":25,"ease":"inOutSine","duration":1.5,"color":0,"g":0,"r":116,"b":152,"angle":360,"type":"setColor"},{"time":27,"ease":"inOutSine","duration":2,"color":0,"g":0,"r":169,"b":86,"angle":360,"type":"setColor"},{"color":1,"angle":315,"time":27,"chance":0.8999999165535,"type":"noise"},{"time":31,"ease":"inOutSine","duration":4,"color":0,"g":107,"r":0,"b":137,"angle":360,"type":"setColor"},{"start":0.89999997615814,"time":29,"var":"vfx.bgNoise","duration":3,"type":"ease","value":0,"angle":270,"ease":"inOutQuad"},{"type":"hom","enable":false,"time":31,"angle":225},{"color":1,"g":207,"r":114,"time":39,"b":100,"angle":315,"type":"setColor"},{"color":0,"g":0,"r":60,"time":39,"b":0,"angle":337.5,"type":"setColor"},{"color":1,"angle":247.5,"time":31,"chance":0,"type":"noise"},{"time":44,"ease":"inOutSine","duration":1,"color":1,"g":0,"r":165,"b":123,"angle":45,"type":"setColor"},{"time":44,"ease":"inOutSine","duration":1,"color":0,"g":0,"r":0,"b":0,"angle":67.5,"type":"setColor"},{"time":47,"ease":"inQuad","duration":0.0625,"color":0,"g":106,"r":106,"b":106,"angle":157.5,"type":"setColor"},{"time":47.25,"ease":"inOutSine","duration":0.25,"color":0,"g":0,"r":0,"b":0,"angle":157.5,"type":"setColor"},{"time":47.75,"ease":"inQuad","duration":0.0625,"color":0,"g":57,"r":117,"b":162,"angle":157.5,"type":"setColor"},{"time":48,"ease":"inOutSine","duration":0.25,"color":0,"g":0,"r":0,"b":0,"angle":157.5,"type":"setColor"},{"time":48.5,"ease":"inQuad","duration":1.25,"color":0,"g":155,"r":56,"b":185,"angle":157.5,"type":"setColor"},{"time":49.75,"ease":"inOutSine","duration":1,"color":0,"g":129,"r":192,"b":232,"angle":157.5,"type":"setColor"},{"time":56.75,"ease":"inOutCubic","duration":1,"color":1,"g":157,"r":69,"b":197,"angle":315,"type":"setColor"},{"time":56.75,"ease":"inOutCubic","duration":1,"color":0,"g":234,"r":234,"b":101,"angle":292.5,"type":"setColor"},{"time":56.75,"ease":"inOutCubic","duration":1,"color":2,"g":93,"r":94,"b":24,"angle":337.5,"type":"setColor"},{"time":59,"ease":"inOutCubic","duration":1,"color":0,"g":59,"r":0,"b":13,"angle":315,"type":"setColor"},{"time":59,"ease":"inOutCubic","duration":1,"color":2,"g":124,"r":0,"b":47,"angle":292.5,"type":"setColor"},{"time":59,"ease":"inOutCubic","duration":1,"color":1,"g":134,"r":217,"b":231,"angle":337.5,"type":"setColor"},{"time":79,"ease":"inOutCubic","duration":1,"color":1,"g":103,"r":210,"b":255,"angle":315,"type":"setColor"},{"time":79,"ease":"inOutCubic","duration":1,"color":0,"g":0,"r":89,"b":99,"angle":292.5,"type":"setColor"},{"time":79,"ease":"inOutCubic","duration":1,"color":2,"g":0,"r":109,"b":206,"angle":337.5,"type":"setColor"},{"time":91,"ease":"outQuart","duration":3,"color":0,"g":0,"r":20,"b":41,"angle":337.5,"type":"setColor"},{"time":94.75,"ease":"inOutSine","duration":0.25,"color":2,"g":51,"r":206,"b":51,"angle":315,"type":"setColor"},{"time":99,"ease":"linear","duration":1,"color":0,"g":0,"r":0,"b":0,"angle":135,"type":"setColor"},{"time":126,"ease":"inSine","duration":0.5,"color":0,"g":255,"r":8,"b":120,"angle":247.5,"type":"setColor"},{"time":126,"ease":"inQuad","duration":0.5,"color":1,"g":96,"r":0,"b":41,"angle":225,"type":"setColor"},{"time":126,"ease":"inOutSine","duration":1,"color":0,"g":104,"r":192,"b":25,"angle":202.5,"type":"setColor"},{"color":1,"g":29,"r":140,"time":132.91666674614,"b":99,"angle":67.5,"type":"setColor"},{"color":0,"g":0,"r":0,"time":132.91666666667,"b":0,"angle":90,"type":"setColor"},{"color":2,"g":245,"r":90,"time":133,"b":255,"angle":135,"type":"setColor"},{"time":147,"ease":"outCirc","duration":0.5,"color":0,"g":12,"r":134,"b":12,"angle":112.5,"type":"setColor"},{"time":147.5,"ease":"outSine","duration":0.25,"color":0,"g":0,"r":0,"b":0,"angle":112.5,"type":"setColor"},{"time":147.75,"ease":"outCirc","duration":0.5,"color":0,"g":30,"r":164,"b":65,"angle":112.5,"type":"setColor"},{"time":148.25,"ease":"outSine","duration":0.25,"color":0,"g":0,"r":0,"b":0,"angle":112.5,"type":"setColor"},{"time":148.75,"ease":"outCirc","duration":0.5,"color":0,"g":26,"r":160,"b":86,"angle":112.5,"type":"setColor"},{"time":149.25,"ease":"outSine","duration":0.25,"color":0,"g":0,"r":0,"b":0,"angle":112.5,"type":"setColor"},{"type":"ease","value":120,"ease":"inOutSine","time":46.5,"angle":202.5,"var":"p.y","duration":0.75},{"type":"ease","value":240,"ease":"inOutSine","time":47.25,"angle":202.5,"var":"p.y","duration":0.75},{"type":"ease","value":180,"ease":"inOutSine","time":47.75,"angle":202.5,"var":"p.y","duration":0.75},{"type":"ease","value":240,"angle":180,"time":48,"ease":"inOutSine","var":"p.x","duration":0.75},{"type":"ease","value":300,"ease":"inOutSine","time":48.75,"angle":180,"var":"p.x","duration":1},{"drawLayer":"bg","id":"1","sx":3,"time":10,"type":"deco","sprite":"BallSheet@fps","angle":22.5,"order":0,"x":0,"recolor":7,"y":0,"sy":3},{"type":"deco","sprite":"BallSheet@fps","angle":22.5,"time":12,"hide":true,"id":"1","order":0},{"type":"setColor","g":159,"r":157,"time":11,"b":61,"angle":67.5,"color":7},{"type":"setColor","g":154,"r":56,"time":-1,"b":54,"angle":157.5,"color":7},{"type":"hom","enable":true,"time":167,"angle":135},{"type":"noise","angle":112.5,"time":167,"chance":0.40000000596046,"color":0},{"type":"forcePlayerSprite","angle":337.5,"time":174,"spriteName":"miss"},{"type":"forcePlayerSprite","angle":22.5,"time":179.5,"spriteName":""},{"type":"forcePlayerSprite","angle":45,"time":114.5,"spriteName":"angry"},{"type":"forcePlayerSprite","angle":270,"time":125,"spriteName":""}],"properties":{"speed":75,"startBeat":0,"loadBeat":-1,"formatversion":12,"offset":8},"metadata":{"artist":"Coda","charter":"RedBread","bgData":{"blueChannel":{"b":105,"g":36,"r":34},"greenChannel":{"b":39,"g":79,"r":54},"yellowChannel":{"b":137,"g":218,"r":255},"magentaChannel":{"b":22,"g":47,"r":79},"cyanChannel":{"b":202,"g":121,"r":104},"image":"jojoBS.png","redChannel":{"b":31,"g":36,"r":184}},"bg":true,"songName":"Bloody Stream","description":"JoJo part 2 OP","difficulty":0,"artistLink":"https://open.spotify.com/artist/2xcKG6XtsW4NV5zMXWuL6n"}}