{"events":[{"b":255,"type":"setColor","time":-7,"color":3,"g":225,"r":91,"angle":337.5},{"time":-7,"type":"setBgColor","color":3,"angle":360},{"type":"setColor","angle":315,"color":0,"time":-7,"g":118,"r":0,"b":254},{"b":255,"type":"setColor","time":-7,"color":5,"g":255,"r":255,"angle":22.5},{"angle":360,"bpm":120,"time":1,"volume":1,"file":"017---snowfall.ogg","type":"play"},{"duration":0.99999994039536,"ease":"linear","newAngle":180,"type":"paddles","angle":360,"paddle":2,"time":129.99992370605,"newWidth":70,"enabled":true},{"duration":1,"ease":"linear","newAngle":0,"type":"paddles","angle":22.5,"paddle":1,"time":130,"newWidth":70,"enabled":true},{"duration":1,"ease":"linear","newAngle":0,"type":"paddles","angle":225,"paddle":1,"time":136.5,"newWidth":70,"enabled":true},{"paddle":2,"duration":1,"ease":"linear","angle":202.5,"time":136.5,"newAngle":0,"type":"paddles"},{"time":206,"type":"showResults","angle":33.75},{"ease":"linear","g":255,"angle":270,"b":255,"type":"setColor","color":7,"r":255,"time":1},{"x":10,"y":0,"angle":0,"sx":1,"type":"deco","id":"rain1","order":-999,"recolor":7,"sy":1,"ease":"inCirc","sprite":"rain@fps","time":51,"duration":1},{"b":255,"type":"setColor","time":-0,"color":2,"g":250,"r":199,"angle":292.5},{"x":0,"y":86,"type":"deco","id":"","sprite":"whitesugar.png","recolor":2,"sy":1,"angle":45,"time":201,"sx":1},{"b":249,"type":"setColor","time":1,"color":4,"g":249,"r":143,"angle":303.75},{"x":0,"y":90,"type":"deco","id":"","recolor":2,"angle":78.75,"sprite":"whitesugar1.png","time":136.5},{"x":0,"y":86,"type":"deco","id":"","recolor":2,"angle":22.5,"time":81,"sprite":"whitesugar2.png"},{"x":0,"y":86,"type":"deco","id":"","recolor":2,"angle":0,"time":73,"sprite":"whitesugar3.png"},{"x":0,"y":86,"type":"deco","id":"","recolor":2,"angle":213.75,"time":60.833332061768,"sprite":"whitesugar4.png"},{"x":0,"y":86,"type":"deco","id":"","recolor":2,"angle":360,"time":52,"sprite":"whitesugar5.png"},{"x":250,"y":42,"type":"deco","angle":180,"id":"strzalka.png","sx":1.0000001192093,"sy":1,"recolor":2,"sprite":"strzalka.png","time":171,"drawLayer":"fg","ease":"linear"},{"x":600,"y":180,"angle":33.75,"sprite":"strzalka.png","type":"deco","id":"strzalka.png","time":175},{"duration":1,"type":"setColor","g":255,"angle":337.5,"b":255,"color":0,"r":255,"time":130},{"duration":1,"type":"setColor","g":118,"color":0,"b":254,"time":136.5,"r":0,"angle":247.5},{"duration":2,"type":"setColor","g":221,"time":114.5,"b":252,"color":0,"r":151,"angle":225},{"duration":1,"type":"setColor","g":118,"color":0,"b":254,"time":121,"r":0,"angle":348.75}],"properties":{"offset":8,"formatversion":12,"startBeat":0,"speed":70},"metadata":{"description":"it's cold here the best place\nto snowball battle\n","bgData":{"greenChannel":{"g":255,"r":255,"b":255},"yellowChannel":{"g":255,"r":255,"b":255},"magentaChannel":{"g":255,"r":255,"b":255},"cyanChannel":{"g":255,"r":255,"b":255},"image":"pixil-frame-0 (31).png","redChannel":{"g":217,"r":73,"b":255},"blueChannel":{"g":255,"r":255,"b":255}},"artistLink":"","bg":true,"artist":"MasterSword","difficulty":2,"charter":"Hollow","songName":"Snowfall"}}