[{"type":"block","angle":337.5,"time":1.25},{"type":"block","angle":22.5,"time":1.25},{"duration":1.5,"time":1.5,"angle":360,"type":"hold","angle2":450},{"duration":0.75,"time":3,"angle":90,"type":"hold","angle2":22.5},{"type":"block","angle":45,"time":4.5},{"duration":0.25,"time":5,"angle":22.5,"type":"hold","angle2":22.5},{"duration":0.25,"time":5,"angle":0,"type":"hold","angle2":0},{"duration":0.75,"time":5.75,"angle":11.25,"type":"hold","angle2":0},{"duration":0.75,"time":5.75,"angle":22.5,"type":"hold","angle2":33.75},{"duration":1.5,"time":6.5,"angle":0,"type":"hold","angle2":45},{"duration":1.5,"time":6.5,"angle":33.75,"type":"hold","angle2":-11.25},{"type":"block","angle":15,"time":8.5},{"type":"block","angle":360,"time":9.25},{"type":"block","angle":30,"time":9.75},{"type":"block","angle":30,"time":10},{"type":"block","angle":30,"time":10.25},{"type":"block","angle":30,"time":9.5},{"type":"block","angle":30,"time":9.25},{"duration":1,"time":9.25,"angle":45,"type":"hold","angle2":45},{"duration":1,"time":9.25,"angle":15,"type":"hold","angle2":15},{"duration":1.25,"time":10.75,"angle":30,"type":"hold","angle2":75},{"duration":2.75,"time":12.5,"angle":75,"type":"hold","angle2":15},{"type":"block","angle":67.5,"time":12.75},{"type":"block","angle":56.25,"time":13.25},{"type":"block","angle":45,"time":14},{"type":"block","angle":22.5,"time":14.75},{"duration":0.5,"time":17.25,"angle":292.5,"type":"hold","angle2":371.25},{"duration":1,"time":18,"angle":360,"type":"hold","angle2":382.5},{"duration":1,"time":18,"angle":11.25,"type":"hold","angle2":-11.25},{"duration":1,"time":19.25,"angle":11.25,"type":"hold","angle2":11.25},{"duration":1,"time":19.25,"angle":0,"type":"hold","angle2":0},{"duration":1,"time":20.25,"angle":11.25,"type":"hold","angle2":22.5},{"duration":1,"time":20.25,"angle":0,"type":"hold","angle2":-11.25},{"duration":1,"time":21.25,"angle":348.75,"type":"hold","angle2":292.5},{"duration":1,"time":22.75,"endTap":true,"type":"hold","angle":326.25,"angle2":427.5},{"duration":1,"time":24.25,"angle":0,"type":"hold","angle2":-22.5},{"duration":1.25,"time":25.5,"endTap":true,"type":"hold","angle":326.25,"angle2":360},{"type":"block","angle":11.25,"time":28.25},{"type":"block","angle":348.75,"time":28},{"type":"block","angle":11.25,"time":28},{"type":"block","angle":348.75,"time":28.25},{"duration":1.75,"time":29.5,"endTap":true,"type":"hold","angle":11.25,"angle2":180},{"duration":1.75,"time":29.5,"endTap":true,"type":"hold","angle":348.75,"angle2":540},{"type":"extraTap","angle":180,"time":32.5,"speedMult":3},{"duration":0.75,"angle":180,"speedMult":3,"time":33.5,"type":"hold","angle2":315},{"duration":1,"angle":315,"speedMult":3,"time":34.25,"type":"hold","angle2":202.5},{"type":"block","angle":191.25,"time":35.75,"speedMult":3},{"type":"block","angle":202.5,"time":35.75,"speedMult":3},{"type":"block","angle":180,"time":36.25,"speedMult":3},{"type":"block","angle":168.75,"time":36.25,"speedMult":3},{"type":"block","angle":180,"time":36.75,"speedMult":3},{"type":"block","angle":168.75,"time":36.75,"speedMult":3},{"duration":2.75,"angle":191.25,"speedMult":3,"time":37.5,"type":"hold","angle2":258.75},{"type":"block","angle":202.5,"time":38,"speedMult":3},{"type":"block","angle":213.75,"time":38.5,"speedMult":3},{"type":"extraTap","angle":180,"time":32.75,"speedMult":3},{"type":"block","angle":225,"time":39,"speedMult":3},{"duration":1,"angle":292.5,"speedMult":3,"time":41,"type":"hold","angle2":326.25},{"duration":1,"angle":326.25,"speedMult":3,"time":42,"type":"hold","angle2":292.5},{"duration":0.75,"angle":292.5,"speedMult":3,"time":43,"type":"hold","angle2":315},{"type":"block","angle":281.25,"time":40.75,"speedMult":3},{"duration":3.75,"angle":315,"speedMult":3,"time":44.5,"type":"hold","angle2":675},{"type":"block","angle":0,"time":45,"speedMult":3},{"type":"block","angle":45,"time":45.5,"speedMult":3},{"type":"block","angle":101.25,"time":46,"speedMult":3},{"type":"block","angle":191.25,"time":47,"speedMult":3},{"duration":0.5,"angle":326.25,"speedMult":3,"time":49.25,"type":"hold","angle2":382.5},{"duration":1.25,"angle":22.5,"speedMult":3,"time":50.75,"type":"hold","angle2":168.75},{"duration":0.5,"angle":168.75,"speedMult":3,"time":52,"type":"hold","angle2":180},{"duration":0.5,"angle":180,"speedMult":3,"time":52.5,"type":"hold","angle2":168.75},{"duration":1,"angle":168.75,"speedMult":3,"time":53,"type":"hold","angle2":202.5},{"duration":0.75,"angle":202.5,"speedMult":5,"time":54.25,"type":"hold","angle2":303.75},{"duration":1,"angle":303.75,"speedMult":5,"time":55.5,"type":"hold","angle2":202.5},{"type":"block","angle":303.75,"time":55.25,"speedMult":5},{"duration":0.5,"angle":202.5,"speedMult":3,"time":57,"type":"hold","angle2":225},{"duration":1,"angle":225,"speedMult":3,"time":57.75,"type":"hold","angle2":191.25},{"duration":1.5,"angle2":225,"angle":191.25,"endTap":true,"time":58.75,"type":"hold","speedMult":3},{"type":"block","angle":225,"tap":true,"time":61.25,"speedMult":3},{"duration":2,"angle2":303.75,"startTap":true,"time":63.25,"type":"hold","angle":225,"speedMult":3},{"type":"block","angle":225,"tap":true,"time":62.25,"speedMult":3},{"duration":0.5,"time":73.25,"angle":0,"type":"hold","angle2":0},{"duration":0.5,"time":73.75,"angle":0,"type":"hold","angle2":-11.25},{"duration":1,"time":74.25,"angle":348.75,"type":"hold","angle2":360},{"type":"block","angle":348.75,"time":74.75},{"type":"block","angle":360,"time":76.5},{"type":"block","angle":270,"time":77.5},{"type":"block","angle":303.75,"time":77},{"type":"block","angle":213.75,"time":78.25},{"type":"block","angle":191.25,"time":78.5},{"type":"block","angle":236.25,"time":77.75},{"duration":1,"time":79,"angle":180,"type":"hold","angle2":180},{"duration":1.5,"time":81,"angle":180,"type":"hold","angle2":236.25},{"type":"block","angle":202.5,"time":81.5},{"type":"block","angle":225,"time":82.25},{"type":"block","angle":247.5,"time":82.75},{"type":"block","angle":258.75,"time":83.75},{"type":"block","angle":281.25,"time":84},{"type":"block","angle":258.75,"time":84.5},{"type":"block","angle":225,"time":83.5},{"type":"block","angle":236.25,"time":85},{"type":"block","angle":247.5,"time":85},{"type":"block","angle":225,"time":85.5,"tap":true},{"type":"block","angle":236.25,"time":85.5,"tap":true},{"type":"block","angle":247.5,"time":85.5,"tap":true},{"type":"block","angle":202.5,"time":86.25},{"type":"block","angle":168.75,"time":86.75},{"type":"block","angle":168.75,"time":87.25},{"type":"block","angle":180,"time":87.25},{"type":"block","angle":168.75,"time":88.5},{"type":"block","angle":180,"time":88.5},{"type":"block","angle":180,"time":87.5},{"duration":1,"angle":168.75,"speedMult":2,"time":89.5,"type":"hold","angle2":202.5},{"type":"block","angle":168.75,"time":88.75},{"type":"block","angle":213.75,"time":90.75},{"type":"block","angle":213.75,"time":91.5},{"type":"block","angle":213.75,"time":92.25},{"type":"block","angle":213.75,"time":92.75},{"type":"block","angle":202.5,"time":92.25},{"type":"block","angle":202.5,"time":92.75},{"type":"block","angle":202.5,"time":93.5},{"type":"block","angle":213.75,"time":93.5},{"type":"block","angle":202.5,"time":93.75},{"type":"block","angle":213.75,"time":93.75},{"type":"block","angle":202.5,"time":94.25},{"type":"block","angle":213.75,"time":94.25},{"type":"block","angle":202.5,"time":95,"tap":true},{"type":"block","angle":213.75,"time":95,"tap":true},{"type":"block","angle":202.5,"time":95.25,"tap":true},{"type":"block","angle":213.75,"time":95.25,"tap":true},{"duration":1,"time":96.25,"angle":202.5,"type":"hold","angle2":112.5},{"duration":1,"time":97.25,"angle":112.5,"type":"hold","angle2":202.5},{"duration":1,"time":98.25,"angle":202.5,"type":"hold","angle2":112.5},{"duration":1,"time":99.25,"angle":112.5,"type":"hold","angle2":202.5},{"duration":1,"time":100.25,"angle":202.5,"type":"hold","angle2":112.5},{"duration":1,"time":101.25,"angle":112.5,"type":"hold","angle2":180},{"duration":1,"time":102.25,"angle":180,"type":"hold","angle2":112.5},{"type":"block","angle":146.25,"time":102.75},{"type":"block","angle":135,"time":103.75,"tap":true},{"type":"block","angle":180,"time":105.25},{"type":"block","angle":168.75,"time":105.75},{"type":"block","angle":146.25,"time":105.75},{"type":"block","angle":191.25,"time":105.75},{"type":"block","angle":157.5,"time":106.25},{"type":"block","angle":123.75,"time":106.75},{"type":"block","angle":146.25,"time":106.75},{"type":"block","angle":168.75,"time":106.75},{"type":"block","angle":135,"time":107.25},{"type":"block","angle":101.25,"time":107.75},{"type":"block","angle":123.75,"time":107.75},{"type":"block","angle":146.25,"time":107.75},{"type":"block","angle":112.5,"time":108.25},{"type":"block","angle":78.75,"time":108.75},{"type":"block","angle":101.25,"time":108.75},{"type":"block","angle":123.75,"time":108.75},{"type":"block","angle":90,"time":109.25,"tap":true},{"type":"block","angle":101.25,"time":109.75},{"type":"block","angle":56.25,"time":109.75},{"type":"block","angle":78.75,"time":109.75},{"type":"block","angle":67.5,"time":110.25},{"type":"block","angle":56.25,"time":110.75},{"type":"block","angle":78.75,"time":110.75},{"type":"block","angle":33.75,"time":110.75},{"type":"block","angle":45,"time":111.25},{"type":"block","angle":22.5,"time":111.75,"tap":true},{"type":"block","angle":45,"time":111.75,"tap":true},{"type":"block","angle":0,"time":111.75,"tap":true},{"type":"block","angle":348.75,"time":112.75},{"type":"block","angle":337.5,"time":112.75},{"type":"block","angle":0,"time":112.75},{"type":"block","angle":348.75,"time":112.25},{"duration":1,"time":113.25,"angle":348.75,"type":"hold","angle2":371.25},{"type":"block","angle":11.25,"time":114.75},{"type":"block","angle":11.25,"time":115.25},{"type":"block","angle":0,"time":115.25},{"type":"block","angle":22.5,"time":115.25},{"type":"block","angle":11.25,"time":116.25,"tap":true},{"type":"block","angle":0,"time":116.25,"tap":true},{"type":"block","angle":22.5,"time":116.25,"tap":true},{"type":"block","angle":360,"time":116.5,"tap":true},{"type":"block","angle":11.25,"time":116.5,"tap":true},{"type":"block","angle":22.5,"time":116.5,"tap":true},{"duration":2.5,"time":117,"angle":0,"type":"hold","angle2":360},{"type":"block","angle":0,"time":119.75,"tap":true},{"type":"block","angle":348.75,"time":119.75,"tap":true},{"type":"block","angle":11.25,"time":119.75,"tap":true},{"type":"block","angle":45,"time":117.25},{"type":"block","angle":101.25,"time":117.75},{"type":"block","angle":146.25,"time":118},{"type":"block","angle":191.25,"time":118.25},{"type":"block","angle":247.5,"time":118.75},{"type":"block","angle":292.5,"time":119},{"type":"block","angle":326.25,"time":119.25},{"type":"extraTap","angle":0,"time":129.5,"speedMult":2.9999990463257},{"type":"block","angle":0,"time":120.75},{"type":"block","angle":360,"time":120.5},{"type":"block","angle":360,"time":121.5,"tap":true},{"duration":0.5,"time":122.5,"angle":360,"type":"hold","angle2":438.75},{"duration":1,"time":123,"angle":78.75,"type":"hold","angle2":-33.75},{"type":"block","angle":360,"time":124.25},{"type":"block","angle":0,"time":124.75},{"type":"block","angle":360,"time":125.75},{"duration":2.5,"angle":360,"type":"hold","startTap":true,"time":127,"angle2":720},{"type":"block","angle":0,"time":125.25},{"type":"block","angle":360,"time":125.5},{"duration":1,"angle":0,"speedMult":5,"time":130.75,"type":"hold","angle2":90},{"duration":1,"angle":90,"angle2":45,"time":131.75,"type":"hold","speedMult":5},{"duration":1,"angle":45,"speedMult":5,"time":132.75,"type":"hold","angle2":123.75},{"type":"block","angle":67.5,"time":131.5,"speedMult":5},{"type":"block","angle":78.75,"time":133.25,"speedMult":5},{"type":"block","angle":67.5,"time":132.25,"speedMult":5},{"type":"block","angle":146.25,"time":134.25,"speedMult":5},{"type":"block","angle":157.5,"time":134.25,"speedMult":5},{"type":"block","angle":168.75,"time":134.25,"speedMult":5},{"duration":1.25,"angle":168.75,"speedMult":5,"time":134.75,"type":"hold","angle2":281.25},{"duration":0.75,"angle":315,"speedMult":5,"time":136.25,"type":"hold","angle2":348.75},{"duration":1,"angle":348.75,"speedMult":5,"time":137,"type":"hold","angle2":292.5},{"type":"block","angle":337.5,"time":136.75,"speedMult":5},{"type":"block","angle":292.5,"time":139,"speedMult":5},{"type":"block","angle":303.75,"time":139,"speedMult":5},{"type":"block","angle":281.25,"time":139,"speedMult":5},{"duration":1,"angle":292.5,"angle2":337.5,"time":139.25,"type":"hold","speedMult":5},{"duration":0.5,"angle":337.5,"speedMult":5,"time":140.25,"type":"hold","angle2":292.5},{"duration":0.5,"angle":292.5,"speedMult":5,"time":140.75,"type":"hold","angle2":326.25},{"duration":0.5,"angle":326.25,"speedMult":5,"time":141.25,"type":"hold","angle2":292.5},{"duration":1.25,"angle":292.5,"angle2":315,"time":141.75,"type":"hold","speedMult":5},{"duration":1.5,"angle":315,"speedMult":5,"time":143,"type":"hold","angle2":472.5},{"duration":1.25,"angle":112.5,"angle2":191.25,"time":145.5,"type":"hold","speedMult":5},{"duration":2,"angle":191.25,"speedMult":5,"time":146.75,"type":"hold","angle2":101.25},{"type":"block","angle":146.25,"time":146,"speedMult":5},{"type":"block","angle":168.75,"time":146.25,"speedMult":5},{"type":"block","angle":157.5,"time":147.5,"speedMult":5},{"type":"block","angle":123.75,"time":148.25,"speedMult":5},{"duration":3,"angle":101.25,"speedMult":5,"time":148.75,"type":"hold","angle2":371.25},{"type":"block","angle":236.25,"time":150.25,"speedMult":5},{"type":"block","angle":326.25,"time":151.25,"speedMult":5},{"type":"block","angle":146.25,"time":149.25,"speedMult":5},{"duration":1,"angle":11.25,"angle2":78.75,"time":152.25,"type":"hold","speedMult":5},{"duration":1.5,"angle":78.75,"speedMult":5,"time":153.25,"type":"hold","angle2":11.25},{"duration":1,"angle":11.25,"angle2":56.25,"time":155.5,"type":"hold","speedMult":5},{"duration":1,"angle":56.25,"speedMult":5,"time":156.75,"type":"hold","angle2":22.5},{"duration":1.75,"angle":22.5,"angle2":78.75,"time":158.25,"type":"hold","speedMult":5},{"duration":1,"angle":90,"angle2":112.5,"time":161.5,"type":"hold","speedMult":7},{"duration":1,"angle":112.5,"angle2":90,"time":162.5,"type":"hold","speedMult":7},{"type":"block","angle":101.25,"time":163,"speedMult":7},{"type":"block","angle":112.5,"time":162.25,"speedMult":7},{"duration":5,"angle":90,"angle2":360,"time":163.5,"type":"hold","speedMult":7},{"type":"block","angle":135,"time":164.25,"speedMult":7},{"type":"block","angle":191.25,"time":165.5,"speedMult":7},{"type":"block","angle":247.5,"time":166.5,"speedMult":7},{"type":"block","angle":281.25,"time":167,"speedMult":7},{"duration":2.5,"angle":360,"angle2":180,"time":168.5,"type":"hold","speedMult":7},{"type":"block","angle":213.75,"time":170.5,"speedMult":7},{"type":"block","angle":326.25,"time":169,"speedMult":7},{"type":"block","angle":292.5,"time":169.5,"speedMult":7},{"duration":1,"angle":180,"speedMult":7,"time":171,"type":"hold","angle2":213.75},{"duration":1,"angle":213.75,"speedMult":7,"time":172,"type":"hold","angle2":180},{"duration":2,"angle":180,"speedMult":5,"time":173,"type":"hold","angle2":202.5},{"type":"block","angle":185.89222717285,"time":173.5,"speedMult":5},{"type":"block","angle":181.86767578125,"time":173.25,"speedMult":5},{"type":"block","angle":191.34558105469,"time":174,"speedMult":5},{"duration":0.875,"angle":562.61987304688,"speedMult":5,"time":175,"type":"hold","angle2":472.61987304688},{"duration":0.625,"angle":90,"speedMult":5,"time":177.25,"type":"hold","angle2":45},{"duration":1,"time":177.875,"angle2":90,"type":"hold","angle":45,"speedMult":5},{"duration":0.75,"angle":90,"speedMult":5,"time":178.875,"type":"hold","angle2":157.5},{"duration":0.5,"time":179.625,"angle2":112.5,"type":"hold","angle":157.5,"speedMult":5},{"duration":0.625,"angle":112.5,"speedMult":5,"time":180.125,"type":"hold","angle2":157.5},{"duration":0.625,"angle":157.5,"speedMult":5,"time":180.75,"type":"hold","angle2":112.5},{"duration":0.625,"angle":112.5,"speedMult":5,"time":181.375,"type":"hold","angle2":157.5},{"duration":1.125,"angle":157.5,"angle2":281.25,"time":182,"type":"hold","speedMult":5},{"duration":1.25,"angle":281.25,"speedMult":5,"time":183.125,"type":"hold","angle2":157.5},{"duration":0.5,"time":184.375,"angle2":213.75,"type":"hold","angle":157.5,"speedMult":5},{"duration":0.5,"time":184.875,"angle2":168.75,"type":"hold","angle":213.75,"speedMult":5},{"duration":0.5,"time":185.375,"speedMult":5,"type":"hold","angle":168.75,"angle2":213.75},{"duration":0.75,"time":185.875,"speedMult":5,"type":"hold","angle":213.75,"angle2":348.75},{"duration":0.75,"angle":213.75,"speedMult":5,"time":186,"type":"hold","angle2":382.5},{"duration":1.25,"angle":281.25,"speedMult":5,"time":183.25,"type":"hold","angle2":157.5},{"duration":1.5,"angle":22.5,"angle2":90,"time":186.875,"type":"hold","speedMult":5},{"duration":0.5,"time":188.875,"angle2":22.5,"type":"hold","angle":90,"speedMult":5},{"duration":1,"angle":22.5,"speedMult":5,"time":189.375,"type":"hold","angle2":90},{"duration":1,"angle":90,"speedMult":5,"time":190.375,"type":"hold","angle2":22.5},{"duration":1.5,"time":191.375,"angle2":180,"type":"hold","angle":22.5,"speedMult":5},{"type":"block","angle":180,"time":195.00003051758},{"duration":0.33333325386047,"time":195.50003051758,"angle":180,"type":"hold","angle2":213.75},{"duration":0.33333325386047,"time":196.33334350586,"angle":213.75,"type":"hold","angle2":191.25},{"duration":0.66666662693024,"time":197.16667175293,"angle":213.75,"type":"hold","angle2":168.75},{"duration":0.49999994039536,"time":197.83332824707,"angle":168.75,"type":"hold","angle2":191.25},{"duration":0.49999994039536,"time":198.33331298828,"angle":191.25,"type":"hold","angle2":157.5},{"duration":0.49999994039536,"time":198.83332824707,"angle":157.5,"type":"hold","angle2":202.5},{"duration":0.99999994039536,"angle":202.5,"endTap":true,"time":199.33332824707,"type":"hold","angle2":157.5},{"duration":0.33333325386047,"angle2":157.5,"angle":157.5,"endTap":true,"time":201.00001525879,"type":"hold","speedMult":1.5},{"duration":0.49999994039536,"time":202.33334350586,"angle":213.75,"type":"hold","angle2":247.5},{"duration":0.66666662693024,"time":202.83334350586,"angle":247.5,"type":"hold","angle2":225},{"type":"block","angle":202.5,"time":202.33332824707,"tap":true},{"type":"block","angle":225,"time":202.33332824707,"tap":true},{"type":"block","angle":258.75,"time":202.83332824707,"tap":true},{"type":"block","angle":236.25,"time":202.83332824707,"tap":true},{"type":"block","angle":236.25,"time":203.5,"tap":true},{"type":"block","angle":213.75,"time":203.5,"tap":true},{"duration":0.49999994039536,"time":204.33335876465,"angle":225,"type":"hold","angle2":258.75},{"duration":0.49999994039536,"time":204.83334350586,"angle":258.75,"type":"hold","angle2":202.5},{"duration":0.66666662693024,"time":205.33332824707,"angle":202.5,"type":"hold","angle2":202.5},{"duration":1,"time":206,"angle":202.5,"type":"hold","angle2":168.75},{"type":"block","angle":180,"time":206.5},{"type":"block","angle":168.75,"time":207.16667175293,"tap":true},{"duration":1.1666666269302,"time":208.33335876465,"angle":157.5,"type":"hold","angle2":405},{"type":"block","angle":33.75,"time":211.83338928223},{"type":"block","angle":360,"time":210.83334350586},{"type":"block","angle":326.25,"time":211.5},{"type":"block","angle":348.75,"time":212.66667175293,"tap":true},{"duration":1,"time":213.16667175293,"angle":348.75,"type":"hold","angle2":292.5},{"type":"block","angle":303.75,"time":214},{"duration":1,"time":214.16667175293,"angle":292.5,"type":"hold","angle2":348.75},{"type":"block","angle":337.5,"time":215},{"duration":1,"time":215.16667175293,"angle":348.75,"type":"hold","angle2":348.75},{"duration":0.83333331346512,"time":216.5,"speedMult":1.5,"type":"hold","angle":348.75,"angle2":348.75},{"type":"block","angle":348.75,"time":217.16667175293,"speedMult":1.5},{"duration":1,"time":217.33332824707,"speedMult":2.5,"type":"hold","angle":348.75,"angle2":393.75},{"duration":1,"angle":33.75,"speedMult":1.5,"time":218.33332824707,"type":"hold","angle2":-11.25},{"type":"block","angle":0,"time":219,"speedMult":1.5},{"type":"block","angle":348.75,"time":219.66667175293,"speedMult":1.5},{"duration":0.66666662693024,"angle2":393.75,"angle":348.75,"endTap":true,"time":220.66668701172,"type":"hold","speedMult":1.3999999761581},{"type":"block","angle":348.75,"time":220.16667175293,"speedMult":1.5},{"duration":1,"angle":33.75,"speedMult":1.2999999523163,"time":221.33334350586,"type":"hold","angle2":180},{"duration":1.1666666269302,"time":222.33332824707,"speedMult":1.2000000476837,"type":"hold","angle":180,"angle2":56.25},{"type":"block","angle":56.25,"time":224.33334350586},{"type":"block","angle":56.25,"time":224.83334350586,"tap":true},{"type":"block","angle":45,"time":224.83334350586,"tap":true},{"type":"block","angle":67.5,"time":224.83334350586,"tap":true},{"duration":4.9999995231628,"time":226.16667175293,"angle":67.5,"type":"hold","angle2":348.75},{"duration":1.9999997615814,"time":231.16667175293,"angle":348.75,"type":"hold","angle2":247.5},{"duration":0.49999994039536,"time":234.00001525879,"angle":236.25,"type":"hold","angle2":270},{"duration":0.49999994039536,"time":234.50001525879,"angle":270,"type":"hold","angle2":236.25},{"duration":0.49999994039536,"time":235,"angle":236.25,"type":"hold","angle2":270},{"duration":0.49999994039536,"time":235.50001525879,"angle":270,"type":"hold","angle2":236.25},{"duration":0.49999994039536,"time":236,"angle":236.25,"type":"hold","angle2":270},{"duration":0.49999994039536,"time":236.5,"angle":270,"type":"hold","angle2":236.25},{"duration":0.49999994039536,"time":237,"angle":236.25,"type":"hold","angle2":270},{"duration":0.49999994039536,"time":237.5,"angle":270,"type":"hold","angle2":236.25},{"type":"block","angle":236.25,"time":238.5,"tap":true},{"type":"block","angle":247.5,"time":238.5,"tap":true},{"type":"block","angle":225,"time":238.5,"tap":true},{"duration":4.6666665077209,"angle":236.25,"endTap":true,"time":242.33343505859,"type":"hold","angle2":-123.75},{"type":"block","angle":236.25,"time":242},{"type":"block","angle":180,"time":250.00004577637},{"type":"block","angle":202.5,"time":250.5},{"type":"block","angle":225,"time":251.00001525879},{"type":"block","angle":247.5,"time":251.5,"tap":true},{"duration":1,"time":252,"angle":247.5,"type":"hold","angle2":292.5},{"duration":1,"time":253,"angle":292.5,"type":"hold","angle2":236.25},{"type":"block","angle":225,"time":254.16667175293,"tap":true},{"duration":1,"angle":247.5,"speedMult":4,"time":258.50003051758,"type":"hold","angle2":315},{"duration":1,"time":259.5,"speedMult":4,"type":"hold","angle":315,"angle2":247.5},{"duration":1,"angle":247.5,"speedMult":4,"time":260.5,"type":"hold","angle2":348.75},{"duration":0.49999994039536,"angle":348.75,"speedMult":4,"time":261.5,"type":"hold","angle2":326.25},{"duration":1,"angle":326.25,"speedMult":4,"time":262.8332824707,"type":"hold","angle2":348.75},{"type":"block","angle":326.25,"time":262.5,"speedMult":4},{"duration":1,"angle":348.75,"speedMult":4,"time":263.83334350586,"type":"hold","angle2":405},{"duration":0.66666662693024,"time":264.83334350586,"speedMult":4,"type":"hold","angle":45,"angle2":-11.25},{"duration":1,"time":266.16665649414,"speedMult":4,"type":"hold","angle":348.75,"angle2":303.75},{"duration":1,"angle":303.75,"speedMult":4,"time":267.16665649414,"type":"hold","angle2":360},{"duration":1,"angle":281.25,"speedMult":4,"time":269.16665649414,"type":"hold","angle2":337.5},{"duration":1,"time":268.16665649414,"speedMult":4,"type":"hold","angle":360,"angle2":281.25},{"duration":1.6666665077209,"angle":337.5,"speedMult":4,"time":271.16662597656,"type":"hold","angle2":326.25},{"duration":0.49999994039536,"angle":337.5,"speedMult":4,"time":270.16665649414,"type":"hold","angle2":315},{"duration":0.49999994039536,"time":270.66665649414,"speedMult":4,"type":"hold","angle":315,"angle2":337.5},{"type":"block","angle":337.5,"time":271.5,"speedMult":4},{"duration":1,"angle":337.5,"speedMult":4,"time":274.3332824707,"type":"hold","angle2":281.25},{"duration":1,"angle":281.25,"speedMult":4,"time":275.3332824707,"type":"hold","angle2":326.25},{"duration":0.49999994039536,"angle":326.25,"speedMult":4,"time":276.33334350586,"type":"hold","angle2":281.25},{"duration":0.49999994039536,"angle":281.25,"speedMult":4,"time":276.83334350586,"type":"hold","angle2":337.5},{"duration":1,"angle":337.5,"speedMult":4,"time":277.33334350586,"type":"hold","angle2":292.5},{"duration":1,"angle":292.5,"speedMult":4,"time":278.33334350586,"type":"hold","angle2":360},{"duration":1,"time":279.33334350586,"speedMult":4,"type":"hold","angle":0,"angle2":-112.5},{"duration":1,"angle":247.5,"speedMult":4,"time":280.33334350586,"type":"hold","angle2":337.5},{"duration":7.666663646698,"angle":337.5,"speedMult":4,"time":282.49996948242,"type":"hold","angle2":630},{"type":"block","angle":0,"time":283.16665649414,"speedMult":4},{"type":"block","angle":33.75,"time":284,"speedMult":3.9999990463257},{"type":"block","angle":78.75,"time":285.33334350586,"speedMult":4},{"type":"block","angle":56.25,"time":284.66665649414,"speedMult":3.9999990463257},{"type":"block","angle":101.25,"time":285.83334350586,"speedMult":4},{"type":"block","angle":123.75,"time":286.5,"speedMult":4},{"type":"block","angle":146.25,"time":287,"speedMult":4},{"type":"block","angle":168.75,"time":287.66665649414,"speedMult":4},{"type":"block","angle":202.5,"time":288.5,"speedMult":4},{"type":"block","angle":263.11828613281,"time":290,"speedMult":4},{"duration":1.9999997615814,"time":290.5,"speedMult":4,"type":"hold","angle":270,"angle2":180},{"duration":1.3333332538605,"time":292.5,"speedMult":4,"type":"hold","angle":180,"angle2":225},{"type":"block","angle":191.25,"time":293,"speedMult":4},{"type":"block","angle":225,"time":291.33334350586,"speedMult":4},{"duration":0.83333325386047,"angle":225,"speedMult":4,"time":293.83334350586,"type":"hold","angle2":202.5},{"duration":0.66666662693024,"time":294.66668701172,"speedMult":4,"type":"hold","angle":202.5,"angle2":258.75},{"duration":1,"time":295.33334350586,"speedMult":4,"type":"hold","angle":258.75,"angle2":191.25},{"duration":0.49999994039536,"time":296.33334350586,"speedMult":4,"type":"hold","angle":191.25,"angle2":247.5},{"duration":0.66666662693024,"time":296.83334350586,"speedMult":4,"type":"hold","angle":247.5,"angle2":191.25},{"duration":0.66666662693024,"angle":191.25,"speedMult":4,"time":298.16665649414,"type":"hold","angle2":225},{"duration":1,"time":298.83334350586,"speedMult":4,"type":"hold","angle":225,"angle2":191.25},{"duration":0.66666662693024,"time":300.49996948242,"speedMult":4,"type":"hold","angle":191.25,"angle2":225},{"duration":1,"time":301.16665649414,"speedMult":4,"type":"hold","angle":225,"angle2":168.75},{"duration":1,"time":302.5,"speedMult":4,"type":"hold","angle":168.75,"angle2":213.75},{"duration":1,"time":303.5,"angle2":157.5,"type":"hold","angle":213.75,"speedMult":4},{"duration":0.5,"angle":157.5,"speedMult":4,"time":306,"type":"hold","angle2":213.75},{"duration":0.75,"time":306.5,"angle2":168.75,"type":"hold","angle":213.75,"speedMult":4},{"duration":1,"time":308,"angle2":225,"type":"hold","angle":225,"speedMult":4},{"type":"block","time":308.5,"angle":213.75,"speedMult":4},{"type":"block","angle":236.25,"time":308.5,"speedMult":4},{"type":"block","time":309.25,"angle":213.75,"speedMult":4},{"type":"block","angle":236.25,"time":309.25,"speedMult":4},{"duration":1,"angle":225,"speedMult":4,"time":310,"type":"hold","angle2":258.75},{"duration":1,"time":311,"angle2":213.75,"type":"hold","angle":258.75,"speedMult":4},{"duration":0.5,"time":312.25,"angle2":236.25,"type":"hold","angle":202.5,"speedMult":4},{"duration":0.5,"angle":236.25,"angle2":213.75,"time":312.75,"type":"hold","speedMult":4},{"type":"block","angle":213.75,"time":313.5,"speedMult":4},{"type":"block","angle":202.5,"time":313.5,"speedMult":4},{"type":"block","angle":225,"time":313.5,"speedMult":4},{"duration":0.25,"angle":213.75,"speedMult":4,"time":313.75,"type":"hold","angle2":247.5},{"duration":1.5,"angle":247.5,"angle2":168.75,"time":314,"type":"hold","speedMult":4},{"duration":1,"angle":168.75,"speedMult":4,"time":315.5,"type":"hold","angle2":270},{"duration":1,"angle":270,"speedMult":4,"time":316.5,"type":"hold","angle2":202.5},{"type":"block","angle":236.25,"time":317,"speedMult":4},{"duration":0.5,"angle":202.5,"speedMult":4,"time":317.5,"type":"hold","angle2":247.5},{"duration":2.5,"angle":281.25,"angle2":483.75,"time":318.5,"type":"hold","speedMult":4},{"type":"block","angle":315,"time":319,"speedMult":4},{"type":"block","angle":0,"time":319.5,"speedMult":4},{"type":"block","angle":33.75,"time":320,"speedMult":4},{"duration":1,"angle":135,"angle2":168.75,"time":321.5,"type":"hold","speedMult":4},{"duration":1,"time":322.5,"speedMult":4,"type":"hold","angle":168.75,"angle2":123.75},{"duration":1,"time":323.5,"speedMult":4,"type":"hold","angle":123.75,"angle2":180},{"duration":0.25,"time":324.5,"speedMult":4,"type":"hold","angle":180,"angle2":135},{"duration":0.75,"time":324.75,"speedMult":4,"type":"hold","angle":135,"angle2":157.5},{"duration":0.75,"time":325.5,"speedMult":4,"type":"hold","angle":157.5,"angle2":123.75},{"duration":0.5,"time":326.25,"speedMult":4,"type":"hold","angle":123.75,"angle2":157.5},{"duration":1.5,"time":326.75,"speedMult":4,"type":"hold","angle":157.5,"angle2":123.75},{"type":"hold","time":329,"angle2":146.25,"duration":1,"angle":123.75,"speedMult":4},{"type":"hold","angle":146.25,"angle2":123.75,"duration":1,"time":330,"speedMult":4},{"type":"hold","time":331,"angle2":168.75,"duration":1,"angle":123.75,"speedMult":4},{"type":"hold","time":332.5,"angle2":146.25,"duration":0.75,"angle":168.75,"speedMult":4},{"type":"hold","time":332,"angle2":168.75,"duration":0.5,"angle":168.75,"speedMult":4},{"type":"hold","time":333.25,"angle2":202.5,"duration":0.75,"angle":146.25,"speedMult":4},{"type":"hold","time":334,"angle2":168.75,"duration":0.75,"angle":202.5,"speedMult":4},{"type":"hold","time":334.75,"angle2":202.5,"duration":1.25,"angle":168.75,"speedMult":4},{"type":"hold","angle":213.75,"angle2":247.5,"time":337.5,"duration":0.5,"speedMult":4},{"type":"hold","angle":247.5,"angle2":213.75,"duration":1,"time":338,"speedMult":4},{"type":"hold","angle":213.75,"angle2":180,"duration":0.75,"time":339,"speedMult":4},{"type":"hold","time":340.5,"angle2":180,"angle":180,"duration":0.5,"speedMult":4},{"type":"hold","angle":180,"speedMult":4,"time":341,"duration":0.5,"angle2":225},{"type":"hold","angle":225,"angle2":180,"time":341.5,"duration":1,"speedMult":4},{"type":"hold","time":342.5,"angle2":236.25,"angle":180,"duration":1,"speedMult":4},{"type":"hold","time":343.5,"angle2":180,"angle":236.25,"duration":1,"speedMult":13},{"type":"hold","time":344.5,"speedMult":4,"angle":180,"duration":0.5,"angle2":225},{"type":"hold","time":345,"angle2":168.75,"angle":225,"duration":1,"speedMult":4},{"type":"hold","time":346,"angle2":225,"angle":168.75,"duration":1,"speedMult":4},{"type":"hold","time":347,"angle2":157.5,"angle":225,"duration":0.75,"speedMult":4},{"type":"hold","angle":157.5,"angle2":213.75,"time":348,"duration":0.5,"speedMult":4},{"type":"hold","angle":213.75,"angle2":168.75,"time":348.5,"duration":1,"speedMult":4},{"type":"hold","angle":168.75,"angle2":236.25,"time":349.5,"duration":1,"speedMult":4},{"type":"hold","angle":236.25,"angle2":180,"time":350.5,"duration":1,"speedMult":4},{"type":"hold","angle":180,"angle2":247.5,"time":351.5,"duration":1,"speedMult":4},{"type":"block","time":328.5,"angle":123.75,"speedMult":4},{"type":"hold","time":354.5,"speedMult":4,"duration":0.5,"angle":258.75,"angle2":292.5},{"type":"hold","time":355,"angle2":258.75,"duration":0.5,"angle":292.5,"speedMult":4},{"type":"hold","angle":258.75,"angle2":292.5,"duration":0.5,"time":355.5,"speedMult":4},{"type":"hold","angle":292.5,"angle2":258.75,"duration":0.5,"time":356,"speedMult":4},{"type":"hold","time":356.5,"angle2":292.5,"duration":0.5,"angle":258.75,"speedMult":4},{"type":"hold","time":357,"angle2":258.75,"duration":0.5,"angle":292.5,"speedMult":4},{"type":"hold","time":357.5,"angle2":292.5,"duration":0.5,"angle":258.75,"speedMult":4},{"type":"hold","time":358,"angle2":258.75,"duration":0.5,"angle":292.5,"speedMult":4},{"type":"hold","angle":258.75,"angle2":292.5,"duration":0.5,"time":358.5,"speedMult":4},{"type":"hold","angle":292.5,"angle2":258.75,"duration":1,"time":359,"speedMult":4},{"type":"hold","time":360.5,"angle2":292.5,"duration":0.5,"angle":258.75,"speedMult":4},{"type":"hold","time":361,"angle2":236.25,"duration":1,"angle":292.5,"speedMult":4},{"type":"hold","angle":236.25,"angle2":281.25,"duration":1,"time":362,"speedMult":4},{"type":"hold","angle":281.25,"angle2":348.75,"duration":1,"time":363,"speedMult":4},{"type":"hold","angle":348.75,"angle2":450,"duration":0.5,"time":364,"speedMult":4},{"type":"hold","time":365.5,"angle2":146.25,"duration":0.5,"angle":101.25,"speedMult":4},{"type":"hold","time":366,"angle2":202.5,"duration":1,"angle":146.25,"speedMult":4},{"type":"hold","angle":202.5,"angle2":258.75,"duration":1,"time":367,"speedMult":4},{"type":"hold","angle":258.75,"angle2":292.5,"duration":0.5,"time":369.25,"speedMult":4},{"type":"hold","time":369.75,"angle2":258.75,"duration":1.25,"angle":292.5,"speedMult":4},{"type":"hold","angle":258.75,"angle2":303.75,"duration":0.75,"time":371,"speedMult":4},{"type":"hold","time":371.75,"angle2":258.75,"duration":0.5,"angle":303.75,"speedMult":4},{"type":"hold","angle":258.75,"angle2":326.25,"duration":0.5,"time":372.25,"speedMult":4},{"type":"hold","time":372.75,"angle2":450,"duration":0.5,"angle":326.25,"speedMult":4},{"type":"hold","time":373.25,"angle2":427.5,"duration":0.5,"angle":450,"speedMult":4},{"type":"hold","time":373.75,"speedMult":4,"angle":67.5,"duration":0.75,"angle2":45},{"type":"hold","angle":405,"speedMult":4,"time":374.5,"duration":1,"angle2":348.75},{"type":"hold","angle":348.75,"angle2":416.25,"time":375.5,"duration":1,"speedMult":10},{"type":"hold","time":377,"speedMult":4,"angle":427.5,"duration":1,"angle2":348.75},{"type":"hold","angle":348.75,"speedMult":4,"time":378,"duration":0.5,"angle2":258.75},{"type":"hold","time":378.5,"angle2":258.75,"duration":2,"angle":258.75,"speedMult":4},{"type":"hold","time":380.5,"speedMult":4,"angle":258.75,"duration":1,"angle2":315},{"type":"hold","angle":315,"speedMult":4,"time":381.5,"duration":1,"angle2":258.75},{"type":"hold","time":382.5,"speedMult":4,"angle":258.75,"duration":1,"angle2":303.75},{"type":"hold","angle":303.75,"speedMult":4,"time":383.5,"duration":1,"angle2":258.75}]